solid OpenSCAD_Model
  facet normal -0.9996668519877111 0.02581056057081502 0
    outer loop
      vertex -71.30000305175781 -1.016265869140625 1
      vertex -71.30000305175781 -1.016265869140625 16
      vertex -71.20501708984375 2.662628173828125 16
    endloop
  endfacet
  facet normal -0.99969167689657 -0.024830447916294334 0
    outer loop
      vertex -71.30000305175781 -1.016265869140625 1
      vertex -71.21209716796875 -4.555419921875 16
      vertex -71.30000305175781 -1.016265869140625 16
    endloop
  endfacet
  facet normal -0.9986979065260767 0.05064885306867844 -0.0060979655016413815
    outer loop
      vertex -71.30000305175781 -1.016265869140625 1
      vertex -71.20501708984375 2.662628173828125 16
      vertex -70.9341812133789 6.1970367431640625 1
    endloop
  endfacet
  facet normal -0.9986979092912641 -0.05064885320891461 -0.006097511449742737
    outer loop
      vertex -71.30000305175781 -1.016265869140625 1
      vertex -70.9341812133789 -8.229568481445312 1
      vertex -71.21209716796875 -4.555419921875 16
    endloop
  endfacet
  facet normal -0.7066525495989155 0.03583780532767938 -0.7066525495989155
    outer loop
      vertex -71.30000305175781 -1.016265869140625 1
      vertex -70.9341812133789 6.1970367431640625 1
      vertex -70.30000305175781 -1.016265869140625 0
    endloop
  endfacet
  facet normal -0.7066525787896326 -0.035836654139639136 -0.7066525787896326
    outer loop
      vertex -71.30000305175781 -1.016265869140625 1
      vertex -70.30000305175781 -1.016265869140625 0
      vertex -69.93932342529297 -8.128402709960938 0
    endloop
  endfacet
  facet normal -0.7066566433139246 -0.035838012939980006 -0.7066484453310645
    outer loop
      vertex -71.30000305175781 -1.016265869140625 1
      vertex -69.93932342529297 -8.128402709960938 0
      vertex -70.9341812133789 -8.229568481445312 1
    endloop
  endfacet
  facet normal -0.7070043608721559 -0.017560649313123497 0.7069911295790462
    outer loop
      vertex -71.30000305175781 -1.016265869140625 16
      vertex -71.21209716796875 -4.555419921875 16
      vertex -70.71272277832031 -4.530609130859375 16.5
    endloop
  endfacet
  facet normal -0.6460566372592196 0.0006340549805131082 0.7632892108680635
    outer loop
      vertex -71.30000305175781 -1.016265869140625 16
      vertex -70.71272277832031 -4.530609130859375 16.5
      vertex -70.7056884765625 2.6368408203125 16.5
    endloop
  endfacet
  facet normal -0.7069929090289224 0.018253964573641816 0.706985020605222
    outer loop
      vertex -71.30000305175781 -1.016265869140625 16
      vertex -70.7056884765625 2.6368408203125 16.5
      vertex -71.20501708984375 2.662628173828125 16
    endloop
  endfacet
  facet normal -0.9971514438785992 -0.07542544644100381 0
    outer loop
      vertex -71.21209716796875 -4.555419921875 16
      vertex -70.9341812133789 -8.229568481445312 1
      vertex -70.9341812133789 -8.229568481445312 16
    endloop
  endfacet
  facet normal -0.7052171778469565 -0.0533432717803369 0.7069817730502982
    outer loop
      vertex -71.21209716796875 -4.555419921875 16
      vertex -70.9341812133789 -8.229568481445312 16
      vertex -70.71272277832031 -4.530609130859375 16.5
    endloop
  endfacet
  facet normal -0.9970769152034662 0.07640435307192872 0
    outer loop
      vertex -71.20501708984375 2.662628173828125 16
      vertex -70.9341812133789 6.1970367431640625 16
      vertex -70.9341812133789 6.1970367431640625 1
    endloop
  endfacet
  facet normal -0.7051531574871962 0.05403471887967927 0.7069931213536885
    outer loop
      vertex -71.20501708984375 2.662628173828125 16
      vertex -70.7056884765625 2.6368408203125 16.5
      vertex -70.9341812133789 6.1970367431640625 16
    endloop
  endfacet
  facet normal -0.9920551419455016 -0.12580379699949676 0
    outer loop
      vertex -70.9341812133789 -8.229568481445312 1
      vertex -70.48937225341797 -11.737213134765625 16
      vertex -70.9341812133789 -8.229568481445312 16
    endloop
  endfacet
  facet normal -0.6994052479135913 -0.10714673475384286 -0.7066483399984164
    outer loop
      vertex -70.9341812133789 -8.229568481445312 1
      vertex -69.93932342529297 -8.128402709960938 0
      vertex -68.86094665527344 -15.167556762695312 0
    endloop
  endfacet
  facet normal -0.9884498101450611 -0.1514258293617328 -0.006098444580737686
    outer loop
      vertex -70.9341812133789 -8.229568481445312 1
      vertex -69.8404769897461 -15.368850708007812 1
      vertex -70.48937225341797 -11.737213134765625 16
    endloop
  endfacet
  facet normal -0.6994013460366308 -0.107144973668179 -0.7066524688839587
    outer loop
      vertex -70.9341812133789 -8.229568481445312 1
      vertex -68.86094665527344 -15.167556762695312 0
      vertex -69.8404769897461 -15.368850708007812 1
    endloop
  endfacet
  facet normal -0.7016017285939425 -0.08897102359192967 0.7069930490429139
    outer loop
      vertex -70.9341812133789 -8.229568481445312 16
      vertex -70.48937225341797 -11.737213134765625 16
      vertex -69.99506378173828 -11.662033081054688 16.5
    endloop
  endfacet
  facet normal -0.6428201134779292 -0.06468913373305811 0.7632808249164187
    outer loop
      vertex -70.9341812133789 -8.229568481445312 16
      vertex -69.99506378173828 -11.662033081054688 16.5
      vertex -70.71272277832031 -4.530609130859375 16.5
    endloop
  endfacet
  facet normal -0.99193105157184 0.1267785034127773 0
    outer loop
      vertex -70.9341812133789 6.1970367431640625 1
      vertex -70.9341812133789 6.1970367431640625 16
      vertex -70.46819305419922 9.842987060546875 16
    endloop
  endfacet
  facet normal -0.9884497578231323 0.1514261449893854 -0.006099087886299744
    outer loop
      vertex -70.9341812133789 6.1970367431640625 1
      vertex -70.46819305419922 9.842987060546875 16
      vertex -69.8404769897461 13.3363037109375 1
    endloop
  endfacet
  facet normal -0.7066564518416748 0.03583692744133789 -0.7066486918562145
    outer loop
      vertex -70.9341812133789 6.1970367431640625 1
      vertex -69.93932342529297 6.095855712890625 0
      vertex -70.30000305175781 -1.016265869140625 0
    endloop
  endfacet
  facet normal -0.6994045566178198 0.10714569451652128 -0.7066491819345746
    outer loop
      vertex -70.9341812133789 6.1970367431640625 1
      vertex -69.8404769897461 13.3363037109375 1
      vertex -69.93932342529297 6.095855712890625 0
    endloop
  endfacet
  facet normal -0.6426833924880415 0.06595017178388944 0.7632880399048171
    outer loop
      vertex -70.9341812133789 6.1970367431640625 16
      vertex -70.7056884765625 2.6368408203125 16.5
      vertex -69.97402954101562 9.766845703125 16.5
    endloop
  endfacet
  facet normal -0.7015209681183742 0.08966125045666934 0.7069859909904903
    outer loop
      vertex -70.9341812133789 6.1970367431640625 16
      vertex -69.97402954101562 9.766845703125 16.5
      vertex -70.46819305419922 9.842987060546875 16
    endloop
  endfacet
  facet normal 0 0 1
    outer loop
      vertex -70.71272277832031 -4.530609130859375 16.5
      vertex -69.99506378173828 -11.662033081054688 16.5
      vertex -68.76242065429688 -9.631362915039062 16.5
    endloop
  endfacet
  facet normal 0 0 1
    outer loop
      vertex -70.71272277832031 -4.530609130859375 16.5
      vertex -69.28340148925781 -2.5327606201171875 16.5
      vertex -70.7056884765625 2.6368408203125 16.5
    endloop
  endfacet
  facet normal 0 0 1
    outer loop
      vertex -70.71272277832031 -4.530609130859375 16.5
      vertex -68.76242065429688 -9.631362915039062 16.5
      vertex -69.28340148925781 -2.5327606201171875 16.5
    endloop
  endfacet
  facet normal 0 0 1
    outer loop
      vertex -70.7056884765625 2.6368408203125 16.5
      vertex -69.28340148925781 -2.5327606201171875 16.5
      vertex -69.07351684570312 4.58184814453125 16.5
    endloop
  endfacet
  facet normal 0 0 1
    outer loop
      vertex -70.7056884765625 2.6368408203125 16.5
      vertex -69.07351684570312 4.58184814453125 16.5
      vertex -69.97402954101562 9.766845703125 16.5
    endloop
  endfacet
  facet normal -0.9844093436739116 -0.17589270618049674 0
    outer loop
      vertex -70.48937225341797 -11.737213134765625 16
      vertex -69.8404769897461 -15.368850708007812 1
      vertex -69.8404769897461 -15.368850708007812 16
    endloop
  endfacet
  facet normal -0.6962039984826481 -0.12439663046042736 0.7069833596534396
    outer loop
      vertex -70.48937225341797 -11.737213134765625 16
      vertex -69.8404769897461 -15.368850708007812 16
      vertex -69.99506378173828 -11.662033081054688 16.5
    endloop
  endfacet
  facet normal -0.6960716395508824 0.12507751053929098 0.7069935565266773
    outer loop
      vertex -70.46819305419922 9.842987060546875 16
      vertex -69.97402954101562 9.766845703125 16.5
      vertex -69.8404769897461 13.3363037109375 16
    endloop
  endfacet
  facet normal -0.9842363785497344 0.176857997103054 0
    outer loop
      vertex -70.46819305419922 9.842987060546875 16
      vertex -69.8404769897461 13.3363037109375 16
      vertex -69.8404769897461 13.3363037109375 1
    endloop
  endfacet
  facet normal 0 0 -1
    outer loop
      vertex -70.30000305175781 -1.016265869140625 0
      vertex -69.93932342529297 6.095855712890625 0
      vertex -46.349998474121094 3.6837310791015625 0
    endloop
  endfacet
  facet normal 0 0 -1
    outer loop
      vertex -70.30000305175781 -1.016265869140625 0
      vertex -46.349998474121094 3.6837310791015625 0
      vertex -69.93932342529297 -8.128402709960938 0
    endloop
  endfacet
  facet normal -0.632994857109001 -0.12935327582596082 0.7632727172555351
    outer loop
      vertex -69.99506378173828 -11.662033081054688 16.5
      vertex -69.8404769897461 -15.368850708007812 16
      vertex -68.56004333496094 -18.684356689453125 16.5
    endloop
  endfacet
  facet normal 0 0 1
    outer loop
      vertex -69.99506378173828 -11.662033081054688 16.5
      vertex -68.56004333496094 -18.684356689453125 16.5
      vertex -67.51605987548828 -16.639083862304688 16.5
    endloop
  endfacet
  facet normal 0 0 1
    outer loop
      vertex -69.99506378173828 -11.662033081054688 16.5
      vertex -67.51605987548828 -16.639083862304688 16.5
      vertex -68.76242065429688 -9.631362915039062 16.5
    endloop
  endfacet
  facet normal 0 0 1
    outer loop
      vertex -69.97402954101562 9.766845703125 16.5
      vertex -69.07351684570312 4.58184814453125 16.5
      vertex -68.13497924804688 11.637374877929688 16.5
    endloop
  endfacet
  facet normal -0.6327256704101328 0.13059253507265084 0.763284885077221
    outer loop
      vertex -69.97402954101562 9.766845703125 16.5
      vertex -68.52523040771484 16.786331176757812 16.5
      vertex -69.8404769897461 13.3363037109375 16
    endloop
  endfacet
  facet normal 0 0 1
    outer loop
      vertex -69.97402954101562 9.766845703125 16.5
      vertex -68.13497924804688 11.637374877929688 16.5
      vertex -68.52523040771484 16.786331176757812 16.5
    endloop
  endfacet
  facet normal 0 0 -1
    outer loop
      vertex -69.93932342529297 -8.128402709960938 0
      vertex -46.349998474121094 3.6837310791015625 0
      vertex -68.86094665527344 -15.167556762695312 0
    endloop
  endfacet
  facet normal -0.6994019916669107 0.10714600364623991 -0.7066516737084817
    outer loop
      vertex -69.93932342529297 6.095855712890625 0
      vertex -69.8404769897461 13.3363037109375 1
      vertex -68.86094665527344 13.135025024414062 0
    endloop
  endfacet
  facet normal 0 0 -1
    outer loop
      vertex -69.93932342529297 6.095855712890625 0
      vertex -68.86094665527344 13.135025024414062 0
      vertex -46.349998474121094 3.6837310791015625 0
    endloop
  endfacet
  facet normal -0.9742453725018623 -0.22549047465183014 0
    outer loop
      vertex -69.8404769897461 -15.368850708007812 1
      vertex -69.04421997070312 -18.809127807617188 16
      vertex -69.8404769897461 -15.368850708007812 16
    endloop
  endfacet
  facet normal -0.6849737231960673 -0.1773514028648736 -0.7066523037766016
    outer loop
      vertex -69.8404769897461 -15.368850708007812 1
      vertex -68.86094665527344 -15.167556762695312 0
      vertex -67.07598876953125 -22.061492919921875 0
    endloop
  endfacet
  facet normal -0.9680593493441262 -0.25064698225388926 -0.006098068091254852
    outer loop
      vertex -69.8404769897461 -15.368850708007812 1
      vertex -68.0301284790039 -22.360855102539062 1
      vertex -69.04421997070312 -18.809127807617188 16
    endloop
  endfacet
  facet normal -0.6849734429130901 -0.17735124040333142 -0.7066526162345877
    outer loop
      vertex -69.8404769897461 -15.368850708007812 1
      vertex -67.07598876953125 -22.061492919921875 0
      vertex -68.0301284790039 -22.360855102539062 1
    endloop
  endfacet
  facet normal -0.6890046766740778 -0.15947111063159974 0.7069947103021166
    outer loop
      vertex -69.8404769897461 -15.368850708007812 16
      vertex -69.04421997070312 -18.809127807617188 16
      vertex -68.56004333496094 -18.684356689453125 16.5
    endloop
  endfacet
  facet normal -0.97402398713645 0.22644485528007205 0
    outer loop
      vertex -69.8404769897461 13.3363037109375 1
      vertex -69.8404769897461 13.3363037109375 16
      vertex -69.00917053222656 16.912063598632812 16
    endloop
  endfacet
  facet normal -0.9680594716517461 0.25064646693067905 -0.0060998328264153
    outer loop
      vertex -69.8404769897461 13.3363037109375 1
      vertex -69.00917053222656 16.912063598632812 16
      vertex -68.0301284790039 20.328323364257812 1
    endloop
  endfacet
  facet normal -0.6849751374895278 0.17735129212068648 -0.7066509606618571
    outer loop
      vertex -69.8404769897461 13.3363037109375 1
      vertex -68.0301284790039 20.328323364257812 1
      vertex -68.86094665527344 13.135025024414062 0
    endloop
  endfacet
  facet normal -0.688848656970064 0.16014619403372682 0.7069941473074943
    outer loop
      vertex -69.8404769897461 13.3363037109375 16
      vertex -68.52523040771484 16.786331176757812 16.5
      vertex -69.00917053222656 16.912063598632812 16
    endloop
  endfacet
  facet normal 0.7723403698877351 -0.02278444094385743 0.6348001435826492
    outer loop
      vertex -69.28340148925781 -2.5327606201171875 16.5
      vertex -68.78417205810547 0.45941162109375 16
      vertex -69.07351684570312 4.58184814453125 16.5
    endloop
  endfacet
  facet normal 0.7071914118095488 0.00015383326168711843 0.7070221236977982
    outer loop
      vertex -69.28340148925781 -2.5327606201171875 16.5
      vertex -68.78352355957031 -2.521820068359375 16
      vertex -68.78417205810547 0.45941162109375 16
    endloop
  endfacet
  facet normal 0.7703730014705049 0.05653923869274667 0.6350816900945658
    outer loop
      vertex -69.28340148925781 -2.5327606201171875 16.5
      vertex -68.76242065429688 -9.631362915039062 16.5
      vertex -68.56973266601562 -6.640533447265625 16
    endloop
  endfacet
  facet normal 0.7063164235110009 0.03666291033703055 0.7069462079141858
    outer loop
      vertex -69.28340148925781 -2.5327606201171875 16.5
      vertex -68.56973266601562 -6.640533447265625 16
      vertex -68.78352355957031 -2.521820068359375 16
    endloop
  endfacet
  facet normal 0.7063359013413574 -0.03616829524717623 0.7069522253272886
    outer loop
      vertex -69.07351684570312 4.58184814453125 16.5
      vertex -68.78417205810547 0.45941162109375 16
      vertex -68.57514953613281 4.54144287109375 16
    endloop
  endfacet
  facet normal 0.703456144813439 -0.07257307663239229 0.7070237625938204
    outer loop
      vertex -69.07351684570312 4.58184814453125 16.5
      vertex -68.57514953613281 4.54144287109375 16
      vertex -68.26542663574219 7.543609619140625 16
    endloop
  endfacet
  facet normal 0.7661430846411844 -0.10191359444736159 0.6345379367093111
    outer loop
      vertex -69.07351684570312 4.58184814453125 16.5
      vertex -68.26542663574219 7.543609619140625 16
      vertex -68.13497924804688 11.637374877929688 16.5
    endloop
  endfacet
  facet normal -0.9615731153724285 -0.27454898250214343 0
    outer loop
      vertex -69.04421997070312 -18.809127807617188 16
      vertex -68.0301284790039 -22.360855102539062 1
      vertex -68.0301284790039 -22.360855102539062 16
    endloop
  endfacet
  facet normal -0.6800524960912575 -0.19416903183444717 0.7069844338007193
    outer loop
      vertex -69.04421997070312 -18.809127807617188 16
      vertex -68.0301284790039 -22.360855102539062 16
      vertex -68.56004333496094 -18.684356689453125 16.5
    endloop
  endfacet
  facet normal -0.6798448263039191 0.19483198593817092 0.7070017746817772
    outer loop
      vertex -69.00917053222656 16.912063598632812 16
      vertex -68.52523040771484 16.786331176757812 16.5
      vertex -68.0301284790039 20.328323364257812 16
    endloop
  endfacet
  facet normal -0.9613030398026123 0.2754931317950722 0
    outer loop
      vertex -69.00917053222656 16.912063598632812 16
      vertex -68.0301284790039 20.328323364257812 16
      vertex -68.0301284790039 20.328323364257812 1
    endloop
  endfacet
  facet normal 0 0 -1
    outer loop
      vertex -68.86094665527344 -15.167556762695312 0
      vertex -46.349998474121094 3.6837310791015625 0
      vertex -67.07598876953125 -22.061492919921875 0
    endloop
  endfacet
  facet normal -0.6849734189674658 0.17735132409488952 -0.7066526184412042
    outer loop
      vertex -68.86094665527344 13.135025024414062 0
      vertex -68.0301284790039 20.328323364257812 1
      vertex -67.07598876953125 20.028961181640625 0
    endloop
  endfacet
  facet normal 0 0 -1
    outer loop
      vertex -68.86094665527344 13.135025024414062 0
      vertex -67.07598876953125 20.028961181640625 0
      vertex -46.349998474121094 3.6837310791015625 0
    endloop
  endfacet
  facet normal 0.9999157454044908 0.012980835573313173 0
    outer loop
      vertex -68.78417205810547 0.45941162109375 3
      vertex -68.78417205810547 0.45941162109375 16
      vertex -68.72268676757812 -4.2768096923828125 3
    endloop
  endfacet
  facet normal 0.7072640733385585 0.009181652239315066 0.7068898272197065
    outer loop
      vertex -68.78417205810547 0.45941162109375 3
      vertex -68.72268676757812 -4.2768096923828125 3
      vertex -68.22325897216797 -4.25311279296875 2.5
    endloop
  endfacet
  facet normal 0.9993931157896115 -0.03443504556057375 -0.005256210571616897
    outer loop
      vertex -68.78417205810547 0.45941162109375 3
      vertex -68.72261810302734 2.2458648681640625 3
      vertex -68.57514953613281 4.54144287109375 16
    endloop
  endfacet
  facet normal 0.9986915699678396 -0.051138518507791754 0
    outer loop
      vertex -68.78417205810547 0.45941162109375 3
      vertex -68.57514953613281 4.54144287109375 16
      vertex -68.78417205810547 0.45941162109375 16
    endloop
  endfacet
  facet normal 0.665375151107843 -0.000007839693270947786 0.7465091481199374
    outer loop
      vertex -68.78417205810547 0.45941162109375 3
      vertex -68.22325897216797 -4.25311279296875 2.5
      vertex -68.22318267822266 2.2221527099609375 2.5
    endloop
  endfacet
  facet normal 0.7067186752737112 -0.02435066781736935 0.7070754973807384
    outer loop
      vertex -68.78417205810547 0.45941162109375 3
      vertex -68.22318267822266 2.2221527099609375 2.5
      vertex -68.72261810302734 2.2458648681640625 3
    endloop
  endfacet
  facet normal 0.9999891634663425 0.00021752469288926877 0.004650336857942608
    outer loop
      vertex -68.78417205810547 0.45941162109375 16
      vertex -68.78352355957031 -2.521820068359375 16
      vertex -68.72268676757812 -4.2768096923828125 3
    endloop
  endfacet
  facet normal 0.9979047537164948 0.0645733769584346 -0.004047406355410872
    outer loop
      vertex -68.78352355957031 -2.521820068359375 16
      vertex -68.56973266601562 -6.640533447265625 3
      vertex -68.72268676757812 -4.2768096923828125 3
    endloop
  endfacet
  facet normal 0.9986555373502839 0.051837416212766656 0
    outer loop
      vertex -68.78352355957031 -2.521820068359375 16
      vertex -68.56973266601562 -6.640533447265625 16
      vertex -68.56973266601562 -6.640533447265625 3
    endloop
  endfacet
  facet normal 0.7034197321504815 0.07288066561531614 0.7070283509172837
    outer loop
      vertex -68.76242065429688 -9.631362915039062 16.5
      vertex -68.26629638671875 -9.569198608398438 16
      vertex -68.56973266601562 -6.640533447265625 16
    endloop
  endfacet
  facet normal 0.698799530355233 0.10910573056245963 0.7069477745447238
    outer loop
      vertex -68.76242065429688 -9.631362915039062 16.5
      vertex -67.62438201904297 -13.680526733398438 16
      vertex -68.26629638671875 -9.569198608398438 16
    endloop
  endfacet
  facet normal 0.7602630022121962 0.13521685504704437 0.6353869447655379
    outer loop
      vertex -68.76242065429688 -9.631362915039062 16.5
      vertex -67.51605987548828 -16.639083862304688 16.5
      vertex -67.62438201904297 -13.680526733398438 16
    endloop
  endfacet
  facet normal 0.7056905171714384 0.04566449815134368 0.707047132504541
    outer loop
      vertex -68.72268676757812 -4.2768096923828125 3
      vertex -68.56973266601562 -6.640533447265625 3
      vertex -68.22325897216797 -4.25311279296875 2.5
    endloop
  endfacet
  facet normal 0.9962968901749275 -0.0859796872974578 0
    outer loop
      vertex -68.72261810302734 2.2458648681640625 3
      vertex -68.26542663574219 7.543609619140625 3
      vertex -68.26542663574219 7.543609619140625 16
    endloop
  endfacet
  facet normal 0.9946971972205703 -0.10261938352824973 0.006837248410271599
    outer loop
      vertex -68.72261810302734 2.2458648681640625 3
      vertex -68.26542663574219 7.543609619140625 16
      vertex -68.57514953613281 4.54144287109375 16
    endloop
  endfacet
  facet normal 0.7047527138838537 -0.06081963976734833 0.7068412719217186
    outer loop
      vertex -68.72261810302734 2.2458648681640625 3
      vertex -68.22318267822266 2.2221527099609375 2.5
      vertex -68.26542663574219 7.543609619140625 3
    endloop
  endfacet
  facet normal 0.993729322337732 0.11181249449946097 0
    outer loop
      vertex -68.56973266601562 -6.640533447265625 3
      vertex -68.56973266601562 -6.640533447265625 16
      vertex -68.10507202148438 -10.770187377929688 3
    endloop
  endfacet
  facet normal 0.7028339431186739 0.07908151106391809 0.7069445261179298
    outer loop
      vertex -68.56973266601562 -6.640533447265625 3
      vertex -68.10507202148438 -10.770187377929688 3
      vertex -67.61012268066406 -10.699310302734375 2.5
    endloop
  endfacet
  facet normal 0.6558384244965687 0.062380704099184704 0.7523194857970573
    outer loop
      vertex -68.56973266601562 -6.640533447265625 3
      vertex -67.61012268066406 -10.699310302734375 2.5
      vertex -68.22325897216797 -4.25311279296875 2.5
    endloop
  endfacet
  facet normal 0.9946714698997506 0.10305698785735877 0.0028149993317633654
    outer loop
      vertex -68.56973266601562 -6.640533447265625 16
      vertex -68.26629638671875 -9.569198608398438 16
      vertex -68.10507202148438 -10.770187377929688 3
    endloop
  endfacet
  facet normal -0.6166691232014504 -0.19268881347922595 0.763275974762682
    outer loop
      vertex -68.56004333496094 -18.684356689453125 16.5
      vertex -68.0301284790039 -22.360855102539062 16
      vertex -66.42237854003906 -25.525604248046875 16.5
    endloop
  endfacet
  facet normal 0 0 1
    outer loop
      vertex -68.56004333496094 -18.684356689453125 16.5
      vertex -66.42237854003906 -25.525604248046875 16.5
      vertex -65.55745697021484 -23.48199462890625 16.5
    endloop
  endfacet
  facet normal 0 0 1
    outer loop
      vertex -68.56004333496094 -18.684356689453125 16.5
      vertex -65.55745697021484 -23.48199462890625 16.5
      vertex -67.51605987548828 -16.639083862304688 16.5
    endloop
  endfacet
  facet normal 0 0 1
    outer loop
      vertex -68.52523040771484 16.786331176757812 16.5
      vertex -68.13497924804688 11.637374877929688 16.5
      vertex -66.47767639160156 18.5594482421875 16.5
    endloop
  endfacet
  facet normal 0 0 1
    outer loop
      vertex -68.52523040771484 16.786331176757812 16.5
      vertex -66.47767639160156 18.5594482421875 16.5
      vertex -66.37415313720703 23.623367309570312 16.5
    endloop
  endfacet
  facet normal -0.6162704962199415 0.19389183136552565 0.7632932812612395
    outer loop
      vertex -68.52523040771484 16.786331176757812 16.5
      vertex -66.37415313720703 23.623367309570312 16.5
      vertex -68.0301284790039 20.328323364257812 16
    endloop
  endfacet
  facet normal 0.986629002497704 0.16295786837648596 -0.0028186103982611043
    outer loop
      vertex -68.26629638671875 -9.569198608398438 16
      vertex -67.62438201904297 -13.680526733398438 3
      vertex -68.10507202148438 -10.770187377929688 3
    endloop
  endfacet
  facet normal 0.9880296455744547 0.1542641224200154 0
    outer loop
      vertex -68.26629638671875 -9.569198608398438 16
      vertex -67.62438201904297 -13.680526733398438 16
      vertex -67.62438201904297 -13.680526733398438 3
    endloop
  endfacet
  facet normal 0.6722851154412428 -0.06396031633944858 0.7375241023111804
    outer loop
      vertex -68.26542663574219 7.543609619140625 3
      vertex -68.22318267822266 2.2221527099609375 2.5
      vertex -67.60990142822266 8.6683349609375 2.5
    endloop
  endfacet
  facet normal 0.9910808956629575 -0.13310582221539044 -0.00644192085288595
    outer loop
      vertex -68.26542663574219 7.543609619140625 3
      vertex -68.10485076904297 8.739227294921875 3
      vertex -67.64337921142578 11.546096801757812 16
    endloop
  endfacet
  facet normal 0.9881375211273258 -0.1535716098123082 0
    outer loop
      vertex -68.26542663574219 7.543609619140625 3
      vertex -67.64337921142578 11.546096801757812 16
      vertex -68.26542663574219 7.543609619140625 16
    endloop
  endfacet
  facet normal 0.7008276038751733 -0.09412373384782768 0.7070936234849855
    outer loop
      vertex -68.26542663574219 7.543609619140625 3
      vertex -67.60990142822266 8.6683349609375 2.5
      vertex -68.10485076904297 8.739227294921875 3
    endloop
  endfacet
  facet normal 0.6988681700549152 -0.10861475010024019 0.706955526850704
    outer loop
      vertex -68.26542663574219 7.543609619140625 16
      vertex -67.64337921142578 11.546096801757812 16
      vertex -68.13497924804688 11.637374877929688 16.5
    endloop
  endfacet
  facet normal 0 0 1
    outer loop
      vertex -68.22325897216797 -4.25311279296875 2.5
      vertex -67.61012268066406 -10.699310302734375 2.5
      vertex -45.349998474121094 3.6837310791015625 2.5
    endloop
  endfacet
  facet normal 0 0 1
    outer loop
      vertex -68.22325897216797 -4.25311279296875 2.5
      vertex -45.349998474121094 3.6837310791015625 2.5
      vertex -68.22318267822266 2.2221527099609375 2.5
    endloop
  endfacet
  facet normal 0 0 1
    outer loop
      vertex -68.22318267822266 2.2221527099609375 2.5
      vertex -45.349998474121094 3.6837310791015625 2.5
      vertex -67.60990142822266 8.6683349609375 2.5
    endloop
  endfacet
  facet normal 0.6922652576733753 -0.14453453315631892 0.7070209203013021
    outer loop
      vertex -68.13497924804688 11.637374877929688 16.5
      vertex -67.64337921142578 11.546096801757812 16
      vertex -67.01901245117188 14.536575317382812 16
    endloop
  endfacet
  facet normal 0.7518389626155542 -0.18000746232530543 0.634299209995071
    outer loop
      vertex -68.13497924804688 11.637374877929688 16.5
      vertex -67.01901245117188 14.536575317382812 16
      vertex -66.47767639160156 18.5594482421875 16.5
    endloop
  endfacet
  facet normal 0.6977362245868655 0.1152425152310453 0.7070242736869007
    outer loop
      vertex -68.10507202148438 -10.770187377929688 3
      vertex -67.62438201904297 -13.680526733398438 3
      vertex -67.61012268066406 -10.699310302734375 2.5
    endloop
  endfacet
  facet normal 0.6953401195714445 -0.13023660868012513 0.706781821974695
    outer loop
      vertex -68.10485076904297 8.739227294921875 3
      vertex -67.60990142822266 8.6683349609375 2.5
      vertex -67.01901245117188 14.536575317382812 3
    endloop
  endfacet
  facet normal 0.9829079281892964 -0.18409781286757634 0
    outer loop
      vertex -68.10485076904297 8.739227294921875 3
      vertex -67.01901245117188 14.536575317382812 3
      vertex -67.01901245117188 14.536575317382812 16
    endloop
  endfacet
  facet normal 0.9788490134475907 -0.20436889417888826 0.00937891063913808
    outer loop
      vertex -68.10485076904297 8.739227294921875 3
      vertex -67.01901245117188 14.536575317382812 16
      vertex -67.64337921142578 11.546096801757812 16
    endloop
  endfacet
  facet normal -0.6635164816733087 -0.2457396857372516 -0.7066525917320552
    outer loop
      vertex -68.0301284790039 -22.360855102539062 1
      vertex -67.07598876953125 -22.061492919921875 0
      vertex -64.60272979736328 -28.739486694335938 0
    endloop
  endfacet
  facet normal -0.9464430157252075 -0.32287089987326917 0
    outer loop
      vertex -68.0301284790039 -22.360855102539062 1
      vertex -66.8914566040039 -25.698684692382812 16
      vertex -68.0301284790039 -22.360855102539062 16
    endloop
  endfacet
  facet normal -0.9377350923343964 -0.34729775232995425 -0.006096542558096138
    outer loop
      vertex -68.0301284790039 -22.360855102539062 1
      vertex -65.52169799804688 -29.13384246826172 1
      vertex -66.8914566040039 -25.698684692382812 16
    endloop
  endfacet
  facet normal -0.6635136345223772 -0.245737624403339 -0.7066559819003223
    outer loop
      vertex -68.0301284790039 -22.360855102539062 1
      vertex -64.60272979736328 -28.739486694335938 0
      vertex -65.52169799804688 -29.13384246826172 1
    endloop
  endfacet
  facet normal -0.669344501167519 -0.22834112337084198 0.7069924116527327
    outer loop
      vertex -68.0301284790039 -22.360855102539062 16
      vertex -66.8914566040039 -25.698684692382812 16
      vertex -66.42237854003906 -25.525604248046875 16.5
    endloop
  endfacet
  facet normal -0.9461269502441416 0.32379591415229375 0
    outer loop
      vertex -68.0301284790039 20.328323364257812 1
      vertex -68.0301284790039 20.328323364257812 16
      vertex -66.84290313720703 23.797378540039062 16
    endloop
  endfacet
  facet normal -0.9377349476123981 0.34729808994302697 -0.006099569517453053
    outer loop
      vertex -68.0301284790039 20.328323364257812 1
      vertex -66.84290313720703 23.797378540039062 16
      vertex -65.52169799804688 27.101303100585938 1
    endloop
  endfacet
  facet normal -0.663516703184271 0.24573903771840722 -0.7066526090921248
    outer loop
      vertex -68.0301284790039 20.328323364257812 1
      vertex -65.52169799804688 27.101303100585938 1
      vertex -67.07598876953125 20.028961181640625 0
    endloop
  endfacet
  facet normal -0.6691190746287211 0.22899466333797647 0.7069944187408629
    outer loop
      vertex -68.0301284790039 20.328323364257812 16
      vertex -66.37415313720703 23.623367309570312 16.5
      vertex -66.84290313720703 23.797378540039062 16
    endloop
  endfacet
  facet normal 0.9777987908933464 0.20954599620968634 0
    outer loop
      vertex -67.62438201904297 -13.680526733398438 3
      vertex -67.62438201904297 -13.680526733398438 16
      vertex -66.87531280517578 -17.175888061523438 3
    endloop
  endfacet
  facet normal 0.6915165910585618 0.14819463300471405 0.7069958663523741
    outer loop
      vertex -67.62438201904297 -13.680526733398438 3
      vertex -66.87531280517578 -17.175888061523438 3
      vertex -66.38928985595703 -17.058441162109375 2.5
    endloop
  endfacet
  facet normal 0.6437242571732764 0.12358287957837777 0.7552127863071637
    outer loop
      vertex -67.62438201904297 -13.680526733398438 3
      vertex -66.38928985595703 -17.058441162109375 2.5
      vertex -67.61012268066406 -10.699310302734375 2.5
    endloop
  endfacet
  facet normal 0.6921904731530629 0.14483279817873584 0.7070331035021319
    outer loop
      vertex -67.62438201904297 -13.680526733398438 16
      vertex -67.51605987548828 -16.639083862304688 16.5
      vertex -67.02892303466797 -16.5263671875 16
    endloop
  endfacet
  facet normal 0.9788023084108859 0.20480298803477875 0.0013330947255013818
    outer loop
      vertex -67.62438201904297 -13.680526733398438 16
      vertex -67.02892303466797 -16.5263671875 16
      vertex -66.87531280517578 -17.175888061523438 3
    endloop
  endfacet
  facet normal 0 0 1
    outer loop
      vertex -67.61012268066406 -10.699310302734375 2.5
      vertex -66.38928985595703 -17.058441162109375 2.5
      vertex -45.349998474121094 3.6837310791015625 2.5
    endloop
  endfacet
  facet normal 0.6764547058551892 -0.1298822382024771 0.7249411252825185
    outer loop
      vertex -67.60990142822266 8.6683349609375 2.5
      vertex -66.38892364501953 15.027450561523438 2.5
      vertex -67.01901245117188 14.536575317382812 3
    endloop
  endfacet
  facet normal 0 0 1
    outer loop
      vertex -67.60990142822266 8.6683349609375 2.5
      vertex -45.349998474121094 3.6837310791015625 2.5
      vertex -66.38892364501953 15.027450561523438 2.5
    endloop
  endfacet
  facet normal 0.6838742266819614 0.1803929718085103 0.7069472524893519
    outer loop
      vertex -67.51605987548828 -16.639083862304688 16.5
      vertex -65.95819854736328 -20.58551025390625 16
      vertex -67.02892303466797 -16.5263671875 16
    endloop
  endfacet
  facet normal 0.7421285398602737 0.2124147404275658 0.635708430315304
    outer loop
      vertex -67.51605987548828 -16.639083862304688 16.5
      vertex -65.55745697021484 -23.48199462890625 16.5
      vertex -65.95819854736328 -20.58551025390625 16
    endloop
  endfacet
  facet normal 0 0 -1
    outer loop
      vertex -67.07598876953125 -22.061492919921875 0
      vertex -46.349998474121094 3.6837310791015625 0
      vertex -64.60272979736328 -28.739486694335938 0
    endloop
  endfacet
  facet normal -0.663514163245148 0.24573882708517084 -0.7066550672257969
    outer loop
      vertex -67.07598876953125 20.028961181640625 0
      vertex -65.52169799804688 27.101303100585938 1
      vertex -64.60272979736328 26.706954956054688 0
    endloop
  endfacet
  facet normal 0 0 -1
    outer loop
      vertex -67.07598876953125 20.028961181640625 0
      vertex -64.60272979736328 26.706954956054688 0
      vertex -46.349998474121094 27.183731079101562 0
    endloop
  endfacet
  facet normal 0 0 -1
    outer loop
      vertex -67.07598876953125 20.028961181640625 0
      vertex -46.349998474121094 27.183731079101562 0
      vertex -46.349998474121094 3.6837310791015625 0
    endloop
  endfacet
  facet normal 0.9656757578528977 0.25974578882355825 -0.001567125923212237
    outer loop
      vertex -67.02892303466797 -16.5263671875 16
      vertex -65.95819854736328 -20.58551025390625 3
      vertex -66.87531280517578 -17.175888061523438 3
    endloop
  endfacet
  facet normal 0.9669261096107625 0.2550566575351358 0
    outer loop
      vertex -67.02892303466797 -16.5263671875 16
      vertex -65.95819854736328 -20.58551025390625 16
      vertex -65.95819854736328 -20.58551025390625 3
    endloop
  endfacet
  facet normal 0.9730785588875143 -0.2304736823010348 0
    outer loop
      vertex -67.01901245117188 14.536575317382812 3
      vertex -66.87493133544922 15.1448974609375 3
      vertex -67.01901245117188 14.536575317382812 16
    endloop
  endfacet
  facet normal 0.6880758955086129 -0.1629707939734637 0.7071011825274225
    outer loop
      vertex -67.01901245117188 14.536575317382812 3
      vertex -66.38892364501953 15.027450561523438 2.5
      vertex -66.87493133544922 15.1448974609375 3
    endloop
  endfacet
  facet normal 0.9671049005083175 -0.2543751324580039 -0.0011846517505979723
    outer loop
      vertex -67.01901245117188 14.536575317382812 16
      vertex -66.87493133544922 15.1448974609375 3
      vertex -65.99803924560547 18.418197631835938 16
    endloop
  endfacet
  facet normal 0.6839902434539387 -0.1799082071522205 0.706958544653854
    outer loop
      vertex -67.01901245117188 14.536575317382812 16
      vertex -65.99803924560547 18.418197631835938 16
      vertex -66.47767639160156 18.5594482421875 16.5
    endloop
  endfacet
  facet normal -0.9288775113080776 -0.3703870529407207 0
    outer loop
      vertex -66.8914566040039 -25.698684692382812 16
      vertex -65.52169799804688 -29.13384246826172 1
      vertex -65.52169799804688 -29.13384246826172 16
    endloop
  endfacet
  facet normal -0.6569319717919405 -0.26194960482131074 0.706981462961733
    outer loop
      vertex -66.8914566040039 -25.698684692382812 16
      vertex -65.52169799804688 -29.13384246826172 16
      vertex -66.42237854003906 -25.525604248046875 16.5
    endloop
  endfacet
  facet normal 0.6829408345621113 0.1836962400170109 0.7069989447596223
    outer loop
      vertex -66.87531280517578 -17.175888061523438 3
      vertex -65.95819854736328 -20.58551025390625 3
      vertex -66.38928985595703 -17.058441162109375 2.5
    endloop
  endfacet
  facet normal 0.679117117825889 -0.19838763313452434 0.7067123087191414
    outer loop
      vertex -66.87493133544922 15.1448974609375 3
      vertex -66.38892364501953 15.027450561523438 2.5
      vertex -65.05824279785156 21.363754272460938 3
    endloop
  endfacet
  facet normal 0.9598649859049763 -0.28040132943786694 0.005856900470081745
    outer loop
      vertex -66.87493133544922 15.1448974609375 3
      vertex -65.05824279785156 21.363754272460938 3
      vertex -65.99803924560547 18.418197631835938 16
    endloop
  endfacet
  facet normal -0.6566551253201881 0.2625895689595544 0.7070012479934978
    outer loop
      vertex -66.84290313720703 23.797378540039062 16
      vertex -66.37415313720703 23.623367309570312 16.5
      vertex -65.52169799804688 27.101303100585938 16
    endloop
  endfacet
  facet normal -0.9285120275635275 0.3713023224676453 0
    outer loop
      vertex -66.84290313720703 23.797378540039062 16
      vertex -65.52169799804688 27.101303100585938 16
      vertex -65.52169799804688 27.101303100585938 1
    endloop
  endfacet
  facet normal 0.6737324792368872 -0.21495814474947939 0.7070201853039131
    outer loop
      vertex -66.47767639160156 18.5594482421875 16.5
      vertex -65.99803924560547 18.418197631835938 16
      vertex -65.05824279785156 21.363754272460938 16
    endloop
  endfacet
  facet normal 0.7295936510565437 -0.25624136019242133 0.6340610930065965
    outer loop
      vertex -66.47767639160156 18.5594482421875 16.5
      vertex -65.05824279785156 21.363754272460938 16
      vertex -64.11910247802734 25.274993896484375 16.5
    endloop
  endfacet
  facet normal 0 0 1
    outer loop
      vertex -66.47767639160156 18.5594482421875 16.5
      vertex -64.11910247802734 25.274993896484375 16.5
      vertex -66.37415313720703 23.623367309570312 16.5
    endloop
  endfacet
  facet normal -0.5940245961131871 -0.254048012729461 0.7632787082323051
    outer loop
      vertex -66.42237854003906 -25.525604248046875 16.5
      vertex -65.52169799804688 -29.13384246826172 16
      vertex -63.60398864746094 -32.11566925048828 16.5
    endloop
  endfacet
  facet normal 0 0 1
    outer loop
      vertex -66.42237854003906 -25.525604248046875 16.5
      vertex -63.60398864746094 -32.11566925048828 16.5
      vertex -62.907310485839844 -30.087921142578125 16.5
    endloop
  endfacet
  facet normal 0 0 1
    outer loop
      vertex -66.42237854003906 -25.525604248046875 16.5
      vertex -62.907310485839844 -30.087921142578125 16.5
      vertex -65.55745697021484 -23.48199462890625 16.5
    endloop
  endfacet
  facet normal 0.6290175984111273 0.18395456768099852 0.7553129006699109
    outer loop
      vertex -66.38928985595703 -17.058441162109375 2.5
      vertex -65.95819854736328 -20.58551025390625 3
      vertex -64.57173919677734 -23.273406982421875 2.5
    endloop
  endfacet
  facet normal 0 0 1
    outer loop
      vertex -66.38928985595703 -17.058441162109375 2.5
      vertex -64.57173919677734 -23.273406982421875 2.5
      vertex -53.6650390625 -25.047576904296875 2.5
    endloop
  endfacet
  facet normal 0 0 1
    outer loop
      vertex -66.38928985595703 -17.058441162109375 2.5
      vertex -53.6650390625 -25.047576904296875 2.5
      vertex -45.349998474121094 3.6837310791015625 2.5
    endloop
  endfacet
  facet normal 0.6776482636199481 -0.19819457699275553 0.7081749363423787
    outer loop
      vertex -66.38892364501953 15.027450561523438 2.5
      vertex -64.57122039794922 21.24237060546875 2.5
      vertex -65.05824279785156 21.363754272460938 3
    endloop
  endfacet
  facet normal 0 0 1
    outer loop
      vertex -66.38892364501953 15.027450561523438 2.5
      vertex -45.349998474121094 3.6837310791015625 2.5
      vertex -64.57122039794922 21.24237060546875 2.5
    endloop
  endfacet
  facet normal 0 0 1
    outer loop
      vertex -66.37415313720703 23.623367309570312 16.5
      vertex -64.11910247802734 25.274993896484375 16.5
      vertex -63.54283905029297 30.2078857421875 16.5
    endloop
  endfacet
  facet normal -0.5935049035539537 0.2552045090740164 0.7632971819715454
    outer loop
      vertex -66.37415313720703 23.623367309570312 16.5
      vertex -63.54283905029297 30.2078857421875 16.5
      vertex -65.52169799804688 27.101303100585938 16
    endloop
  endfacet
  facet normal 0.9526849532033125 -0.3039595037829912 0
    outer loop
      vertex -65.99803924560547 18.418197631835938 16
      vertex -65.05824279785156 21.363754272460938 3
      vertex -65.05824279785156 21.363754272460938 16
    endloop
  endfacet
  facet normal 0.9522806166437736 0.30522389677833905 0
    outer loop
      vertex -65.95819854736328 -20.58551025390625 3
      vertex -65.95819854736328 -20.58551025390625 16
      vertex -65.04444885253906 -23.436355590820312 3
    endloop
  endfacet
  facet normal 0.6734394677962813 0.21585004988293613 0.7070276084989859
    outer loop
      vertex -65.95819854736328 -20.58551025390625 3
      vertex -65.04444885253906 -23.436355590820312 3
      vertex -64.57173919677734 -23.273406982421875 2.5
    endloop
  endfacet
  facet normal 0.6736380326189461 0.2152490810139294 0.7070216645421372
    outer loop
      vertex -65.95819854736328 -20.58551025390625 16
      vertex -65.55745697021484 -23.48199462890625 16.5
      vertex -65.08447265625 -23.319900512695312 16
    endloop
  endfacet
  facet normal 0.9525533736139729 0.3043715294547625 0.00020609223138745057
    outer loop
      vertex -65.95819854736328 -20.58551025390625 16
      vertex -65.08447265625 -23.319900512695312 16
      vertex -65.04444885253906 -23.436355590820312 3
    endloop
  endfacet
  facet normal 0.661711360595979 0.2497721215618165 0.7069313704658519
    outer loop
      vertex -65.55745697021484 -23.48199462890625 16.5
      vertex -63.588958740234375 -27.281906127929688 16
      vertex -65.08447265625 -23.319900512695312 16
    endloop
  endfacet
  facet normal 0.7161694522348266 0.28731078859699966 0.636045459414214
    outer loop
      vertex -65.55745697021484 -23.48199462890625 16.5
      vertex -62.907310485839844 -30.087921142578125 16.5
      vertex -63.588958740234375 -27.281906127929688 16
    endloop
  endfacet
  facet normal -0.6352484167113168 -0.3116038232462668 -0.7066558613668145
    outer loop
      vertex -65.52169799804688 -29.13384246826172 1
      vertex -64.60272979736328 -28.739486694335938 0
      vertex -61.46656799316406 -35.13299560546875 0
    endloop
  endfacet
  facet normal -0.9089362096769195 -0.4169352068825023 0
    outer loop
      vertex -65.52169799804688 -29.13384246826172 1
      vertex -64.05316925048828 -32.335296630859375 16
      vertex -65.52169799804688 -29.13384246826172 16
    endloop
  endfacet
  facet normal -0.8977878794989226 -0.4403859167741561 -0.006096534410144584
    outer loop
      vertex -65.52169799804688 -29.13384246826172 1
      vertex -62.340919494628906 -35.61830139160156 1
      vertex -64.05316925048828 -32.335296630859375 16
    endloop
  endfacet
  facet normal -0.6352493078644363 -0.3116046175408004 -0.7066547100140251
    outer loop
      vertex -65.52169799804688 -29.13384246826172 1
      vertex -61.46656799316406 -35.13299560546875 0
      vertex -62.340919494628906 -35.61830139160156 1
    endloop
  endfacet
  facet normal -0.6428133634033065 -0.29486285154450953 0.7069984997220072
    outer loop
      vertex -65.52169799804688 -29.13384246826172 16
      vertex -64.05316925048828 -32.335296630859375 16
      vertex -63.60398864746094 -32.11566925048828 16.5
    endloop
  endfacet
  facet normal -0.9085263593591952 0.4178275413965988 0
    outer loop
      vertex -65.52169799804688 27.101303100585938 1
      vertex -65.52169799804688 27.101303100585938 16
      vertex -63.9915771484375 30.42840576171875 16
    endloop
  endfacet
  facet normal -0.8977876604375942 0.44038632746308265 -0.006099126951422917
    outer loop
      vertex -65.52169799804688 27.101303100585938 1
      vertex -63.9915771484375 30.42840576171875 16
      vertex -62.340919494628906 33.58575439453125 1
    endloop
  endfacet
  facet normal -0.6352492125099358 0.31160493739099676 -0.7066546546928415
    outer loop
      vertex -65.52169799804688 27.101303100585938 1
      vertex -62.340919494628906 33.58575439453125 1
      vertex -64.60272979736328 26.706954956054688 0
    endloop
  endfacet
  facet normal -0.6425345457857621 0.29549899874936203 0.7069863500874745
    outer loop
      vertex -65.52169799804688 27.101303100585938 16
      vertex -63.54283905029297 30.2078857421875 16.5
      vertex -63.9915771484375 30.42840576171875 16
    endloop
  endfacet
  facet normal 0.9352526509122597 0.3539807818863739 -0.00029157623762154
    outer loop
      vertex -65.08447265625 -23.319900512695312 16
      vertex -63.588958740234375 -27.281906127929688 3
      vertex -65.04444885253906 -23.436355590820312 3
    endloop
  endfacet
  facet normal 0.9355691531151358 0.3531435398523206 0
    outer loop
      vertex -65.08447265625 -23.319900512695312 16
      vertex -63.588958740234375 -27.281906127929688 16
      vertex -63.588958740234375 -27.281906127929688 3
    endloop
  endfacet
  facet normal 0.9443406846877876 -0.32518045603419415 -0.049782951467284085
    outer loop
      vertex -65.05824279785156 21.363754272460938 3
      vertex -65.04393005371094 21.405319213867188 3
      vertex -62.77162170410156 27.146896362304688 8.600000381469727
    endloop
  endfacet
  facet normal 0.6685742592974806 -0.23022123906792835 0.7071114769870822
    outer loop
      vertex -65.05824279785156 21.363754272460938 3
      vertex -64.57122039794922 21.24237060546875 2.5
      vertex -65.04393005371094 21.405319213867188 3
    endloop
  endfacet
  facet normal 0.9299462821227522 -0.3676954070505513 0
    outer loop
      vertex -65.05824279785156 21.363754272460938 3
      vertex -62.77162170410156 27.146896362304688 8.600000381469727
      vertex -65.05824279785156 21.363754272460938 16
    endloop
  endfacet
  facet normal 0.6618608639704979 -0.2492968729684528 0.7069591684619256
    outer loop
      vertex -65.05824279785156 21.363754272460938 16
      vertex -63.65647888183594 25.085311889648438 16
      vertex -64.11910247802734 25.274993896484375 16.5
    endloop
  endfacet
  facet normal 0.9357294735891399 -0.35245237240766525 0.013699541627353824
    outer loop
      vertex -65.05824279785156 21.363754272460938 16
      vertex -62.77162170410156 27.146896362304688 8.600000381469727
      vertex -63.65647888183594 25.085311889648438 16
    endloop
  endfacet
  facet normal 0.603702471886095 0.2284934159946312 0.7637631074395534
    outer loop
      vertex -65.04444885253906 -23.436355590820312 3
      vertex -63.588958740234375 -27.281906127929688 3
      vertex -62.316986083984375 -28.971282958984375 2.5
    endloop
  endfacet
  facet normal 0.6578248119152988 0.2603132375010549 0.7067556403809743
    outer loop
      vertex -65.04444885253906 -23.436355590820312 3
      vertex -62.316986083984375 -28.971282958984375 2.5
      vertex -64.57173919677734 -23.273406982421875 2.5
    endloop
  endfacet
  facet normal 0.6578151274299028 -0.26033940987192056 0.7067550139842809
    outer loop
      vertex -65.04393005371094 21.405319213867188 3
      vertex -64.57122039794922 21.24237060546875 2.5
      vertex -62.77162170410156 27.146896362304688 3
    endloop
  endfacet
  facet normal 0.9298287391714202 -0.36799254858065683 0
    outer loop
      vertex -65.04393005371094 21.405319213867188 3
      vertex -62.77162170410156 27.146896362304688 3
      vertex -62.77162170410156 27.146896362304688 8.600000381469727
    endloop
  endfacet
  facet normal 0 0 -1
    outer loop
      vertex -64.60272979736328 -28.739486694335938 0
      vertex -46.349998474121094 3.6837310791015625 0
      vertex -61.46656799316406 -35.13299560546875 0
    endloop
  endfacet
  facet normal -0.6352515907736813 0.31160538019618117 -0.7066523214794532
    outer loop
      vertex -64.60272979736328 26.706954956054688 0
      vertex -62.340919494628906 33.58575439453125 1
      vertex -61.46656799316406 33.1004638671875 0
    endloop
  endfacet
  facet normal 0 0 -1
    outer loop
      vertex -64.60272979736328 26.706954956054688 0
      vertex -61.46656799316406 33.1004638671875 0
      vertex -46.349998474121094 27.183731079101562 0
    endloop
  endfacet
  facet normal 0 0 1
    outer loop
      vertex -64.57173919677734 -23.273406982421875 2.5
      vertex -62.316986083984375 -28.971282958984375 2.5
      vertex -53.6650390625 -25.047576904296875 2.5
    endloop
  endfacet
  facet normal 0.6580394396204817 -0.2603885574820313 0.7065280567934928
    outer loop
      vertex -64.57122039794922 21.24237060546875 2.5
      vertex -62.31831359863281 26.935791015625 2.5
      vertex -62.77162170410156 27.146896362304688 3
    endloop
  endfacet
  facet normal 0 0 1
    outer loop
      vertex -64.57122039794922 21.24237060546875 2.5
      vertex -45.349998474121094 3.6837310791015625 2.5
      vertex -62.31831359863281 26.935791015625 2.5
    endloop
  endfacet
  facet normal 0.6480581388521821 -0.28310832141834363 0.7070150825909824
    outer loop
      vertex -64.11910247802734 25.274993896484375 16.5
      vertex -63.65647888183594 25.085311889648438 16
      vertex -62.40397644042969 27.952392578125 16
    endloop
  endfacet
  facet normal 0.6996158103607965 -0.3297986293641495 0.6338537543966544
    outer loop
      vertex -64.11910247802734 25.274993896484375 16.5
      vertex -62.40397644042969 27.952392578125 16
      vertex -61.084129333496094 31.713211059570312 16.5
    endloop
  endfacet
  facet normal 0 0 1
    outer loop
      vertex -64.11910247802734 25.274993896484375 16.5
      vertex -61.084129333496094 31.713211059570312 16.5
      vertex -63.54283905029297 30.2078857421875 16.5
    endloop
  endfacet
  facet normal -0.8866537605080691 -0.4624338968727311 0
    outer loop
      vertex -64.05316925048828 -32.335296630859375 16
      vertex -62.340919494628906 -35.61830139160156 1
      vertex -62.340919494628906 -35.61830139160156 16
    endloop
  endfacet
  facet normal -0.6270649668864523 -0.32704547044779975 0.7069871198001204
    outer loop
      vertex -64.05316925048828 -32.335296630859375 16
      vertex -62.340919494628906 -35.61830139160156 16
      vertex -63.60398864746094 -32.11566925048828 16.5
    endloop
  endfacet
  facet normal -0.6267383940001223 0.3276579964089901 0.7069930854509071
    outer loop
      vertex -63.9915771484375 30.42840576171875 16
      vertex -63.54283905029297 30.2078857421875 16.5
      vertex -62.340919494628906 33.58575439453125 16
    endloop
  endfacet
  facet normal -0.8861994677046299 0.4633038996598569 0
    outer loop
      vertex -63.9915771484375 30.42840576171875 16
      vertex -62.340919494628906 33.58575439453125 16
      vertex -62.340919494628906 33.58575439453125 1
    endloop
  endfacet
  facet normal 0.9097010470774275 -0.415206520833574 -0.0068956510577924
    outer loop
      vertex -63.65647888183594 25.085311889648438 16
      vertex -62.77162170410156 27.146896362304688 8.600000381469727
      vertex -62.40397644042969 27.952392578125 8.600000381469727
    endloop
  endfacet
  facet normal 0.9163737879464727 -0.40032371996252347 0
    outer loop
      vertex -63.65647888183594 25.085311889648438 16
      vertex -62.40397644042969 27.952392578125 8.600000381469727
      vertex -62.40397644042969 27.952392578125 16
    endloop
  endfacet
  facet normal -0.5652986588191555 -0.31280729766964077 0.7632751934013583
    outer loop
      vertex -63.60398864746094 -32.11566925048828 16.5
      vertex -62.340919494628906 -35.61830139160156 16
      vertex -60.133750915527344 -38.38700866699219 16.5
    endloop
  endfacet
  facet normal 0 0 1
    outer loop
      vertex -63.60398864746094 -32.11566925048828 16.5
      vertex -60.133750915527344 -38.38700866699219 16.5
      vertex -59.593536376953125 -36.38716125488281 16.5
    endloop
  endfacet
  facet normal 0 0 1
    outer loop
      vertex -63.60398864746094 -32.11566925048828 16.5
      vertex -59.593536376953125 -36.38716125488281 16.5
      vertex -62.907310485839844 -30.087921142578125 16.5
    endloop
  endfacet
  facet normal 0.91842688984113 0.39559075825497847 0
    outer loop
      vertex -63.588958740234375 -27.281906127929688 3
      vertex -63.588958740234375 -27.281906127929688 16
      vertex -62.77227020263672 -29.177978515625 8.600000381469727
    endloop
  endfacet
  facet normal 0.6494830149439518 0.2797495164801318 0.7070445681344613
    outer loop
      vertex -63.588958740234375 -27.281906127929688 3
      vertex -62.77227020263672 -29.177978515625 3
      vertex -62.316986083984375 -28.971282958984375 2.5
    endloop
  endfacet
  facet normal 0.91842688984113 0.39559075825497847 0
    outer loop
      vertex -63.588958740234375 -27.281906127929688 3
      vertex -62.77227020263672 -29.177978515625 8.600000381469727
      vertex -62.77227020263672 -29.177978515625 3
    endloop
  endfacet
  facet normal 0.6479153119728195 0.2833801260455208 0.7070370942698754
    outer loop
      vertex -63.588958740234375 -27.281906127929688 16
      vertex -62.907310485839844 -30.087921142578125 16.5
      vertex -62.45343017578125 -29.878158569335938 16
    endloop
  endfacet
  facet normal 0.9161992218272792 0.40072004190435656 -0.0015601087329543252
    outer loop
      vertex -63.588958740234375 -27.281906127929688 16
      vertex -62.45343017578125 -29.878158569335938 16
      vertex -62.77227020263672 -29.177978515625 8.600000381469727
    endloop
  endfacet
  facet normal 0 0 1
    outer loop
      vertex -63.54283905029297 30.2078857421875 16.5
      vertex -61.084129333496094 31.713211059570312 16.5
      vertex -60.06028747558594 36.472412109375 16.5
    endloop
  endfacet
  facet normal -0.5646596402007519 0.3139034308251284 0.7632981899916776
    outer loop
      vertex -63.54283905029297 30.2078857421875 16.5
      vertex -60.06028747558594 36.472412109375 16.5
      vertex -62.340919494628906 33.58575439453125 16
    endloop
  endfacet
  facet normal 0.6325076904469253 0.3164919582162775 0.7069419084408015
    outer loop
      vertex -62.907310485839844 -30.087921142578125 16.5
      vertex -60.541900634765625 -33.698341369628906 16
      vertex -62.45343017578125 -29.878158569335938 16
    endloop
  endfacet
  facet normal 0.6826631100243159 0.35912130650041235 0.6363984329249764
    outer loop
      vertex -62.907310485839844 -30.087921142578125 16.5
      vertex -59.593536376953125 -36.38716125488281 16.5
      vertex -60.541900634765625 -33.698341369628906 16
    endloop
  endfacet
  facet normal 0.3519324280565752 0.9360254088870683 0
    outer loop
      vertex -62.77227020263672 -29.177978515625 3
      vertex -62.77227020263672 -29.177978515625 8.600000381469727
      vertex -62.110679626464844 -29.426727294921875 8.600000381469727
    endloop
  endfacet
  facet normal 0.28731148840283005 0.7641547978266413 0.5775115181451149
    outer loop
      vertex -62.77227020263672 -29.177978515625 3
      vertex -62.110679626464844 -29.426727294921875 3
      vertex -62.316986083984375 -28.971282958984375 2.5
    endloop
  endfacet
  facet normal 0.3519324280565752 0.9360254088870683 0
    outer loop
      vertex -62.77227020263672 -29.177978515625 3
      vertex -62.110679626464844 -29.426727294921875 8.600000381469727
      vertex -62.110679626464844 -29.426727294921875 3
    endloop
  endfacet
  facet normal 0.9016635037614182 0.4324334099439446 0.0020668693561508716
    outer loop
      vertex -62.77227020263672 -29.177978515625 8.600000381469727
      vertex -62.45343017578125 -29.878158569335938 16
      vertex -61.256561279296875 -32.33837127685547 8.600000381469727
    endloop
  endfacet
  facet normal 0 0 1
    outer loop
      vertex -62.77227020263672 -29.177978515625 8.600000381469727
      vertex -61.256561279296875 -32.33837127685547 8.600000381469727
      vertex -61.035064697265625 -31.669906616210938 8.600000381469727
    endloop
  endfacet
  facet normal 0 0 1
    outer loop
      vertex -62.77227020263672 -29.177978515625 8.600000381469727
      vertex -61.035064697265625 -31.669906616210938 8.600000381469727
      vertex -62.110679626464844 -29.426727294921875 8.600000381469727
    endloop
  endfacet
  facet normal 0.28422977657212506 -0.7634150914057831 0.5800093381348785
    outer loop
      vertex -62.77162170410156 27.146896362304688 3
      vertex -62.31831359863281 26.935791015625 2.5
      vertex -62.11346435546875 27.391937255859375 3
    endloop
  endfacet
  facet normal 0.3489152324235652 -0.9371542885687552 0
    outer loop
      vertex -62.77162170410156 27.146896362304688 3
      vertex -62.11346435546875 27.391937255859375 3
      vertex -62.77162170410156 27.146896362304688 8.600000381469727
    endloop
  endfacet
  facet normal 0.3489152324235652 -0.9371542885687552 0
    outer loop
      vertex -62.77162170410156 27.146896362304688 8.600000381469727
      vertex -62.11346435546875 27.391937255859375 3
      vertex -62.11346435546875 27.391937255859375 8.600000381469727
    endloop
  endfacet
  facet normal 0 0 1
    outer loop
      vertex -62.77162170410156 27.146896362304688 8.600000381469727
      vertex -62.11346435546875 27.391937255859375 8.600000381469727
      vertex -62.40397644042969 27.952392578125 8.600000381469727
    endloop
  endfacet
  facet normal 0.8942848628133656 0.4474790926810509 -0.0041286506540639395
    outer loop
      vertex -62.45343017578125 -29.878158569335938 16
      vertex -60.541900634765625 -33.698341369628906 16
      vertex -61.256561279296875 -32.33837127685547 8.600000381469727
    endloop
  endfacet
  facet normal 0 0 1
    outer loop
      vertex -62.40397644042969 27.952392578125 8.600000381469727
      vertex -62.11346435546875 27.391937255859375 8.600000381469727
      vertex -61.25666809082031 30.30560302734375 8.600000381469727
    endloop
  endfacet
  facet normal 0.898846852701226 -0.43823301033980794 -0.005115079433436076
    outer loop
      vertex -62.40397644042969 27.952392578125 8.600000381469727
      vertex -61.25666809082031 30.30560302734375 8.600000381469727
      vertex -60.643409729003906 31.477066040039062 16
    endloop
  endfacet
  facet normal 0.8946068201523967 -0.4468541566739841 0
    outer loop
      vertex -62.40397644042969 27.952392578125 8.600000381469727
      vertex -60.643409729003906 31.477066040039062 16
      vertex -62.40397644042969 27.952392578125 16
    endloop
  endfacet
  facet normal 0.6327134138321929 -0.3160389710712677 0.706960468994573
    outer loop
      vertex -62.40397644042969 27.952392578125 16
      vertex -60.643409729003906 31.477066040039062 16
      vertex -61.084129333496094 31.713211059570312 16.5
    endloop
  endfacet
  facet normal -0.600465575292383 -0.37427283675806816 -0.7066547506058783
    outer loop
      vertex -62.340919494628906 -35.61830139160156 1
      vertex -61.46656799316406 -35.13299560546875 0
      vertex -57.699668884277344 -41.176429748535156 0
    endloop
  endfacet
  facet normal -0.8621074511910375 -0.5067255101145915 0
    outer loop
      vertex -62.340919494628906 -35.61830139160156 1
      vertex -60.55841827392578 -38.65092468261719 16
      vertex -62.340919494628906 -35.61830139160156 16
    endloop
  endfacet
  facet normal -0.8486277481298415 -0.5289553685885843 -0.006096158248367253
    outer loop
      vertex -62.340919494628906 -35.61830139160156 1
      vertex -58.52043151855469 -41.74768829345703 1
      vertex -60.55841827392578 -38.65092468261719 16
    endloop
  endfacet
  facet normal -0.6004685297373791 -0.37427606294165633 -0.7066505313830335
    outer loop
      vertex -62.340919494628906 -35.61830139160156 1
      vertex -57.699668884277344 -41.176429748535156 0
      vertex -58.52043151855469 -41.74768829345703 1
    endloop
  endfacet
  facet normal -0.6096984278629606 -0.3583657077178677 0.7069949409955534
    outer loop
      vertex -62.340919494628906 -35.61830139160156 16
      vertex -60.55841827392578 -38.65092468261719 16
      vertex -60.133750915527344 -38.38700866699219 16.5
    endloop
  endfacet
  facet normal -0.8616108562336074 0.5075694360581512 0
    outer loop
      vertex -62.340919494628906 33.58575439453125 1
      vertex -62.340919494628906 33.58575439453125 16
      vertex -60.48445129394531 36.737152099609375 16
    endloop
  endfacet
  facet normal -0.8486280250972038 0.5289548828214006 -0.006099750734090188
    outer loop
      vertex -62.340919494628906 33.58575439453125 1
      vertex -60.48445129394531 36.737152099609375 16
      vertex -58.52043151855469 39.71514892578125 1
    endloop
  endfacet
  facet normal -0.600467602891117 0.37427501936309154 -0.7066518716871506
    outer loop
      vertex -62.340919494628906 33.58575439453125 1
      vertex -58.52043151855469 39.71514892578125 1
      vertex -61.46656799316406 33.1004638671875 0
    endloop
  endfacet
  facet normal -0.6093495381315669 0.3589639095121588 0.706992257416298
    outer loop
      vertex -62.340919494628906 33.58575439453125 16
      vertex -60.06028747558594 36.472412109375 16.5
      vertex -60.48445129394531 36.737152099609375 16
    endloop
  endfacet
  facet normal -0.2961789188353354 -0.6420768294904983 0.7071176656462216
    outer loop
      vertex -62.31831359863281 26.935791015625 2.5
      vertex -53.69129943847656 22.956298828125 2.5
      vertex -53.485504150390625 23.412017822265625 3
    endloop
  endfacet
  facet normal -0.29618081651081485 -0.6420824192552493 0.7071117951316562
    outer loop
      vertex -62.31831359863281 26.935791015625 2.5
      vertex -53.485504150390625 23.412017822265625 3
      vertex -62.11346435546875 27.391937255859375 3
    endloop
  endfacet
  facet normal 0 0 1
    outer loop
      vertex -62.31831359863281 26.935791015625 2.5
      vertex -45.349998474121094 3.6837310791015625 2.5
      vertex -53.69129943847656 22.956298828125 2.5
    endloop
  endfacet
  facet normal -0.29205013790692047 0.6439835924429681 0.7071010179690012
    outer loop
      vertex -62.316986083984375 -28.971282958984375 2.5
      vertex -62.110679626464844 -29.426727294921875 3
      vertex -53.6650390625 -25.047576904296875 2.5
    endloop
  endfacet
  facet normal -0.41886589773516475 -0.9080481042954247 0
    outer loop
      vertex -62.11346435546875 27.391937255859375 3
      vertex -53.485504150390625 23.412017822265625 3
      vertex -62.11346435546875 27.391937255859375 8.600000381469727
    endloop
  endfacet
  facet normal 0 0 1
    outer loop
      vertex -62.11346435546875 27.391937255859375 8.600000381469727
      vertex -61.03483581542969 29.63726806640625 8.600000381469727
      vertex -61.25666809082031 30.30560302734375 8.600000381469727
    endloop
  endfacet
  facet normal -0.41886589773516475 -0.9080481042954247 0
    outer loop
      vertex -62.11346435546875 27.391937255859375 8.600000381469727
      vertex -53.485504150390625 23.412017822265625 3
      vertex -53.485504150390625 23.412017822265625 8.600000381469727
    endloop
  endfacet
  facet normal 0 0 1
    outer loop
      vertex -62.11346435546875 27.391937255859375 8.600000381469727
      vertex -53.485504150390625 23.412017822265625 8.600000381469727
      vertex -52.54322052001953 25.377853393554688 8.600000381469727
    endloop
  endfacet
  facet normal 0 0 1
    outer loop
      vertex -62.11346435546875 27.391937255859375 8.600000381469727
      vertex -52.54322052001953 25.377853393554688 8.600000381469727
      vertex -61.03483581542969 29.63726806640625 8.600000381469727
    endloop
  endfacet
  facet normal -0.41301880591150986 0.9107224966824036 0
    outer loop
      vertex -62.110679626464844 -29.426727294921875 3
      vertex -62.110679626464844 -29.426727294921875 8.600000381469727
      vertex -53.45875549316406 -25.503021240234375 8.600000381469727
    endloop
  endfacet
  facet normal -0.2920535396211893 0.6439893897367219 0.7070943330993815
    outer loop
      vertex -62.110679626464844 -29.426727294921875 3
      vertex -53.45875549316406 -25.503021240234375 3
      vertex -53.6650390625 -25.047576904296875 2.5
    endloop
  endfacet
  facet normal -0.41301880591150986 0.9107224966824036 0
    outer loop
      vertex -62.110679626464844 -29.426727294921875 3
      vertex -53.45875549316406 -25.503021240234375 8.600000381469727
      vertex -53.45875549316406 -25.503021240234375 3
    endloop
  endfacet
  facet normal 0 0 1
    outer loop
      vertex -62.110679626464844 -29.426727294921875 8.600000381469727
      vertex -61.035064697265625 -31.669906616210938 8.600000381469727
      vertex -53.45875549316406 -25.503021240234375 8.600000381469727
    endloop
  endfacet
  facet normal 0 0 -1
    outer loop
      vertex -61.46656799316406 -35.13299560546875 0
      vertex -46.349998474121094 3.6837310791015625 0
      vertex -57.699668884277344 -41.176429748535156 0
    endloop
  endfacet
  facet normal -0.6004689558469549 0.3742754163680134 -0.706650511757133
    outer loop
      vertex -61.46656799316406 33.1004638671875 0
      vertex -58.52043151855469 39.71514892578125 1
      vertex -57.699668884277344 39.143890380859375 0
    endloop
  endfacet
  facet normal 0 0 -1
    outer loop
      vertex -61.46656799316406 33.1004638671875 0
      vertex -57.699668884277344 39.143890380859375 0
      vertex -46.349998474121094 27.183731079101562 0
    endloop
  endfacet
  facet normal 0.9490855638730922 0.3150184001732195 0
    outer loop
      vertex -61.25666809082031 30.30560302734375 3
      vertex -61.25666809082031 30.30560302734375 8.600000381469727
      vertex -61.03483581542969 29.63726806640625 8.600000381469727
    endloop
  endfacet
  facet normal 0.7738530940580043 0.2568556228633622 0.5789443650475646
    outer loop
      vertex -61.25666809082031 30.30560302734375 3
      vertex -61.03483581542969 29.63726806640625 3
      vertex -60.808799743652344 30.083251953125 2.5
    endloop
  endfacet
  facet normal 0.9490855638730922 0.3150184001732195 0
    outer loop
      vertex -61.25666809082031 30.30560302734375 3
      vertex -61.03483581542969 29.63726806640625 8.600000381469727
      vertex -61.03483581542969 29.63726806640625 3
    endloop
  endfacet
  facet normal 0.6190358861889481 -0.34243675967883325 0.7067755211033591
    outer loop
      vertex -61.25666809082031 30.30560302734375 3
      vertex -60.808799743652344 30.083251953125 2.5
      vertex -59.08454132080078 34.23223876953125 3
    endloop
  endfacet
  facet normal 0.8750392059894778 -0.4840520509008345 0
    outer loop
      vertex -61.25666809082031 30.30560302734375 3
      vertex -59.08454132080078 34.23223876953125 3
      vertex -61.25666809082031 30.30560302734375 8.600000381469727
    endloop
  endfacet
  facet normal 0.8750392059894779 -0.48405205090083453 0
    outer loop
      vertex -61.25666809082031 30.30560302734375 8.600000381469727
      vertex -59.08454132080078 34.23223876953125 3
      vertex -59.08454132080078 34.23223876953125 16
    endloop
  endfacet
  facet normal 0.8703318877132188 -0.4924311531850814 0.005827915781460388
    outer loop
      vertex -61.25666809082031 30.30560302734375 8.600000381469727
      vertex -59.08454132080078 34.23223876953125 16
      vertex -60.643409729003906 31.477066040039062 16
    endloop
  endfacet
  facet normal 0.8852166492959441 0.46517898040352346 0
    outer loop
      vertex -61.256561279296875 -32.33837127685547 3
      vertex -61.256561279296875 -32.33837127685547 8.600000381469727
      vertex -60.541900634765625 -33.698341369628906 3
    endloop
  endfacet
  facet normal 0.9492462403373694 -0.31453390151996197 0
    outer loop
      vertex -61.256561279296875 -32.33837127685547 3
      vertex -61.035064697265625 -31.669906616210938 3
      vertex -61.256561279296875 -32.33837127685547 8.600000381469727
    endloop
  endfacet
  facet normal 0.7739794941088242 -0.25645905101712435 0.5789512050686523
    outer loop
      vertex -61.256561279296875 -32.33837127685547 3
      vertex -60.808799743652344 -32.11579132080078 2.5
      vertex -61.035064697265625 -31.669906616210938 3
    endloop
  endfacet
  facet normal 0.6260018603808711 0.3289623024762247 0.7070399382985584
    outer loop
      vertex -61.256561279296875 -32.33837127685547 3
      vertex -60.541900634765625 -33.698341369628906 3
      vertex -60.808799743652344 -32.11579132080078 2.5
    endloop
  endfacet
  facet normal 0.9492462403373694 -0.31453390151996197 0
    outer loop
      vertex -61.256561279296875 -32.33837127685547 8.600000381469727
      vertex -61.035064697265625 -31.669906616210938 3
      vertex -61.035064697265625 -31.669906616210938 8.600000381469727
    endloop
  endfacet
  facet normal 0.8852166492959441 0.46517898040352346 0
    outer loop
      vertex -61.256561279296875 -32.33837127685547 8.600000381469727
      vertex -60.541900634765625 -33.698341369628906 16
      vertex -60.541900634765625 -33.698341369628906 3
    endloop
  endfacet
  facet normal 0.6155105172331072 -0.34825399146873226 0.7070119946659527
    outer loop
      vertex -61.084129333496094 31.713211059570312 16.5
      vertex -60.643409729003906 31.477066040039062 16
      vertex -59.08454132080078 34.23223876953125 16
    endloop
  endfacet
  facet normal 0.662235294130212 -0.39990399706484225 0.6336570115921027
    outer loop
      vertex -61.084129333496094 31.713211059570312 16.5
      vertex -59.08454132080078 34.23223876953125 16
      vertex -57.40478515625 37.80615234375 16.5
    endloop
  endfacet
  facet normal 0 0 1
    outer loop
      vertex -61.084129333496094 31.713211059570312 16.5
      vertex -57.40478515625 37.80615234375 16.5
      vertex -60.06028747558594 36.472412109375 16.5
    endloop
  endfacet
  facet normal 0.3170361425985802 -0.6320478794104135 0.7071093001927016
    outer loop
      vertex -61.035064697265625 -31.669906616210938 3
      vertex -60.808799743652344 -32.11579132080078 2.5
      vertex -52.54322052001953 -27.410385131835938 3
    endloop
  endfacet
  facet normal 0.4483584098687312 -0.8938538674190445 0
    outer loop
      vertex -61.035064697265625 -31.669906616210938 3
      vertex -52.54322052001953 -27.410385131835938 3
      vertex -61.035064697265625 -31.669906616210938 8.600000381469727
    endloop
  endfacet
  facet normal 0.4483584098687312 -0.8938538674190445 0
    outer loop
      vertex -61.035064697265625 -31.669906616210938 8.600000381469727
      vertex -52.54322052001953 -27.410385131835938 3
      vertex -52.54322052001953 -27.410385131835938 8.600000381469727
    endloop
  endfacet
  facet normal 0 0 1
    outer loop
      vertex -61.035064697265625 -31.669906616210938 8.600000381469727
      vertex -52.54322052001953 -27.410385131835938 8.600000381469727
      vertex -53.45875549316406 -25.503021240234375 8.600000381469727
    endloop
  endfacet
  facet normal 0.448359082347519 0.8938535301023826 0
    outer loop
      vertex -61.03483581542969 29.63726806640625 3
      vertex -61.03483581542969 29.63726806640625 8.600000381469727
      vertex -52.54322052001953 25.377853393554688 8.600000381469727
    endloop
  endfacet
  facet normal 0.3170430760568821 0.6320605155229334 0.7070948964893424
    outer loop
      vertex -61.03483581542969 29.63726806640625 3
      vertex -52.54322052001953 25.377853393554688 3
      vertex -52.31689453125 25.823684692382812 2.5
    endloop
  endfacet
  facet normal 0.448359082347519 0.8938535301023826 0
    outer loop
      vertex -61.03483581542969 29.63726806640625 3
      vertex -52.54322052001953 25.377853393554688 8.600000381469727
      vertex -52.54322052001953 25.377853393554688 3
    endloop
  endfacet
  facet normal 0.3170414712548502 0.6320562530165719 0.7070994261963528
    outer loop
      vertex -61.03483581542969 29.63726806640625 3
      vertex -52.31689453125 25.823684692382812 2.5
      vertex -60.808799743652344 30.083251953125 2.5
    endloop
  endfacet
  facet normal 0.5767103279145015 0.3329636559383344 0.7460163547141084
    outer loop
      vertex -60.808799743652344 -32.11579132080078 2.5
      vertex -60.541900634765625 -33.698341369628906 3
      vertex -57.337379455566406 -38.12847137451172 2.5
    endloop
  endfacet
  facet normal 0 0 1
    outer loop
      vertex -60.808799743652344 -32.11579132080078 2.5
      vertex -57.337379455566406 -38.12847137451172 2.5
      vertex -52.31689453125 -27.856231689453125 2.5
    endloop
  endfacet
  facet normal 0.3170387243037643 -0.6320519087548815 0.7071045410200337
    outer loop
      vertex -60.808799743652344 -32.11579132080078 2.5
      vertex -52.31689453125 -27.856231689453125 2.5
      vertex -52.54322052001953 -27.410385131835938 3
    endloop
  endfacet
  facet normal 0.5647690603794182 -0.32606936620123683 0.7580993845553977
    outer loop
      vertex -60.808799743652344 30.083251953125 2.5
      vertex -57.337379455566406 36.09593200683594 2.5
      vertex -59.08454132080078 34.23223876953125 3
    endloop
  endfacet
  facet normal 0 0 1
    outer loop
      vertex -60.808799743652344 30.083251953125 2.5
      vertex -52.31689453125 25.823684692382812 2.5
      vertex -49.40252685546875 30.871505737304688 2.5
    endloop
  endfacet
  facet normal 0 0 1
    outer loop
      vertex -60.808799743652344 30.083251953125 2.5
      vertex -49.40252685546875 30.871505737304688 2.5
      vertex -57.337379455566406 36.09593200683594 2.5
    endloop
  endfacet
  facet normal -0.8353375239361602 -0.5497374110465878 0
    outer loop
      vertex -60.55841827392578 -38.65092468261719 16
      vertex -58.52043151855469 -41.74768829345703 1
      vertex -58.52043151855469 -41.74768829345703 16
    endloop
  endfacet
  facet normal -0.5907761532489592 -0.38879104995164243 0.7069830664378476
    outer loop
      vertex -60.55841827392578 -38.65092468261719 16
      vertex -58.52043151855469 -41.74768829345703 16
      vertex -60.133750915527344 -38.38700866699219 16.5
    endloop
  endfacet
  facet normal 0.8603877515633784 0.5096399875988091 0
    outer loop
      vertex -60.541900634765625 -33.698341369628906 3
      vertex -60.541900634765625 -33.698341369628906 16
      vertex -57.753875732421875 -38.40515899658203 8.600000381469727
    endloop
  endfacet
  facet normal 0.6087758877868102 0.36060082833393253 0.7066533528217798
    outer loop
      vertex -60.541900634765625 -33.698341369628906 3
      vertex -57.753875732421875 -38.40515899658203 3
      vertex -57.337379455566406 -38.12847137451172 2.5
    endloop
  endfacet
  facet normal 0.8603877515633784 0.5096399875988091 0
    outer loop
      vertex -60.541900634765625 -33.698341369628906 3
      vertex -57.753875732421875 -38.40515899658203 8.600000381469727
      vertex -57.753875732421875 -38.40515899658203 3
    endloop
  endfacet
  facet normal 0.6153429693965438 0.3485115347755796 0.707030932946087
    outer loop
      vertex -60.541900634765625 -33.698341369628906 16
      vertex -59.593536376953125 -36.38716125488281 16.5
      vertex -59.16357421875 -36.1319580078125 16
    endloop
  endfacet
  facet normal 0.8700431954620702 0.49276599303458096 0.01437059980631145
    outer loop
      vertex -60.541900634765625 -33.698341369628906 16
      vertex -59.16357421875 -36.1319580078125 16
      vertex -57.753875732421875 -38.40515899658203 8.600000381469727
    endloop
  endfacet
  facet normal -0.5903820943027512 0.38936311081891484 0.70699741913257
    outer loop
      vertex -60.48445129394531 36.737152099609375 16
      vertex -60.06028747558594 36.472412109375 16.5
      vertex -58.52043151855469 39.71514892578125 16
    endloop
  endfacet
  facet normal -0.834797273878976 0.5505574552435286 0
    outer loop
      vertex -60.48445129394531 36.737152099609375 16
      vertex -58.52043151855469 39.71514892578125 16
      vertex -58.52043151855469 39.71514892578125 1
    endloop
  endfacet
  facet normal -0.5307819248604633 -0.3683644274278243 0.7632681028624165
    outer loop
      vertex -60.133750915527344 -38.38700866699219 16.5
      vertex -58.52043151855469 -41.74768829345703 16
      vertex -56.04722595214844 -44.27534484863281 16.5
    endloop
  endfacet
  facet normal 0 0 1
    outer loop
      vertex -60.133750915527344 -38.38700866699219 16.5
      vertex -56.04722595214844 -44.27534484863281 16.5
      vertex -55.651123046875 -42.31327819824219 16.5
    endloop
  endfacet
  facet normal 0 0 1
    outer loop
      vertex -60.133750915527344 -38.38700866699219 16.5
      vertex -55.651123046875 -42.31327819824219 16.5
      vertex -59.593536376953125 -36.38716125488281 16.5
    endloop
  endfacet
  facet normal 0 0 1
    outer loop
      vertex -60.06028747558594 36.472412109375 16.5
      vertex -57.40478515625 37.80615234375 16.5
      vertex -55.96221923828125 42.35272216796875 16.5
    endloop
  endfacet
  facet normal -0.5300298006565487 0.36938499318095225 0.7632975417415461
    outer loop
      vertex -60.06028747558594 36.472412109375 16.5
      vertex -55.96221923828125 42.35272216796875 16.5
      vertex -58.52043151855469 39.71514892578125 16
    endloop
  endfacet
  facet normal 0.5966159441062551 0.37986621598781634 0.7069307414374477
    outer loop
      vertex -59.593536376953125 -36.38716125488281 16.5
      vertex -56.849517822265625 -39.76640319824219 16
      vertex -59.16357421875 -36.1319580078125 16
    endloop
  endfacet
  facet normal 0.6419755921287148 0.4270811994064897 0.6367644684060977
    outer loop
      vertex -59.593536376953125 -36.38716125488281 16.5
      vertex -55.651123046875 -42.31327819824219 16.5
      vertex -56.849517822265625 -39.76640319824219 16
    endloop
  endfacet
  facet normal 0.8328821865695208 0.5533346571715478 -0.011314613030038077
    outer loop
      vertex -59.16357421875 -36.1319580078125 16
      vertex -56.849517822265625 -39.76640319824219 8.600000381469727
      vertex -57.753875732421875 -38.40515899658203 8.600000381469727
    endloop
  endfacet
  facet normal 0.8435324079791062 0.5370782779902488 0
    outer loop
      vertex -59.16357421875 -36.1319580078125 16
      vertex -56.849517822265625 -39.76640319824219 16
      vertex -56.849517822265625 -39.76640319824219 8.600000381469727
    endloop
  endfacet
  facet normal 0.8492592763599528 -0.5279760236190364 0
    outer loop
      vertex -59.08454132080078 34.23223876953125 3
      vertex -57.75402069091797 36.372406005859375 3
      vertex -59.08454132080078 34.23223876953125 16
    endloop
  endfacet
  facet normal 0.6006322575756429 -0.3734070852559093 0.7069710318254013
    outer loop
      vertex -59.08454132080078 34.23223876953125 3
      vertex -57.337379455566406 36.09593200683594 2.5
      vertex -57.75402069091797 36.372406005859375 3
    endloop
  endfacet
  facet normal 0.8492592763599529 -0.5279760236190364 0
    outer loop
      vertex -59.08454132080078 34.23223876953125 16
      vertex -57.75402069091797 36.372406005859375 3
      vertex -57.75402069091797 36.372406005859375 8.600000381469727
    endloop
  endfacet
  facet normal 0.8439032314007217 -0.5364844954376536 -0.003423767869773859
    outer loop
      vertex -59.08454132080078 34.23223876953125 16
      vertex -57.75402069091797 36.372406005859375 8.600000381469727
      vertex -56.99060821533203 37.52604675292969 16
    endloop
  endfacet
  facet normal 0.5968522583812121 -0.37942973883035525 0.7069656674523701
    outer loop
      vertex -59.08454132080078 34.23223876953125 16
      vertex -56.99060821533203 37.52604675292969 16
      vertex -57.40478515625 37.80615234375 16.5
    endloop
  endfacet
  facet normal -0.559523283639197 -0.4331040982760254 -0.7066502212000798
    outer loop
      vertex -58.52043151855469 -41.74768829345703 1
      vertex -57.699668884277344 -41.176429748535156 0
      vertex -53.34069061279297 -46.80775451660156 0
    endloop
  endfacet
  facet normal -0.8064408266346106 -0.5913148003702309 0
    outer loop
      vertex -58.52043151855469 -41.74768829345703 1
      vertex -56.44303894042969 -44.58085632324219 16
      vertex -58.52043151855469 -41.74768829345703 16
    endloop
  endfacet
  facet normal -0.7907616937764058 -0.6120937679777705 -0.006096134729912877
    outer loop
      vertex -58.52043151855469 -41.74768829345703 1
      vertex -54.099456787109375 -47.459129333496094 1
      vertex -56.44303894042969 -44.58085632324219 16
    endloop
  endfacet
  facet normal -0.5595201363734941 -0.4330998722215882 -0.7066553032944919
    outer loop
      vertex -58.52043151855469 -41.74768829345703 1
      vertex -53.34069061279297 -46.80775451660156 0
      vertex -54.099456787109375 -47.459129333496094 1
    endloop
  endfacet
  facet normal -0.5703234887319693 -0.4181840858595296 0.7070029621822138
    outer loop
      vertex -58.52043151855469 -41.74768829345703 16
      vertex -56.44303894042969 -44.58085632324219 16
      vertex -56.04722595214844 -44.27534484863281 16.5
    endloop
  endfacet
  facet normal -0.8058599297050874 0.5921062182545559 0
    outer loop
      vertex -58.52043151855469 39.71514892578125 1
      vertex -58.52043151855469 39.71514892578125 16
      vertex -56.35743713378906 42.65899658203125 16
    endloop
  endfacet
  facet normal -0.7907616758769317 0.6120937541225766 -0.006099846591290172
    outer loop
      vertex -58.52043151855469 39.71514892578125 1
      vertex -56.35743713378906 42.65899658203125 16
      vertex -54.099456787109375 45.42658996582031 1
    endloop
  endfacet
  facet normal -0.5595241216689458 0.43310295706311347 -0.7066502570959565
    outer loop
      vertex -58.52043151855469 39.71514892578125 1
      vertex -54.099456787109375 45.42658996582031 1
      vertex -57.699668884277344 39.143890380859375 0
    endloop
  endfacet
  facet normal -0.5699217678856983 0.4187504679718303 0.7069916718486953
    outer loop
      vertex -58.52043151855469 39.71514892578125 16
      vertex -55.96221923828125 42.35272216796875 16.5
      vertex -56.35743713378906 42.65899658203125 16
    endloop
  endfacet
  facet normal 0.16488989572426618 -0.7985225610197708 0.5789413112142431
    outer loop
      vertex -57.75402069091797 36.372406005859375 3
      vertex -57.337379455566406 36.09593200683594 2.5
      vertex -57.064361572265625 36.51481628417969 3
    endloop
  endfacet
  facet normal 0.20222727632741866 -0.9793386180015542 0
    outer loop
      vertex -57.75402069091797 36.372406005859375 3
      vertex -57.064361572265625 36.51481628417969 3
      vertex -57.75402069091797 36.372406005859375 8.600000381469727
    endloop
  endfacet
  facet normal 0.20222727632741866 -0.9793386180015542 0
    outer loop
      vertex -57.75402069091797 36.372406005859375 8.600000381469727
      vertex -57.064361572265625 36.51481628417969 3
      vertex -57.064361572265625 36.51481628417969 8.600000381469727
    endloop
  endfacet
  facet normal 0 0 1
    outer loop
      vertex -57.75402069091797 36.372406005859375 8.600000381469727
      vertex -57.064361572265625 36.51481628417969 8.600000381469727
      vertex -55.77488708496094 39.2652587890625 8.600000381469727
    endloop
  endfacet
  facet normal 0.8253286576762373 -0.5646452843541586 0.002882650681495879
    outer loop
      vertex -57.75402069091797 36.372406005859375 8.600000381469727
      vertex -55.77488708496094 39.2652587890625 8.600000381469727
      vertex -56.99060821533203 37.52604675292969 16
    endloop
  endfacet
  facet normal 0.20172995416650327 0.9794411802614695 0
    outer loop
      vertex -57.753875732421875 -38.40515899658203 3
      vertex -57.753875732421875 -38.40515899658203 8.600000381469727
      vertex -57.06414794921875 -38.547218322753906 8.600000381469727
    endloop
  endfacet
  facet normal 0.16448421757273882 0.7986053278972008 0.5789425467381786
    outer loop
      vertex -57.753875732421875 -38.40515899658203 3
      vertex -57.06414794921875 -38.547218322753906 3
      vertex -57.337379455566406 -38.12847137451172 2.5
    endloop
  endfacet
  facet normal 0.20172995416650327 0.9794411802614695 0
    outer loop
      vertex -57.753875732421875 -38.40515899658203 3
      vertex -57.06414794921875 -38.547218322753906 8.600000381469727
      vertex -57.06414794921875 -38.547218322753906 3
    endloop
  endfacet
  facet normal 0 0 1
    outer loop
      vertex -57.753875732421875 -38.40515899658203 8.600000381469727
      vertex -56.849517822265625 -39.76640319824219 8.600000381469727
      vertex -57.06414794921875 -38.547218322753906 8.600000381469727
    endloop
  endfacet
  facet normal 0 0 -1
    outer loop
      vertex -57.699668884277344 -41.176429748535156 0
      vertex -46.349998474121094 -39.31626892089844 0
      vertex -53.34069061279297 -46.80775451660156 0
    endloop
  endfacet
  facet normal 0 0 -1
    outer loop
      vertex -57.699668884277344 -41.176429748535156 0
      vertex -46.349998474121094 3.6837310791015625 0
      vertex -46.349998474121094 -39.31626892089844 0
    endloop
  endfacet
  facet normal -0.5595176418699179 0.4331003179832205 -0.7066570052006558
    outer loop
      vertex -57.699668884277344 39.143890380859375 0
      vertex -54.099456787109375 45.42658996582031 1
      vertex -53.34069061279297 44.77520751953125 0
    endloop
  endfacet
  facet normal 0 0 -1
    outer loop
      vertex -57.699668884277344 39.143890380859375 0
      vertex -53.34069061279297 44.77520751953125 0
      vertex -46.349998474121094 27.183731079101562 0
    endloop
  endfacet
  facet normal 0.5764338548648995 -0.409704433662679 0.7070122262045654
    outer loop
      vertex -57.40478515625 37.80615234375 16.5
      vertex -56.99060821533203 37.52604675292969 16
      vertex -55.13531494140625 40.1363525390625 16
    endloop
  endfacet
  facet normal 0.6178390672663155 -0.46580857038436596 0.6334802780797224
    outer loop
      vertex -57.40478515625 37.80615234375 16.5
      vertex -55.13531494140625 40.1363525390625 16
      vertex -53.11988067626953 43.48956298828125 16.5
    endloop
  endfacet
  facet normal 0 0 1
    outer loop
      vertex -57.40478515625 37.80615234375 16.5
      vertex -53.11988067626953 43.48956298828125 16.5
      vertex -55.96221923828125 42.35272216796875 16.5
    endloop
  endfacet
  facet normal -0.3888523158704224 0.5905875869676208 0.7071069074489178
    outer loop
      vertex -57.337379455566406 -38.12847137451172 2.5
      vertex -57.06414794921875 -38.547218322753906 3
      vertex -49.40252685546875 -32.90403747558594 2.5
    endloop
  endfacet
  facet normal 0 0 1
    outer loop
      vertex -57.337379455566406 -38.12847137451172 2.5
      vertex -49.40252685546875 -32.90403747558594 2.5
      vertex -52.31689453125 -27.856231689453125 2.5
    endloop
  endfacet
  facet normal -0.3888560775093882 -0.5905941625942376 0.7070993466929694
    outer loop
      vertex -57.337379455566406 36.09593200683594 2.5
      vertex -49.40252685546875 30.871505737304688 2.5
      vertex -49.12959289550781 31.290435791015625 3
    endloop
  endfacet
  facet normal -0.38885349157924815 -0.5905891634172046 0.7071049442203002
    outer loop
      vertex -57.337379455566406 36.09593200683594 2.5
      vertex -49.12959289550781 31.290435791015625 3
      vertex -57.064361572265625 36.51481628417969 3
    endloop
  endfacet
  facet normal -0.5499204529534493 -0.835217034921746 0
    outer loop
      vertex -57.064361572265625 36.51481628417969 3
      vertex -49.12959289550781 31.290435791015625 3
      vertex -57.064361572265625 36.51481628417969 8.600000381469727
    endloop
  endfacet
  facet normal 0 0 1
    outer loop
      vertex -57.064361572265625 36.51481628417969 8.600000381469727
      vertex -55.659515380859375 38.56793212890625 8.600000381469727
      vertex -55.77488708496094 39.2652587890625 8.600000381469727
    endloop
  endfacet
  facet normal -0.5499204529534493 -0.835217034921746 0
    outer loop
      vertex -57.064361572265625 36.51481628417969 8.600000381469727
      vertex -49.12959289550781 31.290435791015625 3
      vertex -49.12959289550781 31.290435791015625 8.600000381469727
    endloop
  endfacet
  facet normal 0 0 1
    outer loop
      vertex -57.064361572265625 36.51481628417969 8.600000381469727
      vertex -49.12959289550781 31.290435791015625 8.600000381469727
      vertex -47.93553924560547 33.0369873046875 8.600000381469727
    endloop
  endfacet
  facet normal 0 0 1
    outer loop
      vertex -57.064361572265625 36.51481628417969 8.600000381469727
      vertex -47.93553924560547 33.0369873046875 8.600000381469727
      vertex -55.659515380859375 38.56793212890625 8.600000381469727
    endloop
  endfacet
  facet normal -0.5499201367906555 0.8352172430883755 0
    outer loop
      vertex -57.06414794921875 -38.547218322753906 3
      vertex -57.06414794921875 -38.547218322753906 8.600000381469727
      vertex -49.12959289550781 -33.32298278808594 8.600000381469727
    endloop
  endfacet
  facet normal -0.38885139088761567 0.5905864596332661 0.7071083576812053
    outer loop
      vertex -57.06414794921875 -38.547218322753906 3
      vertex -49.12959289550781 -33.32298278808594 3
      vertex -49.40252685546875 -32.90403747558594 2.5
    endloop
  endfacet
  facet normal -0.5499201367906555 0.8352172430883755 0
    outer loop
      vertex -57.06414794921875 -38.547218322753906 3
      vertex -49.12959289550781 -33.32298278808594 8.600000381469727
      vertex -49.12959289550781 -33.32298278808594 3
    endloop
  endfacet
  facet normal 0 0 1
    outer loop
      vertex -57.06414794921875 -38.547218322753906 8.600000381469727
      vertex -56.849517822265625 -39.76640319824219 8.600000381469727
      vertex -49.12959289550781 -33.32298278808594 8.600000381469727
    endloop
  endfacet
  facet normal 0.8150895301187487 -0.5793306404599518 -0.0022509809104798856
    outer loop
      vertex -56.99060821533203 37.52604675292969 16
      vertex -55.77488708496094 39.2652587890625 8.600000381469727
      vertex -55.13531494140625 40.1363525390625 16
    endloop
  endfacet
  facet normal 0.8148380986298127 0.5796886000443269 0
    outer loop
      vertex -56.849517822265625 -39.76640319824219 8.600000381469727
      vertex -56.849517822265625 -39.76640319824219 16
      vertex -55.249603271484375 -42.01531982421875 16
    endloop
  endfacet
  facet normal 0 0 1
    outer loop
      vertex -56.849517822265625 -39.76640319824219 8.600000381469727
      vertex -55.77583312988281 -41.2965087890625 8.600000381469727
      vertex -55.658958435058594 -40.60401153564453 8.600000381469727
    endloop
  endfacet
  facet normal 0 0 1
    outer loop
      vertex -56.849517822265625 -39.76640319824219 8.600000381469727
      vertex -55.658958435058594 -40.60401153564453 8.600000381469727
      vertex -47.89825439453125 -35.12194061279297 8.600000381469727
    endloop
  endfacet
  facet normal 0.8185728223135966 0.5743976848339721 -0.0024154144418161902
    outer loop
      vertex -56.849517822265625 -39.76640319824219 8.600000381469727
      vertex -55.249603271484375 -42.01531982421875 16
      vertex -55.77583312988281 -41.2965087890625 8.600000381469727
    endloop
  endfacet
  facet normal 0 0 1
    outer loop
      vertex -56.849517822265625 -39.76640319824219 8.600000381469727
      vertex -47.89825439453125 -35.12194061279297 8.600000381469727
      vertex -49.12959289550781 -33.32298278808594 8.600000381469727
    endloop
  endfacet
  facet normal 0.5762370770913658 0.4099440920526777 0.7070337137480114
    outer loop
      vertex -56.849517822265625 -39.76640319824219 16
      vertex -55.651123046875 -42.31327819824219 16.5
      vertex -55.249603271484375 -42.01531982421875 16
    endloop
  endfacet
  facet normal -0.7754562327149942 -0.6314013233621457 0
    outer loop
      vertex -56.44303894042969 -44.58085632324219 16
      vertex -54.099456787109375 -47.459129333496094 1
      vertex -54.099456787109375 -47.459129333496094 16
    endloop
  endfacet
  facet normal -0.5484202952474593 -0.4465413850186583 0.7069907858142904
    outer loop
      vertex -56.44303894042969 -44.58085632324219 16
      vertex -54.099456787109375 -47.459129333496094 16
      vertex -56.04722595214844 -44.27534484863281 16.5
    endloop
  endfacet
  facet normal -0.5479776236185883 0.44707532248000065 0.7069965912525521
    outer loop
      vertex -56.35743713378906 42.65899658203125 16
      vertex -55.96221923828125 42.35272216796875 16.5
      vertex -54.099456787109375 45.42658996582031 16
    endloop
  endfacet
  facet normal -0.7748366615878826 0.6321614887505763 0
    outer loop
      vertex -56.35743713378906 42.65899658203125 16
      vertex -54.099456787109375 45.42658996582031 16
      vertex -54.099456787109375 45.42658996582031 1
    endloop
  endfacet
  facet normal -0.4908185720417473 -0.42014015849484593 0.7632688756649428
    outer loop
      vertex -56.04722595214844 -44.27534484863281 16.5
      vertex -54.099456787109375 -47.459129333496094 16
      vertex -51.38629913330078 -49.720359802246094 16.5
    endloop
  endfacet
  facet normal 0 0 1
    outer loop
      vertex -56.04722595214844 -44.27534484863281 16.5
      vertex -51.38629913330078 -49.720359802246094 16.5
      vertex -51.12162780761719 -47.80375671386719 16.5
    endloop
  endfacet
  facet normal 0 0 1
    outer loop
      vertex -56.04722595214844 -44.27534484863281 16.5
      vertex -51.12162780761719 -47.80375671386719 16.5
      vertex -55.651123046875 -42.31327819824219 16.5
    endloop
  endfacet
  facet normal 0 0 1
    outer loop
      vertex -55.96221923828125 42.35272216796875 16.5
      vertex -53.11988067626953 43.48956298828125 16.5
      vertex -51.290618896484375 47.78857421875 16.5
    endloop
  endfacet
  facet normal -0.48996404180285785 0.4210777195132532 0.7633012458195817
    outer loop
      vertex -55.96221923828125 42.35272216796875 16.5
      vertex -51.290618896484375 47.78857421875 16.5
      vertex -54.099456787109375 45.42658996582031 16
    endloop
  endfacet
  facet normal 0.7878291102895199 0.6158938975021783 0
    outer loop
      vertex -55.77583312988281 -41.2965087890625 3
      vertex -55.77583312988281 -41.2965087890625 8.600000381469727
      vertex -52.5511474609375 -45.421409606933594 16
    endloop
  endfacet
  facet normal 0.9860550830472302 -0.16641926930713277 0
    outer loop
      vertex -55.77583312988281 -41.2965087890625 3
      vertex -55.658958435058594 -40.60401153564453 3
      vertex -55.77583312988281 -41.2965087890625 8.600000381469727
    endloop
  endfacet
  facet normal 0.8032483287874977 -0.1355664630173486 0.5800119450537703
    outer loop
      vertex -55.77583312988281 -41.2965087890625 3
      vertex -55.36634826660156 -41.00947570800781 2.5
      vertex -55.658958435058594 -40.60401153564453 3
    endloop
  endfacet
  facet normal 0.5213417712951447 0.4075645482757776 0.7497292154448847
    outer loop
      vertex -55.77583312988281 -41.2965087890625 3
      vertex -52.5511474609375 -45.421409606933594 3
      vertex -51.263389587402344 -46.148895263671875 2.5
    endloop
  endfacet
  facet normal 0.7878291102895199 0.6158938975021783 0
    outer loop
      vertex -55.77583312988281 -41.2965087890625 3
      vertex -52.5511474609375 -45.421409606933594 16
      vertex -52.5511474609375 -45.421409606933594 3
    endloop
  endfacet
  facet normal 0.5531080455132455 0.44156337720520306 0.7064653380737468
    outer loop
      vertex -55.77583312988281 -41.2965087890625 3
      vertex -51.263389587402344 -46.148895263671875 2.5
      vertex -55.36634826660156 -41.00947570800781 2.5
    endloop
  endfacet
  facet normal 0.9860550830472302 -0.16641926930713277 0
    outer loop
      vertex -55.77583312988281 -41.2965087890625 8.600000381469727
      vertex -55.658958435058594 -40.60401153564453 3
      vertex -55.658958435058594 -40.60401153564453 8.600000381469727
    endloop
  endfacet
  facet normal 0.7838171439606496 0.6209748014454927 0.004580480662650778
    outer loop
      vertex -55.77583312988281 -41.2965087890625 8.600000381469727
      vertex -55.249603271484375 -42.01531982421875 16
      vertex -52.5511474609375 -45.421409606933594 16
    endloop
  endfacet
  facet normal 0.9865881095241735 0.16322959947729268 0
    outer loop
      vertex -55.77488708496094 39.2652587890625 3
      vertex -55.77488708496094 39.2652587890625 8.600000381469727
      vertex -55.659515380859375 38.56793212890625 8.600000381469727
    endloop
  endfacet
  facet normal 0.8054303651654461 0.13325730833732904 0.5775157284820441
    outer loop
      vertex -55.77488708496094 39.2652587890625 3
      vertex -55.659515380859375 38.56793212890625 3
      vertex -55.36824035644531 38.974334716796875 2.5
    endloop
  endfacet
  facet normal 0.9865881095241735 0.16322959947729268 0
    outer loop
      vertex -55.77488708496094 39.2652587890625 3
      vertex -55.659515380859375 38.56793212890625 8.600000381469727
      vertex -55.659515380859375 38.56793212890625 3
    endloop
  endfacet
  facet normal 0.5699966234016862 -0.4185014095761224 0.7070787929880764
    outer loop
      vertex -55.77488708496094 39.2652587890625 3
      vertex -55.36824035644531 38.974334716796875 2.5
      vertex -55.13531494140625 40.1363525390625 3
    endloop
  endfacet
  facet normal 0.8060650514898764 -0.5918269449481182 0
    outer loop
      vertex -55.77488708496094 39.2652587890625 3
      vertex -55.13531494140625 40.1363525390625 3
      vertex -55.77488708496094 39.2652587890625 8.600000381469727
    endloop
  endfacet
  facet normal 0.8060650514898764 -0.5918269449481182 0
    outer loop
      vertex -55.77488708496094 39.2652587890625 8.600000381469727
      vertex -55.13531494140625 40.1363525390625 3
      vertex -55.13531494140625 40.1363525390625 16
    endloop
  endfacet
  facet normal 0.5822009832765977 0.8130449034781306 0
    outer loop
      vertex -55.659515380859375 38.56793212890625 3
      vertex -55.659515380859375 38.56793212890625 8.600000381469727
      vertex -47.93553924560547 33.0369873046875 8.600000381469727
    endloop
  endfacet
  facet normal 0.41167251564663965 0.5749015380647423 0.7071166533125641
    outer loop
      vertex -55.659515380859375 38.56793212890625 3
      vertex -47.93553924560547 33.0369873046875 3
      vertex -47.64422607421875 33.44337463378906 2.5
    endloop
  endfacet
  facet normal 0.5822009832765977 0.8130449034781306 0
    outer loop
      vertex -55.659515380859375 38.56793212890625 3
      vertex -47.93553924560547 33.0369873046875 8.600000381469727
      vertex -47.93553924560547 33.0369873046875 3
    endloop
  endfacet
  facet normal 0.41167595818817027 0.5749075988567826 0.7071097214906472
    outer loop
      vertex -55.659515380859375 38.56793212890625 3
      vertex -47.64422607421875 33.44337463378906 2.5
      vertex -55.36824035644531 38.974334716796875 2.5
    endloop
  endfacet
  facet normal 0.407973133956682 -0.5775479364789595 0.7071041670351399
    outer loop
      vertex -55.658958435058594 -40.60401153564453 3
      vertex -55.36634826660156 -41.00947570800781 2.5
      vertex -47.89825439453125 -35.12194061279297 3
    endloop
  endfacet
  facet normal 0.5769590061340815 -0.8167731051159636 0
    outer loop
      vertex -55.658958435058594 -40.60401153564453 3
      vertex -47.89825439453125 -35.12194061279297 3
      vertex -55.658958435058594 -40.60401153564453 8.600000381469727
    endloop
  endfacet
  facet normal 0.5769590061340815 -0.8167731051159636 0
    outer loop
      vertex -55.658958435058594 -40.60401153564453 8.600000381469727
      vertex -47.89825439453125 -35.12194061279297 3
      vertex -47.89825439453125 -35.12194061279297 8.600000381469727
    endloop
  endfacet
  facet normal 0.5543879377317297 0.43921078048532725 0.7069285004885779
    outer loop
      vertex -55.651123046875 -42.31327819824219 16.5
      vertex -52.5511474609375 -45.421409606933594 16
      vertex -55.249603271484375 -42.01531982421875 16
    endloop
  endfacet
  facet normal 0.5945298190883976 0.4904709084088204 0.6371597776220213
    outer loop
      vertex -55.651123046875 -42.31327819824219 16.5
      vertex -51.12162780761719 -47.80375671386719 16.5
      vertex -52.5511474609375 -45.421409606933594 16
    endloop
  endfacet
  facet normal 0.5250057826232108 -0.4230160010512795 0.7385298850194039
    outer loop
      vertex -55.36824035644531 38.974334716796875 2.5
      vertex -51.93858337402344 44.10382080078125 3
      vertex -55.13531494140625 40.1363525390625 3
    endloop
  endfacet
  facet normal 0.5543560857843006 -0.43954208172025044 0.7067475423027221
    outer loop
      vertex -55.36824035644531 38.974334716796875 2.5
      vertex -51.561119079589844 43.77592468261719 2.5
      vertex -51.93858337402344 44.10382080078125 3
    endloop
  endfacet
  facet normal 0 0 1
    outer loop
      vertex -55.36824035644531 38.974334716796875 2.5
      vertex -47.64422607421875 33.44337463378906 2.5
      vertex -51.561119079589844 43.77592468261719 2.5
    endloop
  endfacet
  facet normal 0 0 1
    outer loop
      vertex -55.36634826660156 -41.00947570800781 2.5
      vertex -51.263389587402344 -46.148895263671875 2.5
      vertex -45.349998474121094 -39.31626892089844 2.5
    endloop
  endfacet
  facet normal 0.40797261385296907 -0.5775473433741153 0.7071049515506718
    outer loop
      vertex -55.36634826660156 -41.00947570800781 2.5
      vertex -47.60650634765625 -35.52801513671875 2.5
      vertex -47.89825439453125 -35.12194061279297 3
    endloop
  endfacet
  facet normal 0 0 1
    outer loop
      vertex -55.36634826660156 -41.00947570800781 2.5
      vertex -45.349998474121094 -39.31626892089844 2.5
      vertex -47.60650634765625 -35.52801513671875 2.5
    endloop
  endfacet
  facet normal 0.784262177119601 -0.6204295588861185 0
    outer loop
      vertex -55.13531494140625 40.1363525390625 3
      vertex -52.73661804199219 43.16845703125 16
      vertex -55.13531494140625 40.1363525390625 16
    endloop
  endfacet
  facet normal 0.7786825516481336 -0.6274124780888406 0.0026582131539581943
    outer loop
      vertex -55.13531494140625 40.1363525390625 3
      vertex -51.93858337402344 44.10382080078125 3
      vertex -52.73661804199219 43.16845703125 16
    endloop
  endfacet
  facet normal 0.554666908389106 -0.43879681481579297 0.7069667432387365
    outer loop
      vertex -55.13531494140625 40.1363525390625 16
      vertex -52.73661804199219 43.16845703125 16
      vertex -53.11988067626953 43.48956298828125 16.5
    endloop
  endfacet
  facet normal -0.5128330506637274 -0.48748404122544686 -0.7066552000073598
    outer loop
      vertex -54.099456787109375 -47.459129333496094 1
      vertex -53.34069061279297 -46.80775451660156 0
      vertex -48.43437194824219 -51.969200134277344 0
    endloop
  endfacet
  facet normal -0.7425004423942893 -0.6698455740275401 0
    outer loop
      vertex -54.099456787109375 -47.459129333496094 1
      vertex -51.74919891357422 -50.064308166503906 16
      vertex -54.099456787109375 -47.459129333496094 16
    endloop
  endfacet
  facet normal -0.7247790364625827 -0.688954420642853 -0.006095455769767469
    outer loop
      vertex -54.099456787109375 -47.459129333496094 1
      vertex -49.12333679199219 -52.694000244140625 1
      vertex -51.74919891357422 -50.064308166503906 16
    endloop
  endfacet
  facet normal -0.512833783427141 -0.48748526705679446 -0.7066538225880972
    outer loop
      vertex -54.099456787109375 -47.459129333496094 1
      vertex -48.43437194824219 -51.969200134277344 0
      vertex -49.12333679199219 -52.694000244140625 1
    endloop
  endfacet
  facet normal -0.525108201431725 -0.47372551520692296 0.7069975339639272
    outer loop
      vertex -54.099456787109375 -47.459129333496094 16
      vertex -51.74919891357422 -50.064308166503906 16
      vertex -51.38629913330078 -49.720359802246094 16.5
    endloop
  endfacet
  facet normal -0.7418433894560323 0.6705731768572208 0
    outer loop
      vertex -54.099456787109375 45.42658996582031 1
      vertex -54.099456787109375 45.42658996582031 16
      vertex -51.65283966064453 48.13323974609375 16
    endloop
  endfacet
  facet normal -0.7247795181137237 0.6889538743930796 -0.006099924721105971
    outer loop
      vertex -54.099456787109375 45.42658996582031 1
      vertex -51.65283966064453 48.13323974609375 16
      vertex -49.12333679199219 50.661468505859375 1
    endloop
  endfacet
  facet normal -0.5128317909023188 0.4874826625531875 -0.7066570653081844
    outer loop
      vertex -54.099456787109375 45.42658996582031 1
      vertex -49.12333679199219 50.661468505859375 1
      vertex -53.34069061279297 44.77520751953125 0
    endloop
  endfacet
  facet normal -0.5246492941048317 0.4742453041763296 0.7069897521619409
    outer loop
      vertex -54.099456787109375 45.42658996582031 16
      vertex -51.290618896484375 47.78857421875 16.5
      vertex -51.65283966064453 48.13323974609375 16
    endloop
  endfacet
  facet normal 0.901526695853009 -0.4321227673684025 0.022793213600316612
    outer loop
      vertex -53.69129943847656 22.956298828125 2.5
      vertex -52.31689453125 25.823684692382812 2.5
      vertex -53.485504150390625 23.412017822265625 3
    endloop
  endfacet
  facet normal 0 0 1
    outer loop
      vertex -53.69129943847656 22.956298828125 2.5
      vertex -45.349998474121094 3.6837310791015625 2.5
      vertex -52.31689453125 25.823684692382812 2.5
    endloop
  endfacet
  facet normal 0.9013003061897936 0.4326242911779963 0.022225677603180324
    outer loop
      vertex -53.6650390625 -25.047576904296875 2.5
      vertex -53.45875549316406 -25.503021240234375 3
      vertex -52.54322052001953 -27.410385131835938 3
    endloop
  endfacet
  facet normal 0.9013018945635559 0.43262177558554066 0.02221022614379979
    outer loop
      vertex -53.6650390625 -25.047576904296875 2.5
      vertex -52.54322052001953 -27.410385131835938 3
      vertex -52.31689453125 -27.856231689453125 2.5
    endloop
  endfacet
  facet normal 0 0 1
    outer loop
      vertex -53.6650390625 -25.047576904296875 2.5
      vertex -52.31689453125 -27.856231689453125 2.5
      vertex -45.349998474121094 3.6837310791015625 2.5
    endloop
  endfacet
  facet normal 0.9017586836967939 -0.4322398366386715 0
    outer loop
      vertex -53.485504150390625 23.412017822265625 3
      vertex -52.54322052001953 25.377853393554688 3
      vertex -53.485504150390625 23.412017822265625 8.600000381469727
    endloop
  endfacet
  facet normal 0.9015249903307474 -0.4321278204372312 0.022764854783501865
    outer loop
      vertex -53.485504150390625 23.412017822265625 3
      vertex -52.31689453125 25.823684692382812 2.5
      vertex -52.54322052001953 25.377853393554688 3
    endloop
  endfacet
  facet normal 0.9017586836967939 -0.4322398366386715 0
    outer loop
      vertex -53.485504150390625 23.412017822265625 8.600000381469727
      vertex -52.54322052001953 25.377853393554688 3
      vertex -52.54322052001953 25.377853393554688 8.600000381469727
    endloop
  endfacet
  facet normal 0.9015230011967992 0.43273118481698986 0
    outer loop
      vertex -53.45875549316406 -25.503021240234375 3
      vertex -53.45875549316406 -25.503021240234375 8.600000381469727
      vertex -52.54322052001953 -27.410385131835938 8.600000381469727
    endloop
  endfacet
  facet normal 0.9015230011967992 0.43273118481698986 0
    outer loop
      vertex -53.45875549316406 -25.503021240234375 3
      vertex -52.54322052001953 -27.410385131835938 8.600000381469727
      vertex -52.54322052001953 -27.410385131835938 3
    endloop
  endfacet
  facet normal 0 0 -1
    outer loop
      vertex -53.34069061279297 -46.80775451660156 0
      vertex -46.349998474121094 -39.31626892089844 0
      vertex -48.43437194824219 -51.969200134277344 0
    endloop
  endfacet
  facet normal -0.5128330763593755 0.48748334507712027 -0.7066556615949525
    outer loop
      vertex -53.34069061279297 44.77520751953125 0
      vertex -49.12333679199219 50.661468505859375 1
      vertex -48.43437194824219 49.93666076660156 0
    endloop
  endfacet
  facet normal 0 0 -1
    outer loop
      vertex -53.34069061279297 44.77520751953125 0
      vertex -48.43437194824219 49.93666076660156 0
      vertex -46.349998474121094 27.183731079101562 0
    endloop
  endfacet
  facet normal 0.5312444647675898 -0.46681768170469984 0.7070081829099621
    outer loop
      vertex -53.11988067626953 43.48956298828125 16.5
      vertex -52.73661804199219 43.16845703125 16
      vertex -50.59837341308594 45.601806640625 16
    endloop
  endfacet
  facet normal 0.5668894737980484 -0.5268097564071572 0.6333307232806595
    outer loop
      vertex -53.11988067626953 43.48956298828125 16.5
      vertex -50.59837341308594 45.601806640625 16
      vertex -48.27459716796875 48.70347595214844 16.5
    endloop
  endfacet
  facet normal 0 0 1
    outer loop
      vertex -53.11988067626953 43.48956298828125 16.5
      vertex -48.27459716796875 48.70347595214844 16.5
      vertex -51.290618896484375 47.78857421875 16.5
    endloop
  endfacet
  facet normal 0.7511876807294945 -0.6600872383615024 -0.0013806058553930893
    outer loop
      vertex -52.73661804199219 43.16845703125 16
      vertex -51.93858337402344 44.10382080078125 3
      vertex -50.59837341308594 45.601806640625 16
    endloop
  endfacet
  facet normal 0.757235689879701 0.6531417227313022 0
    outer loop
      vertex -52.5511474609375 -45.421409606933594 3
      vertex -52.5511474609375 -45.421409606933594 16
      vertex -51.63867950439453 -46.47930145263672 3
    endloop
  endfacet
  facet normal 0.5354545301709488 0.46184787504626645 0.7070961649129888
    outer loop
      vertex -52.5511474609375 -45.421409606933594 3
      vertex -51.63867950439453 -46.47930145263672 3
      vertex -51.263389587402344 -46.148895263671875 2.5
    endloop
  endfacet
  facet normal 0.5310217338141973 0.46702855455830217 0.7070362419594535
    outer loop
      vertex -52.5511474609375 -45.421409606933594 16
      vertex -51.12162780761719 -47.80375671386719 16.5
      vertex -50.75279235839844 -47.46617889404297 16
    endloop
  endfacet
  facet normal 0.7509028340282938 0.6604118868563544 -0.001036121183279293
    outer loop
      vertex -52.5511474609375 -45.421409606933594 16
      vertex -50.75279235839844 -47.46617889404297 16
      vertex -51.63867950439453 -46.47930145263672 3
    endloop
  endfacet
  facet normal 0 0 1
    outer loop
      vertex -52.31689453125 -27.856231689453125 2.5
      vertex -49.40252685546875 -32.90403747558594 2.5
      vertex -47.60650634765625 -35.52801513671875 2.5
    endloop
  endfacet
  facet normal 0 0 1
    outer loop
      vertex -52.31689453125 -27.856231689453125 2.5
      vertex -47.60650634765625 -35.52801513671875 2.5
      vertex -45.349998474121094 3.6837310791015625 2.5
    endloop
  endfacet
  facet normal 0 0 1
    outer loop
      vertex -52.31689453125 25.823684692382812 2.5
      vertex -45.349998474121094 3.6837310791015625 2.5
      vertex -45.349998474121094 27.183731079101562 2.5
    endloop
  endfacet
  facet normal 0 0 1
    outer loop
      vertex -52.31689453125 25.823684692382812 2.5
      vertex -45.349998474121094 27.183731079101562 2.5
      vertex -49.40252685546875 30.871505737304688 2.5
    endloop
  endfacet
  facet normal 0.527012203168731 -0.4715044598125329 0.7070655429931031
    outer loop
      vertex -51.93858337402344 44.10382080078125 3
      vertex -51.561119079589844 43.77592468261719 2.5
      vertex -50.59837341308594 45.601806640625 3
    endloop
  endfacet
  facet normal 0.7452643442642373 -0.6667691183373721 0
    outer loop
      vertex -51.93858337402344 44.10382080078125 3
      vertex -50.59837341308594 45.601806640625 3
      vertex -50.59837341308594 45.601806640625 16
    endloop
  endfacet
  facet normal -0.7076218934445696 -0.7065912934065366 0
    outer loop
      vertex -51.74919891357422 -50.064308166503906 16
      vertex -49.12333679199219 -52.694000244140625 1
      vertex -49.12333679199219 -52.694000244140625 16
    endloop
  endfacet
  facet normal -0.5004509353767513 -0.4997220648347133 0.706984242538591
    outer loop
      vertex -51.74919891357422 -50.064308166503906 16
      vertex -49.12333679199219 -52.694000244140625 16
      vertex -51.38629913330078 -49.720359802246094 16.5
    endloop
  endfacet
  facet normal -0.4999535402286169 0.500205493397843 0.7069942870967865
    outer loop
      vertex -51.65283966064453 48.13323974609375 16
      vertex -51.290618896484375 47.78857421875 16.5
      vertex -49.12333679199219 50.661468505859375 16
    endloop
  endfacet
  facet normal -0.7069286292897008 0.7072848882102493 0
    outer loop
      vertex -51.65283966064453 48.13323974609375 16
      vertex -49.12333679199219 50.661468505859375 16
      vertex -49.12333679199219 50.661468505859375 1
    endloop
  endfacet
  facet normal 0.7225027218765827 0.6913604438375263 0.0032486270497086096
    outer loop
      vertex -51.63867950439453 -46.47930145263672 3
      vertex -50.75279235839844 -47.46617889404297 16
      vertex -47.692626953125 -50.60310363769531 3
    endloop
  endfacet
  facet normal 0.4811615377594811 0.4604218700227478 0.7459861099147138
    outer loop
      vertex -51.63867950439453 -46.47930145263672 3
      vertex -47.692626953125 -50.60310363769531 3
      vertex -46.471458435058594 -51.06916809082031 2.5
    endloop
  endfacet
  facet normal 0.5068780397249377 0.4936565012401059 0.7066667613719932
    outer loop
      vertex -51.63867950439453 -46.47930145263672 3
      vertex -46.471458435058594 -51.06916809082031 2.5
      vertex -51.263389587402344 -46.148895263671875 2.5
    endloop
  endfacet
  facet normal 0 0 1
    outer loop
      vertex -51.561119079589844 43.77592468261719 2.5
      vertex -47.64422607421875 33.44337463378906 2.5
      vertex -47.08758544921875 48.45745849609375 2.5
    endloop
  endfacet
  facet normal 0.4588880410597155 -0.45150911840007246 0.7652197604439958
    outer loop
      vertex -51.561119079589844 43.77592468261719 2.5
      vertex -47.43229675292969 48.81962585449219 3
      vertex -50.59837341308594 45.601806640625 3
    endloop
  endfacet
  facet normal 0.5115197133892904 -0.4887929323200711 0.7067029447569075
    outer loop
      vertex -51.561119079589844 43.77592468261719 2.5
      vertex -47.08758544921875 48.45745849609375 2.5
      vertex -47.43229675292969 48.81962585449219 3
    endloop
  endfacet
  facet normal -0.44582987756085646 -0.467617849959413 0.7632622528812805
    outer loop
      vertex -51.38629913330078 -49.720359802246094 16.5
      vertex -49.12333679199219 -52.694000244140625 16
      vertex -46.19873809814453 -54.66621398925781 16.5
    endloop
  endfacet
  facet normal 0 0 1
    outer loop
      vertex -51.38629913330078 -49.720359802246094 16.5
      vertex -46.19873809814453 -54.66621398925781 16.5
      vertex -46.0528564453125 -52.80067443847656 16.5
    endloop
  endfacet
  facet normal 0 0 1
    outer loop
      vertex -51.38629913330078 -49.720359802246094 16.5
      vertex -46.0528564453125 -52.80067443847656 16.5
      vertex -51.12162780761719 -47.80375671386719 16.5
    endloop
  endfacet
  facet normal 0 0 1
    outer loop
      vertex -51.290618896484375 47.78857421875 16.5
      vertex -48.27459716796875 48.70347595214844 16.5
      vertex -46.093360900878906 52.7242431640625 16.5
    endloop
  endfacet
  facet normal -0.44487943788937817 0.4684579215643978 0.7633016844385945
    outer loop
      vertex -51.290618896484375 47.78857421875 16.5
      vertex -46.093360900878906 52.7242431640625 16.5
      vertex -49.12333679199219 50.661468505859375 16
    endloop
  endfacet
  facet normal 0 0 1
    outer loop
      vertex -51.263389587402344 -46.148895263671875 2.5
      vertex -46.471458435058594 -51.06916809082031 2.5
      vertex -45.349998474121094 -39.31626892089844 2.5
    endloop
  endfacet
  facet normal 0.5062834115542298 0.4938948517770925 0.7069264336358444
    outer loop
      vertex -51.12162780761719 -47.80375671386719 16.5
      vertex -47.692626953125 -50.60310363769531 16
      vertex -50.75279235839844 -47.46617889404297 16
    endloop
  endfacet
  facet normal 0.5408537190915593 0.5486309748559226 0.6375588662809644
    outer loop
      vertex -51.12162780761719 -47.80375671386719 16.5
      vertex -46.0528564453125 -52.80067443847656 16.5
      vertex -47.692626953125 -50.60310363769531 16
    endloop
  endfacet
  facet normal 0.7158103461819063 0.6982947431414184 0
    outer loop
      vertex -50.75279235839844 -47.46617889404297 16
      vertex -47.692626953125 -50.60310363769531 16
      vertex -47.692626953125 -50.60310363769531 3
    endloop
  endfacet
  facet normal 0.7162987831639542 -0.6977937039253352 0
    outer loop
      vertex -50.59837341308594 45.601806640625 3
      vertex -47.926300048828125 48.34474182128906 16
      vertex -50.59837341308594 45.601806640625 16
    endloop
  endfacet
  facet normal 0.7128138205915933 -0.7013517697594915 0.0014670476628205918
    outer loop
      vertex -50.59837341308594 45.601806640625 3
      vertex -47.43229675292969 48.81962585449219 3
      vertex -47.926300048828125 48.34474182128906 16
    endloop
  endfacet
  facet normal 0.5065973790964782 -0.4935097893048991 0.7069704260807613
    outer loop
      vertex -50.59837341308594 45.601806640625 16
      vertex -47.926300048828125 48.34474182128906 16
      vertex -48.27459716796875 48.70347595214844 16.5
    endloop
  endfacet
  facet normal 0.8249915546299378 0.5646846469909801 0.02280754791621867
    outer loop
      vertex -49.40252685546875 -32.90403747558594 2.5
      vertex -49.12959289550781 -33.32298278808594 3
      vertex -47.89825439453125 -35.12194061279297 3
    endloop
  endfacet
  facet normal 0.8249953535788683 0.5646803308676016 0.022776973120541794
    outer loop
      vertex -49.40252685546875 -32.90403747558594 2.5
      vertex -47.89825439453125 -35.12194061279297 3
      vertex -47.60650634765625 -35.52801513671875 2.5
    endloop
  endfacet
  facet normal 0.8253122695760637 -0.5642384066911241 0.022241360162285208
    outer loop
      vertex -49.40252685546875 30.871505737304688 2.5
      vertex -47.64422607421875 33.44337463378906 2.5
      vertex -49.12959289550781 31.290435791015625 3
    endloop
  endfacet
  facet normal 0 0 1
    outer loop
      vertex -49.40252685546875 30.871505737304688 2.5
      vertex -45.349998474121094 27.183731079101562 2.5
      vertex -47.64422607421875 33.44337463378906 2.5
    endloop
  endfacet
  facet normal 0.8252062121829068 0.5648315743429536 0
    outer loop
      vertex -49.12959289550781 -33.32298278808594 3
      vertex -49.12959289550781 -33.32298278808594 8.600000381469727
      vertex -47.89825439453125 -35.12194061279297 8.600000381469727
    endloop
  endfacet
  facet normal 0.8252062121829068 0.5648315743429536 0
    outer loop
      vertex -49.12959289550781 -33.32298278808594 3
      vertex -47.89825439453125 -35.12194061279297 8.600000381469727
      vertex -47.89825439453125 -35.12194061279297 3
    endloop
  endfacet
  facet normal 0.8255176287614814 -0.5643763324272386 0
    outer loop
      vertex -49.12959289550781 31.290435791015625 3
      vertex -47.93553924560547 33.0369873046875 3
      vertex -49.12959289550781 31.290435791015625 8.600000381469727
    endloop
  endfacet
  facet normal 0.8253132248461597 -0.564236588915963 0.02225202513280075
    outer loop
      vertex -49.12959289550781 31.290435791015625 3
      vertex -47.64422607421875 33.44337463378906 2.5
      vertex -47.93553924560547 33.0369873046875 3
    endloop
  endfacet
  facet normal 0.8255176287614814 -0.5643763324272386 0
    outer loop
      vertex -49.12959289550781 31.290435791015625 8.600000381469727
      vertex -47.93553924560547 33.0369873046875 3
      vertex -47.93553924560547 33.0369873046875 8.600000381469727
    endloop
  endfacet
  facet normal -0.4608848801162549 -0.5368660610690857 -0.7066540594607734
    outer loop
      vertex -49.12333679199219 -52.694000244140625 1
      vertex -48.43437194824219 -51.969200134277344 0
      vertex -43.03105163574219 -56.60780334472656 0
    endloop
  endfacet
  facet normal -0.6709494106507661 -0.7415031276720212 0
    outer loop
      vertex -49.12333679199219 -52.694000244140625 1
      vertex -46.525001525878906 -55.04510498046875 16
      vertex -49.12333679199219 -52.694000244140625 16
    endloop
  endfacet
  facet normal -0.6513600118947559 -0.7587443424245333 -0.006095715152958558
    outer loop
      vertex -49.12333679199219 -52.694000244140625 1
      vertex -43.643157958984375 -57.39857482910156 1
      vertex -46.525001525878906 -55.04510498046875 16
    endloop
  endfacet
  facet normal -0.4608860019990198 -0.5368684600428322 -0.7066515051796023
    outer loop
      vertex -49.12333679199219 -52.694000244140625 1
      vertex -43.03105163574219 -56.60780334472656 0
      vertex -43.643157958984375 -57.39857482910156 1
    endloop
  endfacet
  facet normal -0.4745016238601188 -0.5243978645669735 0.7070043059216179
    outer loop
      vertex -49.12333679199219 -52.694000244140625 16
      vertex -46.525001525878906 -55.04510498046875 16
      vertex -46.19873809814453 -54.66621398925781 16.5
    endloop
  endfacet
  facet normal -0.6702197519126902 0.7421627073264273 0
    outer loop
      vertex -49.12333679199219 50.661468505859375 1
      vertex -49.12333679199219 50.661468505859375 16
      vertex -46.41888427734375 53.103759765625 16
    endloop
  endfacet
  facet normal -0.6513599942257859 0.7587443218426265 -0.00610016342051499
    outer loop
      vertex -49.12333679199219 50.661468505859375 1
      vertex -46.41888427734375 53.103759765625 16
      vertex -43.643157958984375 55.36604309082031 1
    endloop
  endfacet
  facet normal -0.4608830180830677 0.5368649841933701 -0.7066560920205069
    outer loop
      vertex -49.12333679199219 50.661468505859375 1
      vertex -43.643157958984375 55.36604309082031 1
      vertex -48.43437194824219 49.93666076660156 0
    endloop
  endfacet
  facet normal -0.47399500854704535 0.5248747411555172 0.7069902672381109
    outer loop
      vertex -49.12333679199219 50.661468505859375 16
      vertex -46.093360900878906 52.7242431640625 16.5
      vertex -46.41888427734375 53.103759765625 16
    endloop
  endfacet
  facet normal 0 0 -1
    outer loop
      vertex -48.43437194824219 -51.969200134277344 0
      vertex -46.349998474121094 -39.31626892089844 0
      vertex -22.51785327897871 -59.210720847076956 0
    endloop
  endfacet
  facet normal 0 0 -1
    outer loop
      vertex -48.43437194824219 -51.969200134277344 0
      vertex -22.51785327897871 -59.210720847076956 0
      vertex -43.03105163574219 -56.60780334472656 0
    endloop
  endfacet
  facet normal -0.46088343960084815 0.5368652660864013 -0.706655602943661
    outer loop
      vertex -48.43437194824219 49.93666076660156 0
      vertex -43.643157958984375 55.36604309082031 1
      vertex -43.03105163574219 54.57525634765625 0
    endloop
  endfacet
  facet normal 0 0 -1
    outer loop
      vertex -48.43437194824219 49.93666076660156 0
      vertex -43.03105163574219 54.57525634765625 0
      vertex -10.75 27.183731079101562 0
    endloop
  endfacet
  facet normal 0 0 -1
    outer loop
      vertex -48.43437194824219 49.93666076660156 0
      vertex -10.75 27.183731079101562 0
      vertex -46.349998474121094 27.183731079101562 0
    endloop
  endfacet
  facet normal 0.48042007178147556 -0.5189769964424377 0.7070073774672141
    outer loop
      vertex -48.27459716796875 48.70347595214844 16.5
      vertex -47.926300048828125 48.34474182128906 16
      vertex -45.52207946777344 50.570343017578125 16
    endloop
  endfacet
  facet normal 0.5099331409032046 -0.5822587755858039 0.6332005291074172
    outer loop
      vertex -48.27459716796875 48.70347595214844 16.5
      vertex -45.52207946777344 50.570343017578125 16
      vertex -42.920074462890625 53.39288330078125 16.5
    endloop
  endfacet
  facet normal 0 0 1
    outer loop
      vertex -48.27459716796875 48.70347595214844 16.5
      vertex -42.920074462890625 53.39288330078125 16.5
      vertex -46.093360900878906 52.7242431640625 16.5
    endloop
  endfacet
  facet normal 0.6793207623225488 -0.7338407979996007 -0.0009925063325747622
    outer loop
      vertex -47.926300048828125 48.34474182128906 16
      vertex -47.43229675292969 48.81962585449219 3
      vertex -45.52207946777344 50.570343017578125 16
    endloop
  endfacet
  facet normal 0.6868264486833042 0.7268214563351033 0
    outer loop
      vertex -47.692626953125 -50.60310363769531 3
      vertex -47.692626953125 -50.60310363769531 16
      vertex -46.81166076660156 -51.43559265136719 3
    endloop
  endfacet
  facet normal 0.4856668310920462 0.5139479910022231 0.7070963100750765
    outer loop
      vertex -47.692626953125 -50.60310363769531 3
      vertex -46.81166076660156 -51.43559265136719 3
      vertex -46.471458435058594 -51.06916809082031 2.5
    endloop
  endfacet
  facet normal 0.48017063821337946 0.5191600111883117 0.7070424605217908
    outer loop
      vertex -47.692626953125 -50.60310363769531 16
      vertex -46.0528564453125 -52.80067443847656 16.5
      vertex -45.72058868408203 -52.427040100097656 16
    endloop
  endfacet
  facet normal 0.6790017316690731 0.7341359894928632 -0.0009986599694327713
    outer loop
      vertex -47.692626953125 -50.60310363769531 16
      vertex -45.72058868408203 -52.427040100097656 16
      vertex -46.81166076660156 -51.43559265136719 3
    endloop
  endfacet
  facet normal 0 0 1
    outer loop
      vertex -47.64422607421875 33.44337463378906 2.5
      vertex -45.349998474121094 27.183731079101562 2.5
      vertex -47.08758544921875 48.45745849609375 2.5
    endloop
  endfacet
  facet normal 0 0 1
    outer loop
      vertex -47.60650634765625 -35.52801513671875 2.5
      vertex -45.349998474121094 -39.31626892089844 2.5
      vertex -45.349998474121094 3.6837310791015625 2.5
    endloop
  endfacet
  facet normal 0.4778094095076562 -0.5213405182154047 0.707037645569766
    outer loop
      vertex -47.43229675292969 48.81962585449219 3
      vertex -47.08758544921875 48.45745849609375 2.5
      vertex -45.52207946777344 50.570343017578125 3
    endloop
  endfacet
  facet normal 0.6756584927753542 -0.7372147591716655 0
    outer loop
      vertex -47.43229675292969 48.81962585449219 3
      vertex -45.52207946777344 50.570343017578125 3
      vertex -45.52207946777344 50.570343017578125 16
    endloop
  endfacet
  facet normal 0 0 1
    outer loop
      vertex -47.08758544921875 48.45745849609375 2.5
      vertex -45.349998474121094 27.183731079101562 2.5
      vertex -42.19081115722656 52.694305419921875 2.5
    endloop
  endfacet
  facet normal 0.42998746383280617 -0.4969619145156591 0.7537503807412383
    outer loop
      vertex -47.08758544921875 48.45745849609375 2.5
      vertex -42.19081115722656 52.694305419921875 2.5
      vertex -45.52207946777344 50.570343017578125 3
    endloop
  endfacet
  facet normal 0.6483922626135996 0.7612977149250446 0.003641844686723097
    outer loop
      vertex -46.81166076660156 -51.43559265136719 3
      vertex -45.72058868408203 -52.427040100097656 16
      vertex -42.32574462890625 -55.25621795654297 3
    endloop
  endfacet
  facet normal 0.43580527889839654 0.5116926621552536 0.7404352627885574
    outer loop
      vertex -46.81166076660156 -51.43559265136719 3
      vertex -42.32574462890625 -55.25621795654297 3
      vertex -41.20960998535156 -55.483306884765625 2.5
    endloop
  endfacet
  facet normal 0.4547397864525139 0.5420699148942327 0.7066625318945963
    outer loop
      vertex -46.81166076660156 -51.43559265136719 3
      vertex -41.20960998535156 -55.483306884765625 2.5
      vertex -46.471458435058594 -51.06916809082031 2.5
    endloop
  endfacet
  facet normal -0.6325288098739185 -0.7745368323582064 0
    outer loop
      vertex -46.525001525878906 -55.04510498046875 16
      vertex -43.643157958984375 -57.39857482910156 1
      vertex -43.643157958984375 -57.39857482910156 16
    endloop
  endfacet
  facet normal -0.4473387478144654 -0.5477700482802771 0.7069908195378558
    outer loop
      vertex -46.525001525878906 -55.04510498046875 16
      vertex -43.643157958984375 -57.39857482910156 16
      vertex -46.19873809814453 -54.66621398925781 16.5
    endloop
  endfacet
  facet normal 0 0 1
    outer loop
      vertex -46.471458435058594 -51.06916809082031 2.5
      vertex -41.20960998535156 -55.483306884765625 2.5
      vertex -26.748866472297212 -58.78570534807289 2.5
    endloop
  endfacet
  facet normal 0 0 1
    outer loop
      vertex -46.471458435058594 -51.06916809082031 2.5
      vertex -26.748866472297212 -58.78570534807289 2.5
      vertex -26.68900518186366 -58.671649188392585 2.5
    endloop
  endfacet
  facet normal 0 0 1
    outer loop
      vertex -46.471458435058594 -51.06916809082031 2.5
      vertex -26.68900518186366 -58.671649188392585 2.5
      vertex -25.76284985412855 -57.187928265702475 2.5
    endloop
  endfacet
  facet normal 0 0 1
    outer loop
      vertex -46.471458435058594 -51.06916809082031 2.5
      vertex -25.76284985412855 -57.187928265702475 2.5
      vertex -45.349998474121094 -39.31626892089844 2.5
    endloop
  endfacet
  facet normal -0.4468003883996295 0.5482052505633753 0.706993929380364
    outer loop
      vertex -46.41888427734375 53.103759765625 16
      vertex -46.093360900878906 52.7242431640625 16.5
      vertex -43.643157958984375 55.36604309082031 16
    endloop
  endfacet
  facet normal -0.63177035666524 0.775155607887265 0
    outer loop
      vertex -46.41888427734375 53.103759765625 16
      vertex -43.643157958984375 55.36604309082031 16
      vertex -43.643157958984375 55.36604309082031 1
    endloop
  endfacet
  facet normal 0 0 -1
    outer loop
      vertex -46.349998474121094 -39.31626892089844 0
      vertex -46.349998474121094 3.6837310791015625 0
      vertex -22.51785327897871 -16.210713483874763 0
    endloop
  endfacet
  facet normal 0 0 -1
    outer loop
      vertex -46.349998474121094 -39.31626892089844 0
      vertex -22.51785327897871 -19.077913783941476 0
      vertex -16.5 -39.31626892089844 0
    endloop
  endfacet
  facet normal 0 0 -1
    outer loop
      vertex -46.349998474121094 -39.31626892089844 0
      vertex -22.51785327897871 -16.210713483874763 0
      vertex -22.51785327897871 -19.077913783941476 0
    endloop
  endfacet
  facet normal 0 0 -1
    outer loop
      vertex -46.349998474121094 -39.31626892089844 0
      vertex -16.5 -39.31626892089844 0
      vertex -22.51785327897871 -59.210720847076956 0
    endloop
  endfacet
  facet normal 0 0 -1
    outer loop
      vertex -46.349998474121094 3.6837310791015625 0
      vertex -46.349998474121094 27.183731079101562 0
      vertex -22.4702579254795 26.1067779506757 0
    endloop
  endfacet
  facet normal 0 0 -1
    outer loop
      vertex -46.349998474121094 3.6837310791015625 0
      vertex -23.01698408033335 23.888622745463945 0
      vertex -16.5 3.6837310791015625 0
    endloop
  endfacet
  facet normal 0 0 -1
    outer loop
      vertex -46.349998474121094 3.6837310791015625 0
      vertex -22.4702579254795 26.1067779506757 0
      vertex -23.01698408033335 23.888622745463945 0
    endloop
  endfacet
  facet normal 0 0 -1
    outer loop
      vertex -46.349998474121094 3.6837310791015625 0
      vertex -16.5 3.6837310791015625 0
      vertex -22.51785327897871 -16.210713483874763 0
    endloop
  endfacet
  facet normal 0 0 -1
    outer loop
      vertex -46.349998474121094 27.183731079101562 0
      vertex -21.51785327897871 26.084515266010495 0
      vertex -22.4702579254795 26.1067779506757 0
    endloop
  endfacet
  facet normal 0 0 -1
    outer loop
      vertex -46.349998474121094 27.183731079101562 0
      vertex -10.75 27.183731079101562 0
      vertex -21.51785327897871 26.084515266010495 0
    endloop
  endfacet
  facet normal -0.39626769823231267 -0.5103000393816505 0.7632599695678733
    outer loop
      vertex -46.19873809814453 -54.66621398925781 16.5
      vertex -43.643157958984375 -57.39857482910156 16
      vertex -40.53770446777344 -59.062225341796875 16.5
    endloop
  endfacet
  facet normal 0 0 1
    outer loop
      vertex -46.19873809814453 -54.66621398925781 16.5
      vertex -40.53770446777344 -59.062225341796875 16.5
      vertex -40.49827575683594 -57.25129699707031 16.5
    endloop
  endfacet
  facet normal 0 0 1
    outer loop
      vertex -46.19873809814453 -54.66621398925781 16.5
      vertex -40.49827575683594 -57.25129699707031 16.5
      vertex -46.0528564453125 -52.80067443847656 16.5
    endloop
  endfacet
  facet normal 0 0 1
    outer loop
      vertex -46.093360900878906 52.7242431640625 16.5
      vertex -42.920074462890625 53.39288330078125 16.5
      vertex -40.4237060546875 57.109130859375 16.5
    endloop
  endfacet
  facet normal -0.3952322432796298 0.5110348449464122 0.7633052214695953
    outer loop
      vertex -46.093360900878906 52.7242431640625 16.5
      vertex -40.4237060546875 57.109130859375 16.5
      vertex -43.643157958984375 55.36604309082031 16
    endloop
  endfacet
  facet normal 0.45280665804815035 0.5433408817748147 0.7069277308321075
    outer loop
      vertex -46.0528564453125 -52.80067443847656 16.5
      vertex -42.32574462890625 -55.25621795654297 16
      vertex -45.72058868408203 -52.427040100097656 16
    endloop
  endfacet
  facet normal 0.48150751211548054 0.6009434170032426 0.6379792514939865
    outer loop
      vertex -46.0528564453125 -52.80067443847656 16.5
      vertex -40.49827575683594 -57.25129699707031 16.5
      vertex -42.32574462890625 -55.25621795654297 16
    endloop
  endfacet
  facet normal 0.6402032486356952 0.7682055717295353 0
    outer loop
      vertex -45.72058868408203 -52.427040100097656 16
      vertex -42.32574462890625 -55.25621795654297 16
      vertex -42.32574462890625 -55.25621795654297 3
    endloop
  endfacet
  facet normal 0.6407450079201265 -0.7677537592388831 0
    outer loop
      vertex -45.52207946777344 50.570343017578125 3
      vertex -42.61041259765625 53.000335693359375 16
      vertex -45.52207946777344 50.570343017578125 16
    endloop
  endfacet
  facet normal 0.6399569226310635 -0.7684107284442093 0.0002993132449344396
    outer loop
      vertex -45.52207946777344 50.570343017578125 3
      vertex -42.49967956542969 53.087493896484375 3
      vertex -42.61041259765625 53.000335693359375 16
    endloop
  endfacet
  facet normal 0.45261169756086633 -0.5434610860919119 0.706960182142439
    outer loop
      vertex -45.52207946777344 50.570343017578125 3
      vertex -42.19081115722656 52.694305419921875 2.5
      vertex -42.49967956542969 53.087493896484375 3
    endloop
  endfacet
  facet normal 0.45316839457559294 -0.5429956288430918 0.706961210544875
    outer loop
      vertex -45.52207946777344 50.570343017578125 16
      vertex -42.61041259765625 53.000335693359375 16
      vertex -42.920074462890625 53.39288330078125 16.5
    endloop
  endfacet
  facet normal 0 0 1
    outer loop
      vertex -45.349998474121094 -39.31626892089844 2.5
      vertex -26.462059052381047 -21.760760534077914 2.5
      vertex -45.349998474121094 3.6837310791015625 2.5
    endloop
  endfacet
  facet normal 0 0 1
    outer loop
      vertex -45.349998474121094 -39.31626892089844 2.5
      vertex -26.057461252244604 -22.53165723484132 2.5
      vertex -26.462059052381047 -21.760760534077914 2.5
    endloop
  endfacet
  facet normal 0 0 1
    outer loop
      vertex -45.349998474121094 -39.31626892089844 2.5
      vertex -25.76284985412855 -57.187928265702475 2.5
      vertex -25.42818915089294 -56.95692866108936 2.5
    endloop
  endfacet
  facet normal 0 0 1
    outer loop
      vertex -45.349998474121094 -39.31626892089844 2.5
      vertex -25.42818915089294 -56.95692866108936 2.5
      vertex -17.192138671875 -39.31626892089844 2.5
    endloop
  endfacet
  facet normal 0 0 1
    outer loop
      vertex -45.349998474121094 -39.31626892089844 2.5
      vertex -17.192138671875 -39.31626892089844 2.5
      vertex -26.057461252244604 -22.53165723484132 2.5
    endloop
  endfacet
  facet normal 0 0 1
    outer loop
      vertex -45.349998474121094 3.6837310791015625 2.5
      vertex -26.462059052381047 -21.760760534077914 2.5
      vertex -23.69621577072309 -19.190030935491333 2.5
    endloop
  endfacet
  facet normal 0 0 1
    outer loop
      vertex -45.349998474121094 3.6837310791015625 2.5
      vertex -25.869153931853983 25.014893953854376 2.5
      vertex -45.349998474121094 27.183731079101562 2.5
    endloop
  endfacet
  facet normal 0 0 1
    outer loop
      vertex -45.349998474121094 3.6837310791015625 2.5
      vertex -24.994042992684403 24.917466294110827 2.5
      vertex -25.869153931853983 25.014893953854376 2.5
    endloop
  endfacet
  facet normal 0 0 1
    outer loop
      vertex -45.349998474121094 3.6837310791015625 2.5
      vertex -24.226982438319926 -16.23669035571799 2.5
      vertex -23.21175760806215 -16.113419743411608 2.5
    endloop
  endfacet
  facet normal 0 0 1
    outer loop
      vertex -45.349998474121094 3.6837310791015625 2.5
      vertex -23.69621577072309 -19.190030935491333 2.5
      vertex -24.226982438319926 -16.23669035571799 2.5
    endloop
  endfacet
  facet normal 0 0 1
    outer loop
      vertex -45.349998474121094 3.6837310791015625 2.5
      vertex -23.66741155177773 23.270135298542897 2.5
      vertex -24.994042992684403 24.917466294110827 2.5
    endloop
  endfacet
  facet normal 0 0 1
    outer loop
      vertex -45.349998474121094 3.6837310791015625 2.5
      vertex -23.52078841489017 22.675261847905517 2.5
      vertex -23.66741155177773 23.270135298542897 2.5
    endloop
  endfacet
  facet normal 0 0 1
    outer loop
      vertex -45.349998474121094 3.6837310791015625 2.5
      vertex -23.21175760806215 -16.113419743411608 2.5
      vertex -17.192138671875 3.6837310791015625 2.5
    endloop
  endfacet
  facet normal 0 0 1
    outer loop
      vertex -45.349998474121094 3.6837310791015625 2.5
      vertex -21.191843215417318 22.152803812195508 2.5
      vertex -23.52078841489017 22.675261847905517 2.5
    endloop
  endfacet
  facet normal 0 0 1
    outer loop
      vertex -45.349998474121094 3.6837310791015625 2.5
      vertex -17.192138671875 3.6837310791015625 2.5
      vertex -21.191843215417318 22.152803812195508 2.5
    endloop
  endfacet
  facet normal 0 0 1
    outer loop
      vertex -45.349998474121094 27.183731079101562 2.5
      vertex -25.883767269704208 25.11650051885299 2.5
      vertex -25.883767269704208 26.28591244148029 2.5
    endloop
  endfacet
  facet normal 0 0 1
    outer loop
      vertex -45.349998474121094 27.183731079101562 2.5
      vertex -25.883767269704208 26.28591244148029 2.5
      vertex -25.764907472754576 27.183731079101562 2.5
    endloop
  endfacet
  facet normal 0 0 1
    outer loop
      vertex -45.349998474121094 27.183731079101562 2.5
      vertex -25.869153931853983 25.014893953854376 2.5
      vertex -25.883767269704208 25.11650051885299 2.5
    endloop
  endfacet
  facet normal 0 0 1
    outer loop
      vertex -45.349998474121094 27.183731079101562 2.5
      vertex -25.764907472754576 27.183731079101562 2.5
      vertex -42.19081115722656 52.694305419921875 2.5
    endloop
  endfacet
  facet normal -0.4042079424531686 -0.5807406759536787 -0.7066514038411301
    outer loop
      vertex -43.643157958984375 -57.39857482910156 1
      vertex -43.03105163574219 -56.60780334472656 0
      vertex -37.18617248535156 -60.67596435546875 0
    endloop
  endfacet
  facet normal -0.5925142988595529 -0.8055599329950396 0
    outer loop
      vertex -43.643157958984375 -57.39857482910156 1
      vertex -40.82398986816406 -59.47216033935547 16
      vertex -43.643157958984375 -57.39857482910156 16
    endloop
  endfacet
  facet normal -0.571258624334395 -0.820747490034497 -0.006094401172224054
    outer loop
      vertex -43.643157958984375 -57.39857482910156 1
      vertex -37.71513366699219 -61.52461242675781 1
      vertex -40.82398986816406 -59.47216033935547 16
    endloop
  endfacet
  facet normal -0.4042073710079094 -0.5807390402109502 -0.7066530749934785
    outer loop
      vertex -43.643157958984375 -57.39857482910156 1
      vertex -37.18617248535156 -60.67596435546875 0
      vertex -37.71513366699219 -61.52461242675781 1
    endloop
  endfacet
  facet normal -0.41903146521478823 -0.5696992624329067 0.7070045130997044
    outer loop
      vertex -43.643157958984375 -57.39857482910156 16
      vertex -40.82398986816406 -59.47216033935547 16
      vertex -40.53770446777344 -59.062225341796875 16.5
    endloop
  endfacet
  facet normal -0.5917215762167124 0.8061424044420498 0
    outer loop
      vertex -43.643157958984375 55.36604309082031 1
      vertex -43.643157958984375 55.36604309082031 16
      vertex -40.709190368652344 57.519622802734375 16
    endloop
  endfacet
  facet normal -0.5712571823260179 0.8207484535174373 -0.006099810626070839
    outer loop
      vertex -43.643157958984375 55.36604309082031 1
      vertex -40.709190368652344 57.519622802734375 16
      vertex -37.71513366699219 59.4920654296875 1
    endloop
  endfacet
  facet normal -0.4042047973714392 0.580737490242367 -0.706655820897918
    outer loop
      vertex -43.643157958984375 55.36604309082031 1
      vertex -37.71513366699219 59.4920654296875 1
      vertex -43.03105163574219 54.57525634765625 0
    endloop
  endfacet
  facet normal -0.41847637346612054 0.5701187238516646 0.7069951665778157
    outer loop
      vertex -43.643157958984375 55.36604309082031 16
      vertex -40.4237060546875 57.109130859375 16.5
      vertex -40.709190368652344 57.519622802734375 16
    endloop
  endfacet
  facet normal 0 0 -1
    outer loop
      vertex -43.03105163574219 -56.60780334472656 0
      vertex -22.51785327897871 -59.210720847076956 0
      vertex -37.18617248535156 -60.67596435546875 0
    endloop
  endfacet
  facet normal -0.40420698226821894 0.5807392964200324 -0.7066530867966159
    outer loop
      vertex -43.03105163574219 54.57525634765625 0
      vertex -37.71513366699219 59.4920654296875 1
      vertex -37.18617248535156 58.64341735839844 0
    endloop
  endfacet
  facet normal 0 0 -1
    outer loop
      vertex -43.03105163574219 54.57525634765625 0
      vertex -37.18617248535156 58.64341735839844 0
      vertex -10.75 27.183731079101562 0
    endloop
  endfacet
  facet normal 0.42450955032918786 -0.5656435855917039 0.706992910684592
    outer loop
      vertex -42.920074462890625 53.39288330078125 16.5
      vertex -42.61041259765625 53.000335693359375 16
      vertex -39.9605712890625 54.989013671875 16
    endloop
  endfacet
  facet normal 0.4475811221846899 -0.6315787659626354 0.6330714031205393
    outer loop
      vertex -42.920074462890625 53.39288330078125 16.5
      vertex -39.9605712890625 54.989013671875 16
      vertex -37.11279296875 57.508331298828125 16.5
    endloop
  endfacet
  facet normal 0 0 1
    outer loop
      vertex -42.920074462890625 53.39288330078125 16.5
      vertex -37.11279296875 57.508331298828125 16.5
      vertex -40.4237060546875 57.109130859375 16.5
    endloop
  endfacet
  facet normal 0.6002504976560873 -0.7998120265706754 -0.00024943241328485594
    outer loop
      vertex -42.61041259765625 53.000335693359375 16
      vertex -42.49967956542969 53.087493896484375 3
      vertex -39.9605712890625 54.989013671875 16
    endloop
  endfacet
  facet normal 0.4239206267743624 -0.566063201601167 0.707010434143845
    outer loop
      vertex -42.49967956542969 53.087493896484375 3
      vertex -42.19081115722656 52.694305419921875 2.5
      vertex -39.9605712890625 54.989013671875 3
    endloop
  endfacet
  facet normal 0.599432635011053 -0.8004252095503399 0
    outer loop
      vertex -42.49967956542969 53.087493896484375 3
      vertex -39.9605712890625 54.989013671875 3
      vertex -39.9605712890625 54.989013671875 16
    endloop
  endfacet
  facet normal 0.6092910386208323 0.7929466755440415 0
    outer loop
      vertex -42.32574462890625 -55.25621795654297 3
      vertex -42.32574462890625 -55.25621795654297 16
      vertex -41.51129150390625 -55.88203430175781 3
    endloop
  endfacet
  facet normal 0.43084182771137014 0.5607083861636313 0.7070936466834519
    outer loop
      vertex -42.32574462890625 -55.25621795654297 3
      vertex -41.51129150390625 -55.88203430175781 3
      vertex -41.20960998535156 -55.483306884765625 2.5
    endloop
  endfacet
  facet normal 0.4242385295468339 0.5657925690260502 0.7070363773405456
    outer loop
      vertex -42.32574462890625 -55.25621795654297 16
      vertex -40.49827575683594 -57.25129699707031 16.5
      vertex -40.206085205078125 -56.84556579589844 16
    endloop
  endfacet
  facet normal 0.5999038979713192 0.8000715257157324 -0.0009310949024201139
    outer loop
      vertex -42.32574462890625 -55.25621795654297 16
      vertex -40.206085205078125 -56.84556579589844 16
      vertex -41.51129150390625 -55.88203430175781 3
    endloop
  endfacet
  facet normal 0.3797792545570704 -0.5337427742094752 0.7555702275680595
    outer loop
      vertex -42.19081115722656 52.694305419921875 2.5
      vertex -36.914825439453125 56.44837951660156 2.5
      vertex -39.9605712890625 54.989013671875 3
    endloop
  endfacet
  facet normal 0 0 1
    outer loop
      vertex -42.19081115722656 52.694305419921875 2.5
      vertex -25.764907472754576 27.183731079101562 2.5
      vertex -24.632026276540792 27.183731079101562 2.5
    endloop
  endfacet
  facet normal 0 0 1
    outer loop
      vertex -42.19081115722656 52.694305419921875 2.5
      vertex -24.632026276540792 27.183731079101562 2.5
      vertex -18.29176350678149 27.183731079101562 2.5
    endloop
  endfacet
  facet normal 0 0 1
    outer loop
      vertex -42.19081115722656 52.694305419921875 2.5
      vertex -18.29176350678149 27.183731079101562 2.5
      vertex -10.75 27.183731079101562 2.5
    endloop
  endfacet
  facet normal 0 0 1
    outer loop
      vertex -42.19081115722656 52.694305419921875 2.5
      vertex -10.75 27.183731079101562 2.5
      vertex -36.914825439453125 56.44837951660156 2.5
    endloop
  endfacet
  facet normal 0.5675468303450619 0.8233311978971332 0.004041526264315636
    outer loop
      vertex -41.51129150390625 -55.88203430175781 3
      vertex -40.206085205078125 -56.84556579589844 16
      vertex -36.50767517089844 -59.3311767578125 3
    endloop
  endfacet
  facet normal 0.38500701806058774 0.5585235833065998 0.7347251206638098
    outer loop
      vertex -41.51129150390625 -55.88203430175781 3
      vertex -36.50767517089844 -59.3311767578125 3
      vertex -35.531036376953125 -59.34666442871094 2.5
    endloop
  endfacet
  facet normal 0.39800249833610785 0.5850057773374076 0.7066556812196956
    outer loop
      vertex -41.51129150390625 -55.88203430175781 3
      vertex -35.531036376953125 -59.34666442871094 2.5
      vertex -41.20960998535156 -55.483306884765625 2.5
    endloop
  endfacet
  facet normal 0 0 1
    outer loop
      vertex -41.20960998535156 -55.483306884765625 2.5
      vertex -35.531036376953125 -59.34666442871094 2.5
      vertex -26.883767269704208 -60.41625582469063 2.5
    endloop
  endfacet
  facet normal 0 0 1
    outer loop
      vertex -41.20960998535156 -55.483306884765625 2.5
      vertex -26.883767269704208 -60.41625582469063 2.5
      vertex -26.883767269704208 -59.29956387344985 2.5
    endloop
  endfacet
  facet normal 0 0 1
    outer loop
      vertex -41.20960998535156 -55.483306884765625 2.5
      vertex -26.883767269704208 -59.29956387344985 2.5
      vertex -26.748866472297212 -58.78570534807289 2.5
    endloop
  endfacet
  facet normal -0.5509557030260577 -0.8345344889835665 0
    outer loop
      vertex -40.82398986816406 -59.47216033935547 16
      vertex -37.71513366699219 -61.52461242675781 1
      vertex -37.71513366699219 -61.52461242675781 16
    endloop
  endfacet
  facet normal -0.38964861823504376 -0.5902020955876297 0.7069904105937304
    outer loop
      vertex -40.82398986816406 -59.47216033935547 16
      vertex -37.71513366699219 -61.52461242675781 16
      vertex -40.53770446777344 -59.062225341796875 16.5
    endloop
  endfacet
  facet normal -0.389064385818288 0.5905778022734961 0.7069984180672867
    outer loop
      vertex -40.709190368652344 57.519622802734375 16
      vertex -40.4237060546875 57.109130859375 16.5
      vertex -37.71513366699219 59.4920654296875 16
    endloop
  endfacet
  facet normal -0.5501358364357656 0.8350751831237238 0
    outer loop
      vertex -40.709190368652344 57.519622802734375 16
      vertex -37.71513366699219 59.4920654296875 16
      vertex -37.71513366699219 59.4920654296875 1
    endloop
  endfacet
  facet normal -0.3426448744355795 -0.547748735736263 0.7632599901228622
    outer loop
      vertex -40.53770446777344 -59.062225341796875 16.5
      vertex -37.71513366699219 -61.52461242675781 16
      vertex -34.46122741699219 -62.863372802734375 16.5
    endloop
  endfacet
  facet normal 0 0 1
    outer loop
      vertex -40.53770446777344 -59.062225341796875 16.5
      vertex -34.5164794921875 -61.10871887207031 16.5
      vertex -40.49827575683594 -57.25129699707031 16.5
    endloop
  endfacet
  facet normal 0 0 1
    outer loop
      vertex -40.53770446777344 -59.062225341796875 16.5
      vertex -34.46122741699219 -62.863372802734375 16.5
      vertex -34.5164794921875 -61.10871887207031 16.5
    endloop
  endfacet
  facet normal 0.3945333286578031 0.5870371686817416 0.706916413138299
    outer loop
      vertex -40.49827575683594 -57.25129699707031 16.5
      vertex -36.50767517089844 -59.3311767578125 16
      vertex -40.206085205078125 -56.84556579589844 16
    endloop
  endfacet
  facet normal 0.41712435129465747 0.6468446976565883 0.6384349713718447
    outer loop
      vertex -40.49827575683594 -57.25129699707031 16.5
      vertex -34.5164794921875 -61.10871887207031 16.5
      vertex -36.50767517089844 -59.3311767578125 16
    endloop
  endfacet
  facet normal 0 0 1
    outer loop
      vertex -40.4237060546875 57.109130859375 16.5
      vertex -37.11279296875 57.508331298828125 16.5
      vertex -34.33978271484375 60.898345947265625 16.5
    endloop
  endfacet
  facet normal -0.34154122643843055 0.5483749512367627 0.763304987209576
    outer loop
      vertex -40.4237060546875 57.109130859375 16.5
      vertex -34.33978271484375 60.898345947265625 16.5
      vertex -37.71513366699219 59.4920654296875 16
    endloop
  endfacet
  facet normal 0.5578042519541045 0.8299725396071378 0
    outer loop
      vertex -40.206085205078125 -56.84556579589844 16
      vertex -36.50767517089844 -59.3311767578125 16
      vertex -36.50767517089844 -59.3311767578125 3
    endloop
  endfacet
  facet normal 0.5608202662908139 -0.8279371416288636 -0.000847601868736225
    outer loop
      vertex -39.9605712890625 54.989013671875 3
      vertex -37.18505859375 56.86906433105469 3
      vertex -36.84501647949219 57.086090087890625 16
    endloop
  endfacet
  facet normal 0.39661825757619845 -0.5855262483064028 0.7070028078455199
    outer loop
      vertex -39.9605712890625 54.989013671875 3
      vertex -36.914825439453125 56.44837951660156 2.5
      vertex -37.18505859375 56.86906433105469 3
    endloop
  endfacet
  facet normal 0.5583888976248159 -0.8295793144777314 0
    outer loop
      vertex -39.9605712890625 54.989013671875 3
      vertex -36.84501647949219 57.086090087890625 16
      vertex -39.9605712890625 54.989013671875 16
    endloop
  endfacet
  facet normal 0.394917185330311 -0.586714974590918 0.7069695575635228
    outer loop
      vertex -39.9605712890625 54.989013671875 16
      vertex -36.84501647949219 57.086090087890625 16
      vertex -37.11279296875 57.508331298828125 16.5
    endloop
  endfacet
  facet normal -0.34337981932092115 -0.6186529675594807 -0.706653242696147
    outer loop
      vertex -37.71513366699219 -61.52461242675781 1
      vertex -37.18617248535156 -60.67596435546875 0
      vertex -30.95970916748047 -64.13192749023438 0
    endloop
  endfacet
  facet normal -0.508003707389085 -0.8613548823098091 0
    outer loop
      vertex -37.71513366699219 -61.52461242675781 1
      vertex -34.70460510253906 -63.300140380859375 16
      vertex -37.71513366699219 -61.52461242675781 16
    endloop
  endfacet
  facet normal -0.48529270917151107 -0.8743305147451588 -0.006094047131490712
    outer loop
      vertex -37.71513366699219 -61.52461242675781 1
      vertex -31.400100708007812 -65.02973937988281 1
      vertex -34.70460510253906 -63.300140380859375 16
    endloop
  endfacet
  facet normal -0.343379541801511 -0.6186518071718367 -0.7066543934309083
    outer loop
      vertex -37.71513366699219 -61.52461242675781 1
      vertex -30.95970916748047 -64.13192749023438 0
      vertex -31.400100708007812 -65.02973937988281 1
    endloop
  endfacet
  facet normal -0.3592672364791782 -0.6091620665245993 0.7069997379773871
    outer loop
      vertex -37.71513366699219 -61.52461242675781 16
      vertex -34.70460510253906 -63.300140380859375 16
      vertex -34.46122741699219 -62.863372802734375 16.5
    endloop
  endfacet
  facet normal -0.5071575230411471 0.8618533789588392 0
    outer loop
      vertex -37.71513366699219 59.4920654296875 1
      vertex -37.71513366699219 59.4920654296875 16
      vertex -34.58229064941406 61.33558654785156 16
    endloop
  endfacet
  facet normal -0.48529430775946314 0.8743295886516955 -0.006099611825363651
    outer loop
      vertex -37.71513366699219 59.4920654296875 1
      vertex -34.58229064941406 61.33558654785156 16
      vertex -31.400100708007812 62.99720764160156 1
    endloop
  endfacet
  facet normal -0.3433812223084486 0.618652141702991 -0.7066532839605701
    outer loop
      vertex -37.71513366699219 59.4920654296875 1
      vertex -31.400100708007812 62.99720764160156 1
      vertex -37.18617248535156 58.64341735839844 0
    endloop
  endfacet
  facet normal -0.3586765648856997 0.6095278002511447 0.7069844287696831
    outer loop
      vertex -37.71513366699219 59.4920654296875 16
      vertex -34.33978271484375 60.898345947265625 16.5
      vertex -34.58229064941406 61.33558654785156 16
    endloop
  endfacet
  facet normal 0 0 -1
    outer loop
      vertex -37.18617248535156 -60.67596435546875 0
      vertex -22.51785327897871 -59.210720847076956 0
      vertex -30.95970916748047 -64.13192749023438 0
    endloop
  endfacet
  facet normal -0.34338043295966025 0.6186513416534721 -0.7066543679414959
    outer loop
      vertex -37.18617248535156 58.64341735839844 0
      vertex -31.400100708007812 62.99720764160156 1
      vertex -30.95970916748047 62.099395751953125 0
    endloop
  endfacet
  facet normal 0 0 -1
    outer loop
      vertex -37.18617248535156 58.64341735839844 0
      vertex -30.95970916748047 62.099395751953125 0
      vertex -10.75 27.183731079101562 0
    endloop
  endfacet
  facet normal 0.36587395112245485 -0.6052440968606628 0.7069765449471177
    outer loop
      vertex -37.18505859375 56.86906433105469 3
      vertex -36.914825439453125 56.44837951660156 2.5
      vertex -33.97309875488281 58.81071472167969 3
    endloop
  endfacet
  facet normal 0.5173286387935779 -0.8557868189473262 0
    outer loop
      vertex -37.18505859375 56.86906433105469 3
      vertex -33.97309875488281 58.81071472167969 3
      vertex -33.97309875488281 58.81071472167969 16
    endloop
  endfacet
  facet normal 0.5148190675752382 -0.8572984382623834 0.0008458213999724117
    outer loop
      vertex -37.18505859375 56.86906433105469 3
      vertex -33.97309875488281 58.81071472167969 16
      vertex -36.84501647949219 57.086090087890625 16
    endloop
  endfacet
  facet normal 0.3640892133545352 -0.6062967237541295 0.7069959883081973
    outer loop
      vertex -37.11279296875 57.508331298828125 16.5
      vertex -36.84501647949219 57.086090087890625 16
      vertex -33.97309875488281 58.81071472167969 16
    endloop
  endfacet
  facet normal 0.3804790439557131 -0.6742266707374133 0.632972427185332
    outer loop
      vertex -37.11279296875 57.508331298828125 16.5
      vertex -33.97309875488281 58.81071472167969 16
      vertex -30.91400909423828 61.00642395019531 16.5
    endloop
  endfacet
  facet normal 0 0 1
    outer loop
      vertex -37.11279296875 57.508331298828125 16.5
      vertex -30.91400909423828 61.00642395019531 16.5
      vertex -34.33978271484375 60.898345947265625 16.5
    endloop
  endfacet
  facet normal 0.32807280092368146 -0.5682560091313597 0.7546213258185792
    outer loop
      vertex -36.914825439453125 56.44837951660156 2.5
      vertex -31.307029724121094 59.685943603515625 2.5
      vertex -33.97309875488281 58.81071472167969 3
    endloop
  endfacet
  facet normal 0 0 1
    outer loop
      vertex -36.914825439453125 56.44837951660156 2.5
      vertex -10.75 27.183731079101562 2.5
      vertex -31.307029724121094 59.685943603515625 2.5
    endloop
  endfacet
  facet normal 0.5254473615448998 0.850826110462945 0
    outer loop
      vertex -36.50767517089844 -59.3311767578125 3
      vertex -36.50767517089844 -59.3311767578125 16
      vertex -35.79115295410156 -59.773681640625 3
    endloop
  endfacet
  facet normal 0.3715492641164037 0.6016279429095891 0.7071032192296505
    outer loop
      vertex -36.50767517089844 -59.3311767578125 3
      vertex -35.79115295410156 -59.773681640625 3
      vertex -35.531036376953125 -59.34666442871094 2.5
    endloop
  endfacet
  facet normal 0.363803420836645 0.6064133827420137 0.7070430540065739
    outer loop
      vertex -36.50767517089844 -59.3311767578125 16
      vertex -34.5164794921875 -61.10871887207031 16.5
      vertex -34.26744842529297 -60.675148010253906 16
    endloop
  endfacet
  facet normal 0.5144491928713101 0.8575204559114633 -0.0008340548266853432
    outer loop
      vertex -36.50767517089844 -59.3311767578125 16
      vertex -34.26744842529297 -60.675148010253906 16
      vertex -35.79115295410156 -59.773681640625 3
    endloop
  endfacet
  facet normal 0.4808091843735231 0.8768139797152616 0.004446706416237468
    outer loop
      vertex -35.79115295410156 -59.773681640625 3
      vertex -34.26744842529297 -60.675148010253906 16
      vertex -30.30047607421875 -62.7845458984375 3
    endloop
  endfacet
  facet normal 0.32919842049620157 0.6003333267590294 0.7288540983799451
    outer loop
      vertex -35.79115295410156 -59.773681640625 3
      vertex -30.30047607421875 -62.7845458984375 3
      vertex -29.493179321289062 -62.62019348144531 2.5
    endloop
  endfacet
  facet normal 0.33723547318963426 0.6220135970742107 0.7066620979487757
    outer loop
      vertex -35.79115295410156 -59.773681640625 3
      vertex -29.493179321289062 -62.62019348144531 2.5
      vertex -35.531036376953125 -59.34666442871094 2.5
    endloop
  endfacet
  facet normal 0 0 1
    outer loop
      vertex -35.531036376953125 -59.34666442871094 2.5
      vertex -29.493179321289062 -62.62019348144531 2.5
      vertex -26.883767269704208 -60.41625582469063 2.5
    endloop
  endfacet
  facet normal -0.463726762347546 -0.885978267161595 0
    outer loop
      vertex -34.70460510253906 -63.300140380859375 16
      vertex -31.400100708007812 -65.02973937988281 1
      vertex -31.400100708007812 -65.02973937988281 16
    endloop
  endfacet
  facet normal -0.32796096300463085 -0.6265894256965961 0.7069846521320566
    outer loop
      vertex -34.70460510253906 -63.300140380859375 16
      vertex -31.400100708007812 -65.02973937988281 16
      vertex -34.46122741699219 -62.863372802734375 16.5
    endloop
  endfacet
  facet normal -0.32734756571764784 0.6269071420004777 0.7069872746574178
    outer loop
      vertex -34.58229064941406 61.33558654785156 16
      vertex -34.33978271484375 60.898345947265625 16.5
      vertex -31.400100708007812 62.99720764160156 16
    endloop
  endfacet
  facet normal -0.4628611531424328 0.886430794203167 0
    outer loop
      vertex -34.58229064941406 61.33558654785156 16
      vertex -31.400100708007812 62.99720764160156 16
      vertex -31.400100708007812 62.99720764160156 1
    endloop
  endfacet
  facet normal 0 0 1
    outer loop
      vertex -34.5164794921875 -61.10871887207031 16.5
      vertex -34.46122741699219 -62.863372802734375 16.5
      vertex -28.170570373535156 -64.33221435546875 16.5
    endloop
  endfacet
  facet normal 0.33206980963584715 0.624496573563096 0.7069184331564463
    outer loop
      vertex -34.5164794921875 -61.10871887207031 16.5
      vertex -30.30047607421875 -62.7845458984375 16
      vertex -34.26744842529297 -60.675148010253906 16
    endloop
  endfacet
  facet normal 0.34840092538573925 0.6858767511041672 0.6388973919849357
    outer loop
      vertex -34.5164794921875 -61.10871887207031 16.5
      vertex -28.170570373535156 -64.33221435546875 16.5
      vertex -30.30047607421875 -62.7845458984375 16
    endloop
  endfacet
  facet normal -0.28550954712236243 -0.5795917669805123 0.7632546640213809
    outer loop
      vertex -34.46122741699219 -62.863372802734375 16.5
      vertex -31.400100708007812 -65.02973937988281 16
      vertex -28.03156280517578 -66.03065490722656 16.5
    endloop
  endfacet
  facet normal 0 0 1
    outer loop
      vertex -34.46122741699219 -62.863372802734375 16.5
      vertex -28.03156280517578 -66.03065490722656 16.5
      vertex -28.170570373535156 -64.33221435546875 16.5
    endloop
  endfacet
  facet normal 0 0 1
    outer loop
      vertex -34.33978271484375 60.898345947265625 16.5
      vertex -30.91400909423828 61.00642395019531 16.5
      vertex -27.903915405273438 64.05300903320312 16.5
    endloop
  endfacet
  facet normal -0.2843434192897055 0.5800925382668 0.7633095485802728
    outer loop
      vertex -34.33978271484375 60.898345947265625 16.5
      vertex -27.903915405273438 64.05300903320312 16.5
      vertex -31.400100708007812 62.99720764160156 16
    endloop
  endfacet
  facet normal 0.4694926056558894 0.8829364038448316 0
    outer loop
      vertex -34.26744842529297 -60.675148010253906 16
      vertex -30.30047607421875 -62.7845458984375 16
      vertex -30.30047607421875 -62.7845458984375 3
    endloop
  endfacet
  facet normal 0.4761809382744865 -0.8793451167323872 -0.001969696152694882
    outer loop
      vertex -33.97309875488281 58.81071472167969 3
      vertex -31.536224365234375 60.13032531738281 3
      vertex -30.690963745117188 60.558929443359375 16
    endloop
  endfacet
  facet normal 0.33674375660016226 -0.6218518091662509 0.7070388743396443
    outer loop
      vertex -33.97309875488281 58.81071472167969 3
      vertex -31.307029724121094 59.685943603515625 2.5
      vertex -31.536224365234375 60.13032531738281 3
    endloop
  endfacet
  facet normal 0.47011558200433734 -0.8826048603745185 0
    outer loop
      vertex -33.97309875488281 58.81071472167969 3
      vertex -30.690963745117188 60.558929443359375 16
      vertex -33.97309875488281 58.81071472167969 16
    endloop
  endfacet
  facet normal 0.33248244858940523 -0.6242095270765192 0.7069779966073214
    outer loop
      vertex -33.97309875488281 58.81071472167969 16
      vertex -30.690963745117188 60.558929443359375 16
      vertex -30.91400909423828 61.00642395019531 16.5
    endloop
  endfacet
  facet normal 0.3042397718944242 -0.6384991428358527 0.706934937455711
    outer loop
      vertex -31.536224365234375 60.13032531738281 3
      vertex -31.307029724121094 59.685943603515625 2.5
      vertex -27.623504638671875 61.99470520019531 3
    endloop
  endfacet
  facet normal 0.4301554990295331 -0.9027548098208358 0
    outer loop
      vertex -31.536224365234375 60.13032531738281 3
      vertex -27.623504638671875 61.99470520019531 3
      vertex -27.623504638671875 61.99470520019531 16
    endloop
  endfacet
  facet normal 0.4239253850446603 -0.905694205113375 0.0022966799491068108
    outer loop
      vertex -31.536224365234375 60.13032531738281 3
      vertex -27.623504638671875 61.99470520019531 16
      vertex -30.690963745117188 60.558929443359375 16
    endloop
  endfacet
  facet normal -0.27903012530885507 -0.6502164815706317 -0.7066545947377918
    outer loop
      vertex -31.400100708007812 -65.02973937988281 1
      vertex -30.95970916748047 -64.13192749023438 0
      vertex -24.415557861328125 -66.94024658203125 0
    endloop
  endfacet
  facet normal -0.41828516395183074 -0.9083157609651998 0
    outer loop
      vertex -31.400100708007812 -65.02973937988281 1
      vertex -28.229530334472656 -66.48980712890625 16
      vertex -31.400100708007812 -65.02973937988281 16
    endloop
  endfacet
  facet normal -0.3943475579911009 -0.9189411661983043 -0.006093978384907292
    outer loop
      vertex -31.400100708007812 -65.02973937988281 1
      vertex -24.76287078857422 -67.87799072265625 1
      vertex -28.229530334472656 -66.48980712890625 16
    endloop
  endfacet
  facet normal -0.27903061410683955 -0.6502201236863105 -0.7066510504800222
    outer loop
      vertex -31.400100708007812 -65.02973937988281 1
      vertex -24.415557861328125 -66.94024658203125 0
      vertex -24.76287078857422 -67.87799072265625 1
    endloop
  endfacet
  facet normal -0.29581307160051784 -0.642364822829862 0.7070092368993682
    outer loop
      vertex -31.400100708007812 -65.02973937988281 16
      vertex -28.229530334472656 -66.48980712890625 16
      vertex -28.03156280517578 -66.03065490722656 16.5
    endloop
  endfacet
  facet normal -0.4173919309158288 0.9087265683396497 0
    outer loop
      vertex -31.400100708007812 62.99720764160156 1
      vertex -31.400100708007812 62.99720764160156 16
      vertex -28.100982666015625 64.51254272460938 16
    endloop
  endfacet
  facet normal -0.39434575756366963 0.9189418936936875 -0.006100779146553388
    outer loop
      vertex -31.400100708007812 62.99720764160156 1
      vertex -28.100982666015625 64.51254272460938 16
      vertex -24.76287078857422 65.84544372558594 1
    endloop
  endfacet
  facet normal -0.2790279794184267 0.6502174674946091 -0.7066545348800694
    outer loop
      vertex -31.400100708007812 62.99720764160156 1
      vertex -24.76287078857422 65.84544372558594 1
      vertex -30.95970916748047 62.099395751953125 0
    endloop
  endfacet
  facet normal -0.2951864862776326 0.6426664792171225 0.7069969835930935
    outer loop
      vertex -31.400100708007812 62.99720764160156 16
      vertex -27.903915405273438 64.05300903320312 16.5
      vertex -28.100982666015625 64.51254272460938 16
    endloop
  endfacet
  facet normal 0.27457710162703186 -0.6006854625917372 0.7508557719649289
    outer loop
      vertex -31.307029724121094 59.685943603515625 2.5
      vertex -25.41783905029297 62.3779296875 2.5
      vertex -27.623504638671875 61.99470520019531 3
    endloop
  endfacet
  facet normal 0 0 1
    outer loop
      vertex -31.307029724121094 59.685943603515625 2.5
      vertex -10.75 27.183731079101562 2.5
      vertex -25.41783905029297 62.3779296875 2.5
    endloop
  endfacet
  facet normal 0 0 -1
    outer loop
      vertex -30.95970916748047 -64.13192749023438 0
      vertex -22.51785327897871 -59.210720847076956 0
      vertex -24.415557861328125 -66.94024658203125 0
    endloop
  endfacet
  facet normal -0.2790302368410847 0.6502202743938292 -0.7066510607758411
    outer loop
      vertex -30.95970916748047 62.099395751953125 0
      vertex -24.76287078857422 65.84544372558594 1
      vertex -24.415557861328125 64.90769958496094 0
    endloop
  endfacet
  facet normal 0 0 -1
    outer loop
      vertex -30.95970916748047 62.099395751953125 0
      vertex -24.415557861328125 64.90769958496094 0
      vertex -10.75 27.183731079101562 0
    endloop
  endfacet
  facet normal 0.29980654681752866 -0.6405208597713054 0.7070000443303923
    outer loop
      vertex -30.91400909423828 61.00642395019531 16.5
      vertex -30.690963745117188 60.558929443359375 16
      vertex -27.623504638671875 61.99470520019531 16
    endloop
  endfacet
  facet normal 0.30934126474035006 -0.7097640133595994 0.632884687181255
    outer loop
      vertex -30.91400909423828 61.00642395019531 16.5
      vertex -27.623504638671875 61.99470520019531 16
      vertex -24.38909912109375 63.8502197265625 16.5
    endloop
  endfacet
  facet normal 0 0 1
    outer loop
      vertex -30.91400909423828 61.00642395019531 16.5
      vertex -24.38909912109375 63.8502197265625 16.5
      vertex -27.903915405273438 64.05300903320312 16.5
    endloop
  endfacet
  facet normal 0.43612737868308193 0.8998849424026517 0
    outer loop
      vertex -30.30047607421875 -62.7845458984375 3
      vertex -30.30047607421875 -62.7845458984375 16
      vertex -29.709091186523438 -63.07115936279297 3
    endloop
  endfacet
  facet normal 0.3083940293354274 0.636325892136884 0.7070943937456005
    outer loop
      vertex -30.30047607421875 -62.7845458984375 3
      vertex -29.709091186523438 -63.07115936279297 3
      vertex -29.493179321289062 -62.62019348144531 2.5
    endloop
  endfacet
  facet normal 0.29950957702397396 0.6406089199732514 0.7070461264455271
    outer loop
      vertex -30.30047607421875 -62.7845458984375 16
      vertex -28.170570373535156 -64.33221435546875 16.5
      vertex -27.967315673828125 -63.875389099121094 16
    endloop
  endfacet
  facet normal 0.42353407349824973 0.9058798990386473 -0.0007050558201960238
    outer loop
      vertex -30.30047607421875 -62.7845458984375 16
      vertex -27.967315673828125 -63.875389099121094 16
      vertex -29.709091186523438 -63.07115936279297 3
    endloop
  endfacet
  facet normal 0.3890813623107137 0.9211905836968151 0.004858190070423621
    outer loop
      vertex -29.709091186523438 -63.07115936279297 3
      vertex -27.967315673828125 -63.875389099121094 16
      vertex -23.770301818847656 -65.57951354980469 3
    endloop
  endfacet
  facet normal 0.2688682794042447 0.6365736096198881 0.7228304696577943
    outer loop
      vertex -29.709091186523438 -63.07115936279297 3
      vertex -23.770301818847656 -65.57951354980469 3
      vertex -23.157081604003906 -65.27076721191406 2.5
    endloop
  endfacet
  facet normal 0.2730638569237393 0.6527489730389839 0.7066504852036
    outer loop
      vertex -29.709091186523438 -63.07115936279297 3
      vertex -23.157081604003906 -65.27076721191406 2.5
      vertex -29.493179321289062 -62.62019348144531 2.5
    endloop
  endfacet
  facet normal 0 0 1
    outer loop
      vertex -29.493179321289062 -62.62019348144531 2.5
      vertex -26.388737454476196 -61.900463166915976 2.5
      vertex -26.883767269704208 -60.41625582469063 2.5
    endloop
  endfacet
  facet normal 0 0 1
    outer loop
      vertex -29.493179321289062 -62.62019348144531 2.5
      vertex -26.26560991741156 -62.13506308828046 2.5
      vertex -26.388737454476196 -61.900463166915976 2.5
    endloop
  endfacet
  facet normal 0 0 1
    outer loop
      vertex -29.493179321289062 -62.62019348144531 2.5
      vertex -23.157081604003906 -65.27076721191406 2.5
      vertex -26.26560991741156 -62.13506308828046 2.5
    endloop
  endfacet
  facet normal -0.37174149504986 -0.928336286513726 0
    outer loop
      vertex -28.229530334472656 -66.48980712890625 16
      vertex -24.76287078857422 -67.87799072265625 1
      vertex -24.76287078857422 -67.87799072265625 16
    endloop
  endfacet
  facet normal -0.262902884340346 -0.6565376494478494 0.7069939096364406
    outer loop
      vertex -28.229530334472656 -66.48980712890625 16
      vertex -24.76287078857422 -67.87799072265625 16
      vertex -28.03156280517578 -66.03065490722656 16.5
    endloop
  endfacet
  facet normal 0 0 1
    outer loop
      vertex -28.170570373535156 -64.33221435546875 16.5
      vertex -28.03156280517578 -66.03065490722656 16.5
      vertex -21.527481079101562 -66.88778686523438 16.5
    endloop
  endfacet
  facet normal 0.26608815835764765 0.6553369308358318 0.7069162602914916
    outer loop
      vertex -28.170570373535156 -64.33221435546875 16.5
      vertex -23.770301818847656 -65.57951354980469 16
      vertex -27.967315673828125 -63.875389099121094 16
    endloop
  endfacet
  facet normal 0.27607077340743247 0.7176328561685429 0.6393653195299236
    outer loop
      vertex -28.170570373535156 -64.33221435546875 16.5
      vertex -21.527481079101562 -66.88778686523438 16.5
      vertex -23.770301818847656 -65.57951354980469 16
    endloop
  endfacet
  facet normal -0.2622552717387694 0.6567910421489759 0.7069990801960683
    outer loop
      vertex -28.100982666015625 64.51254272460938 16
      vertex -27.903915405273438 64.05300903320312 16.5
      vertex -24.76287078857422 65.84544372558594 16
    endloop
  endfacet
  facet normal -0.3708284889948448 0.9287013684440227 0
    outer loop
      vertex -28.100982666015625 64.51254272460938 16
      vertex -24.76287078857422 65.84544372558594 16
      vertex -24.76287078857422 65.84544372558594 1
    endloop
  endfacet
  facet normal -0.225450466650662 -0.6054948512572612 0.7632483686113885
    outer loop
      vertex -28.03156280517578 -66.03065490722656 16.5
      vertex -24.76287078857422 -67.87799072265625 16
      vertex -21.314620971679688 -68.53164672851562 16.5
    endloop
  endfacet
  facet normal 0 0 1
    outer loop
      vertex -28.03156280517578 -66.03065490722656 16.5
      vertex -21.314620971679688 -68.53164672851562 16.5
      vertex -21.527481079101562 -66.88778686523438 16.5
    endloop
  endfacet
  facet normal 0.3762041462355151 0.9265367992450203 0
    outer loop
      vertex -27.967315673828125 -63.875389099121094 16
      vertex -23.770301818847656 -65.57951354980469 16
      vertex -23.770301818847656 -65.57951354980469 3
    endloop
  endfacet
  facet normal 0 0 1
    outer loop
      vertex -27.903915405273438 64.05300903320312 16.5
      vertex -24.38909912109375 63.8502197265625 16.5
      vertex -21.182083129882812 66.54081726074219 16.5
    endloop
  endfacet
  facet normal -0.22424191780423106 0.6058813311679606 0.7632976973904877
    outer loop
      vertex -27.903915405273438 64.05300903320312 16.5
      vertex -21.182083129882812 66.54081726074219 16.5
      vertex -24.76287078857422 65.84544372558594 16
    endloop
  endfacet
  facet normal 0.38687345281483976 -0.9221277041552076 -0.0030706247849461212
    outer loop
      vertex -27.623504638671875 61.99470520019531 3
      vertex -25.603919982910156 62.842010498046875 3
      vertex -24.213134765625 63.38221740722656 16
    endloop
  endfacet
  facet normal 0.2735802140870842 -0.652088926967946 0.7070600383177216
    outer loop
      vertex -27.623504638671875 61.99470520019531 3
      vertex -25.41783905029297 62.3779296875 2.5
      vertex -25.603919982910156 62.842010498046875 3
    endloop
  endfacet
  facet normal 0.37685478270163364 -0.9262723534441177 0
    outer loop
      vertex -27.623504638671875 61.99470520019531 3
      vertex -24.213134765625 63.38221740722656 16
      vertex -27.623504638671875 61.99470520019531 16
    endloop
  endfacet
  facet normal 0.26652704283045425 -0.6550975138201314 0.7069728303313614
    outer loop
      vertex -27.623504638671875 61.99470520019531 16
      vertex -24.213134765625 63.38221740722656 16
      vertex -24.38909912109375 63.8502197265625 16.5
    endloop
  endfacet
  facet normal 0 0 1
    outer loop
      vertex -26.883767269704208 -60.41625582469063 2.5
      vertex -26.816016774333086 -59.31761190780139 2.5
      vertex -26.883767269704208 -59.29956387344985 2.5
    endloop
  endfacet
  facet normal 0 0 1
    outer loop
      vertex -26.883767269704208 -60.41625582469063 2.5
      vertex -26.388737454476196 -61.900463166915976 2.5
      vertex -26.26560991741156 -62.13506308828046 2.5
    endloop
  endfacet
  facet normal 0 0 1
    outer loop
      vertex -26.883767269704208 -60.41625582469063 2.5
      vertex -26.26560991741156 -62.13506308828046 2.5
      vertex -24.418419548170142 -61.857415088208384 2.5
    endloop
  endfacet
  facet normal 0 0 1
    outer loop
      vertex -26.883767269704208 -60.41625582469063 2.5
      vertex -24.418419548170142 -61.857415088208384 2.5
      vertex -26.816016774333086 -59.31761190780139 2.5
    endloop
  endfacet
  facet normal 0 0 1
    outer loop
      vertex -26.883767269704208 -59.29956387344985 2.5
      vertex -26.816016774333086 -59.31761190780139 2.5
      vertex -26.748866472297212 -58.78570534807289 2.5
    endloop
  endfacet
  facet normal 0 0 1
    outer loop
      vertex -26.816016774333086 -59.31761190780139 2.5
      vertex -26.68900518186366 -58.671649188392585 2.5
      vertex -26.748866472297212 -58.78570534807289 2.5
    endloop
  endfacet
  facet normal 0 0 1
    outer loop
      vertex -26.816016774333086 -59.31761190780139 2.5
      vertex -24.418419548170142 -61.857415088208384 2.5
      vertex -26.68900518186366 -58.671649188392585 2.5
    endloop
  endfacet
  facet normal 0 0 1
    outer loop
      vertex -26.68900518186366 -58.671649188392585 2.5
      vertex -25.560805999753168 -59.10522094243711 2.5
      vertex -25.76284985412855 -57.187928265702475 2.5
    endloop
  endfacet
  facet normal 0 0 1
    outer loop
      vertex -26.68900518186366 -58.671649188392585 2.5
      vertex -24.418419548170142 -61.857415088208384 2.5
      vertex -25.560805999753168 -59.10522094243711 2.5
    endloop
  endfacet
  facet normal 0 0 1
    outer loop
      vertex -26.462059052381047 -21.760760534077914 2.5
      vertex -26.057461252244604 -22.53165723484132 2.5
      vertex -21.823130302786133 -18.847766416358233 2.5
    endloop
  endfacet
  facet normal 0 0 1
    outer loop
      vertex -26.462059052381047 -21.760760534077914 2.5
      vertex -21.823130302786133 -18.847766416358233 2.5
      vertex -23.69621577072309 -19.190030935491333 2.5
    endloop
  endfacet
  facet normal 0 0 1
    outer loop
      vertex -26.26560991741156 -62.13506308828046 2.5
      vertex -23.157081604003906 -65.27076721191406 2.5
      vertex -24.418419548170142 -61.857415088208384 2.5
    endloop
  endfacet
  facet normal 0 0 1
    outer loop
      vertex -26.057461252244604 -22.53165723484132 2.5
      vertex -17.192138671875 -39.31626892089844 2.5
      vertex -21.823130302786133 -18.847766416358233 2.5
    endloop
  endfacet
  facet normal 0 0 1
    outer loop
      vertex -25.883767269704208 25.11650051885299 2.5
      vertex -25.869153931853983 25.014893953854376 2.5
      vertex -24.994042992684403 24.917466294110827 2.5
    endloop
  endfacet
  facet normal 0 0 1
    outer loop
      vertex -25.883767269704208 25.11650051885299 2.5
      vertex -25.716391573683396 26.27819276437411 2.5
      vertex -25.883767269704208 26.28591244148029 2.5
    endloop
  endfacet
  facet normal 0 0 1
    outer loop
      vertex -25.883767269704208 25.11650051885299 2.5
      vertex -24.994042992684403 24.917466294110827 2.5
      vertex -25.716391573683396 26.27819276437411 2.5
    endloop
  endfacet
  facet normal 0 0 1
    outer loop
      vertex -25.883767269704208 26.28591244148029 2.5
      vertex -25.716391573683396 26.27819276437411 2.5
      vertex -25.764907472754576 27.183731079101562 2.5
    endloop
  endfacet
  facet normal 0 0 1
    outer loop
      vertex -25.764907472754576 27.183731079101562 2.5
      vertex -25.716391573683396 26.27819276437411 2.5
      vertex -24.994042992684403 24.917466294110827 2.5
    endloop
  endfacet
  facet normal 0 0 1
    outer loop
      vertex -25.764907472754576 27.183731079101562 2.5
      vertex -24.994042992684403 24.917466294110827 2.5
      vertex -24.632026276540792 27.183731079101562 2.5
    endloop
  endfacet
  facet normal 0 0 1
    outer loop
      vertex -25.76284985412855 -57.187928265702475 2.5
      vertex -25.560805999753168 -59.10522094243711 2.5
      vertex -25.42818915089294 -56.95692866108936 2.5
    endloop
  endfacet
  facet normal 0.23961589786035328 -0.6655122457197232 0.706878824332479
    outer loop
      vertex -25.603919982910156 62.842010498046875 3
      vertex -25.41783905029297 62.3779296875 2.5
      vertex -20.979461669921875 64.50703430175781 3
    endloop
  endfacet
  facet normal 0.338758878732614 -0.9408732231708065 0
    outer loop
      vertex -25.603919982910156 62.842010498046875 3
      vertex -20.979461669921875 64.50703430175781 3
      vertex -20.979461669921875 64.50703430175781 16
    endloop
  endfacet
  facet normal 0.3285337670345413 -0.944483327601797 0.004099731738835963
    outer loop
      vertex -25.603919982910156 62.842010498046875 3
      vertex -20.979461669921875 64.50703430175781 16
      vertex -24.213134765625 63.38221740722656 16
    endloop
  endfacet
  facet normal 0 0 1
    outer loop
      vertex -25.560805999753168 -59.10522094243711 2.5
      vertex -24.418419548170142 -61.857415088208384 2.5
      vertex -25.42818915089294 -56.95692866108936 2.5
    endloop
  endfacet
  facet normal 0 0 1
    outer loop
      vertex -25.42818915089294 -56.95692866108936 2.5
      vertex -24.418419548170142 -61.857415088208384 2.5
      vertex -22.51785327897871 -59.53401611399705 2.5
    endloop
  endfacet
  facet normal 0 0 1
    outer loop
      vertex -25.42818915089294 -56.95692866108936 2.5
      vertex -22.51785327897871 -59.53401611399705 2.5
      vertex -21.148960297180203 -56.548317133288144 2.5
    endloop
  endfacet
  facet normal 0 0 1
    outer loop
      vertex -25.42818915089294 -56.95692866108936 2.5
      vertex -21.148960297180203 -56.548317133288144 2.5
      vertex -17.192138671875 -39.31626892089844 2.5
    endloop
  endfacet
  facet normal 0.21894220342046902 -0.6311592234492883 0.7441117834144823
    outer loop
      vertex -25.41783905029297 62.3779296875 2.5
      vertex -19.300186157226562 64.50007629394531 2.5
      vertex -20.979461669921875 64.50703430175781 3
    endloop
  endfacet
  facet normal 0 0 1
    outer loop
      vertex -25.41783905029297 62.3779296875 2.5
      vertex -10.75 27.183731079101562 2.5
      vertex -19.300186157226562 64.50007629394531 2.5
    endloop
  endfacet
  facet normal 0 0 1
    outer loop
      vertex -24.994042992684403 24.917466294110827 2.5
      vertex -23.66741155177773 23.270135298542897 2.5
      vertex -24.632026276540792 27.183731079101562 2.5
    endloop
  endfacet
  facet normal -0.2118172194258029 -0.675113565406279 -0.7066506487360945
    outer loop
      vertex -24.76287078857422 -67.87799072265625 1
      vertex -24.415557861328125 -66.94024658203125 0
      vertex -17.620872497558594 -69.07208251953125 0
    endloop
  endfacet
  facet normal -0.29936447453700454 -0.9541388323431674 0
    outer loop
      vertex -24.76287078857422 -67.87799072265625 1
      vertex -17.87152099609375 -70.04017639160156 1
      vertex -24.76287078857422 -67.87799072265625 16
    endloop
  endfacet
  facet normal -0.21181698268412175 -0.6751061856663251 -0.7066577700143543
    outer loop
      vertex -24.76287078857422 -67.87799072265625 1
      vertex -17.620872497558594 -69.07208251953125 0
      vertex -17.87152099609375 -70.04017639160156 1
    endloop
  endfacet
  facet normal -0.2293319045304073 -0.6689940952563151 0.7070033791126039
    outer loop
      vertex -24.76287078857422 -67.87799072265625 16
      vertex -21.46514892578125 -69.00845336914062 16
      vertex -21.314620971679688 -68.53164672851562 16.5
    endloop
  endfacet
  facet normal -0.32425104073460087 -0.9458868449915175 -0.012622957439560809
    outer loop
      vertex -24.76287078857422 -67.87799072265625 16
      vertex -17.87152099609375 -70.04017639160156 1
      vertex -21.46514892578125 -69.00845336914062 16
    endloop
  endfacet
  facet normal -0.3233516780464289 0.9462788660350386 0
    outer loop
      vertex -24.76287078857422 65.84544372558594 1
      vertex -24.76287078857422 65.84544372558594 16
      vertex -21.33167266845703 67.01791381835938 16
    endloop
  endfacet
  facet normal -0.2993589025299185 0.9541210731606755 -0.006101247970985886
    outer loop
      vertex -24.76287078857422 65.84544372558594 1
      vertex -21.33167266845703 67.01791381835938 16
      vertex -17.87152099609375 68.00762939453125 1
    endloop
  endfacet
  facet normal -0.21181909677636174 0.6751129237320374 -0.7066506990379523
    outer loop
      vertex -24.76287078857422 65.84544372558594 1
      vertex -17.87152099609375 68.00762939453125 1
      vertex -24.415557861328125 64.90769958496094 0
    endloop
  endfacet
  facet normal -0.2286815694179103 0.6692296681411423 0.7069910827501703
    outer loop
      vertex -24.76287078857422 65.84544372558594 16
      vertex -21.182083129882812 66.54081726074219 16.5
      vertex -21.33167266845703 67.01791381835938 16
    endloop
  endfacet
  facet normal 0 0 1
    outer loop
      vertex -24.632026276540792 27.183731079101562 2.5
      vertex -23.66741155177773 23.270135298542897 2.5
      vertex -22.002647637100843 23.996052532246836 2.5
    endloop
  endfacet
  facet normal 0 0 1
    outer loop
      vertex -24.632026276540792 27.183731079101562 2.5
      vertex -22.002647637100843 23.996052532246836 2.5
      vertex -21.51785327897871 23.658190900188593 2.5
    endloop
  endfacet
  facet normal 0 0 1
    outer loop
      vertex -24.632026276540792 27.183731079101562 2.5
      vertex -21.51785327897871 23.658190900188593 2.5
      vertex -19.943803706222337 23.584665341419086 2.5
    endloop
  endfacet
  facet normal 0 0 1
    outer loop
      vertex -24.632026276540792 27.183731079101562 2.5
      vertex -19.943803706222337 23.584665341419086 2.5
      vertex -19.259700485960828 23.236373079002263 2.5
    endloop
  endfacet
  facet normal 0 0 1
    outer loop
      vertex -24.632026276540792 27.183731079101562 2.5
      vertex -19.259700485960828 23.236373079002263 2.5
      vertex -18.484172140334724 24.111763619498166 2.5
    endloop
  endfacet
  facet normal 0 0 1
    outer loop
      vertex -24.632026276540792 27.183731079101562 2.5
      vertex -18.484172140334724 24.111763619498166 2.5
      vertex -18.46714227498695 24.177485335755733 2.5
    endloop
  endfacet
  facet normal 0 0 1
    outer loop
      vertex -24.632026276540792 27.183731079101562 2.5
      vertex -18.46714227498695 24.177485335755733 2.5
      vertex -18.450804098921694 24.17101587389531 2.5
    endloop
  endfacet
  facet normal 0 0 1
    outer loop
      vertex -24.632026276540792 27.183731079101562 2.5
      vertex -18.450804098921694 24.17101587389531 2.5
      vertex -18.0735893480255 25.701436278616416 2.5
    endloop
  endfacet
  facet normal 0 0 1
    outer loop
      vertex -24.632026276540792 27.183731079101562 2.5
      vertex -18.0735893480255 25.701436278616416 2.5
      vertex -18.29176350678149 27.183731079101562 2.5
    endloop
  endfacet
  facet normal 0 0 1
    outer loop
      vertex -24.418419548170142 -61.857415088208384 2.5
      vertex -23.157081604003906 -65.27076721191406 2.5
      vertex -22.64126045166687 -63.470152915124665 2.5
    endloop
  endfacet
  facet normal 0 0 1
    outer loop
      vertex -24.418419548170142 -61.857415088208384 2.5
      vertex -22.64126045166687 -63.470152915124665 2.5
      vertex -22.51785327897871 -59.53401611399705 2.5
    endloop
  endfacet
  facet normal 0 0 -1
    outer loop
      vertex -24.415557861328125 -66.94024658203125 0
      vertex -22.51785327897871 -62.826621357111 0
      vertex -22.08910606658406 -62.231339676684364 0
    endloop
  endfacet
  facet normal 0 0 -1
    outer loop
      vertex -24.415557861328125 -66.94024658203125 0
      vertex -22.51785327897871 -59.210720847076956 0
      vertex -22.51785327897871 -62.826621357111 0
    endloop
  endfacet
  facet normal 0 0 -1
    outer loop
      vertex -24.415557861328125 -66.94024658203125 0
      vertex -22.40464568859351 -63.511534247214676 0
      vertex -20.727741013075374 -62.18216306924327 0
    endloop
  endfacet
  facet normal 0 0 -1
    outer loop
      vertex -24.415557861328125 -66.94024658203125 0
      vertex -22.08910606658406 -62.231339676684364 0
      vertex -22.40464568859351 -63.511534247214676 0
    endloop
  endfacet
  facet normal 0 0 -1
    outer loop
      vertex -24.415557861328125 -66.94024658203125 0
      vertex -20.727741013075374 -62.18216306924327 0
      vertex -16.5 -65.4736328125 0
    endloop
  endfacet
  facet normal 0 0 -1
    outer loop
      vertex -24.415557861328125 -66.94024658203125 0
      vertex -16.5 -65.4736328125 0
      vertex -17.620872497558594 -69.07208251953125 0
    endloop
  endfacet
  facet normal -0.2118180083810103 0.6751112478368839 -0.7066526263799122
    outer loop
      vertex -24.415557861328125 64.90769958496094 0
      vertex -17.87152099609375 68.00762939453125 1
      vertex -17.620872497558594 67.03955078125 0
    endloop
  endfacet
  facet normal 0 0 -1
    outer loop
      vertex -24.415557861328125 64.90769958496094 0
      vertex -17.620872497558594 67.03955078125 0
      vertex -10.75 27.183731079101562 0
    endloop
  endfacet
  facet normal 0.23234878280124618 -0.6679665031852745 0.7069899530779884
    outer loop
      vertex -24.38909912109375 63.8502197265625 16.5
      vertex -24.213134765625 63.38221740722656 16
      vertex -20.979461669921875 64.50703430175781 16
    endloop
  endfacet
  facet normal 0.23492478363971675 -0.7378055131765922 0.6328138515851702
    outer loop
      vertex -24.38909912109375 63.8502197265625 16.5
      vertex -20.979461669921875 64.50703430175781 16
      vertex -17.606918334960938 66.00973510742188 16.5
    endloop
  endfacet
  facet normal 0 0 1
    outer loop
      vertex -24.38909912109375 63.8502197265625 16.5
      vertex -17.606918334960938 66.00973510742188 16.5
      vertex -21.182083129882812 66.54081726074219 16.5
    endloop
  endfacet
  facet normal 0 0 1
    outer loop
      vertex -24.226982438319926 -16.23669035571799 2.5
      vertex -23.69621577072309 -19.190030935491333 2.5
      vertex -23.21175760806215 -16.113419743411608 2.5
    endloop
  endfacet
  facet normal 0.3422852412770935 0.9395960906708168 0
    outer loop
      vertex -23.770301818847656 -65.57951354980469 3
      vertex -23.770301818847656 -65.57951354980469 16
      vertex -23.32659912109375 -65.74114990234375 3
    endloop
  endfacet
  facet normal 0.24203388976487844 0.6643993640638174 0.707101888865302
    outer loop
      vertex -23.770301818847656 -65.57951354980469 3
      vertex -23.32659912109375 -65.74114990234375 3
      vertex -23.157081604003906 -65.27076721191406 2.5
    endloop
  endfacet
  facet normal 0.2320454976926766 0.6680218090619799 0.7070373042620295
    outer loop
      vertex -23.770301818847656 -65.57951354980469 16
      vertex -21.527481079101562 -66.88778686523438 16.5
      vertex -21.372161865234375 -66.41253662109375 16
    endloop
  endfacet
  facet normal 0.3281296037758937 0.944632555687294 -0.0005457669525125135
    outer loop
      vertex -23.770301818847656 -65.57951354980469 16
      vertex -21.372161865234375 -66.41253662109375 16
      vertex -23.32659912109375 -65.74114990234375 3
    endloop
  endfacet
  facet normal 0 0 1
    outer loop
      vertex -23.69621577072309 -19.190030935491333 2.5
      vertex -21.823130302786133 -18.847766416358233 2.5
      vertex -23.21175760806215 -16.113419743411608 2.5
    endloop
  endfacet
  facet normal 0 0 1
    outer loop
      vertex -23.66741155177773 23.270135298542897 2.5
      vertex -23.52078841489017 22.675261847905517 2.5
      vertex -22.002647637100843 23.996052532246836 2.5
    endloop
  endfacet
  facet normal 0 0 1
    outer loop
      vertex -23.52078841489017 22.675261847905517 2.5
      vertex -21.191843215417318 22.152803812195508 2.5
      vertex -22.002647637100843 23.996052532246836 2.5
    endloop
  endfacet
  facet normal 0.2933110658507741 0.9560025007353491 0.005276100571609622
    outer loop
      vertex -23.32659912109375 -65.74114990234375 3
      vertex -21.372161865234375 -66.41253662109375 16
      vertex -16.98674774169922 -67.686279296875 3
    endloop
  endfacet
  facet normal 0.20835701954007008 0.6761234302129714 0.7067138455735985
    outer loop
      vertex -23.32659912109375 -65.74114990234375 3
      vertex -17.089263916015625 -67.40180969238281 2.74985408782959
      vertex -23.157081604003906 -65.27076721191406 2.5
    endloop
  endfacet
  facet normal 0.21081191886167408 0.6870554572266606 0.6953510865461584
    outer loop
      vertex -23.32659912109375 -65.74114990234375 3
      vertex -17.053924560546875 -67.49986267089844 2.8360233306884766
      vertex -17.089263916015625 -67.40180969238281 2.74985408782959
    endloop
  endfacet
  facet normal 0.21087327299017516 0.6872984094117232 0.6950923385842536
    outer loop
      vertex -23.32659912109375 -65.74114990234375 3
      vertex -17.012351989746094 -67.61521911621094 2.937474250793457
      vertex -17.053924560546875 -67.49986267089844 2.8360233306884766
    endloop
  endfacet
  facet normal 0.21091886279181965 0.6874577326169551 0.6949209301667065
    outer loop
      vertex -23.32659912109375 -65.74114990234375 3
      vertex -16.98674774169922 -67.686279296875 3
      vertex -17.012351989746094 -67.61521911621094 2.937474250793457
    endloop
  endfacet
  facet normal 0 0 1
    outer loop
      vertex -23.21175760806215 -16.113419743411608 2.5
      vertex -22.295026673544935 -16.933207579495967 2.5
      vertex -21.87777042939179 -16.271915908571344 2.5
    endloop
  endfacet
  facet normal 0 0 1
    outer loop
      vertex -23.21175760806215 -16.113419743411608 2.5
      vertex -21.87777042939179 -16.271915908571344 2.5
      vertex -17.192138671875 3.6837310791015625 2.5
    endloop
  endfacet
  facet normal 0 0 1
    outer loop
      vertex -23.21175760806215 -16.113419743411608 2.5
      vertex -21.823130302786133 -18.847766416358233 2.5
      vertex -22.295026673544935 -16.933207579495967 2.5
    endloop
  endfacet
  facet normal 0 0 1
    outer loop
      vertex -23.157081604003906 -65.27076721191406 2.5
      vertex -22.529338718923153 -63.924237234774886 2.5
      vertex -22.64126045166687 -63.470152915124665 2.5
    endloop
  endfacet
  facet normal 0 0 1
    outer loop
      vertex -23.157081604003906 -65.27076721191406 2.5
      vertex -22.49133921306552 -63.96078003754673 2.5
      vertex -22.529338718923153 -63.924237234774886 2.5
    endloop
  endfacet
  facet normal 0 0 1
    outer loop
      vertex -23.157081604003906 -65.27076721191406 2.5
      vertex -22.431459081146397 -63.938070498989106 2.5
      vertex -22.49133921306552 -63.96078003754673 2.5
    endloop
  endfacet
  facet normal 0 0 1
    outer loop
      vertex -23.157081604003906 -65.27076721191406 2.5
      vertex -17.192138671875 -67.11711120605469 2.5
      vertex -17.192138671875 -64.41668701171875 2.5
    endloop
  endfacet
  facet normal 0 0 1
    outer loop
      vertex -23.157081604003906 -65.27076721191406 2.5
      vertex -17.192138671875 -64.41668701171875 2.5
      vertex -22.431459081146397 -63.938070498989106 2.5
    endloop
  endfacet
  facet normal 0.21258886978106628 0.6868061857780017 0.6950562823414244
    outer loop
      vertex -23.157081604003906 -65.27076721191406 2.5
      vertex -17.089263916015625 -67.40180969238281 2.74985408782959
      vertex -17.192138671875 -67.11711120605469 2.5
    endloop
  endfacet
  facet normal 0 0 -1
    outer loop
      vertex -23.01698408033335 23.888622745463945 0
      vertex -22.4702579254795 26.1067779506757 0
      vertex -21.51785327897871 23.74399248600511 0
    endloop
  endfacet
  facet normal 0 0 -1
    outer loop
      vertex -23.01698408033335 23.888622745463945 0
      vertex -21.51785327897871 22.135639225508626 0
      vertex -16.5 3.6837310791015625 0
    endloop
  endfacet
  facet normal 0 0 -1
    outer loop
      vertex -23.01698408033335 23.888622745463945 0
      vertex -21.51785327897871 23.74399248600511 0
      vertex -21.51785327897871 22.135639225508626 0
    endloop
  endfacet
  facet normal 0 0 1
    outer loop
      vertex -22.64126045166687 -63.470152915124665 2.5
      vertex -22.529338718923153 -63.924237234774886 2.5
      vertex -22.51785327897871 -59.53401611399705 2.5
    endloop
  endfacet
  facet normal 0 0 1
    outer loop
      vertex -22.529338718923153 -63.924237234774886 2.5
      vertex -22.51785327897871 -63.89960057292911 2.5
      vertex -22.51785327897871 -59.53401611399705 2.5
    endloop
  endfacet
  facet normal 0 0 1
    outer loop
      vertex -22.529338718923153 -63.924237234774886 2.5
      vertex -22.49133921306552 -63.96078003754673 2.5
      vertex -22.51785327897871 -63.89960057292911 2.5
    endloop
  endfacet
  facet normal 0 0 1
    outer loop
      vertex -22.51785327897871 -63.89960057292911 2.5
      vertex -22.49133921306552 -63.96078003754673 2.5
      vertex -22.431459081146397 -63.938070498989106 2.5
    endloop
  endfacet
  facet normal 0 0 1
    outer loop
      vertex -22.51785327897871 -63.89960057292911 2.5
      vertex -22.431459081146397 -63.938070498989106 2.5
      vertex -21.116669085162275 -61.71399224667632 2.5
    endloop
  endfacet
  facet normal 0 0 1
    outer loop
      vertex -22.51785327897871 -63.89960057292911 2.5
      vertex -21.116669085162275 -61.71399224667632 2.5
      vertex -22.51785327897871 -59.53401611399705 2.5
    endloop
  endfacet
  facet normal 0 0 -1
    outer loop
      vertex -22.51785327897871 -62.826621357111 0
      vertex -22.51785327897871 -59.210720847076956 0
      vertex -22.08910606658406 -62.231339676684364 0
    endloop
  endfacet
  facet normal 0 0 1
    outer loop
      vertex -22.51785327897871 -59.53401611399705 2.5
      vertex -21.747457140534692 -59.1547845043949 2.5
      vertex -21.148960297180203 -56.548317133288144 2.5
    endloop
  endfacet
  facet normal 0 0 1
    outer loop
      vertex -22.51785327897871 -59.53401611399705 2.5
      vertex -21.116669085162275 -61.71399224667632 2.5
      vertex -21.747457140534692 -59.1547845043949 2.5
    endloop
  endfacet
  facet normal 0 0 -1
    outer loop
      vertex -22.51785327897871 -59.210720847076956 0
      vertex -21.51890121014247 -59.917927634615445 0
      vertex -22.08910606658406 -62.231339676684364 0
    endloop
  endfacet
  facet normal 0 0 -1
    outer loop
      vertex -22.51785327897871 -59.210720847076956 0
      vertex -20.83973959950597 -56.66558907527608 0
      vertex -21.51890121014247 -59.917927634615445 0
    endloop
  endfacet
  facet normal 0 0 -1
    outer loop
      vertex -22.51785327897871 -59.210720847076956 0
      vertex -16.5 -39.31626892089844 0
      vertex -20.83973959950597 -56.66558907527608 0
    endloop
  endfacet
  facet normal 0 0 -1
    outer loop
      vertex -22.51785327897871 -19.077913783941476 0
      vertex -22.51785327897871 -16.210713483874763 0
      vertex -21.283020977076994 -18.96092390955933 0
    endloop
  endfacet
  facet normal 0 0 -1
    outer loop
      vertex -22.51785327897871 -19.077913783941476 0
      vertex -21.55920630771834 -20.081451843564963 0
      vertex -16.5 -39.31626892089844 0
    endloop
  endfacet
  facet normal 0 0 -1
    outer loop
      vertex -22.51785327897871 -19.077913783941476 0
      vertex -21.283020977076994 -18.96092390955933 0
      vertex -21.55920630771834 -20.081451843564963 0
    endloop
  endfacet
  facet normal 0 0 -1
    outer loop
      vertex -22.51785327897871 -16.210713483874763 0
      vertex -21.52513770904196 -16.405651859091325 0
      vertex -20.824707493979652 -16.671290000927236 0
    endloop
  endfacet
  facet normal 0 0 -1
    outer loop
      vertex -22.51785327897871 -16.210713483874763 0
      vertex -20.848860198103985 -17.199464386856953 0
      vertex -21.283020977076994 -18.96092390955933 0
    endloop
  endfacet
  facet normal 0 0 -1
    outer loop
      vertex -22.51785327897871 -16.210713483874763 0
      vertex -20.824707493979652 -16.671290000927236 0
      vertex -20.848860198103985 -17.199464386856953 0
    endloop
  endfacet
  facet normal 0 0 -1
    outer loop
      vertex -22.51785327897871 -16.210713483874763 0
      vertex -16.5 3.6837310791015625 0
      vertex -21.52513770904196 -16.405651859091325 0
    endloop
  endfacet
  facet normal 0 0 -1
    outer loop
      vertex -22.4702579254795 26.1067779506757 0
      vertex -21.51785327897871 26.082164861869288 0
      vertex -21.51785327897871 23.74399248600511 0
    endloop
  endfacet
  facet normal 0 0 -1
    outer loop
      vertex -22.4702579254795 26.1067779506757 0
      vertex -21.51785327897871 26.084515266010495 0
      vertex -21.51785327897871 26.082164861869288 0
    endloop
  endfacet
  facet normal 0 0 1
    outer loop
      vertex -22.431459081146397 -63.938070498989106 2.5
      vertex -20.006888711032424 -62.47826141818089 2.5
      vertex -21.116669085162275 -61.71399224667632 2.5
    endloop
  endfacet
  facet normal 0 0 1
    outer loop
      vertex -22.431459081146397 -63.938070498989106 2.5
      vertex -17.192138671875 -64.41668701171875 2.5
      vertex -20.006888711032424 -62.47826141818089 2.5
    endloop
  endfacet
  facet normal 0 0 -1
    outer loop
      vertex -22.40464568859351 -63.511534247214676 0
      vertex -22.08910606658406 -62.231339676684364 0
      vertex -20.727741013075374 -62.18216306924327 0
    endloop
  endfacet
  facet normal 0 0 1
    outer loop
      vertex -22.295026673544935 -16.933207579495967 2.5
      vertex -21.823130302786133 -18.847766416358233 2.5
      vertex -21.87777042939179 -16.271915908571344 2.5
    endloop
  endfacet
  facet normal 0 0 -1
    outer loop
      vertex -22.08910606658406 -62.231339676684364 0
      vertex -21.51890121014247 -59.917927634615445 0
      vertex -20.727741013075374 -60.35604623591847 0
    endloop
  endfacet
  facet normal 0 0 -1
    outer loop
      vertex -22.08910606658406 -62.231339676684364 0
      vertex -20.727741013075374 -61.47314464559131 0
      vertex -20.727741013075374 -62.18216306924327 0
    endloop
  endfacet
  facet normal 0 0 -1
    outer loop
      vertex -22.08910606658406 -62.231339676684364 0
      vertex -20.727741013075374 -60.35604623591847 0
      vertex -20.727741013075374 -61.47314464559131 0
    endloop
  endfacet
  facet normal 0 0 1
    outer loop
      vertex -22.002647637100843 23.996052532246836 2.5
      vertex -21.191843215417318 22.152803812195508 2.5
      vertex -21.51785327897871 23.658190900188593 2.5
    endloop
  endfacet
  facet normal 0 0 1
    outer loop
      vertex -21.87777042939179 -16.271915908571344 2.5
      vertex -21.823130302786133 -18.847766416358233 2.5
      vertex -20.838894162896725 -16.665909707089344 2.5
    endloop
  endfacet
  facet normal 0 0 1
    outer loop
      vertex -21.87777042939179 -16.271915908571344 2.5
      vertex -20.838894162896725 -16.665909707089344 2.5
      vertex -17.192138671875 3.6837310791015625 2.5
    endloop
  endfacet
  facet normal 0 0 1
    outer loop
      vertex -21.823130302786133 -18.847766416358233 2.5
      vertex -20.727741013075377 -16.758896016820163 2.5
      vertex -20.838894162896725 -16.665909707089344 2.5
    endloop
  endfacet
  facet normal 0 0 1
    outer loop
      vertex -21.823130302786133 -18.847766416358233 2.5
      vertex -20.727741013075374 -22.990238814410894 2.5
      vertex -20.727741013075377 -16.758896016820163 2.5
    endloop
  endfacet
  facet normal 0 0 1
    outer loop
      vertex -21.823130302786133 -18.847766416358233 2.5
      vertex -20.675238939870027 -23.232672873754932 2.5
      vertex -20.727741013075374 -22.990238814410894 2.5
    endloop
  endfacet
  facet normal 0 0 1
    outer loop
      vertex -21.823130302786133 -18.847766416358233 2.5
      vertex -17.192138671875 -39.31626892089844 2.5
      vertex -20.675238939870027 -23.232672873754932 2.5
    endloop
  endfacet
  facet normal 0 0 1
    outer loop
      vertex -21.747457140534692 -59.1547845043949 2.5
      vertex -21.116669085162275 -61.71399224667632 2.5
      vertex -20.006888711032424 -62.47826141818089 2.5
    endloop
  endfacet
  facet normal 0 0 1
    outer loop
      vertex -21.747457140534692 -59.1547845043949 2.5
      vertex -20.821652871639753 -56.67244846637452 2.5
      vertex -21.148960297180203 -56.548317133288144 2.5
    endloop
  endfacet
  facet normal 0 0 1
    outer loop
      vertex -21.747457140534692 -59.1547845043949 2.5
      vertex -20.727741013075377 -56.87144717057458 2.5
      vertex -20.821652871639753 -56.67244846637452 2.5
    endloop
  endfacet
  facet normal 0 0 1
    outer loop
      vertex -21.747457140534692 -59.1547845043949 2.5
      vertex -20.006888711032424 -62.47826141818089 2.5
      vertex -20.727741013075377 -56.87144717057458 2.5
    endloop
  endfacet
  facet normal 0 0 -1
    outer loop
      vertex -21.55920630771834 -20.081451843564963 0
      vertex -21.283020977076994 -18.96092390955933 0
      vertex -16.5 -39.31626892089844 0
    endloop
  endfacet
  facet normal 0 0 1
    outer loop
      vertex -21.527481079101562 -66.88778686523438 16.5
      vertex -21.314620971679688 -68.53164672851562 16.5
      vertex -17 -68.19877624511719 16.5
    endloop
  endfacet
  facet normal 0.19746855644693453 0.6819545350633668 0.704233044752425
    outer loop
      vertex -21.527481079101562 -66.88778686523438 16.5
      vertex -17 -68.19877624511719 16.5
      vertex -16.98674774169922 -67.686279296875 16
    endloop
  endfacet
  facet normal 0.19728519934984404 0.6792402547575775 0.7069025579486564
    outer loop
      vertex -21.527481079101562 -66.88778686523438 16.5
      vertex -16.98674774169922 -67.686279296875 16
      vertex -21.372161865234375 -66.41253662109375 16
    endloop
  endfacet
  facet normal 0 0 -1
    outer loop
      vertex -21.52513770904196 -16.405651859091325 0
      vertex -16.5 3.6837310791015625 0
      vertex -20.824707493979652 -16.671290000927236 0
    endloop
  endfacet
  facet normal 0 0 -1
    outer loop
      vertex -21.51890121014247 -59.917927634615445 0
      vertex -20.83973959950597 -56.66558907527608 0
      vertex -20.727741013075377 -56.73456705558566 0
    endloop
  endfacet
  facet normal 0 0 -1
    outer loop
      vertex -21.51890121014247 -59.917927634615445 0
      vertex -20.727741013075377 -56.73456705558566 0
      vertex -20.727741013075374 -60.35604623591847 0
    endloop
  endfacet
  facet normal 0 0 -1
    outer loop
      vertex -21.51785327897871 22.135639225508626 0
      vertex -21.51785327897871 23.74399248600511 0
      vertex -16.5 3.6837310791015625 0
    endloop
  endfacet
  facet normal 0 0 1
    outer loop
      vertex -21.51785327897871 23.658190900188593 2.5
      vertex -21.191843215417318 22.152803812195508 2.5
      vertex -20.931672241925263 22.251473647493693 2.5
    endloop
  endfacet
  facet normal 0 0 1
    outer loop
      vertex -21.51785327897871 23.658190900188593 2.5
      vertex -20.931672241925263 22.251473647493693 2.5
      vertex -19.943803706222337 23.584665341419086 2.5
    endloop
  endfacet
  facet normal 0 0 -1
    outer loop
      vertex -21.51785327897871 23.74399248600511 0
      vertex -21.51785327897871 26.082164861869288 0
      vertex -21.233143971017974 23.18427557305015 0
    endloop
  endfacet
  facet normal 0 0 -1
    outer loop
      vertex -21.51785327897871 23.74399248600511 0
      vertex -21.233143971017974 23.18427557305015 0
      vertex -16.5 3.6837310791015625 0
    endloop
  endfacet
  facet normal 0 0 -1
    outer loop
      vertex -21.51785327897871 26.082164861869288 0
      vertex -21.51785327897871 26.084515266010495 0
      vertex -20.638722504583708 25.59593826406084 0
    endloop
  endfacet
  facet normal 0 0 -1
    outer loop
      vertex -21.51785327897871 26.082164861869288 0
      vertex -20.91153616314425 24.489089741420315 0
      vertex -21.233143971017974 23.18427557305015 0
    endloop
  endfacet
  facet normal 0 0 -1
    outer loop
      vertex -21.51785327897871 26.082164861869288 0
      vertex -20.638722504583708 25.59593826406084 0
      vertex -20.91153616314425 24.489089741420315 0
    endloop
  endfacet
  facet normal 0 0 -1
    outer loop
      vertex -21.51785327897871 26.084515266010495 0
      vertex -20.49309868886399 26.186757309342912 0
      vertex -20.638722504583708 25.59593826406084 0
    endloop
  endfacet
  facet normal 0 0 -1
    outer loop
      vertex -21.51785327897871 26.084515266010495 0
      vertex -10.75 27.183731079101562 0
      vertex -20.49309868886399 26.186757309342912 0
    endloop
  endfacet
  facet normal -0.24473750039712658 -0.9695559193628644 0.00805450978006185
    outer loop
      vertex -21.46514892578125 -69.00845336914062 16
      vertex -17.87152099609375 -70.04017639160156 1
      vertex -16.902923583984375 -70.28373718261719 1.1125211715698242
    endloop
  endfacet
  facet normal -0.19147531967800577 -0.680870431193953 0.7069318622611136
    outer loop
      vertex -21.46514892578125 -69.00845336914062 16
      vertex -17 -69.74501037597656 16.5
      vertex -21.314620971679688 -68.53164672851562 16.5
    endloop
  endfacet
  facet normal -0.26921113117438544 -0.9630811839361247 0
    outer loop
      vertex -21.46514892578125 -69.00845336914062 16
      vertex -16.902923583984375 -70.28373718261719 1.1125211715698242
      vertex -16.902923583984375 -70.28373718261719 16
    endloop
  endfacet
  facet normal -0.19175499604849705 -0.6859880860588455 0.7018905664530354
    outer loop
      vertex -21.46514892578125 -69.00845336914062 16
      vertex -16.902923583984375 -70.28373718261719 16
      vertex -17 -69.74501037597656 16.5
    endloop
  endfacet
  facet normal 0.278922870650487 0.960313507261088 0
    outer loop
      vertex -21.372161865234375 -66.41253662109375 16
      vertex -16.98674774169922 -67.686279296875 16
      vertex -16.98674774169922 -67.686279296875 3
    endloop
  endfacet
  facet normal -0.1944884544814701 0.6799524704181696 0.7069928422874147
    outer loop
      vertex -21.33167266845703 67.01791381835938 16
      vertex -21.182083129882812 66.54081726074219 16.5
      vertex -17.87152099609375 68.00762939453125 16
    endloop
  endfacet
  facet normal -0.2750039047300642 0.9614431092806364 0
    outer loop
      vertex -21.33167266845703 67.01791381835938 16
      vertex -17.87152099609375 68.00762939453125 16
      vertex -17.87152099609375 68.00762939453125 1
    endloop
  endfacet
  facet normal 0 0 1
    outer loop
      vertex -21.314620971679688 -68.53164672851562 16.5
      vertex -17 -69.74501037597656 16.5
      vertex -17 -68.19877624511719 16.5
    endloop
  endfacet
  facet normal 0 0 -1
    outer loop
      vertex -21.283020977076994 -18.96092390955933 0
      vertex -20.848860198103985 -17.199464386856953 0
      vertex -20.727741013075377 -17.356046235918466 0
    endloop
  endfacet
  facet normal 0 0 -1
    outer loop
      vertex -21.283020977076994 -18.96092390955933 0
      vertex -20.727741013075377 -18.796751162554838 0
      vertex -20.727741013075374 -20.70639660073072 0
    endloop
  endfacet
  facet normal 0 0 -1
    outer loop
      vertex -21.283020977076994 -18.96092390955933 0
      vertex -20.727741013075377 -17.356046235918466 0
      vertex -20.727741013075377 -18.796751162554838 0
    endloop
  endfacet
  facet normal 0 0 -1
    outer loop
      vertex -21.283020977076994 -18.96092390955933 0
      vertex -20.727741013075374 -20.70639660073072 0
      vertex -16.5 -39.31626892089844 0
    endloop
  endfacet
  facet normal 0 0 -1
    outer loop
      vertex -21.233143971017974 23.18427557305015 0
      vertex -20.91153616314425 24.489089741420315 0
      vertex -16.5 22.183731079101562 0
    endloop
  endfacet
  facet normal 0 0 -1
    outer loop
      vertex -21.233143971017974 23.18427557305015 0
      vertex -16.5 22.183731079101562 0
      vertex -16.5 3.6837310791015625 0
    endloop
  endfacet
  facet normal 0 0 1
    outer loop
      vertex -21.191843215417318 22.152803812195508 2.5
      vertex -17.192138671875 3.6837310791015625 2.5
      vertex -20.931672241925263 22.251473647493693 2.5
    endloop
  endfacet
  facet normal 0 0 1
    outer loop
      vertex -21.182083129882812 66.54081726074219 16.5
      vertex -17.606918334960938 66.00973510742188 16.5
      vertex -14.243148803710938 68.33625793457031 16.5
    endloop
  endfacet
  facet normal -0.1618328340838666 0.6254438945798985 0.7633020821045312
    outer loop
      vertex -21.182083129882812 66.54081726074219 16.5
      vertex -14.243148803710938 68.33625793457031 16.5
      vertex -17.87152099609375 68.00762939453125 16
    endloop
  endfacet
  facet normal 0 0 1
    outer loop
      vertex -21.148960297180203 -56.548317133288144 2.5
      vertex -20.821652871639753 -56.67244846637452 2.5
      vertex -17.192138671875 -39.31626892089844 2.5
    endloop
  endfacet
  facet normal 0.29376942548758106 -0.9558673113332395 -0.004148225314569041
    outer loop
      vertex -20.979461669921875 64.50703430175781 3
      vertex -19.441482543945312 64.97970581054688 3
      vertex -17.479881286621094 65.52615356445312 16
    endloop
  endfacet
  facet normal 0.2077333258168599 -0.6759229463491868 0.707089128712711
    outer loop
      vertex -20.979461669921875 64.50703430175781 3
      vertex -19.300186157226562 64.50007629394531 2.5
      vertex -19.441482543945312 64.97970581054688 3
    endloop
  endfacet
  facet normal 0.27959752977255065 -0.9601172956181383 0
    outer loop
      vertex -20.979461669921875 64.50703430175781 3
      vertex -17.479881286621094 65.52615356445312 16
      vertex -20.979461669921875 64.50703430175781 16
    endloop
  endfacet
  facet normal 0.19774203684200917 -0.6790315701187252 0.7069753981912471
    outer loop
      vertex -20.979461669921875 64.50703430175781 16
      vertex -17.479881286621094 65.52615356445312 16
      vertex -17.606918334960938 66.00973510742188 16.5
    endloop
  endfacet
  facet normal 0 0 1
    outer loop
      vertex -20.931672241925263 22.251473647493693 2.5
      vertex -19.259700485960828 23.236373079002263 2.5
      vertex -19.943803706222337 23.584665341419086 2.5
    endloop
  endfacet
  facet normal 0 0 1
    outer loop
      vertex -20.931672241925263 22.251473647493693 2.5
      vertex -17.192138671875 3.6837310791015625 2.5
      vertex -19.259700485960828 23.236373079002263 2.5
    endloop
  endfacet
  facet normal 0 0 -1
    outer loop
      vertex -20.91153616314425 24.489089741420315 0
      vertex -20.638722504583708 25.59593826406084 0
      vertex -19.727741013075374 25.086177470244174 0
    endloop
  endfacet
  facet normal 0 0 -1
    outer loop
      vertex -20.91153616314425 24.489089741420315 0
      vertex -19.727741013075374 23.996940989543077 0
      vertex -16.5 22.183731079101562 0
    endloop
  endfacet
  facet normal 0 0 -1
    outer loop
      vertex -20.91153616314425 24.489089741420315 0
      vertex -19.727741013075374 25.086177470244174 0
      vertex -19.727741013075374 23.996940989543077 0
    endloop
  endfacet
  facet normal 0 0 -1
    outer loop
      vertex -20.848860198103985 -17.199464386856953 0
      vertex -20.824707493979652 -16.671290000927236 0
      vertex -20.727741013075377 -16.835786679242045 0
    endloop
  endfacet
  facet normal 0 0 -1
    outer loop
      vertex -20.848860198103985 -17.199464386856953 0
      vertex -20.727741013075377 -16.835786679242045 0
      vertex -20.727741013075377 -17.356046235918466 0
    endloop
  endfacet
  facet normal 0 0 -1
    outer loop
      vertex -20.83973959950597 -56.66558907527608 0
      vertex -16.5 -39.31626892089844 0
      vertex -20.727741013075377 -56.73456705558566 0
    endloop
  endfacet
  facet normal 0 0 1
    outer loop
      vertex -20.838894162896725 -16.665909707089344 2.5
      vertex -20.727741013075377 -16.758896016820163 2.5
      vertex -20.72038554119814 -16.716367147849613 2.5
    endloop
  endfacet
  facet normal 0 0 1
    outer loop
      vertex -20.838894162896725 -16.665909707089344 2.5
      vertex -20.72038554119814 -16.716367147849613 2.5
      vertex -17.192138671875 3.6837310791015625 2.5
    endloop
  endfacet
  facet normal 0 0 -1
    outer loop
      vertex -20.824707493979652 -16.671290000927236 0
      vertex -16.5 3.6837310791015625 0
      vertex -20.727741013075377 -16.835786679242045 0
    endloop
  endfacet
  facet normal 0 0 1
    outer loop
      vertex -20.821652871639753 -56.67244846637452 2.5
      vertex -20.727741013075377 -56.87144717057458 2.5
      vertex -20.700930712834694 -56.73832710948401 2.5
    endloop
  endfacet
  facet normal 0 0 1
    outer loop
      vertex -20.821652871639753 -56.67244846637452 2.5
      vertex -20.700930712834694 -56.73832710948401 2.5
      vertex -17.192138671875 -39.31626892089844 2.5
    endloop
  endfacet
  facet normal 0 0 1
    outer loop
      vertex -20.727741013075377 -56.87144717057458 2.5
      vertex -20.006888711032424 -62.47826141818089 2.5
      vertex -19.489511223845977 -61.894262959964756 2.5
    endloop
  endfacet
  facet normal 0 0 1
    outer loop
      vertex -20.727741013075377 -56.87144717057458 2.5
      vertex -19.489511223845977 -61.894262959964756 2.5
      vertex -19.458250205188435 -61.85859120957427 2.5
    endloop
  endfacet
  facet normal 0 0 1
    outer loop
      vertex -20.727741013075377 -56.87144717057458 2.5
      vertex -19.458250205188435 -61.85859120957427 2.5
      vertex -20.700930712834694 -56.73832710948401 2.5
    endloop
  endfacet
  facet normal 0 0 -1
    outer loop
      vertex -20.727741013075377 -56.73456705558566 0
      vertex -16.5 -39.31626892089844 0
      vertex -20.727741013075374 -60.35604623591847 0
    endloop
  endfacet
  facet normal 0 0 -1
    outer loop
      vertex -20.727741013075377 -18.796751162554838 0
      vertex -20.727741013075377 -17.356046235918466 0
      vertex -20.448725505886117 -17.02300793858814 0
    endloop
  endfacet
  facet normal 0 0 -1
    outer loop
      vertex -20.727741013075377 -18.796751162554838 0
      vertex -20.448725505886117 -17.02300793858814 0
      vertex -20.06700625355482 -20.611229166494976 0
    endloop
  endfacet
  facet normal 0 0 -1
    outer loop
      vertex -20.727741013075377 -18.796751162554838 0
      vertex -20.168140193513583 -21.021545690318632 0
      vertex -16.5 -39.31626892089844 0
    endloop
  endfacet
  facet normal 0 0 -1
    outer loop
      vertex -20.727741013075377 -18.796751162554838 0
      vertex -20.06700625355482 -20.611229166494976 0
      vertex -20.168140193513583 -21.021545690318632 0
    endloop
  endfacet
  facet normal 0 0 -1
    outer loop
      vertex -20.727741013075377 -18.796751162554838 0
      vertex -16.5 -39.31626892089844 0
      vertex -20.727741013075374 -20.70639660073072 0
    endloop
  endfacet
  facet normal 0 0 -1
    outer loop
      vertex -20.727741013075377 -17.356046235918466 0
      vertex -20.727741013075377 -16.835786679242045 0
      vertex -20.61428595657984 -16.83612882161593 0
    endloop
  endfacet
  facet normal 0 0 -1
    outer loop
      vertex -20.727741013075377 -17.356046235918466 0
      vertex -20.61428595657984 -16.83612882161593 0
      vertex -20.448725505886117 -17.02300793858814 0
    endloop
  endfacet
  facet normal 0 0 -1
    outer loop
      vertex -20.727741013075377 -16.835786679242045 0
      vertex -16.5 3.6837310791015625 0
      vertex -20.61428595657984 -16.83612882161593 0
    endloop
  endfacet
  facet normal 0 0 1
    outer loop
      vertex -20.727741013075377 -16.758896016820163 2.5
      vertex -20.727741013075374 -22.990238814410894 2.5
      vertex -20.543088712825917 -17.45722836792737 2.5
    endloop
  endfacet
  facet normal 0 0 1
    outer loop
      vertex -20.727741013075377 -16.758896016820163 2.5
      vertex -20.543088712825917 -17.45722836792737 2.5
      vertex -20.72038554119814 -16.716367147849613 2.5
    endloop
  endfacet
  facet normal 0 0 -1
    outer loop
      vertex -20.727741013075374 -62.18216306924327 0
      vertex -20.727741013075374 -61.47314464559131 0
      vertex -16.5 -65.4736328125 0
    endloop
  endfacet
  facet normal 0 0 -1
    outer loop
      vertex -20.727741013075374 -61.47314464559131 0
      vertex -20.727741013075374 -60.35604623591847 0
      vertex -20.32552581160765 -61.660084243672 0
    endloop
  endfacet
  facet normal 0 0 -1
    outer loop
      vertex -20.727741013075374 -61.47314464559131 0
      vertex -20.32552581160765 -61.660084243672 0
      vertex -16.5 -65.4736328125 0
    endloop
  endfacet
  facet normal 0 0 -1
    outer loop
      vertex -20.727741013075374 -60.35604623591847 0
      vertex -20.198705879199466 -61.14555555193416 0
      vertex -20.32552581160765 -61.660084243672 0
    endloop
  endfacet
  facet normal 0 0 -1
    outer loop
      vertex -20.727741013075374 -60.35604623591847 0
      vertex -20.123787910436928 -57.389786662940324 0
      vertex -20.00847713796764 -57.519945618452645 0
    endloop
  endfacet
  facet normal 0 0 -1
    outer loop
      vertex -20.727741013075374 -60.35604623591847 0
      vertex -20.00847713796764 -57.519945618452645 0
      vertex -20.198705879199466 -61.14555555193416 0
    endloop
  endfacet
  facet normal 0 0 -1
    outer loop
      vertex -20.727741013075374 -60.35604623591847 0
      vertex -16.5 -39.31626892089844 0
      vertex -20.123787910436928 -57.389786662940324 0
    endloop
  endfacet
  facet normal 0 0 1
    outer loop
      vertex -20.727741013075374 -22.990238814410894 2.5
      vertex -20.675238939870027 -23.232672873754932 2.5
      vertex -19.883181893978993 -22.338625287465383 2.5
    endloop
  endfacet
  facet normal 0 0 1
    outer loop
      vertex -20.727741013075374 -22.990238814410894 2.5
      vertex -19.883181893978993 -22.338625287465383 2.5
      vertex -20.543088712825917 -17.45722836792737 2.5
    endloop
  endfacet
  facet normal 0 0 1
    outer loop
      vertex -20.72038554119814 -16.716367147849613 2.5
      vertex -20.543088712825917 -17.45722836792737 2.5
      vertex -20.470386987178863 -16.998557180696768 2.5
    endloop
  endfacet
  facet normal 0 0 1
    outer loop
      vertex -20.72038554119814 -16.716367147849613 2.5
      vertex -20.470386987178863 -16.998557180696768 2.5
      vertex -17.192138671875 3.6837310791015625 2.5
    endloop
  endfacet
  facet normal 0 0 1
    outer loop
      vertex -20.700930712834694 -56.73832710948401 2.5
      vertex -20.141518911145784 -57.36977250049017 2.5
      vertex -17.192138671875 -39.31626892089844 2.5
    endloop
  endfacet
  facet normal 0 0 1
    outer loop
      vertex -20.700930712834694 -56.73832710948401 2.5
      vertex -19.458250205188435 -61.85859120957427 2.5
      vertex -20.141518911145784 -57.36977250049017 2.5
    endloop
  endfacet
  facet normal 0 0 1
    outer loop
      vertex -20.675238939870027 -23.232672873754932 2.5
      vertex -17.192138671875 -39.31626892089844 2.5
      vertex -19.883181893978993 -22.338625287465383 2.5
    endloop
  endfacet
  facet normal 0 0 -1
    outer loop
      vertex -20.638722504583708 25.59593826406084 0
      vertex -20.49309868886399 26.186757309342912 0
      vertex -10.75 27.183731079101562 0
    endloop
  endfacet
  facet normal 0 0 -1
    outer loop
      vertex -20.638722504583708 25.59593826406084 0
      vertex -16.032089233398438 23.46929931640625 0
      vertex -19.727741013075374 25.086177470244174 0
    endloop
  endfacet
  facet normal 0 0 -1
    outer loop
      vertex -20.638722504583708 25.59593826406084 0
      vertex -15.785568237304688 23.7158203125 0
      vertex -16.032089233398438 23.46929931640625 0
    endloop
  endfacet
  facet normal 0 0 -1
    outer loop
      vertex -20.638722504583708 25.59593826406084 0
      vertex -15.5 23.915786743164062 0
      vertex -15.785568237304688 23.7158203125 0
    endloop
  endfacet
  facet normal 0 0 -1
    outer loop
      vertex -20.638722504583708 25.59593826406084 0
      vertex -15.184036254882812 24.0631103515625 0
      vertex -15.5 23.915786743164062 0
    endloop
  endfacet
  facet normal 0 0 -1
    outer loop
      vertex -20.638722504583708 25.59593826406084 0
      vertex -10.75 27.183731079101562 0
      vertex -15.184036254882812 24.0631103515625 0
    endloop
  endfacet
  facet normal 0 0 -1
    outer loop
      vertex -20.61428595657984 -16.83612882161593 0
      vertex -16.5 3.6837310791015625 0
      vertex -20.448725505886117 -17.02300793858814 0
    endloop
  endfacet
  facet normal 0 0 1
    outer loop
      vertex -20.543088712825917 -17.45722836792737 2.5
      vertex -19.883181893978993 -22.338625287465383 2.5
      vertex -20.470386987178863 -16.998557180696768 2.5
    endloop
  endfacet
  facet normal 0 0 1
    outer loop
      vertex -20.470386987178863 -16.998557180696768 2.5
      vertex -19.883181893978993 -22.338625287465383 2.5
      vertex -17.192138671875 3.6837310791015625 2.5
    endloop
  endfacet
  facet normal 0 0 -1
    outer loop
      vertex -20.448725505886117 -17.02300793858814 0
      vertex -16.5 -39.31626892089844 0
      vertex -20.06700625355482 -20.611229166494976 0
    endloop
  endfacet
  facet normal 0 0 -1
    outer loop
      vertex -20.448725505886117 -17.02300793858814 0
      vertex -16.5 3.6837310791015625 0
      vertex -16.5 -39.31626892089844 0
    endloop
  endfacet
  facet normal 0 0 -1
    outer loop
      vertex -20.32552581160765 -61.660084243672 0
      vertex -20.198705879199466 -61.14555555193416 0
      vertex -16.5 -65.4736328125 0
    endloop
  endfacet
  facet normal 0 0 -1
    outer loop
      vertex -20.198705879199466 -61.14555555193416 0
      vertex -20.00847713796764 -57.519945618452645 0
      vertex -16.5 -65.4736328125 0
    endloop
  endfacet
  facet normal 0 0 -1
    outer loop
      vertex -20.168140193513583 -21.021545690318632 0
      vertex -20.06700625355482 -20.611229166494976 0
      vertex -16.5 -39.31626892089844 0
    endloop
  endfacet
  facet normal 0 0 1
    outer loop
      vertex -20.141518911145784 -57.36977250049017 2.5
      vertex -19.458250205188435 -61.85859120957427 2.5
      vertex -19.45817589738716 -61.85867509179795 2.5
    endloop
  endfacet
  facet normal 0 0 1
    outer loop
      vertex -20.141518911145784 -57.36977250049017 2.5
      vertex -19.45817589738716 -61.85867509179795 2.5
      vertex -17.192138671875 -39.31626892089844 2.5
    endloop
  endfacet
  facet normal 0 0 -1
    outer loop
      vertex -20.123787910436928 -57.389786662940324 0
      vertex -16.5 -39.31626892089844 0
      vertex -20.00847713796764 -57.519945618452645 0
    endloop
  endfacet
  facet normal 0 0 -1
    outer loop
      vertex -20.00847713796764 -57.519945618452645 0
      vertex -16.5 -39.31626892089844 0
      vertex -16.5 -65.4736328125 0
    endloop
  endfacet
  facet normal 0 0 1
    outer loop
      vertex -20.006888711032424 -62.47826141818089 2.5
      vertex -17.192138671875 -64.41668701171875 2.5
      vertex -19.489511223845977 -61.894262959964756 2.5
    endloop
  endfacet
  facet normal 0 0 1
    outer loop
      vertex -19.883181893978993 -22.338625287465383 2.5
      vertex -17.192138671875 -39.31626892089844 2.5
      vertex -17.192138671875 3.6837310791015625 2.5
    endloop
  endfacet
  facet normal 0 0 -1
    outer loop
      vertex -19.727741013075374 23.996940989543077 0
      vertex -19.727741013075374 25.086177470244174 0
      vertex -16.032089233398438 23.46929931640625 0
    endloop
  endfacet
  facet normal 0 0 -1
    outer loop
      vertex -19.727741013075374 23.996940989543077 0
      vertex -16.46961212158203 22.531021118164062 0
      vertex -16.5 22.183731079101562 0
    endloop
  endfacet
  facet normal 0 0 -1
    outer loop
      vertex -19.727741013075374 23.996940989543077 0
      vertex -16.379379272460938 22.867767333984375 0
      vertex -16.46961212158203 22.531021118164062 0
    endloop
  endfacet
  facet normal 0 0 -1
    outer loop
      vertex -19.727741013075374 23.996940989543077 0
      vertex -16.23204803466797 23.183731079101562 0
      vertex -16.379379272460938 22.867767333984375 0
    endloop
  endfacet
  facet normal 0 0 -1
    outer loop
      vertex -19.727741013075374 23.996940989543077 0
      vertex -16.032089233398438 23.46929931640625 0
      vertex -16.23204803466797 23.183731079101562 0
    endloop
  endfacet
  facet normal 0 0 1
    outer loop
      vertex -19.489511223845977 -61.894262959964756 2.5
      vertex -19.45817589738716 -61.85867509179795 2.5
      vertex -19.458250205188435 -61.85859120957427 2.5
    endloop
  endfacet
  facet normal 0 0 1
    outer loop
      vertex -19.489511223845977 -61.894262959964756 2.5
      vertex -17.192138671875 -64.41668701171875 2.5
      vertex -19.45817589738716 -61.85867509179795 2.5
    endloop
  endfacet
  facet normal 0 0 1
    outer loop
      vertex -19.45817589738716 -61.85867509179795 2.5
      vertex -17.192138671875 -64.41668701171875 2.5
      vertex -17.192138671875 -39.31626892089844 2.5
    endloop
  endfacet
  facet normal 0.1726304510592806 -0.6859948162545557 0.7068308421673092
    outer loop
      vertex -19.441482543945312 64.97970581054688 3
      vertex -19.300186157226562 64.50007629394531 2.5
      vertex -14.111785888671875 66.3209228515625 3
    endloop
  endfacet
  facet normal 0.24404112851036897 -0.9697648826367067 0
    outer loop
      vertex -19.441482543945312 64.97970581054688 3
      vertex -14.111785888671875 66.3209228515625 3
      vertex -14.111785888671875 66.3209228515625 16
    endloop
  endfacet
  facet normal 0.2296580493935156 -0.973251271545229 0.006256419452103413
    outer loop
      vertex -19.441482543945312 64.97970581054688 3
      vertex -14.111785888671875 66.3209228515625 16
      vertex -17.479881286621094 65.52615356445312 16
    endloop
  endfacet
  facet normal 0.1608003398433344 -0.659764501677225 0.7340667905803062
    outer loop
      vertex -19.300186157226562 64.50007629394531 2.5
      vertex -13.009071350097656 66.03337097167969 2.5
      vertex -14.111785888671875 66.3209228515625 3
    endloop
  endfacet
  facet normal 0 0 1
    outer loop
      vertex -19.300186157226562 64.50007629394531 2.5
      vertex -10.75 27.183731079101562 2.5
      vertex -13.009071350097656 66.03337097167969 2.5
    endloop
  endfacet
  facet normal 0 0 1
    outer loop
      vertex -19.259700485960828 23.236373079002263 2.5
      vertex -17.192138671875 3.6837310791015625 2.5
      vertex -17.192138671875 22.183731079101562 2.5
    endloop
  endfacet
  facet normal 0 0 1
    outer loop
      vertex -19.259700485960828 23.236373079002263 2.5
      vertex -17.192138671875 22.183731079101562 2.5
      vertex -17.15123748779297 22.651214599609375 2.5
    endloop
  endfacet
  facet normal 0 0 1
    outer loop
      vertex -19.259700485960828 23.236373079002263 2.5
      vertex -17.15123748779297 22.651214599609375 2.5
      vertex -18.484172140334724 24.111763619498166 2.5
    endloop
  endfacet
  facet normal 0 0 1
    outer loop
      vertex -18.484172140334724 24.111763619498166 2.5
      vertex -18.450804098921694 24.17101587389531 2.5
      vertex -18.46714227498695 24.177485335755733 2.5
    endloop
  endfacet
  facet normal 0 0 1
    outer loop
      vertex -18.484172140334724 24.111763619498166 2.5
      vertex -17.15123748779297 22.651214599609375 2.5
      vertex -17.02977752685547 23.1044921875 2.5
    endloop
  endfacet
  facet normal 0 0 1
    outer loop
      vertex -18.484172140334724 24.111763619498166 2.5
      vertex -17.02977752685547 23.1044921875 2.5
      vertex -16.831459045410156 23.529800415039062 2.5
    endloop
  endfacet
  facet normal 0 0 1
    outer loop
      vertex -18.484172140334724 24.111763619498166 2.5
      vertex -16.831459045410156 23.529800415039062 2.5
      vertex -18.450804098921694 24.17101587389531 2.5
    endloop
  endfacet
  facet normal 0 0 1
    outer loop
      vertex -18.450804098921694 24.17101587389531 2.5
      vertex -16.831459045410156 23.529800415039062 2.5
      vertex -18.0735893480255 25.701436278616416 2.5
    endloop
  endfacet
  facet normal 0 0 1
    outer loop
      vertex -18.29176350678149 27.183731079101562 2.5
      vertex -18.101284822498176 26.410928678349652 2.5
      vertex -10.75 27.183731079101562 2.5
    endloop
  endfacet
  facet normal 0 0 1
    outer loop
      vertex -18.29176350678149 27.183731079101562 2.5
      vertex -18.0735893480255 25.701436278616416 2.5
      vertex -18.101284822498176 26.410928678349652 2.5
    endloop
  endfacet
  facet normal 0 0 1
    outer loop
      vertex -18.101284822498176 26.410928678349652 2.5
      vertex -18.0735893480255 25.701436278616416 2.5
      vertex -10.75 27.183731079101562 2.5
    endloop
  endfacet
  facet normal 0 0 1
    outer loop
      vertex -18.0735893480255 25.701436278616416 2.5
      vertex -16.831459045410156 23.529800415039062 2.5
      vertex -16.562301635742188 23.914199829101562 2.5
    endloop
  endfacet
  facet normal 0 0 1
    outer loop
      vertex -18.0735893480255 25.701436278616416 2.5
      vertex -16.562301635742188 23.914199829101562 2.5
      vertex -16.23046875 24.24603271484375 2.5
    endloop
  endfacet
  facet normal 0 0 1
    outer loop
      vertex -18.0735893480255 25.701436278616416 2.5
      vertex -16.23046875 24.24603271484375 2.5
      vertex -15.8460693359375 24.51519775390625 2.5
    endloop
  endfacet
  facet normal 0 0 1
    outer loop
      vertex -18.0735893480255 25.701436278616416 2.5
      vertex -15.8460693359375 24.51519775390625 2.5
      vertex -15.420768737792969 24.713516235351562 2.5
    endloop
  endfacet
  facet normal 0 0 1
    outer loop
      vertex -18.0735893480255 25.701436278616416 2.5
      vertex -15.420768737792969 24.713516235351562 2.5
      vertex -14.967491149902344 24.834976196289062 2.5
    endloop
  endfacet
  facet normal 0 0 1
    outer loop
      vertex -18.0735893480255 25.701436278616416 2.5
      vertex -14.967491149902344 24.834976196289062 2.5
      vertex -14.5 24.875869750976562 2.5
    endloop
  endfacet
  facet normal 0 0 1
    outer loop
      vertex -18.0735893480255 25.701436278616416 2.5
      vertex -14.5 24.875869750976562 2.5
      vertex -10.75 24.875869750976562 2.5
    endloop
  endfacet
  facet normal 0 0 1
    outer loop
      vertex -18.0735893480255 25.701436278616416 2.5
      vertex -10.75 24.875869750976562 2.5
      vertex -10.75 27.183731079101562 2.5
    endloop
  endfacet
  facet normal -0.17288945289519986 -0.685646908116398 -0.7071050519321879
    outer loop
      vertex -17.87152099609375 -70.04017639160156 1
      vertex -17.620872497558594 -69.07208251953125 0
      vertex -16.99449920654297 -70.26132202148438 1
    endloop
  endfacet
  facet normal -0.24449786123825235 -0.969632327431202 0.005826272416443937
    outer loop
      vertex -17.87152099609375 -70.04017639160156 1
      vertex -16.99449920654297 -70.26132202148438 1
      vertex -16.902923583984375 -70.28373718261719 1.1125211715698242
    endloop
  endfacet
  facet normal -0.2259873125255478 0.9741302451815571 0
    outer loop
      vertex -17.87152099609375 68.00762939453125 1
      vertex -17.87152099609375 68.00762939453125 16
      vertex -14.343742370605469 68.82603454589844 16
    endloop
  endfacet
  facet normal -0.2012941823935636 0.9795118319576978 -0.006101081001075845
    outer loop
      vertex -17.87152099609375 68.00762939453125 1
      vertex -14.343742370605469 68.82603454589844 16
      vertex -10.796798706054688 69.46151733398438 1
    endloop
  endfacet
  facet normal -0.1424304612407101 0.6930767713082638 -0.7066527809212039
    outer loop
      vertex -17.87152099609375 68.00762939453125 1
      vertex -10.796798706054688 69.46151733398438 1
      vertex -17.620872497558594 67.03955078125 0
    endloop
  endfacet
  facet normal -0.15982287772608902 0.6889249547907101 0.7069929663171831
    outer loop
      vertex -17.87152099609375 68.00762939453125 16
      vertex -14.243148803710938 68.33625793457031 16.5
      vertex -14.343742370605469 68.82603454589844 16
    endloop
  endfacet
  facet normal -0.17422503319868987 -0.6858824448699216 -0.7065485897135273
    outer loop
      vertex -17.620872497558594 -69.07208251953125 0
      vertex -16.995361328125 -69.23097229003906 0
      vertex -16.99449920654297 -70.26132202148438 1
    endloop
  endfacet
  facet normal 0 0 -1
    outer loop
      vertex -17.620872497558594 -69.07208251953125 0
      vertex -16.5 -65.4736328125 0
      vertex -16.995361328125 -69.23097229003906 0
    endloop
  endfacet
  facet normal -0.14243120313891894 0.6930782152060312 -0.706651215225179
    outer loop
      vertex -17.620872497558594 67.03955078125 0
      vertex -10.796798706054688 69.46151733398438 1
      vertex -10.645370483398438 68.47305297851562 0
    endloop
  endfacet
  facet normal 0 0 -1
    outer loop
      vertex -17.620872497558594 67.03955078125 0
      vertex -10.645370483398438 68.47305297851562 0
      vertex -0.1576945623071192 33.37489736443349 0
    endloop
  endfacet
  facet normal 0 0 -1
    outer loop
      vertex -17.620872497558594 67.03955078125 0
      vertex -0.1576945623071192 33.37489736443349 0
      vertex -10.75 27.183731079101562 0
    endloop
  endfacet
  facet normal 0.16242335477027678 -0.688322211985473 0.7069874018061386
    outer loop
      vertex -17.606918334960938 66.00973510742188 16.5
      vertex -17.479881286621094 65.52615356445312 16
      vertex -14.111785888671875 66.3209228515625 16
    endloop
  endfacet
  facet normal 0.15801432933817486 -0.7580409972277562 0.632775883110091
    outer loop
      vertex -17.606918334960938 66.00973510742188 16.5
      vertex -14.111785888671875 66.3209228515625 16
      vertex -10.638999938964844 67.46220397949219 16.5
    endloop
  endfacet
  facet normal 0 0 1
    outer loop
      vertex -17.606918334960938 66.00973510742188 16.5
      vertex -10.638999938964844 67.46220397949219 16.5
      vertex -14.243148803710938 68.33625793457031 16.5
    endloop
  endfacet
  facet normal 0.5888801348236917 0.6427786882673706 0.48995483946921975
    outer loop
      vertex -17.192138671875 -67.11711120605469 2.5
      vertex -17.089263916015625 -67.40180969238281 2.74985408782959
      vertex -16.8460693359375 -67.11711120605469 2.084056854248047
    endloop
  endfacet
  facet normal 0.7687209085160985 0 0.6395843687975683
    outer loop
      vertex -17.192138671875 -67.11711120605469 2.5
      vertex -16.8460693359375 -67.11711120605469 2.084056854248047
      vertex -17.192138671875 -64.41668701171875 2.5
    endloop
  endfacet
  facet normal 0.7687216295066881 2.2587353518608653e-7 0.6395835022329226
    outer loop
      vertex -17.192138671875 -64.41668701171875 2.5
      vertex -16.8460693359375 -67.11711120605469 2.084056854248047
      vertex -16.5 -67.11711120605469 1.6681127548217773
    endloop
  endfacet
  facet normal 0.7687212690117695 0 0.6395839355150618
    outer loop
      vertex -17.192138671875 -64.41668701171875 2.5
      vertex -16.5 -67.11711120605469 1.6681127548217773
      vertex -17.192138671875 -39.31626892089844 2.5
    endloop
  endfacet
  facet normal 0.7687212690117694 0 0.6395839355150617
    outer loop
      vertex -17.192138671875 -39.31626892089844 2.5
      vertex -16.5 -67.11711120605469 1.6681127548217773
      vertex -16.5 22.183731079101562 1.6681127548217773
    endloop
  endfacet
  facet normal 0.7687212690117695 0 0.6395839355150618
    outer loop
      vertex -17.192138671875 -39.31626892089844 2.5
      vertex -16.5 22.183731079101562 1.6681127548217773
      vertex -17.192138671875 3.6837310791015625 2.5
    endloop
  endfacet
  facet normal 0.7687212690117694 0 0.6395839355150618
    outer loop
      vertex -17.192138671875 3.6837310791015625 2.5
      vertex -16.5 22.183731079101562 1.6681127548217773
      vertex -17.192138671875 22.183731079101562 2.5
    endloop
  endfacet
  facet normal 0.7669884807951439 -0.06710554632540339 0.6381422380472289
    outer loop
      vertex -17.192138671875 22.183731079101562 2.5
      vertex -16.5 22.183731079101562 1.6681127548217773
      vertex -17.15123748779297 22.651214599609375 2.5
    endloop
  endfacet
  facet normal 0.7669865393982495 -0.06711132219734682 0.6381439640197355
    outer loop
      vertex -17.15123748779297 22.651214599609375 2.5
      vertex -16.5 22.183731079101562 1.6681127548217773
      vertex -16.46961212158203 22.531021118164062 1.6681127548217773
    endloop
  endfacet
  facet normal 0.7436810944474208 -0.19927629138226183 0.6381437059584762
    outer loop
      vertex -17.15123748779297 22.651214599609375 2.5
      vertex -16.46961212158203 22.531021118164062 1.6681127548217773
      vertex -17.02977752685547 23.1044921875 2.5
    endloop
  endfacet
  facet normal 0.6925836991622274 0.6006449569329736 0.39944142920552395
    outer loop
      vertex -17.089263916015625 -67.40180969238281 2.74985408782959
      vertex -17.053924560546875 -67.49986267089844 2.8360233306884766
      vertex -16.794723510742188 -67.60322570800781 2.5420279502868652
    endloop
  endfacet
  facet normal 0.7002000948679048 0.5273581890668199 0.4812620570657337
    outer loop
      vertex -17.089263916015625 -67.40180969238281 2.74985408782959
      vertex -16.794723510742188 -67.60322570800781 2.5420279502868652
      vertex -16.8460693359375 -67.11711120605469 2.084056854248047
    endloop
  endfacet
  facet normal 0.7588185820972992 0.5623806344417525 0.3285154204428403
    outer loop
      vertex -17.053924560546875 -67.49986267089844 2.8360233306884766
      vertex -17.012351989746094 -67.61521911621094 2.937474250793457
      vertex -16.90357208251953 -67.69512939453125 2.823007106781006
    endloop
  endfacet
  facet normal 0.721355043126871 0.5253509674097174 0.45127958384698064
    outer loop
      vertex -17.053924560546875 -67.49986267089844 2.8360233306884766
      vertex -16.90357208251953 -67.69512939453125 2.823007106781006
      vertex -16.794723510742188 -67.60322570800781 2.5420279502868652
    endloop
  endfacet
  facet normal 0.7436826091478362 -0.19927351077057093 0.6381428090609796
    outer loop
      vertex -17.02977752685547 23.1044921875 2.5
      vertex -16.46961212158203 22.531021118164062 1.6681127548217773
      vertex -16.379379272460938 22.867767333984375 1.6681127548217773
    endloop
  endfacet
  facet normal 0.6977863657430724 -0.32537327864107607 0.638142944276149
    outer loop
      vertex -17.02977752685547 23.1044921875 2.5
      vertex -16.379379272460938 22.867767333984375 1.6681127548217773
      vertex -16.831459045410156 23.529800415039062 2.5
    endloop
  endfacet
  facet normal 0.7952791194571299 0.5359217725451352 0.2834060265195017
    outer loop
      vertex -17.012351989746094 -67.61521911621094 2.937474250793457
      vertex -16.98674774169922 -67.686279296875 3
      vertex -16.884323120117188 -67.79147338867188 2.911503791809082
    endloop
  endfacet
  facet normal 0.7735321813799623 0.5055748258504863 0.3821544973381939
    outer loop
      vertex -17.012351989746094 -67.61521911621094 2.937474250793457
      vertex -16.884323120117188 -67.79147338867188 2.911503791809082
      vertex -16.90357208251953 -67.69512939453125 2.823007106781006
    endloop
  endfacet
  facet normal 0.5258074910677154 -0.5258074910677154 0.6686201946353016
    outer loop
      vertex -17 -69.74501037597656 16.5
      vertex -16.902923583984375 -70.28373718261719 16
      vertex -16.5 -69.88081359863281 16
    endloop
  endfacet
  facet normal 0.7071067811865476 0 0.7071067811865476
    outer loop
      vertex -17 -69.74501037597656 16.5
      vertex -16.5 -69.88081359863281 16
      vertex -17 -68.19877624511719 16.5
    endloop
  endfacet
  facet normal 0.7071067811865476 0 0.7071067811865476
    outer loop
      vertex -17 -68.19877624511719 16.5
      vertex -16.5 -69.88081359863281 16
      vertex -16.5 -68.49241638183594 16
    endloop
  endfacet
  facet normal 0.7492966170950311 0.4524273142098947 0.48359498029525044
    outer loop
      vertex -17 -68.19877624511719 16.5
      vertex -16.5 -68.49241638183594 16
      vertex -16.98674774169922 -67.686279296875 16
    endloop
  endfacet
  facet normal 0.5786810086105131 -0.5677506199501857 -0.5854805921802183
    outer loop
      vertex -16.995361328125 -69.23097229003906 0
      vertex -16.5 -68.72607421875 0
      vertex -16.99449920654297 -70.26132202148438 1
    endloop
  endfacet
  facet normal 0 0 -1
    outer loop
      vertex -16.995361328125 -69.23097229003906 0
      vertex -16.5 -65.4736328125 0
      vertex -16.5 -68.72607421875 0
    endloop
  endfacet
  facet normal 0.579575646673104 -0.5675842177126299 -0.5847565524104841
    outer loop
      vertex -16.99449920654297 -70.26132202148438 1
      vertex -16.5 -69.88081359863281 1.120783805847168
      vertex -16.902923583984375 -70.28373718261719 1.1125211715698242
    endloop
  endfacet
  facet normal 0.5795715201736193 -0.5675745907006664 -0.5847699864003034
    outer loop
      vertex -16.99449920654297 -70.26132202148438 1
      vertex -16.5 -68.72607421875 0
      vertex -16.5 -69.88081359863281 1.120783805847168
    endloop
  endfacet
  facet normal 0.8560368465626785 0.5169148066432468 0
    outer loop
      vertex -16.98674774169922 -67.686279296875 3
      vertex -16.98674774169922 -67.686279296875 16
      vertex -16.86505889892578 -67.88780212402344 3
    endloop
  endfacet
  facet normal 0.8011841277604925 0.4837921873922865 0.35220606588025355
    outer loop
      vertex -16.98674774169922 -67.686279296875 3
      vertex -16.86505889892578 -67.88780212402344 3
      vertex -16.884323120117188 -67.79147338867188 2.911503791809082
    endloop
  endfacet
  facet normal 0.8560534200240526 0.516887359165211 5.806229774791011e-7
    outer loop
      vertex -16.98674774169922 -67.686279296875 16
      vertex -16.5 -68.49241638183594 16
      vertex -16.86505889892578 -67.88780212402344 3
    endloop
  endfacet
  facet normal 0.7471134373351398 0.524420336696565 0.40841746070942364
    outer loop
      vertex -16.90357208251953 -67.69512939453125 2.823007106781006
      vertex -16.884323120117188 -67.79147338867188 2.911503791809082
      vertex -16.76905059814453 -67.84628295898438 2.7710142135620117
    endloop
  endfacet
  facet normal 0.7382952661141744 0.5021787560040145 0.4502628088701762
    outer loop
      vertex -16.90357208251953 -67.69512939453125 2.823007106781006
      vertex -16.76905059814453 -67.84628295898438 2.7710142135620117
      vertex -16.794723510742188 -67.60322570800781 2.5420279502868652
    endloop
  endfacet
  facet normal 0.7071067811865476 -0.7071067811865476 0
    outer loop
      vertex -16.902923583984375 -70.28373718261719 1.1125211715698242
      vertex -16.5 -69.88081359863281 1.120783805847168
      vertex -16.902923583984375 -70.28373718261719 16
    endloop
  endfacet
  facet normal 0.7071067811865475 -0.7071067811865475 0
    outer loop
      vertex -16.902923583984375 -70.28373718261719 16
      vertex -16.5 -69.88081359863281 1.120783805847168
      vertex -16.5 -69.88081359863281 16
    endloop
  endfacet
  facet normal 0.8012166000707622 0.48376505522897617 0.3521694636256159
    outer loop
      vertex -16.884323120117188 -67.79147338867188 2.911503791809082
      vertex -16.86505889892578 -67.88780212402344 3
      vertex -16.5 -68.49241638183594 3
    endloop
  endfacet
  facet normal 0.7624441405936874 0.4736944693119152 0.4407862091963139
    outer loop
      vertex -16.884323120117188 -67.79147338867188 2.911503791809082
      vertex -16.5 -68.49241638183594 3
      vertex -16.76905059814453 -67.84628295898438 2.7710142135620117
    endloop
  endfacet
  facet normal 0.8560589440401413 0.5168782103444468 0
    outer loop
      vertex -16.86505889892578 -67.88780212402344 3
      vertex -16.5 -68.49241638183594 16
      vertex -16.5 -68.49241638183594 3
    endloop
  endfacet
  facet normal 0.7002102984723558 0.527351837551444 0.48125417124880043
    outer loop
      vertex -16.8460693359375 -67.11711120605469 2.084056854248047
      vertex -16.794723510742188 -67.60322570800781 2.5420279502868652
      vertex -16.5 -67.80476379394531 2.334056854248047
    endloop
  endfacet
  facet normal 0.6535163179507688 0.5265665672656515 0.5437316179974618
    outer loop
      vertex -16.8460693359375 -67.11711120605469 2.084056854248047
      vertex -16.5 -67.80476379394531 2.334056854248047
      vertex -16.5 -67.11711120605469 1.6681127548217773
    endloop
  endfacet
  facet normal 0.6977871582823384 -0.3253722850627864 0.6381425842625453
    outer loop
      vertex -16.831459045410156 23.529800415039062 2.5
      vertex -16.379379272460938 22.867767333984375 1.6681127548217773
      vertex -16.23204803466797 23.183731079101562 1.6681127548217773
    endloop
  endfacet
  facet normal 0.6306812507069066 -0.4416045538998285 0.6381430701509697
    outer loop
      vertex -16.831459045410156 23.529800415039062 2.5
      vertex -16.23204803466797 23.183731079101562 1.6681127548217773
      vertex -16.562301635742188 23.914199829101562 2.5
    endloop
  endfacet
  facet normal 0.7798730118321066 0.4708874035290933 0.4123871222692918
    outer loop
      vertex -16.794723510742188 -67.60322570800781 2.5420279502868652
      vertex -16.76905059814453 -67.84628295898438 2.7710142135620117
      vertex -16.5 -68.49241638183594 3
    endloop
  endfacet
  facet normal 0.7008827231287141 0.49620971067938324 0.5123859204224499
    outer loop
      vertex -16.794723510742188 -67.60322570800781 2.5420279502868652
      vertex -16.5 -68.49241638183594 3
      vertex -16.5 -67.80476379394531 2.334056854248047
    endloop
  endfacet
  facet normal 0.6306767524400083 -0.44160852270104667 0.6381447693192539
    outer loop
      vertex -16.562301635742188 23.914199829101562 2.5
      vertex -16.23204803466797 23.183731079101562 1.6681127548217773
      vertex -16.032089233398438 23.46929931640625 1.6681127548217773
    endloop
  endfacet
  facet normal 0.5444132058570791 -0.5444132058570791 0.6381445937848533
    outer loop
      vertex -16.562301635742188 23.914199829101562 2.5
      vertex -16.032089233398438 23.46929931640625 1.6681127548217773
      vertex -16.23046875 24.24603271484375 2.5
    endloop
  endfacet
  facet normal 1 0 0
    outer loop
      vertex -16.5 -69.88081359863281 1.120783805847168
      vertex -16.5 -68.72607421875 0
      vertex -16.5 -67.80476379394531 2.334056854248047
    endloop
  endfacet
  facet normal 1 0 0
    outer loop
      vertex -16.5 -69.88081359863281 1.120783805847168
      vertex -16.5 -68.49241638183594 3
      vertex -16.5 -69.88081359863281 16
    endloop
  endfacet
  facet normal 1 0 0
    outer loop
      vertex -16.5 -69.88081359863281 1.120783805847168
      vertex -16.5 -67.80476379394531 2.334056854248047
      vertex -16.5 -68.49241638183594 3
    endloop
  endfacet
  facet normal 1 0 0
    outer loop
      vertex -16.5 -69.88081359863281 16
      vertex -16.5 -68.49241638183594 3
      vertex -16.5 -68.49241638183594 16
    endloop
  endfacet
  facet normal 1 0 0
    outer loop
      vertex -16.5 -68.72607421875 0
      vertex -16.5 -67.11711120605469 1.6681127548217773
      vertex -16.5 -67.80476379394531 2.334056854248047
    endloop
  endfacet
  facet normal 1 0 0
    outer loop
      vertex -16.5 -68.72607421875 0
      vertex -16.5 -65.4736328125 0
      vertex -16.5 -67.11711120605469 1.6681127548217773
    endloop
  endfacet
  facet normal 1 0 0
    outer loop
      vertex -16.5 -67.11711120605469 1.6681127548217773
      vertex -16.5 -65.4736328125 0
      vertex -16.5 -39.31626892089844 0
    endloop
  endfacet
  facet normal 1 0 0
    outer loop
      vertex -16.5 -67.11711120605469 1.6681127548217773
      vertex -16.5 -39.31626892089844 0
      vertex -16.5 22.183731079101562 1.6681127548217773
    endloop
  endfacet
  facet normal 1 0 0
    outer loop
      vertex -16.5 -39.31626892089844 0
      vertex -16.5 3.6837310791015625 0
      vertex -16.5 22.183731079101562 1.6681127548217773
    endloop
  endfacet
  facet normal 1 0 0
    outer loop
      vertex -16.5 3.6837310791015625 0
      vertex -16.5 22.183731079101562 0
      vertex -16.5 22.183731079101562 1.6681127548217773
    endloop
  endfacet
  facet normal 0.996193717496113 -0.08716695028090989 0
    outer loop
      vertex -16.5 22.183731079101562 0
      vertex -16.46961212158203 22.531021118164062 0
      vertex -16.46961212158203 22.531021118164062 1.6681127548217773
    endloop
  endfacet
  facet normal 0.996193717496113 -0.08716695028090989 0
    outer loop
      vertex -16.5 22.183731079101562 0
      vertex -16.46961212158203 22.531021118164062 1.6681127548217773
      vertex -16.5 22.183731079101562 1.6681127548217773
    endloop
  endfacet
  facet normal 0.9659244117654894 -0.2588243241186833 0
    outer loop
      vertex -16.46961212158203 22.531021118164062 0
      vertex -16.379379272460938 22.867767333984375 0
      vertex -16.379379272460938 22.867767333984375 1.6681127548217773
    endloop
  endfacet
  facet normal 0.9659244117654894 -0.2588243241186833 0
    outer loop
      vertex -16.46961212158203 22.531021118164062 0
      vertex -16.379379272460938 22.867767333984375 1.6681127548217773
      vertex -16.46961212158203 22.531021118164062 1.6681127548217773
    endloop
  endfacet
  facet normal 0.9063133640584865 -0.4226063015727395 0
    outer loop
      vertex -16.379379272460938 22.867767333984375 0
      vertex -16.23204803466797 23.183731079101562 0
      vertex -16.23204803466797 23.183731079101562 1.6681127548217773
    endloop
  endfacet
  facet normal 0.9063133640584865 -0.4226063015727395 0
    outer loop
      vertex -16.379379272460938 22.867767333984375 0
      vertex -16.23204803466797 23.183731079101562 1.6681127548217773
      vertex -16.379379272460938 22.867767333984375 1.6681127548217773
    endloop
  endfacet
  facet normal 0.8191496603347372 -0.5735798409755043 0
    outer loop
      vertex -16.23204803466797 23.183731079101562 0
      vertex -16.032089233398438 23.46929931640625 0
      vertex -16.032089233398438 23.46929931640625 1.6681127548217773
    endloop
  endfacet
  facet normal 0.8191496603347372 -0.5735798409755043 0
    outer loop
      vertex -16.23204803466797 23.183731079101562 0
      vertex -16.032089233398438 23.46929931640625 1.6681127548217773
      vertex -16.23204803466797 23.183731079101562 1.6681127548217773
    endloop
  endfacet
  facet normal 0.544413205857079 -0.544413205857079 0.6381445937848532
    outer loop
      vertex -16.23046875 24.24603271484375 2.5
      vertex -16.032089233398438 23.46929931640625 1.6681127548217773
      vertex -15.785568237304688 23.7158203125 1.6681127548217773
    endloop
  endfacet
  facet normal 0.44161205500776995 -0.630674086720847 0.6381449594023603
    outer loop
      vertex -16.23046875 24.24603271484375 2.5
      vertex -15.785568237304688 23.7158203125 1.6681127548217773
      vertex -15.8460693359375 24.51519775390625 2.5
    endloop
  endfacet
  facet normal 0.7071067811865476 -0.7071067811865476 0
    outer loop
      vertex -16.032089233398438 23.46929931640625 0
      vertex -15.785568237304688 23.7158203125 0
      vertex -15.785568237304688 23.7158203125 1.6681127548217773
    endloop
  endfacet
  facet normal 0.7071067811865476 -0.7071067811865476 0
    outer loop
      vertex -16.032089233398438 23.46929931640625 0
      vertex -15.785568237304688 23.7158203125 1.6681127548217773
      vertex -16.032089233398438 23.46929931640625 1.6681127548217773
    endloop
  endfacet
  facet normal 0.4416210376986915 -0.6306705624212905 0.6381422261198079
    outer loop
      vertex -15.8460693359375 24.51519775390625 2.5
      vertex -15.785568237304688 23.7158203125 1.6681127548217773
      vertex -15.5 23.915786743164062 1.6681127548217773
    endloop
  endfacet
  facet normal 0.32537810083982394 -0.6977841898636602 0.6381428647804382
    outer loop
      vertex -15.8460693359375 24.51519775390625 2.5
      vertex -15.5 23.915786743164062 1.6681127548217773
      vertex -15.420768737792969 24.713516235351562 2.5
    endloop
  endfacet
  facet normal 0.5735945255633641 -0.8191393777885051 0
    outer loop
      vertex -15.785568237304688 23.7158203125 0
      vertex -15.5 23.915786743164062 0
      vertex -15.5 23.915786743164062 1.6681127548217773
    endloop
  endfacet
  facet normal 0.5735945255633641 -0.8191393777885051 0
    outer loop
      vertex -15.785568237304688 23.7158203125 0
      vertex -15.5 23.915786743164062 1.6681127548217773
      vertex -15.785568237304688 23.7158203125 1.6681127548217773
    endloop
  endfacet
  facet normal 0.42258832553391507 -0.9063217459172221 0
    outer loop
      vertex -15.5 23.915786743164062 0
      vertex -15.184036254882812 24.0631103515625 0
      vertex -15.184036254882812 24.0631103515625 1.6681127548217773
    endloop
  endfacet
  facet normal 0.42258832553391507 -0.9063217459172221 0
    outer loop
      vertex -15.5 23.915786743164062 0
      vertex -15.184036254882812 24.0631103515625 1.6681127548217773
      vertex -15.5 23.915786743164062 1.6681127548217773
    endloop
  endfacet
  facet normal 0.32535612218261584 -0.6977886299363466 0.6381492158499038
    outer loop
      vertex -15.5 23.915786743164062 1.6681127548217773
      vertex -15.184036254882812 24.0631103515625 1.6681127548217773
      vertex -15.420768737792969 24.713516235351562 2.5
    endloop
  endfacet
  facet normal 0.19927535566924337 -0.7436776024510733 0.6381480676422361
    outer loop
      vertex -15.420768737792969 24.713516235351562 2.5
      vertex -15.184036254882812 24.0631103515625 1.6681127548217773
      vertex -14.967491149902344 24.834976196289062 2.5
    endloop
  endfacet
  facet normal 0.25880937667018544 -0.9659284168858426 0
    outer loop
      vertex -15.184036254882812 24.0631103515625 0
      vertex -14.847297668457031 24.153335571289062 0
      vertex -14.847297668457031 24.153335571289062 1.6681127548217773
    endloop
  endfacet
  facet normal 0.25880937667018544 -0.9659284168858426 0
    outer loop
      vertex -15.184036254882812 24.0631103515625 0
      vertex -14.847297668457031 24.153335571289062 1.6681127548217773
      vertex -15.184036254882812 24.0631103515625 1.6681127548217773
    endloop
  endfacet
  facet normal 0 0 -1
    outer loop
      vertex -15.184036254882812 24.0631103515625 0
      vertex -10.75 27.183731079101562 0
      vertex -14.847297668457031 24.153335571289062 0
    endloop
  endfacet
  facet normal 0.19925993728854804 -0.7436779851263863 0.6381524362016666
    outer loop
      vertex -15.184036254882812 24.0631103515625 1.6681127548217773
      vertex -14.847297668457031 24.153335571289062 1.6681127548217773
      vertex -14.967491149902344 24.834976196289062 2.5
    endloop
  endfacet
  facet normal 0.06709137090439646 -0.7669820433147189 0.6381514657061813
    outer loop
      vertex -14.967491149902344 24.834976196289062 2.5
      vertex -14.847297668457031 24.153335571289062 1.6681127548217773
      vertex -14.5 24.875869750976562 2.5
    endloop
  endfacet
  facet normal 0.08718676789379247 -0.9961919832563572 0
    outer loop
      vertex -14.847297668457031 24.153335571289062 0
      vertex -14.5 24.183731079101562 0
      vertex -14.5 24.183731079101562 1.6681127548217773
    endloop
  endfacet
  facet normal 0.08718676789379247 -0.9961919832563572 0
    outer loop
      vertex -14.847297668457031 24.153335571289062 0
      vertex -14.5 24.183731079101562 1.6681127548217773
      vertex -14.847297668457031 24.153335571289062 1.6681127548217773
    endloop
  endfacet
  facet normal 0 0 -1
    outer loop
      vertex -14.847297668457031 24.153335571289062 0
      vertex -10.75 27.183731079101562 0
      vertex -14.5 24.183731079101562 0
    endloop
  endfacet
  facet normal 0.06712677083001965 -0.7669873832714169 0.638141324896295
    outer loop
      vertex -14.847297668457031 24.153335571289062 1.6681127548217773
      vertex -14.5 24.183731079101562 1.6681127548217773
      vertex -14.5 24.875869750976562 2.5
    endloop
  endfacet
  facet normal 0 -1 0
    outer loop
      vertex -14.5 24.183731079101562 0
      vertex -10.75 24.183731079101562 0
      vertex -14.5 24.183731079101562 1.6681127548217773
    endloop
  endfacet
  facet normal 0 0 -1
    outer loop
      vertex -14.5 24.183731079101562 0
      vertex -10.75 27.183731079101562 0
      vertex -10.75 24.183731079101562 0
    endloop
  endfacet
  facet normal 0 -1 0
    outer loop
      vertex -14.5 24.183731079101562 1.6681127548217773
      vertex -10.75 24.183731079101562 0
      vertex 14.5 24.183731079101562 1.6681127548217773
    endloop
  endfacet
  facet normal 0 -0.7687212690117695 0.6395839355150618
    outer loop
      vertex -14.5 24.183731079101562 1.6681127548217773
      vertex -10.75 24.875869750976562 2.5
      vertex -14.5 24.875869750976562 2.5
    endloop
  endfacet
  facet normal 0 -0.7687212690117695 0.6395839355150618
    outer loop
      vertex -14.5 24.183731079101562 1.6681127548217773
      vertex 10.75 24.875869750976562 2.5
      vertex -10.75 24.875869750976562 2.5
    endloop
  endfacet
  facet normal 0 -0.7687212690117695 0.6395839355150618
    outer loop
      vertex -14.5 24.183731079101562 1.6681127548217773
      vertex 14.5 24.183731079101562 1.6681127548217773
      vertex 10.75 24.875869750976562 2.5
    endloop
  endfacet
  facet normal -0.12472199412563348 0.6961351199243359 0.7069938606446707
    outer loop
      vertex -14.343742370605469 68.82603454589844 16
      vertex -14.243148803710938 68.33625793457031 16.5
      vertex -10.796798706054688 69.46151733398438 16
    endloop
  endfacet
  facet normal -0.17635537726179504 0.9843265621280622 0
    outer loop
      vertex -14.343742370605469 68.82603454589844 16
      vertex -10.796798706054688 69.46151733398438 16
      vertex -10.796798706054688 69.46151733398438 1
    endloop
  endfacet
  facet normal 0 0 1
    outer loop
      vertex -14.243148803710938 68.33625793457031 16.5
      vertex -10.638999938964844 67.46220397949219 16.5
      vertex -7.158256530761719 69.42092895507812 16.5
    endloop
  endfacet
  facet normal -0.09776751057734917 0.6386012598646292 0.7633020010289612
    outer loop
      vertex -14.243148803710938 68.33625793457031 16.5
      vertex -7.158256530761719 69.42092895507812 16.5
      vertex -10.796798706054688 69.46151733398438 16
    endloop
  endfacet
  facet normal 0.1977933597699419 -0.9802299233543547 -0.00520424746089628
    outer loop
      vertex -14.111785888671875 66.3209228515625 3
      vertex -13.104301452636719 66.52421569824219 3
      vertex -10.562240600585938 66.9681396484375 16
    endloop
  endfacet
  facet normal 0.13986524994304522 -0.6931481592257356 0.7070950015523684
    outer loop
      vertex -14.111785888671875 66.3209228515625 3
      vertex -13.009071350097656 66.03337097167969 2.5
      vertex -13.104301452636719 66.52421569824219 3
    endloop
  endfacet
  facet normal 0.17938038633804682 -0.9837797909070978 0
    outer loop
      vertex -14.111785888671875 66.3209228515625 3
      vertex -10.562240600585938 66.9681396484375 16
      vertex -14.111785888671875 66.3209228515625 16
    endloop
  endfacet
  facet normal 0.12686396873328445 -0.6957628488929374 0.7069792016301637
    outer loop
      vertex -14.111785888671875 66.3209228515625 16
      vertex -10.562240600585938 66.9681396484375 16
      vertex -10.638999938964844 67.46220397949219 16.5
    endloop
  endfacet
  facet normal 0.10394734729262278 -0.6997752900331667 0.7067598548657277
    outer loop
      vertex -13.104301452636719 66.52421569824219 3
      vertex -13.009071350097656 66.03337097167969 2.5
      vertex -7.0937042236328125 67.41705322265625 3
    endloop
  endfacet
  facet normal 0.1469316948752829 -0.9891466408177692 0
    outer loop
      vertex -13.104301452636719 66.52421569824219 3
      vertex -7.0937042236328125 67.41705322265625 3
      vertex -7.0937042236328125 67.41705322265625 16
    endloop
  endfacet
  facet normal 0.12834901954343256 -0.9916903136810274 0.008766466418403824
    outer loop
      vertex -13.104301452636719 66.52421569824219 3
      vertex -7.0937042236328125 67.41705322265625 16
      vertex -10.562240600585938 66.9681396484375 16
    endloop
  endfacet
  facet normal 0 0 1
    outer loop
      vertex -13.009071350097656 66.03337097167969 2.5
      vertex -10.75 27.183731079101562 2.5
      vertex -6.0847930908203125 57.468048095703125 2.5
    endloop
  endfacet
  facet normal 0.10306598820064308 -0.6970316820590684 0.7095944167495476
    outer loop
      vertex -13.009071350097656 66.03337097167969 2.5
      vertex -6.951957702636719 66.92900085449219 2.5
      vertex -7.0937042236328125 67.41705322265625 3
    endloop
  endfacet
  facet normal 0 0 1
    outer loop
      vertex -13.009071350097656 66.03337097167969 2.5
      vertex -6.0847930908203125 57.468048095703125 2.5
      vertex -6.951957702636719 66.92900085449219 2.5
    endloop
  endfacet
  facet normal -0.1263073046338607 0.9919911616522241 0
    outer loop
      vertex -10.796798706054688 69.46151733398438 1
      vertex -10.796798706054688 69.46151733398438 16
      vertex -7.208808898925781 69.91836547851562 16
    endloop
  endfacet
  facet normal -0.10116671837615457 0.9948507810160366 -0.006100705269221203
    outer loop
      vertex -10.796798706054688 69.46151733398438 1
      vertex -7.208808898925781 69.91836547851562 16
      vertex -3.6112823486328125 70.19221496582031 1
    endloop
  endfacet
  facet normal -0.071583066399462 0.703931793559226 -0.7066511831316363
    outer loop
      vertex -10.796798706054688 69.46151733398438 1
      vertex -3.6112823486328125 70.19221496582031 1
      vertex -10.645370483398438 68.47305297851562 0
    endloop
  endfacet
  facet normal -0.08932724217263506 0.7015574830520654 0.7069920379887473
    outer loop
      vertex -10.796798706054688 69.46151733398438 16
      vertex -7.158256530761719 69.42092895507812 16.5
      vertex -7.208808898925781 69.91836547851562 16
    endloop
  endfacet
  facet normal 0 0 -1
    outer loop
      vertex -10.75 24.183731079101562 0
      vertex -10.75 27.183731079101562 0
      vertex 10.75 24.183731079101562 0
    endloop
  endfacet
  facet normal 0 -1 0
    outer loop
      vertex -10.75 24.183731079101562 0
      vertex 10.75 24.183731079101562 0
      vertex 14.5 24.183731079101562 1.6681127548217773
    endloop
  endfacet
  facet normal 0 0 1
    outer loop
      vertex -10.75 24.875869750976562 2.5
      vertex 10.75 24.875869750976562 2.5
      vertex -10.75 27.183731079101562 2.5
    endloop
  endfacet
  facet normal 0 0 -1
    outer loop
      vertex -10.75 27.183731079101562 0
      vertex -1.4109001971968858 28.29044223538533 0
      vertex -1.2257641698361468 28.236542431142592 0
    endloop
  endfacet
  facet normal 0 0 -1
    outer loop
      vertex -10.75 27.183731079101562 0
      vertex -1.2257641698361468 28.236542431142592 0
      vertex -0.8760540280255685 28.194079932171014 0
    endloop
  endfacet
  facet normal 0 0 -1
    outer loop
      vertex -10.75 27.183731079101562 0
      vertex -0.8760540280255685 28.194079932171014 0
      vertex 0.482146721021291 28.234386390903627 0
    endloop
  endfacet
  facet normal 0 0 -1
    outer loop
      vertex -10.75 27.183731079101562 0
      vertex -0.1576945623071192 33.37489736443349 0
      vertex -1.4109001971968858 28.29044223538533 0
    endloop
  endfacet
  facet normal 0 0 -1
    outer loop
      vertex -10.75 27.183731079101562 0
      vertex 0.482146721021291 28.234386390903627 0
      vertex 10.75 27.183731079101562 0
    endloop
  endfacet
  facet normal 0 0 -1
    outer loop
      vertex -10.75 27.183731079101562 0
      vertex 10.75 27.183731079101562 0
      vertex 10.75 24.183731079101562 0
    endloop
  endfacet
  facet normal 0 0 1
    outer loop
      vertex -10.75 27.183731079101562 2.5
      vertex -2.9143524169921875 57.711456298828125 2.5
      vertex -6.0847930908203125 57.468048095703125 2.5
    endloop
  endfacet
  facet normal 0 0 1
    outer loop
      vertex -10.75 27.183731079101562 2.5
      vertex -1.6438226595990788 29.174431400884593 2.5
      vertex -0.5182277615595403 32.08784332480093 2.5
    endloop
  endfacet
  facet normal 0 0 1
    outer loop
      vertex -10.75 27.183731079101562 2.5
      vertex -1.4255121091407823 28.288710680277838 2.5
      vertex -1.6438226595990788 29.174431400884593 2.5
    endloop
  endfacet
  facet normal 0 0 1
    outer loop
      vertex -10.75 27.183731079101562 2.5
      vertex -1.2257641698361468 28.236542431142592 2.5
      vertex -1.4255121091407823 28.288710680277838 2.5
    endloop
  endfacet
  facet normal 0 0 1
    outer loop
      vertex -10.75 27.183731079101562 2.5
      vertex -0.8760540280255685 28.194079932171014 2.5
      vertex -1.2257641698361468 28.236542431142592 2.5
    endloop
  endfacet
  facet normal 0 0 1
    outer loop
      vertex -10.75 27.183731079101562 2.5
      vertex -0.5182277615595403 32.08784332480093 2.5
      vertex -0.0059959917654751616 35.91156424011015 2.5
    endloop
  endfacet
  facet normal 0 0 1
    outer loop
      vertex -10.75 27.183731079101562 2.5
      vertex -0.0059959917654751616 35.91156424011015 2.5
      vertex 2.9143524169921875 57.711456298828125 2.5
    endloop
  endfacet
  facet normal 0 0 1
    outer loop
      vertex -10.75 27.183731079101562 2.5
      vertex 0.9082942846330966 28.190780956626835 2.5
      vertex -0.8760540280255685 28.194079932171014 2.5
    endloop
  endfacet
  facet normal 0 0 1
    outer loop
      vertex -10.75 27.183731079101562 2.5
      vertex 2.9143524169921875 57.711456298828125 2.5
      vertex -2.9143524169921875 57.711456298828125 2.5
    endloop
  endfacet
  facet normal 0 0 1
    outer loop
      vertex -10.75 27.183731079101562 2.5
      vertex 10.75 24.875869750976562 2.5
      vertex 10.75 27.183731079101562 2.5
    endloop
  endfacet
  facet normal 0 0 1
    outer loop
      vertex -10.75 27.183731079101562 2.5
      vertex 10.75 27.183731079101562 2.5
      vertex 0.9082942846330966 28.190780956626835 2.5
    endloop
  endfacet
  facet normal -0.07158237982928319 0.7039300405937801 -0.7066529988952253
    outer loop
      vertex -10.645370483398438 68.47305297851562 0
      vertex -3.6112823486328125 70.19221496582031 1
      vertex -3.560638427734375 69.19349670410156 0
    endloop
  endfacet
  facet normal 0 0 -1
    outer loop
      vertex -10.645370483398438 68.47305297851562 0
      vertex -3.560638427734375 69.19349670410156 0
      vertex -0.1576945623071192 33.37489736443349 0
    endloop
  endfacet
  facet normal 0.09077537979288693 -0.701377113604361 0.7069865450880042
    outer loop
      vertex -10.638999938964844 67.46220397949219 16.5
      vertex -10.562240600585938 66.9681396484375 16
      vertex -7.0937042236328125 67.41705322265625 16
    endloop
  endfacet
  facet normal 0.07942837206641817 -0.7702711095926258 0.6327507814596703
    outer loop
      vertex -10.638999938964844 67.46220397949219 16.5
      vertex -7.0937042236328125 67.41705322265625 16
      vertex -3.5588455200195312 68.19229125976562 16.5
    endloop
  endfacet
  facet normal 0 0 1
    outer loop
      vertex -10.638999938964844 67.46220397949219 16.5
      vertex -3.5588455200195312 68.19229125976562 16.5
      vertex -7.158256530761719 69.42092895507812 16.5
    endloop
  endfacet
  facet normal -0.053679492358246386 0.7051807942593667 0.7069926163036567
    outer loop
      vertex -7.208808898925781 69.91836547851562 16
      vertex -7.158256530761719 69.42092895507812 16.5
      vertex -3.6112823486328125 70.19221496582031 16
    endloop
  endfacet
  facet normal -0.07590201344489092 0.9971152813767381 0
    outer loop
      vertex -7.208808898925781 69.91836547851562 16
      vertex -3.6112823486328125 70.19221496582031 16
      vertex -3.6112823486328125 70.19221496582031 1
    endloop
  endfacet
  facet normal 0 0 1
    outer loop
      vertex -7.158256530761719 69.42092895507812 16.5
      vertex -3.5588455200195312 68.19229125976562 16.5
      vertex 0 69.78373718261719 16.5
    endloop
  endfacet
  facet normal -0.03270191451910231 0.6452132983934934 0.7633022889805677
    outer loop
      vertex -7.158256530761719 69.42092895507812 16.5
      vertex 0 69.78373718261719 16.5
      vertex -3.6112823486328125 70.19221496582031 16
    endloop
  endfacet
  facet normal 0.1023199589017641 -0.9947515398381354 0
    outer loop
      vertex -7.0937042236328125 67.41705322265625 3
      vertex -6.995796203613281 67.4271240234375 3
      vertex -6.995796203613281 67.4271240234375 8.600000381469727
    endloop
  endfacet
  facet normal 0.1023199589017641 -0.9947515398381354 0
    outer loop
      vertex -7.0937042236328125 67.41705322265625 3
      vertex -6.995796203613281 67.4271240234375 8.600000381469727
      vertex -7.0937042236328125 67.41705322265625 16
    endloop
  endfacet
  facet normal 0.0723515460849144 -0.7033995385664442 0.7071027810181741
    outer loop
      vertex -7.0937042236328125 67.41705322265625 3
      vertex -6.951957702636719 66.92900085449219 2.5
      vertex -6.995796203613281 67.4271240234375 3
    endloop
  endfacet
  facet normal 0.07725520463688408 -0.9970112944850641 -0.000334702449850416
    outer loop
      vertex -7.0937042236328125 67.41705322265625 16
      vertex -6.995796203613281 67.4271240234375 8.600000381469727
      vertex -3.533172607421875 67.69294738769531 16
    endloop
  endfacet
  facet normal 0.05463670331399183 -0.7051099088212375 0.7069899908294918
    outer loop
      vertex -7.0937042236328125 67.41705322265625 16
      vertex -3.533172607421875 67.69294738769531 16
      vertex -3.5588455200195312 68.19229125976562 16.5
    endloop
  endfacet
  facet normal -0.5190160369573119 -0.6278671018627636 0.5800045308267688
    outer loop
      vertex -6.995796203613281 67.4271240234375 3
      vertex -6.951957702636719 66.92900085449219 2.5
      vertex -6.454505920410156 66.97967529296875 3
    endloop
  endfacet
  facet normal -0.6371318390338673 -0.7707548376035809 0
    outer loop
      vertex -6.995796203613281 67.4271240234375 3
      vertex -6.454505920410156 66.97967529296875 3
      vertex -6.995796203613281 67.4271240234375 8.600000381469727
    endloop
  endfacet
  facet normal -0.6371318390338673 -0.7707548376035809 0
    outer loop
      vertex -6.995796203613281 67.4271240234375 8.600000381469727
      vertex -6.454505920410156 66.97967529296875 3
      vertex -6.454505920410156 66.97967529296875 8.600000381469727
    endloop
  endfacet
  facet normal 0 0 1
    outer loop
      vertex -6.995796203613281 67.4271240234375 8.600000381469727
      vertex -6.454505920410156 66.97967529296875 8.600000381469727
      vertex -3.5027847290039062 67.69450378417969 8.600000381469727
    endloop
  endfacet
  facet normal 0.07632377892881786 -0.9970830807982153 0.00010371096654963514
    outer loop
      vertex -6.995796203613281 67.4271240234375 8.600000381469727
      vertex -3.5027847290039062 67.69450378417969 8.600000381469727
      vertex -3.533172607421875 67.69294738769531 16
    endloop
  endfacet
  facet normal -0.7041528534297754 -0.06454069176453649 0.7071090850167747
    outer loop
      vertex -6.951957702636719 66.92900085449219 2.5
      vertex -6.0847930908203125 57.468048095703125 2.5
      vertex -5.587242126464844 57.517669677734375 3
    endloop
  endfacet
  facet normal -0.7041547137197788 -0.06454106173450669 0.7071071987304323
    outer loop
      vertex -6.951957702636719 66.92900085449219 2.5
      vertex -5.587242126464844 57.517669677734375 3
      vertex -6.454505920410156 66.97967529296875 3
    endloop
  endfacet
  facet normal -0.9958257341831389 -0.09127489873241348 0
    outer loop
      vertex -6.454505920410156 66.97967529296875 3
      vertex -5.587242126464844 57.517669677734375 3
      vertex -6.454505920410156 66.97967529296875 8.600000381469727
    endloop
  endfacet
  facet normal -0.9958257341831389 -0.09127489873241348 0
    outer loop
      vertex -6.454505920410156 66.97967529296875 8.600000381469727
      vertex -5.587242126464844 57.517669677734375 3
      vertex -5.587242126464844 57.517669677734375 8.600000381469727
    endloop
  endfacet
  facet normal 0 0 1
    outer loop
      vertex -6.454505920410156 66.97967529296875 8.600000381469727
      vertex -5.587242126464844 57.517669677734375 8.600000381469727
      vertex -3.41363525390625 57.68455505371094 8.600000381469727
    endloop
  endfacet
  facet normal 0 0 1
    outer loop
      vertex -6.454505920410156 66.97967529296875 8.600000381469727
      vertex -3.9706802368164062 67.168212890625 8.600000381469727
      vertex -3.5027847290039062 67.69450378417969 8.600000381469727
    endloop
  endfacet
  facet normal 0 0 1
    outer loop
      vertex -6.454505920410156 66.97967529296875 8.600000381469727
      vertex -3.41363525390625 57.68455505371094 8.600000381469727
      vertex -3.9706802368164062 67.168212890625 8.600000381469727
    endloop
  endfacet
  facet normal 0.0765291297498121 -0.9968072668728973 0.022772022508351565
    outer loop
      vertex -6.0847930908203125 57.468048095703125 2.5
      vertex -2.9143524169921875 57.711456298828125 2.5
      vertex -5.587242126464844 57.517669677734375 3
    endloop
  endfacet
  facet normal 0.07655278328823609 -0.9970655301286995 0
    outer loop
      vertex -5.587242126464844 57.517669677734375 3
      vertex -3.41363525390625 57.68455505371094 3
      vertex -5.587242126464844 57.517669677734375 8.600000381469727
    endloop
  endfacet
  facet normal 0.07653289628026455 -0.9968065108051153 0.022792450580966746
    outer loop
      vertex -5.587242126464844 57.517669677734375 3
      vertex -2.9143524169921875 57.711456298828125 2.5
      vertex -3.41363525390625 57.68455505371094 3
    endloop
  endfacet
  facet normal 0.07655278328823609 -0.9970655301286995 0
    outer loop
      vertex -5.587242126464844 57.517669677734375 8.600000381469727
      vertex -3.41363525390625 57.68455505371094 3
      vertex -3.41363525390625 57.68455505371094 8.600000381469727
    endloop
  endfacet
  facet normal 0.9982794123695787 0.05863629284878552 0
    outer loop
      vertex -3.9706802368164062 67.168212890625 3
      vertex -3.9706802368164062 67.168212890625 8.600000381469727
      vertex -3.41363525390625 57.68455505371094 8.600000381469727
    endloop
  endfacet
  facet normal 0.7473519329817939 -0.6644283921299391 0
    outer loop
      vertex -3.9706802368164062 67.168212890625 3
      vertex -3.5027847290039062 67.69450378417969 3
      vertex -3.9706802368164062 67.168212890625 8.600000381469727
    endloop
  endfacet
  facet normal 0.6093631535814981 -0.5417503621647113 0.5789499910627995
    outer loop
      vertex -3.9706802368164062 67.168212890625 3
      vertex -3.4714202880859375 67.19544982910156 2.5
      vertex -3.5027847290039062 67.69450378417969 3
    endloop
  endfacet
  facet normal 0.7058893187068642 0.04146207193863464 0.7071076059031712
    outer loop
      vertex -3.9706802368164062 67.168212890625 3
      vertex -3.41363525390625 57.68455505371094 3
      vertex -2.9143524169921875 57.711456298828125 2.5
    endloop
  endfacet
  facet normal 0.9982794123695787 0.05863629284878552 0
    outer loop
      vertex -3.9706802368164062 67.168212890625 3
      vertex -3.41363525390625 57.68455505371094 8.600000381469727
      vertex -3.41363525390625 57.68455505371094 3
    endloop
  endfacet
  facet normal 0.7058915395191695 0.041462438358674844 0.7071053674245513
    outer loop
      vertex -3.9706802368164062 67.168212890625 3
      vertex -2.9143524169921875 57.711456298828125 2.5
      vertex -3.4714202880859375 67.19544982910156 2.5
    endloop
  endfacet
  facet normal 0.7473519329817939 -0.6644283921299391 0
    outer loop
      vertex -3.9706802368164062 67.168212890625 8.600000381469727
      vertex -3.5027847290039062 67.69450378417969 3
      vertex -3.5027847290039062 67.69450378417969 8.600000381469727
    endloop
  endfacet
  facet normal -0.025335277134199384 0.9996790103490887 0
    outer loop
      vertex -3.6112823486328125 70.19221496582031 1
      vertex -3.6112823486328125 70.19221496582031 16
      vertex 0 70.28373718261719 16
    endloop
  endfacet
  facet normal 0 0.9999813864837798 -0.006101367549773876
    outer loop
      vertex -3.6112823486328125 70.19221496582031 1
      vertex 0 70.28373718261719 16
      vertex 3.6112823486328125 70.19221496582031 1
    endloop
  endfacet
  facet normal 0 0.7075600892175467 -0.7066531823649119
    outer loop
      vertex -3.6112823486328125 70.19221496582031 1
      vertex 3.6112823486328125 70.19221496582031 1
      vertex -3.560638427734375 69.19349670410156 0
    endloop
  endfacet
  facet normal -0.017917621719599965 0.7069932668816279 0.7069932668816279
    outer loop
      vertex -3.6112823486328125 70.19221496582031 16
      vertex 0 69.78373718261719 16.5
      vertex 0 70.28373718261719 16
    endloop
  endfacet
  facet normal 0 0 -1
    outer loop
      vertex -3.560638427734375 69.19349670410156 0
      vertex 0.4821467210212917 33.81497515144366 0
      vertex -0.1576945623071192 33.37489736443349 0
    endloop
  endfacet
  facet normal 0 0 -1
    outer loop
      vertex -3.560638427734375 69.19349670410156 0
      vertex 3.560638427734375 69.19349670410156 0
      vertex 0.4821467210212917 33.81497515144366 0
    endloop
  endfacet
  facet normal 0 0.7075600892175467 -0.7066531823649118
    outer loop
      vertex -3.560638427734375 69.19349670410156 0
      vertex 3.6112823486328125 70.19221496582031 1
      vertex 3.560638427734375 69.19349670410156 0
    endloop
  endfacet
  facet normal 0.01816703075296447 -0.7069875581258693 0.7069926107455731
    outer loop
      vertex -3.5588455200195312 68.19229125976562 16.5
      vertex -3.533172607421875 67.69294738769531 16
      vertex 0 67.78373718261719 16
    endloop
  endfacet
  facet normal 0 -0.7743646108741407 0.6327396379441869
    outer loop
      vertex -3.5588455200195312 68.19229125976562 16.5
      vertex 0 67.78373718261719 16
      vertex 3.5588531494140625 68.19229125976562 16.5
    endloop
  endfacet
  facet normal 0 0 1
    outer loop
      vertex -3.5588455200195312 68.19229125976562 16.5
      vertex 3.5588531494140625 68.19229125976562 16.5
      vertex 0 69.78373718261719 16.5
    endloop
  endfacet
  facet normal 0.025687914201228203 -0.999670005595696 -0.00010476779846647104
    outer loop
      vertex -3.533172607421875 67.69294738769531 16
      vertex -3.5027847290039062 67.69450378417969 8.600000381469727
      vertex 0 67.78373718261719 16
    endloop
  endfacet
  facet normal 0.018013262338916924 -0.7070960127613305 0.7068880753817663
    outer loop
      vertex -3.5027847290039062 67.69450378417969 3
      vertex -3.4714202880859375 67.19544982910156 2.5
      vertex 0 67.78373718261719 3
    endloop
  endfacet
  facet normal 0.025466725563222204 -0.9996756703496827 0
    outer loop
      vertex -3.5027847290039062 67.69450378417969 3
      vertex 0 67.78373718261719 3
      vertex -3.5027847290039062 67.69450378417969 8.600000381469727
    endloop
  endfacet
  facet normal 0.025466725563222204 -0.9996756703496827 0
    outer loop
      vertex -3.5027847290039062 67.69450378417969 8.600000381469727
      vertex 0 67.78373718261719 3
      vertex 0 67.78373718261719 16
    endloop
  endfacet
  facet normal 0 0 1
    outer loop
      vertex -3.4714202880859375 67.19544982910156 2.5
      vertex -2.9143524169921875 57.711456298828125 2.5
      vertex 2.9143524169921875 57.711456298828125 2.5
    endloop
  endfacet
  facet normal 0 0 1
    outer loop
      vertex -3.4714202880859375 67.19544982910156 2.5
      vertex 2.9143524169921875 57.711456298828125 2.5
      vertex 3.4714202880859375 67.19544982910156 2.5
    endloop
  endfacet
  facet normal 0 -0.647615145415392 0.7619675999861152
    outer loop
      vertex -3.4714202880859375 67.19544982910156 2.5
      vertex 3.4714202880859375 67.19544982910156 2.5
      vertex 0 67.78373718261719 3
    endloop
  endfacet
  facet normal 0 0 1
    outer loop
      vertex -1.6438226595990788 29.174431400884593 2.5
      vertex -1.4255121091407823 28.288710680277838 2.5
      vertex -1.4184195481701427 28.289551169888032 2.5
    endloop
  endfacet
  facet normal 0 0 1
    outer loop
      vertex -1.6438226595990788 29.174431400884593 2.5
      vertex -1.4184195481701427 28.289551169888032 2.5
      vertex -1.4184195481701427 29.22370674768261 2.5
    endloop
  endfacet
  facet normal 0 0 1
    outer loop
      vertex -1.6438226595990788 29.174431400884593 2.5
      vertex -1.4184195481701427 29.22370674768261 2.5
      vertex -0.5182277615595403 32.08784332480093 2.5
    endloop
  endfacet
  facet normal 0 0 1
    outer loop
      vertex -1.4255121091407823 28.288710680277838 2.5
      vertex -1.2257641698361468 28.236542431142592 2.5
      vertex -1.4184195481701427 28.289551169888032 2.5
    endloop
  endfacet
  facet normal 0 0 1
    outer loop
      vertex -1.4184195481701427 28.289551169888032 2.5
      vertex -1.2257641698361468 28.236542431142592 2.5
      vertex -1.4184195481701427 29.22370674768261 2.5
    endloop
  endfacet
  facet normal 0 0 1
    outer loop
      vertex -1.4184195481701427 29.22370674768261 2.5
      vertex -1.2257641698361468 28.236542431142592 2.5
      vertex -0.8760540280255685 28.194079932171014 2.5
    endloop
  endfacet
  facet normal 0 0 1
    outer loop
      vertex -1.4184195481701427 29.22370674768261 2.5
      vertex -0.8760540280255685 28.194079932171014 2.5
      vertex 0.4302553273316091 28.23969616373886 2.5
    endloop
  endfacet
  facet normal 0 0 1
    outer loop
      vertex -1.4184195481701427 29.22370674768261 2.5
      vertex 0.4302553273316091 28.23969616373886 2.5
      vertex -0.5182277615595403 32.08784332480093 2.5
    endloop
  endfacet
  facet normal 0 0 -1
    outer loop
      vertex -1.4109001971968858 28.29044223538533 0
      vertex -0.1576945623071192 33.37489736443349 0
      vertex -1.2257641698361468 28.236542431142592 0
    endloop
  endfacet
  facet normal 0 0 -1
    outer loop
      vertex -1.2257641698361468 28.236542431142592 0
      vertex -0.1576945623071192 33.37489736443349 0
      vertex 0.48214672102129125 29.940639075698986 0
    endloop
  endfacet
  facet normal 0 0 -1
    outer loop
      vertex -1.2257641698361468 28.236542431142592 0
      vertex 0.48214672102129125 29.940639075698986 0
      vertex -0.8760540280255685 28.194079932171014 0
    endloop
  endfacet
  facet normal 0 0 -1
    outer loop
      vertex -0.8760540280255685 28.194079932171014 0
      vertex 0.4821467210212911 28.400502289911397 0
      vertex 0.482146721021291 28.234386390903627 0
    endloop
  endfacet
  facet normal 0 0 -1
    outer loop
      vertex -0.8760540280255685 28.194079932171014 0
      vertex 0.48214672102129125 29.940639075698986 0
      vertex 0.4821467210212911 28.400502289911397 0
    endloop
  endfacet
  facet normal 0 0 1
    outer loop
      vertex -0.8760540280255685 28.194079932171014 2.5
      vertex 0.9082942846330966 28.190780956626835 2.5
      vertex 0.4302553273316091 28.23969616373886 2.5
    endloop
  endfacet
  facet normal 0 0 1
    outer loop
      vertex -0.5182277615595403 32.08784332480093 2.5
      vertex 0.4302553273316091 28.23969616373886 2.5
      vertex 0.9082942846330966 28.190780956626835 2.5
    endloop
  endfacet
  facet normal 0 0 1
    outer loop
      vertex -0.5182277615595403 32.08784332480093 2.5
      vertex 0.48214672102129186 34.91421027734094 2.5
      vertex -0.0059959917654751616 35.91156424011015 2.5
    endloop
  endfacet
  facet normal 0 0 1
    outer loop
      vertex -0.5182277615595403 32.08784332480093 2.5
      vertex 0.9082942846330966 28.190780956626835 2.5
      vertex 0.48214672102129186 34.91421027734094 2.5
    endloop
  endfacet
  facet normal 0 0 -1
    outer loop
      vertex -0.1576945623071192 33.37489736443349 0
      vertex 0.4821467210212917 33.81497515144366 0
      vertex 0.48214672102129125 29.940639075698986 0
    endloop
  endfacet
  facet normal 0 0 1
    outer loop
      vertex -0.0059959917654751616 35.91156424011015 2.5
      vertex 0.48214672102129186 34.91421027734094 2.5
      vertex 0.7194558286534734 35.88083602315913 2.5
    endloop
  endfacet
  facet normal 0 0 1
    outer loop
      vertex -0.0059959917654751616 35.91156424011015 2.5
      vertex 0.7194558286534734 35.88083602315913 2.5
      vertex 2.9143524169921875 57.711456298828125 2.5
    endloop
  endfacet
  facet normal -0.018011234067551153 -0.7070895675676235 0.7068945740946065
    outer loop
      vertex 0 67.78373718261719 3
      vertex 3.4714202880859375 67.19544982910156 2.5
      vertex 3.5025482177734375 67.69451904296875 3
    endloop
  endfacet
  facet normal -0.02546409185560432 -0.9996757374398808 0
    outer loop
      vertex 0 67.78373718261719 3
      vertex 3.5025482177734375 67.69451904296875 3
      vertex 0 67.78373718261719 16
    endloop
  endfacet
  facet normal -0.025464091855604318 -0.9996757374398806 0
    outer loop
      vertex 0 67.78373718261719 16
      vertex 3.5025482177734375 67.69451904296875 3
      vertex 3.5025482177734375 67.69451904296875 8.600000381469727
    endloop
  endfacet
  facet normal -0.02568791419787045 -0.9996700054650256 -0.00010600810575325279
    outer loop
      vertex 0 67.78373718261719 16
      vertex 3.5025482177734375 67.69451904296875 8.600000381469727
      vertex 3.533172607421875 67.69294738769531 16
    endloop
  endfacet
  facet normal -0.018167027192531576 -0.7069874195681826 0.7069927493937319
    outer loop
      vertex 0 67.78373718261719 16
      vertex 3.533172607421875 67.69294738769531 16
      vertex 3.5588531494140625 68.19229125976562 16.5
    endloop
  endfacet
  facet normal 0 0 1
    outer loop
      vertex 0 69.78373718261719 16.5
      vertex 3.5588531494140625 68.19229125976562 16.5
      vertex 7.15826416015625 69.42092895507812 16.5
    endloop
  endfacet
  facet normal 0.017917621719599965 0.7069932668816279 0.7069932668816279
    outer loop
      vertex 0 69.78373718261719 16.5
      vertex 3.6112823486328125 70.19221496582031 16
      vertex 0 70.28373718261719 16
    endloop
  endfacet
  facet normal 0.0327018859858553 0.645213423107557 0.7633021847831937
    outer loop
      vertex 0 69.78373718261719 16.5
      vertex 7.15826416015625 69.42092895507812 16.5
      vertex 3.6112823486328125 70.19221496582031 16
    endloop
  endfacet
  facet normal 0.025335277134199384 0.9996790103490887 0
    outer loop
      vertex 0 70.28373718261719 16
      vertex 3.6112823486328125 70.19221496582031 16
      vertex 3.6112823486328125 70.19221496582031 1
    endloop
  endfacet
  facet normal 0 0 -1
    outer loop
      vertex 0.482146721021291 28.234386390903627 0
      vertex 0.4821467210212911 28.400502289911397 0
      vertex 10.75 27.183731079101562 0
    endloop
  endfacet
  facet normal 0 0 -1
    outer loop
      vertex 0.4821467210212911 28.400502289911397 0
      vertex 0.48214672102129125 29.940639075698986 0
      vertex 0.5962278584830689 28.492009872593222 0
    endloop
  endfacet
  facet normal 0 0 -1
    outer loop
      vertex 0.4821467210212911 28.400502289911397 0
      vertex 0.5962278584830689 28.492009872593222 0
      vertex 10.75 27.183731079101562 0
    endloop
  endfacet
  facet normal 0 0 -1
    outer loop
      vertex 0.48214672102129125 29.940639075698986 0
      vertex 0.4821467210212917 33.81497515144366 0
      vertex 3.560638427734375 69.19349670410156 0
    endloop
  endfacet
  facet normal 0 0 -1
    outer loop
      vertex 0.48214672102129125 29.940639075698986 0
      vertex 0.8436727984673186 29.495933458023472 0
      vertex 0.5962278584830689 28.492009872593222 0
    endloop
  endfacet
  facet normal 0 0 -1
    outer loop
      vertex 0.48214672102129125 29.940639075698986 0
      vertex 1.025341686935448 35.76482881892868 0
      vertex 0.8436727984673186 29.495933458023472 0
    endloop
  endfacet
  facet normal 0 0 -1
    outer loop
      vertex 0.48214672102129125 29.940639075698986 0
      vertex 3.560638427734375 69.19349670410156 0
      vertex 1.025341686935448 35.76482881892868 0
    endloop
  endfacet
  facet normal 0 0 1
    outer loop
      vertex 0.48214672102129186 34.91421027734094 2.5
      vertex 0.9082942846330966 28.190780956626835 2.5
      vertex 2.1343233207374888 28.65575243841631 2.5
    endloop
  endfacet
  facet normal 0 0 1
    outer loop
      vertex 0.48214672102129186 34.91421027734094 2.5
      vertex 2.1343233207374888 28.65575243841631 2.5
      vertex 2.2566716886868403 28.77130469132627 2.5
    endloop
  endfacet
  facet normal 0 0 1
    outer loop
      vertex 0.48214672102129186 34.91421027734094 2.5
      vertex 2.2566716886868403 28.77130469132627 2.5
      vertex 0.7194558286534734 35.88083602315913 2.5
    endloop
  endfacet
  facet normal 0 0 -1
    outer loop
      vertex 0.5962278584830689 28.492009872593222 0
      vertex 0.8436727984673186 29.495933458023472 0
      vertex 1.6450637180441487 28.470200746127777 0
    endloop
  endfacet
  facet normal 0 0 -1
    outer loop
      vertex 0.5962278584830689 28.492009872593222 0
      vertex 1.6450637180441487 28.470200746127777 0
      vertex 10.75 27.183731079101562 0
    endloop
  endfacet
  facet normal 0 0 1
    outer loop
      vertex 0.7194558286534734 35.88083602315913 2.5
      vertex 2.1772411809437218 35.327970964156 2.5
      vertex 6.0207977294921875 57.47467041015625 2.5
    endloop
  endfacet
  facet normal 0 0 1
    outer loop
      vertex 0.7194558286534734 35.88083602315913 2.5
      vertex 2.2566716886868403 28.77130469132627 2.5
      vertex 2.1772411809437218 35.327970964156 2.5
    endloop
  endfacet
  facet normal 0 0 1
    outer loop
      vertex 0.7194558286534734 35.88083602315913 2.5
      vertex 6.0207977294921875 57.47467041015625 2.5
      vertex 2.9143524169921875 57.711456298828125 2.5
    endloop
  endfacet
  facet normal 0 0 -1
    outer loop
      vertex 0.8436727984673186 29.495933458023472 0
      vertex 1.025341686935448 35.76482881892868 0
      vertex 1.3529188689845855 31.56202598354654 0
    endloop
  endfacet
  facet normal 0 0 -1
    outer loop
      vertex 0.8436727984673186 29.495933458023472 0
      vertex 1.3529188689845855 31.56202598354654 0
      vertex 17.620864868164062 67.03955078125 0
    endloop
  endfacet
  facet normal 0 0 -1
    outer loop
      vertex 0.8436727984673186 29.495933458023472 0
      vertex 2.1343233207374888 28.65575243841631 0
      vertex 1.6450637180441487 28.470200746127777 0
    endloop
  endfacet
  facet normal 0 0 -1
    outer loop
      vertex 0.8436727984673186 29.495933458023472 0
      vertex 2.2722589869246237 32.68458894122764 0
      vertex 2.2722589869246246 28.768391112283858 0
    endloop
  endfacet
  facet normal 0 0 -1
    outer loop
      vertex 0.8436727984673186 29.495933458023472 0
      vertex 2.2722589869246246 28.768391112283858 0
      vertex 2.1343233207374888 28.65575243841631 0
    endloop
  endfacet
  facet normal 0 0 -1
    outer loop
      vertex 0.8436727984673186 29.495933458023472 0
      vertex 17.620864868164062 67.03955078125 0
      vertex 2.2722589869246237 32.68458894122764 0
    endloop
  endfacet
  facet normal 0 0 1
    outer loop
      vertex 0.9082942846330966 28.190780956626835 2.5
      vertex 10.75 27.183731079101562 2.5
      vertex 2.1343233207374888 28.65575243841631 2.5
    endloop
  endfacet
  facet normal 0 0 -1
    outer loop
      vertex 1.025341686935448 35.76482881892868 0
      vertex 2.0169727651096094 35.38875275691942 0
      vertex 1.3529188689845855 31.56202598354654 0
    endloop
  endfacet
  facet normal 0 0 -1
    outer loop
      vertex 1.025341686935448 35.76482881892868 0
      vertex 3.560638427734375 69.19349670410156 0
      vertex 2.0169727651096094 35.38875275691942 0
    endloop
  endfacet
  facet normal 0 0 -1
    outer loop
      vertex 1.3529188689845855 31.56202598354654 0
      vertex 2.0169727651096094 35.38875275691942 0
      vertex 17.620864868164062 67.03955078125 0
    endloop
  endfacet
  facet normal 0 0 -1
    outer loop
      vertex 1.6450637180441487 28.470200746127777 0
      vertex 2.1343233207374888 28.65575243841631 0
      vertex 10.75 27.183731079101562 0
    endloop
  endfacet
  facet normal 0 0 -1
    outer loop
      vertex 2.0169727651096094 35.38875275691942 0
      vertex 3.560638427734375 69.19349670410156 0
      vertex 10.645370483398438 68.47305297851562 0
    endloop
  endfacet
  facet normal 0 0 -1
    outer loop
      vertex 2.0169727651096094 35.38875275691942 0
      vertex 10.645370483398438 68.47305297851562 0
      vertex 17.620864868164062 67.03955078125 0
    endloop
  endfacet
  facet normal 0 0 -1
    outer loop
      vertex 2.1343233207374888 28.65575243841631 0
      vertex 2.2722589869246246 28.768391112283858 0
      vertex 10.75 27.183731079101562 0
    endloop
  endfacet
  facet normal 0 0 1
    outer loop
      vertex 2.1343233207374888 28.65575243841631 2.5
      vertex 2.3181107645510335 28.759820494315832 2.5
      vertex 2.2566716886868403 28.77130469132627 2.5
    endloop
  endfacet
  facet normal 0 0 1
    outer loop
      vertex 2.1343233207374888 28.65575243841631 2.5
      vertex 10.75 27.183731079101562 2.5
      vertex 2.3181107645510335 28.759820494315832 2.5
    endloop
  endfacet
  facet normal 0 0 1
    outer loop
      vertex 2.1772411809437218 35.327970964156 2.5
      vertex 2.2566716886868403 28.77130469132627 2.5
      vertex 2.272258986924623 35.19607814945771 2.5
    endloop
  endfacet
  facet normal 0 0 1
    outer loop
      vertex 2.1772411809437218 35.327970964156 2.5
      vertex 2.272258986924623 35.19607814945771 2.5
      vertex 2.2962207230224365 35.264888254749586 2.5
    endloop
  endfacet
  facet normal 0 0 1
    outer loop
      vertex 2.1772411809437218 35.327970964156 2.5
      vertex 2.2962207230224365 35.264888254749586 2.5
      vertex 13.0106201171875 66.03306579589844 2.5
    endloop
  endfacet
  facet normal 0 0 1
    outer loop
      vertex 2.1772411809437218 35.327970964156 2.5
      vertex 13.0106201171875 66.03306579589844 2.5
      vertex 6.0207977294921875 57.47467041015625 2.5
    endloop
  endfacet
  facet normal 0 0 1
    outer loop
      vertex 2.2566716886868403 28.77130469132627 2.5
      vertex 2.3181107645510335 28.759820494315832 2.5
      vertex 2.272258986924623 35.19607814945771 2.5
    endloop
  endfacet
  facet normal 0 0 1
    outer loop
      vertex 2.272258986924623 35.19607814945771 2.5
      vertex 2.3181107645510335 28.759820494315832 2.5
      vertex 2.7870973340266145 29.289196897968885 2.5
    endloop
  endfacet
  facet normal 0 0 1
    outer loop
      vertex 2.272258986924623 35.19607814945771 2.5
      vertex 2.342938872021226 35.005175897311126 2.5
      vertex 2.394204734125244 35.154287169795055 2.5
    endloop
  endfacet
  facet normal 0 0 1
    outer loop
      vertex 2.272258986924623 35.19607814945771 2.5
      vertex 2.394204734125244 35.154287169795055 2.5
      vertex 2.2962207230224365 35.264888254749586 2.5
    endloop
  endfacet
  facet normal 0 0 1
    outer loop
      vertex 2.272258986924623 35.19607814945771 2.5
      vertex 2.7870973340266145 29.289196897968885 2.5
      vertex 2.342938872021226 35.005175897311126 2.5
    endloop
  endfacet
  facet normal 0 0 -1
    outer loop
      vertex 2.2722589869246237 32.68458894122764 0
      vertex 10.75 27.183731079101562 0
      vertex 2.2722589869246246 28.768391112283858 0
    endloop
  endfacet
  facet normal 0 0 -1
    outer loop
      vertex 2.2722589869246237 32.68458894122764 0
      vertex 17.620864868164062 67.03955078125 0
      vertex 10.75 27.183731079101562 0
    endloop
  endfacet
  facet normal 0 0 1
    outer loop
      vertex 2.2962207230224365 35.264888254749586 2.5
      vertex 2.394204734125244 35.154287169795055 2.5
      vertex 13.0106201171875 66.03306579589844 2.5
    endloop
  endfacet
  facet normal 0 0 1
    outer loop
      vertex 2.3181107645510335 28.759820494315832 2.5
      vertex 10.75 27.183731079101562 2.5
      vertex 2.7870973340266145 29.289196897968885 2.5
    endloop
  endfacet
  facet normal 0 0 1
    outer loop
      vertex 2.342938872021226 35.005175897311126 2.5
      vertex 2.7870973340266145 29.289196897968885 2.5
      vertex 10.75 27.183731079101562 2.5
    endloop
  endfacet
  facet normal 0 0 1
    outer loop
      vertex 2.342938872021226 35.005175897311126 2.5
      vertex 10.75 27.183731079101562 2.5
      vertex 2.394204734125244 35.154287169795055 2.5
    endloop
  endfacet
  facet normal 0 0 1
    outer loop
      vertex 2.394204734125244 35.154287169795055 2.5
      vertex 10.75 27.183731079101562 2.5
      vertex 13.0106201171875 66.03306579589844 2.5
    endloop
  endfacet
  facet normal -0.7058893054633353 0.04146230713539602 0.7071076053328094
    outer loop
      vertex 2.9143524169921875 57.711456298828125 2.5
      vertex 3.41363525390625 57.68455505371094 3
      vertex 3.4714202880859375 67.19544982910156 2.5
    endloop
  endfacet
  facet normal -0.07598478759929184 -0.9968608711569937 0.022242203344319096
    outer loop
      vertex 2.9143524169921875 57.711456298828125 2.5
      vertex 6.0207977294921875 57.47467041015625 2.5
      vertex 3.41363525390625 57.68455505371094 3
    endloop
  endfacet
  facet normal -0.9982793597009586 0.058637189522043894 0
    outer loop
      vertex 3.41363525390625 57.68455505371094 3
      vertex 3.41363525390625 57.68455505371094 8.600000381469727
      vertex 3.970703125 67.16845703125 8.600000381469727
    endloop
  endfacet
  facet normal -0.705885493517464 0.04146248348422632 0.707111400349992
    outer loop
      vertex 3.41363525390625 57.68455505371094 3
      vertex 3.970703125 67.16845703125 3
      vertex 3.4714202880859375 67.19544982910156 2.5
    endloop
  endfacet
  facet normal -0.9982793597009586 0.058637189522043894 0
    outer loop
      vertex 3.41363525390625 57.68455505371094 3
      vertex 3.970703125 67.16845703125 8.600000381469727
      vertex 3.970703125 67.16845703125 3
    endloop
  endfacet
  facet normal -0.07600873948954635 -0.9971071514743088 0
    outer loop
      vertex 3.41363525390625 57.68455505371094 3
      vertex 5.523223876953125 57.52374267578125 3
      vertex 3.41363525390625 57.68455505371094 8.600000381469727
    endloop
  endfacet
  facet normal -0.07598998143146933 -0.9968610772204536 0.022215207514715438
    outer loop
      vertex 3.41363525390625 57.68455505371094 3
      vertex 6.0207977294921875 57.47467041015625 2.5
      vertex 5.523223876953125 57.52374267578125 3
    endloop
  endfacet
  facet normal -0.07600873948954635 -0.9971071514743088 0
    outer loop
      vertex 3.41363525390625 57.68455505371094 8.600000381469727
      vertex 5.523223876953125 57.52374267578125 3
      vertex 5.523223876953125 57.52374267578125 8.600000381469727
    endloop
  endfacet
  facet normal 0 0 1
    outer loop
      vertex 3.41363525390625 57.68455505371094 8.600000381469727
      vertex 5.523223876953125 57.52374267578125 8.600000381469727
      vertex 3.970703125 67.16845703125 8.600000381469727
    endloop
  endfacet
  facet normal -0.6090932667136237 -0.5420463660529263 0.5789569323299821
    outer loop
      vertex 3.4714202880859375 67.19544982910156 2.5
      vertex 3.970703125 67.16845703125 3
      vertex 3.5025482177734375 67.69451904296875 3
    endloop
  endfacet
  facet normal -0.7470254465167026 -0.6647954439197978 0
    outer loop
      vertex 3.5025482177734375 67.69451904296875 3
      vertex 3.970703125 67.16845703125 3
      vertex 3.5025482177734375 67.69451904296875 8.600000381469727
    endloop
  endfacet
  facet normal -0.7470254465167026 -0.6647954439197978 0
    outer loop
      vertex 3.5025482177734375 67.69451904296875 8.600000381469727
      vertex 3.970703125 67.16845703125 3
      vertex 3.970703125 67.16845703125 8.600000381469727
    endloop
  endfacet
  facet normal 0 0 1
    outer loop
      vertex 3.5025482177734375 67.69451904296875 8.600000381469727
      vertex 3.970703125 67.16845703125 8.600000381469727
      vertex 6.99737548828125 67.42697143554688 8.600000381469727
    endloop
  endfacet
  facet normal -0.07633196275373018 -0.9970824542731892 0.0001041283665421092
    outer loop
      vertex 3.5025482177734375 67.69451904296875 8.600000381469727
      vertex 6.99737548828125 67.42697143554688 8.600000381469727
      vertex 3.533172607421875 67.69294738769531 16
    endloop
  endfacet
  facet normal -0.07725520474150462 -0.9970112958352364 -0.00033063165412196895
    outer loop
      vertex 3.533172607421875 67.69294738769531 16
      vertex 6.99737548828125 67.42697143554688 8.600000381469727
      vertex 7.0937042236328125 67.41705322265625 16
    endloop
  endfacet
  facet normal -0.054636671110558165 -0.7051094932222207 0.706990407811775
    outer loop
      vertex 3.533172607421875 67.69294738769531 16
      vertex 7.0937042236328125 67.41705322265625 16
      vertex 3.5588531494140625 68.19229125976562 16.5
    endloop
  endfacet
  facet normal -0.07942831115425837 -0.7702705188858581 0.6327515081945622
    outer loop
      vertex 3.5588531494140625 68.19229125976562 16.5
      vertex 7.0937042236328125 67.41705322265625 16
      vertex 10.639007568359375 67.46220397949219 16.5
    endloop
  endfacet
  facet normal 0 0 1
    outer loop
      vertex 3.5588531494140625 68.19229125976562 16.5
      vertex 10.639007568359375 67.46220397949219 16.5
      vertex 14.243148803710938 68.33625793457031 16.5
    endloop
  endfacet
  facet normal 0 0 1
    outer loop
      vertex 3.5588531494140625 68.19229125976562 16.5
      vertex 14.243148803710938 68.33625793457031 16.5
      vertex 7.15826416015625 69.42092895507812 16.5
    endloop
  endfacet
  facet normal 0.07158288423299053 0.7039300021750698 -0.7066529860707392
    outer loop
      vertex 3.560638427734375 69.19349670410156 0
      vertex 3.6112823486328125 70.19221496582031 1
      vertex 10.796798706054688 69.46151733398438 1
    endloop
  endfacet
  facet normal 0.07158256458589016 0.7039318574616484 -0.7066511703081659
    outer loop
      vertex 3.560638427734375 69.19349670410156 0
      vertex 10.796798706054688 69.46151733398438 1
      vertex 10.645370483398438 68.47305297851562 0
    endloop
  endfacet
  facet normal 0.07590185340465104 0.9971152935592447 0
    outer loop
      vertex 3.6112823486328125 70.19221496582031 1
      vertex 3.6112823486328125 70.19221496582031 16
      vertex 7.2088165283203125 69.91836547851562 16
    endloop
  endfacet
  facet normal 0.10116671834439635 0.9948507807037335 -0.006100756723359918
    outer loop
      vertex 3.6112823486328125 70.19221496582031 1
      vertex 7.2088165283203125 69.91836547851562 16
      vertex 10.796798706054688 69.46151733398438 1
    endloop
  endfacet
  facet normal 0.05367937928342951 0.7051808043068819 0.7069926148672593
    outer loop
      vertex 3.6112823486328125 70.19221496582031 16
      vertex 7.15826416015625 69.42092895507812 16.5
      vertex 7.2088165283203125 69.91836547851562 16
    endloop
  endfacet
  facet normal 0 0 1
    outer loop
      vertex 3.970703125 67.16845703125 8.600000381469727
      vertex 5.523223876953125 57.52374267578125 8.600000381469727
      vertex 6.4511566162109375 66.97837829589844 8.600000381469727
    endloop
  endfacet
  facet normal 0 0 1
    outer loop
      vertex 3.970703125 67.16845703125 8.600000381469727
      vertex 6.4511566162109375 66.97837829589844 8.600000381469727
      vertex 6.99737548828125 67.42697143554688 8.600000381469727
    endloop
  endfacet
  facet normal 0.7037341583933816 -0.06906854918002307 0.7070981330936503
    outer loop
      vertex 5.523223876953125 57.52374267578125 3
      vertex 6.0207977294921875 57.47467041015625 2.5
      vertex 6.4511566162109375 66.97837829589844 3
    endloop
  endfacet
  facet normal 0.9952182194861066 -0.09767648439058292 0
    outer loop
      vertex 5.523223876953125 57.52374267578125 3
      vertex 6.4511566162109375 66.97837829589844 3
      vertex 5.523223876953125 57.52374267578125 8.600000381469727
    endloop
  endfacet
  facet normal 0.9952182194861066 -0.09767648439058292 0
    outer loop
      vertex 5.523223876953125 57.52374267578125 8.600000381469727
      vertex 6.4511566162109375 66.97837829589844 3
      vertex 6.4511566162109375 66.97837829589844 8.600000381469727
    endloop
  endfacet
  facet normal 0.7037254804699632 -0.0690686102783804 0.7071067636584538
    outer loop
      vertex 6.0207977294921875 57.47467041015625 2.5
      vertex 6.9487457275390625 66.92933654785156 2.5
      vertex 6.4511566162109375 66.97837829589844 3
    endloop
  endfacet
  facet normal 0 0 1
    outer loop
      vertex 6.0207977294921875 57.47467041015625 2.5
      vertex 13.0106201171875 66.03306579589844 2.5
      vertex 6.9487457275390625 66.92933654785156 2.5
    endloop
  endfacet
  facet normal 0.5181302941911509 -0.6308891506908612 0.5775117988248858
    outer loop
      vertex 6.4511566162109375 66.97837829589844 3
      vertex 6.9487457275390625 66.92933654785156 2.5
      vertex 6.99737548828125 67.42697143554688 3
    endloop
  endfacet
  facet normal 0.6346662218309913 -0.772786378546345 0
    outer loop
      vertex 6.4511566162109375 66.97837829589844 3
      vertex 6.99737548828125 67.42697143554688 3
      vertex 6.4511566162109375 66.97837829589844 8.600000381469727
    endloop
  endfacet
  facet normal 0.6346662218309913 -0.772786378546345 0
    outer loop
      vertex 6.4511566162109375 66.97837829589844 8.600000381469727
      vertex 6.99737548828125 67.42697143554688 3
      vertex 6.99737548828125 67.42697143554688 8.600000381469727
    endloop
  endfacet
  facet normal -0.07242245950610786 -0.7033892105570138 0.7071057953595536
    outer loop
      vertex 6.9487457275390625 66.92933654785156 2.5
      vertex 7.0937042236328125 67.41705322265625 3
      vertex 6.99737548828125 67.42697143554688 3
    endloop
  endfacet
  facet normal -0.10304477185290478 -0.696937239245043 0.7096902560605439
    outer loop
      vertex 6.9487457275390625 66.92933654785156 2.5
      vertex 13.0106201171875 66.03306579589844 2.5
      vertex 7.0937042236328125 67.41705322265625 3
    endloop
  endfacet
  facet normal -0.1024206816623211 -0.9947411743603586 0
    outer loop
      vertex 6.99737548828125 67.42697143554688 3
      vertex 7.0937042236328125 67.41705322265625 3
      vertex 6.99737548828125 67.42697143554688 8.600000381469727
    endloop
  endfacet
  facet normal -0.1024206816623211 -0.9947411743603586 0
    outer loop
      vertex 6.99737548828125 67.42697143554688 8.600000381469727
      vertex 7.0937042236328125 67.41705322265625 3
      vertex 7.0937042236328125 67.41705322265625 16
    endloop
  endfacet
  facet normal -0.12835395169869554 -0.991728422040696 0
    outer loop
      vertex 7.0937042236328125 67.41705322265625 3
      vertex 10.562240600585938 66.9681396484375 16
      vertex 7.0937042236328125 67.41705322265625 16
    endloop
  endfacet
  facet normal -0.10395538309322121 -0.6997723055149978 0.7067616279624737
    outer loop
      vertex 7.0937042236328125 67.41705322265625 3
      vertex 13.0106201171875 66.03306579589844 2.5
      vertex 13.105865478515625 66.52391052246094 3
    endloop
  endfacet
  facet normal -0.146941548575267 -0.9891322908237521 0.0050490149592513555
    outer loop
      vertex 7.0937042236328125 67.41705322265625 3
      vertex 13.105865478515625 66.52391052246094 3
      vertex 10.562240600585938 66.9681396484375 16
    endloop
  endfacet
  facet normal -0.09077529089997052 -0.7013764267721244 0.7069872378836782
    outer loop
      vertex 7.0937042236328125 67.41705322265625 16
      vertex 10.562240600585938 66.9681396484375 16
      vertex 10.639007568359375 67.46220397949219 16.5
    endloop
  endfacet
  facet normal 0.08932742938737877 0.7015574616234809 0.7069920355983235
    outer loop
      vertex 7.15826416015625 69.42092895507812 16.5
      vertex 10.796798706054688 69.46151733398438 16
      vertex 7.2088165283203125 69.91836547851562 16
    endloop
  endfacet
  facet normal 0.09776766900674586 0.6386016070178969 0.7633016902975827
    outer loop
      vertex 7.15826416015625 69.42092895507812 16.5
      vertex 14.243148803710938 68.33625793457031 16.5
      vertex 10.796798706054688 69.46151733398438 16
    endloop
  endfacet
  facet normal 0.12630756892575726 0.9919911280006819 0
    outer loop
      vertex 7.2088165283203125 69.91836547851562 16
      vertex 10.796798706054688 69.46151733398438 16
      vertex 10.796798706054688 69.46151733398438 1
    endloop
  endfacet
  facet normal -0.1793801896199632 -0.9837787120417931 -0.0014809811938776112
    outer loop
      vertex 10.562240600585938 66.9681396484375 16
      vertex 13.105865478515625 66.52391052246094 3
      vertex 14.111785888671875 66.3209228515625 16
    endloop
  endfacet
  facet normal -0.12686379511198714 -0.6957618966978448 0.7069801698726783
    outer loop
      vertex 10.562240600585938 66.9681396484375 16
      vertex 14.111785888671875 66.3209228515625 16
      vertex 10.639007568359375 67.46220397949219 16.5
    endloop
  endfacet
  facet normal -0.15801437710602184 -0.7580403963807558 0.6327765909724399
    outer loop
      vertex 10.639007568359375 67.46220397949219 16.5
      vertex 14.111785888671875 66.3209228515625 16
      vertex 17.606918334960938 66.00973510742188 16.5
    endloop
  endfacet
  facet normal 0 0 1
    outer loop
      vertex 10.639007568359375 67.46220397949219 16.5
      vertex 17.606918334960938 66.00973510742188 16.5
      vertex 21.182083129882812 66.54081726074219 16.5
    endloop
  endfacet
  facet normal 0 0 1
    outer loop
      vertex 10.639007568359375 67.46220397949219 16.5
      vertex 21.182083129882812 66.54081726074219 16.5
      vertex 14.243148803710938 68.33625793457031 16.5
    endloop
  endfacet
  facet normal 0.14243077378419494 0.693078292167127 -0.7066512262820563
    outer loop
      vertex 10.645370483398438 68.47305297851562 0
      vertex 10.796798706054688 69.46151733398438 1
      vertex 17.87152099609375 68.00762939453125 1
    endloop
  endfacet
  facet normal 0.14243092546948824 0.6930761060042436 -0.7066533398745807
    outer loop
      vertex 10.645370483398438 68.47305297851562 0
      vertex 17.87152099609375 68.00762939453125 1
      vertex 17.620864868164062 67.03955078125 0
    endloop
  endfacet
  facet normal 0 0 -1
    outer loop
      vertex 10.75 24.183731079101562 0
      vertex 10.75 27.183731079101562 0
      vertex 20.581580451829858 26.177703311267354 0
    endloop
  endfacet
  facet normal 0 -1 0
    outer loop
      vertex 10.75 24.183731079101562 0
      vertex 14.5 24.183731079101562 0
      vertex 14.5 24.183731079101562 1.6681127548217773
    endloop
  endfacet
  facet normal 0 0 -1
    outer loop
      vertex 10.75 24.183731079101562 0
      vertex 20.581580451829858 26.177703311267354 0
      vertex 14.5 24.183731079101562 0
    endloop
  endfacet
  facet normal 0 -0.7687212690117695 0.6395839355150618
    outer loop
      vertex 10.75 24.875869750976562 2.5
      vertex 14.5 24.183731079101562 1.6681127548217773
      vertex 14.5 24.875869750976562 2.5
    endloop
  endfacet
  facet normal 0 0 1
    outer loop
      vertex 10.75 24.875869750976562 2.5
      vertex 14.5 24.875869750976562 2.5
      vertex 10.75 27.183731079101562 2.5
    endloop
  endfacet
  facet normal 0 0 -1
    outer loop
      vertex 10.75 27.183731079101562 0
      vertex 17.620864868164062 67.03955078125 0
      vertex 24.415557861328125 64.90769958496094 0
    endloop
  endfacet
  facet normal 0 0 -1
    outer loop
      vertex 10.75 27.183731079101562 0
      vertex 21.525148265824512 26.08814013614957 0
      vertex 20.581580451829858 26.177703311267354 0
    endloop
  endfacet
  facet normal 0 0 -1
    outer loop
      vertex 10.75 27.183731079101562 0
      vertex 24.415557861328125 64.90769958496094 0
      vertex 30.959716796875 62.099395751953125 0
    endloop
  endfacet
  facet normal 0 0 -1
    outer loop
      vertex 10.75 27.183731079101562 0
      vertex 30.959716796875 62.099395751953125 0
      vertex 37.18617248535156 58.64341735839844 0
    endloop
  endfacet
  facet normal 0 0 -1
    outer loop
      vertex 10.75 27.183731079101562 0
      vertex 37.18617248535156 58.64341735839844 0
      vertex 43.03105163574219 54.57525634765625 0
    endloop
  endfacet
  facet normal 0 0 -1
    outer loop
      vertex 10.75 27.183731079101562 0
      vertex 43.03105163574219 54.57525634765625 0
      vertex 48.43437194824219 49.93666076660156 0
    endloop
  endfacet
  facet normal 0 0 -1
    outer loop
      vertex 10.75 27.183731079101562 0
      vertex 48.43437194824219 49.93666076660156 0
      vertex 53.3406982421875 44.77520751953125 0
    endloop
  endfacet
  facet normal 0 0 -1
    outer loop
      vertex 10.75 27.183731079101562 0
      vertex 53.3406982421875 44.77520751953125 0
      vertex 57.699676513671875 39.143890380859375 0
    endloop
  endfacet
  facet normal 0 0 -1
    outer loop
      vertex 10.75 27.183731079101562 0
      vertex 57.699676513671875 39.143890380859375 0
      vertex 61.46656799316406 33.1004638671875 0
    endloop
  endfacet
  facet normal 0 0 -1
    outer loop
      vertex 10.75 27.183731079101562 0
      vertex 61.46656799316406 33.1004638671875 0
      vertex 21.525148265824512 26.08814013614957 0
    endloop
  endfacet
  facet normal 0 0 1
    outer loop
      vertex 10.75 27.183731079101562 2.5
      vertex 14.5 24.875869750976562 2.5
      vertex 14.967483520507812 24.834976196289062 2.5
    endloop
  endfacet
  facet normal 0 0 1
    outer loop
      vertex 10.75 27.183731079101562 2.5
      vertex 14.967483520507812 24.834976196289062 2.5
      vertex 18.116232730295792 25.122598509248817 2.5
    endloop
  endfacet
  facet normal 0 0 1
    outer loop
      vertex 10.75 27.183731079101562 2.5
      vertex 18.116232730295792 25.122598509248817 2.5
      vertex 18.116232730295792 26.429972849962777 2.5
    endloop
  endfacet
  facet normal 0 0 1
    outer loop
      vertex 10.75 27.183731079101562 2.5
      vertex 18.116232730295792 26.429972849962777 2.5
      vertex 18.469773360514555 27.630878048359843 2.5
    endloop
  endfacet
  facet normal 0 0 1
    outer loop
      vertex 10.75 27.183731079101562 2.5
      vertex 18.469773360514555 27.630878048359843 2.5
      vertex 18.974290009472877 28.592154209602004 2.5
    endloop
  endfacet
  facet normal 0 0 1
    outer loop
      vertex 10.75 27.183731079101562 2.5
      vertex 18.974290009472877 28.592154209602004 2.5
      vertex 55.36634826660156 38.97694396972656 2.5
    endloop
  endfacet
  facet normal 0 0 1
    outer loop
      vertex 10.75 27.183731079101562 2.5
      vertex 19.301712036132812 64.4996337890625 2.5
      vertex 13.0106201171875 66.03306579589844 2.5
    endloop
  endfacet
  facet normal 0 0 1
    outer loop
      vertex 10.75 27.183731079101562 2.5
      vertex 25.4193115234375 62.37733459472656 2.5
      vertex 19.301712036132812 64.4996337890625 2.5
    endloop
  endfacet
  facet normal 0 0 1
    outer loop
      vertex 10.75 27.183731079101562 2.5
      vertex 31.308441162109375 59.68522644042969 2.5
      vertex 25.4193115234375 62.37733459472656 2.5
    endloop
  endfacet
  facet normal 0 0 1
    outer loop
      vertex 10.75 27.183731079101562 2.5
      vertex 36.91615295410156 56.44752502441406 2.5
      vertex 31.308441162109375 59.68522644042969 2.5
    endloop
  endfacet
  facet normal 0 0 1
    outer loop
      vertex 10.75 27.183731079101562 2.5
      vertex 42.19206237792969 52.693328857421875 2.5
      vertex 36.91615295410156 56.44752502441406 2.5
    endloop
  endfacet
  facet normal 0 0 1
    outer loop
      vertex 10.75 27.183731079101562 2.5
      vertex 47.08872985839844 48.45635986328125 2.5
      vertex 42.19206237792969 52.693328857421875 2.5
    endloop
  endfacet
  facet normal 0 0 1
    outer loop
      vertex 10.75 27.183731079101562 2.5
      vertex 51.562164306640625 43.77473449707031 2.5
      vertex 47.08872985839844 48.45635986328125 2.5
    endloop
  endfacet
  facet normal 0 0 1
    outer loop
      vertex 10.75 27.183731079101562 2.5
      vertex 55.36634826660156 38.97694396972656 2.5
      vertex 51.562164306640625 43.77473449707031 2.5
    endloop
  endfacet
  facet normal 0.17635574480109967 0.9843264962783688 0
    outer loop
      vertex 10.796798706054688 69.46151733398438 1
      vertex 10.796798706054688 69.46151733398438 16
      vertex 14.343734741210938 68.82603454589844 16
    endloop
  endfacet
  facet normal 0.20129418251930095 0.9795118325695449 -0.006100978621371168
    outer loop
      vertex 10.796798706054688 69.46151733398438 1
      vertex 14.343734741210938 68.82603454589844 16
      vertex 17.87152099609375 68.00762939453125 1
    endloop
  endfacet
  facet normal 0.12472242128026327 0.6961360067097212 0.7069929121230507
    outer loop
      vertex 10.796798706054688 69.46151733398438 16
      vertex 14.243148803710938 68.33625793457031 16.5
      vertex 14.343734741210938 68.82603454589844 16
    endloop
  endfacet
  facet normal -0.13987173045748993 -0.6931447010959608 0.7070971095694129
    outer loop
      vertex 13.0106201171875 66.03306579589844 2.5
      vertex 14.111785888671875 66.3209228515625 3
      vertex 13.105865478515625 66.52391052246094 3
    endloop
  endfacet
  facet normal -0.16754480365219826 -0.6873730009669713 0.7067157110966237
    outer loop
      vertex 13.0106201171875 66.03306579589844 2.5
      vertex 19.301712036132812 64.4996337890625 2.5
      vertex 19.443008422851562 64.97926330566406 3
    endloop
  endfacet
  facet normal -0.1645112042214021 -0.6537022315023033 0.7386538135111285
    outer loop
      vertex 13.0106201171875 66.03306579589844 2.5
      vertex 19.443008422851562 64.97926330566406 3
      vertex 14.111785888671875 66.3209228515625 3
    endloop
  endfacet
  facet normal -0.19780579270793647 -0.9802412296833799 0
    outer loop
      vertex 13.105865478515625 66.52391052246094 3
      vertex 14.111785888671875 66.3209228515625 3
      vertex 14.111785888671875 66.3209228515625 16
    endloop
  endfacet
  facet normal -0.22966303704531255 -0.973270203702509 0
    outer loop
      vertex 14.111785888671875 66.3209228515625 3
      vertex 17.479873657226562 65.52615356445312 16
      vertex 14.111785888671875 66.3209228515625 16
    endloop
  endfacet
  facet normal -0.24404924272851553 -0.9697548280867977 0.003942147382271424
    outer loop
      vertex 14.111785888671875 66.3209228515625 3
      vertex 19.443008422851562 64.97926330566406 3
      vertex 17.479873657226562 65.52615356445312 16
    endloop
  endfacet
  facet normal -0.1624234176541871 -0.6883209192916787 0.7069886459222608
    outer loop
      vertex 14.111785888671875 66.3209228515625 16
      vertex 17.479873657226562 65.52615356445312 16
      vertex 17.606918334960938 66.00973510742188 16.5
    endloop
  endfacet
  facet normal 0.15982282432727266 0.6889262145239574 0.7069917508470265
    outer loop
      vertex 14.243148803710938 68.33625793457031 16.5
      vertex 17.87152099609375 68.00762939453125 16
      vertex 14.343734741210938 68.82603454589844 16
    endloop
  endfacet
  facet normal 0.1618328340838666 0.6254438945798985 0.7633020821045312
    outer loop
      vertex 14.243148803710938 68.33625793457031 16.5
      vertex 21.182083129882812 66.54081726074219 16.5
      vertex 17.87152099609375 68.00762939453125 16
    endloop
  endfacet
  facet normal 0.22598684875197803 0.9741303527717174 0
    outer loop
      vertex 14.343734741210938 68.82603454589844 16
      vertex 17.87152099609375 68.00762939453125 16
      vertex 17.87152099609375 68.00762939453125 1
    endloop
  endfacet
  facet normal -0.08718486718564 -0.9961921496045943 0
    outer loop
      vertex 14.5 24.183731079101562 0
      vertex 14.847305297851562 24.153335571289062 0
      vertex 14.847305297851562 24.153335571289062 1.6681127548217773
    endloop
  endfacet
  facet normal -0.08718486718564 -0.9961921496045943 0
    outer loop
      vertex 14.5 24.183731079101562 0
      vertex 14.847305297851562 24.153335571289062 1.6681127548217773
      vertex 14.5 24.183731079101562 1.6681127548217773
    endloop
  endfacet
  facet normal 0 0 -1
    outer loop
      vertex 14.5 24.183731079101562 0
      vertex 20.581580451829858 26.177703311267354 0
      vertex 14.847305297851562 24.153335571289062 0
    endloop
  endfacet
  facet normal -0.06712452384037618 -0.7669785577965874 0.6381521685142736
    outer loop
      vertex 14.5 24.183731079101562 1.6681127548217773
      vertex 14.847305297851562 24.153335571289062 1.6681127548217773
      vertex 14.967483520507812 24.834976196289062 2.5
    endloop
  endfacet
  facet normal -0.06709308532113957 -0.7669891249939378 0.6381427740271952
    outer loop
      vertex 14.5 24.183731079101562 1.6681127548217773
      vertex 14.967483520507812 24.834976196289062 2.5
      vertex 14.5 24.875869750976562 2.5
    endloop
  endfacet
  facet normal -0.25881484778631164 -0.9659269509467826 0
    outer loop
      vertex 14.847305297851562 24.153335571289062 0
      vertex 15.184036254882812 24.0631103515625 0
      vertex 15.184036254882812 24.0631103515625 1.6681127548217773
    endloop
  endfacet
  facet normal -0.25881484778631164 -0.9659269509467826 0
    outer loop
      vertex 14.847305297851562 24.153335571289062 0
      vertex 15.184036254882812 24.0631103515625 1.6681127548217773
      vertex 14.847305297851562 24.153335571289062 1.6681127548217773
    endloop
  endfacet
  facet normal 0 0 -1
    outer loop
      vertex 14.847305297851562 24.153335571289062 0
      vertex 20.581580451829858 26.177703311267354 0
      vertex 15.184036254882812 24.0631103515625 0
    endloop
  endfacet
  facet normal -0.19926495235577232 -0.7436798526276313 0.638148693925167
    outer loop
      vertex 14.847305297851562 24.153335571289062 1.6681127548217773
      vertex 15.184036254882812 24.0631103515625 1.6681127548217773
      vertex 15.4207763671875 24.713516235351562 2.5
    endloop
  endfacet
  facet normal -0.1992687031173816 -0.7436778094859365 0.6381499037343153
    outer loop
      vertex 14.847305297851562 24.153335571289062 1.6681127548217773
      vertex 15.4207763671875 24.713516235351562 2.5
      vertex 14.967483520507812 24.834976196289062 2.5
    endloop
  endfacet
  facet normal 0 0 1
    outer loop
      vertex 14.967483520507812 24.834976196289062 2.5
      vertex 15.4207763671875 24.713516235351562 2.5
      vertex 18.116232730295792 25.122598509248817 2.5
    endloop
  endfacet
  facet normal -0.42258832553391507 -0.9063217459172221 0
    outer loop
      vertex 15.184036254882812 24.0631103515625 0
      vertex 15.5 23.915786743164062 0
      vertex 15.5 23.915786743164062 1.6681127548217773
    endloop
  endfacet
  facet normal -0.42258832553391507 -0.9063217459172221 0
    outer loop
      vertex 15.184036254882812 24.0631103515625 0
      vertex 15.5 23.915786743164062 1.6681127548217773
      vertex 15.184036254882812 24.0631103515625 1.6681127548217773
    endloop
  endfacet
  facet normal 0 0 -1
    outer loop
      vertex 15.184036254882812 24.0631103515625 0
      vertex 20.581580451829858 26.177703311267354 0
      vertex 15.5 23.915786743164062 0
    endloop
  endfacet
  facet normal -0.3253586749544159 -0.6977941048452708 0.6381419276893614
    outer loop
      vertex 15.184036254882812 24.0631103515625 1.6681127548217773
      vertex 15.5 23.915786743164062 1.6681127548217773
      vertex 15.8460693359375 24.51519775390625 2.5
    endloop
  endfacet
  facet normal -0.3253804587184497 -0.6977767288913311 0.6381498207332545
    outer loop
      vertex 15.184036254882812 24.0631103515625 1.6681127548217773
      vertex 15.8460693359375 24.51519775390625 2.5
      vertex 15.4207763671875 24.713516235351562 2.5
    endloop
  endfacet
  facet normal 0 0 1
    outer loop
      vertex 15.4207763671875 24.713516235351562 2.5
      vertex 15.8460693359375 24.51519775390625 2.5
      vertex 18.116232730295792 25.122598509248817 2.5
    endloop
  endfacet
  facet normal -0.5735945255633641 -0.8191393777885051 0
    outer loop
      vertex 15.5 23.915786743164062 0
      vertex 15.785568237304688 23.7158203125 0
      vertex 15.785568237304688 23.7158203125 1.6681127548217773
    endloop
  endfacet
  facet normal -0.5735945255633641 -0.8191393777885051 0
    outer loop
      vertex 15.5 23.915786743164062 0
      vertex 15.785568237304688 23.7158203125 1.6681127548217773
      vertex 15.5 23.915786743164062 1.6681127548217773
    endloop
  endfacet
  facet normal 0 0 -1
    outer loop
      vertex 15.5 23.915786743164062 0
      vertex 20.581580451829858 26.177703311267354 0
      vertex 15.785568237304688 23.7158203125 0
    endloop
  endfacet
  facet normal -0.4416195465912594 -0.6306684329992689 0.6381453625051091
    outer loop
      vertex 15.5 23.915786743164062 1.6681127548217773
      vertex 15.785568237304688 23.7158203125 1.6681127548217773
      vertex 16.23046875 24.24603271484375 2.5
    endloop
  endfacet
  facet normal -0.4416131627335615 -0.6306756686838935 0.6381426293788756
    outer loop
      vertex 15.5 23.915786743164062 1.6681127548217773
      vertex 16.23046875 24.24603271484375 2.5
      vertex 15.8460693359375 24.51519775390625 2.5
    endloop
  endfacet
  facet normal -0.7071067811865476 -0.7071067811865476 0
    outer loop
      vertex 15.785568237304688 23.7158203125 0
      vertex 16.032089233398438 23.46929931640625 0
      vertex 16.032089233398438 23.46929931640625 1.6681127548217773
    endloop
  endfacet
  facet normal -0.7071067811865476 -0.7071067811865476 0
    outer loop
      vertex 15.785568237304688 23.7158203125 0
      vertex 16.032089233398438 23.46929931640625 1.6681127548217773
      vertex 15.785568237304688 23.7158203125 1.6681127548217773
    endloop
  endfacet
  facet normal 0 0 -1
    outer loop
      vertex 15.785568237304688 23.7158203125 0
      vertex 20.581580451829858 26.177703311267354 0
      vertex 16.032089233398438 23.46929931640625 0
    endloop
  endfacet
  facet normal -0.544413205857079 -0.544413205857079 0.6381445937848532
    outer loop
      vertex 15.785568237304688 23.7158203125 1.6681127548217773
      vertex 16.032089233398438 23.46929931640625 1.6681127548217773
      vertex 16.562301635742188 23.914199829101562 2.5
    endloop
  endfacet
  facet normal -0.5444132058570791 -0.5444132058570791 0.6381445937848533
    outer loop
      vertex 15.785568237304688 23.7158203125 1.6681127548217773
      vertex 16.562301635742188 23.914199829101562 2.5
      vertex 16.23046875 24.24603271484375 2.5
    endloop
  endfacet
  facet normal 0 0 1
    outer loop
      vertex 15.8460693359375 24.51519775390625 2.5
      vertex 16.23046875 24.24603271484375 2.5
      vertex 18.116232730295792 25.122598509248817 2.5
    endloop
  endfacet
  facet normal -0.8191393777885051 -0.5735945255633641 0
    outer loop
      vertex 16.032089233398438 23.46929931640625 0
      vertex 16.2320556640625 23.183731079101562 0
      vertex 16.2320556640625 23.183731079101562 1.6681127548217773
    endloop
  endfacet
  facet normal -0.8191393777885051 -0.5735945255633641 0
    outer loop
      vertex 16.032089233398438 23.46929931640625 0
      vertex 16.2320556640625 23.183731079101562 1.6681127548217773
      vertex 16.032089233398438 23.46929931640625 1.6681127548217773
    endloop
  endfacet
  facet normal 0 0 -1
    outer loop
      vertex 16.032089233398438 23.46929931640625 0
      vertex 20.581580451829858 26.177703311267354 0
      vertex 16.2320556640625 23.183731079101562 0
    endloop
  endfacet
  facet normal -0.6306705624212905 -0.4416210376986915 0.6381422261198079
    outer loop
      vertex 16.032089233398438 23.46929931640625 1.6681127548217773
      vertex 16.2320556640625 23.183731079101562 1.6681127548217773
      vertex 16.831466674804688 23.529800415039062 2.5
    endloop
  endfacet
  facet normal -0.630674086720847 -0.44161205500776995 0.6381449594023603
    outer loop
      vertex 16.032089233398438 23.46929931640625 1.6681127548217773
      vertex 16.831466674804688 23.529800415039062 2.5
      vertex 16.562301635742188 23.914199829101562 2.5
    endloop
  endfacet
  facet normal 0 0 1
    outer loop
      vertex 16.23046875 24.24603271484375 2.5
      vertex 16.562301635742188 23.914199829101562 2.5
      vertex 18.992049347758943 23.37400819837982 2.5
    endloop
  endfacet
  facet normal 0 0 1
    outer loop
      vertex 16.23046875 24.24603271484375 2.5
      vertex 18.179551004917194 24.922094450112315 2.5
      vertex 18.116232730295792 25.122598509248817 2.5
    endloop
  endfacet
  facet normal 0 0 1
    outer loop
      vertex 16.23046875 24.24603271484375 2.5
      vertex 18.992049347758943 23.37400819837982 2.5
      vertex 18.179551004917194 24.922094450112315 2.5
    endloop
  endfacet
  facet normal -0.9063217459172221 -0.42258832553391507 0
    outer loop
      vertex 16.2320556640625 23.183731079101562 0
      vertex 16.379379272460938 22.867767333984375 0
      vertex 16.379379272460938 22.867767333984375 1.6681127548217773
    endloop
  endfacet
  facet normal -0.9063217459172221 -0.42258832553391507 0
    outer loop
      vertex 16.2320556640625 23.183731079101562 0
      vertex 16.379379272460938 22.867767333984375 1.6681127548217773
      vertex 16.2320556640625 23.183731079101562 1.6681127548217773
    endloop
  endfacet
  facet normal 0 0 -1
    outer loop
      vertex 16.2320556640625 23.183731079101562 0
      vertex 20.581580451829858 26.177703311267354 0
      vertex 16.379379272460938 22.867767333984375 0
    endloop
  endfacet
  facet normal -0.6977899586486149 -0.32535674171789136 0.6381474470903112
    outer loop
      vertex 16.2320556640625 23.183731079101562 1.6681127548217773
      vertex 16.379379272460938 22.867767333984375 1.6681127548217773
      vertex 17.02978515625 23.1044921875 2.5
    endloop
  endfacet
  facet normal -0.6977865962857904 -0.32537338614165745 0.6381426373739677
    outer loop
      vertex 16.2320556640625 23.183731079101562 1.6681127548217773
      vertex 17.02978515625 23.1044921875 2.5
      vertex 16.831466674804688 23.529800415039062 2.5
    endloop
  endfacet
  facet normal -0.9659298827319392 -0.2588039057770609 0
    outer loop
      vertex 16.379379272460938 22.867767333984375 0
      vertex 16.4696044921875 22.531021118164062 0
      vertex 16.4696044921875 22.531021118164062 1.6681127548217773
    endloop
  endfacet
  facet normal -0.9659298827319392 -0.2588039057770609 0
    outer loop
      vertex 16.379379272460938 22.867767333984375 0
      vertex 16.4696044921875 22.531021118164062 1.6681127548217773
      vertex 16.379379272460938 22.867767333984375 1.6681127548217773
    endloop
  endfacet
  facet normal 0 0 -1
    outer loop
      vertex 16.379379272460938 22.867767333984375 0
      vertex 20.581580451829858 26.177703311267354 0
      vertex 16.4696044921875 22.531021118164062 0
    endloop
  endfacet
  facet normal -0.7436789636508905 -0.19925568499106056 0.6381526236112179
    outer loop
      vertex 16.379379272460938 22.867767333984375 1.6681127548217773
      vertex 16.4696044921875 22.531021118164062 1.6681127548217773
      vertex 17.1512451171875 22.651214599609375 2.5
    endloop
  endfacet
  facet normal -0.743678469783332 -0.19927558807901846 0.6381469843041518
    outer loop
      vertex 16.379379272460938 22.867767333984375 1.6681127548217773
      vertex 17.1512451171875 22.651214599609375 2.5
      vertex 17.02978515625 23.1044921875 2.5
    endloop
  endfacet
  facet normal -0.9961918168972398 -0.08718866868450359 0
    outer loop
      vertex 16.4696044921875 22.531021118164062 0
      vertex 16.5 22.183731079101562 0
      vertex 16.5 22.183731079101562 1.6681127548217773
    endloop
  endfacet
  facet normal -0.9961918168972398 -0.08718866868450359 0
    outer loop
      vertex 16.4696044921875 22.531021118164062 0
      vertex 16.5 22.183731079101562 1.6681127548217773
      vertex 16.4696044921875 22.531021118164062 1.6681127548217773
    endloop
  endfacet
  facet normal 0 0 -1
    outer loop
      vertex 16.4696044921875 22.531021118164062 0
      vertex 20.581580451829858 26.177703311267354 0
      vertex 16.5 22.183731079101562 0
    endloop
  endfacet
  facet normal -0.7669873073468743 -0.06712823885039426 0.6381412617263013
    outer loop
      vertex 16.4696044921875 22.531021118164062 1.6681127548217773
      vertex 16.5 22.183731079101562 1.6681127548217773
      vertex 17.192138671875 22.183731079101562 2.5
    endloop
  endfacet
  facet normal -0.7669819095398073 -0.06709245414259501 0.6381515126016665
    outer loop
      vertex 16.4696044921875 22.531021118164062 1.6681127548217773
      vertex 17.192138671875 22.183731079101562 2.5
      vertex 17.1512451171875 22.651214599609375 2.5
    endloop
  endfacet
  facet normal -1 0 0
    outer loop
      vertex 16.5 -69.88081359863281 1.120783805847168
      vertex 16.5 -69.88081359863281 16
      vertex 16.5 -68.49241638183594 16
    endloop
  endfacet
  facet normal -0.5788603220144521 -0.5679265464014378 -0.5851326050476595
    outer loop
      vertex 16.5 -69.88081359863281 1.120783805847168
      vertex 16.5 -68.72607421875 0
      vertex 16.995361328125 -69.23097229003906 0
    endloop
  endfacet
  facet normal -1 0 0
    outer loop
      vertex 16.5 -69.88081359863281 1.120783805847168
      vertex 16.5 -68.49241638183594 3
      vertex 16.5 -67.80476379394531 2.334056854248047
    endloop
  endfacet
  facet normal -1 0 0
    outer loop
      vertex 16.5 -69.88081359863281 1.120783805847168
      vertex 16.5 -68.49241638183594 16
      vertex 16.5 -68.49241638183594 3
    endloop
  endfacet
  facet normal -1 0 0
    outer loop
      vertex 16.5 -69.88081359863281 1.120783805847168
      vertex 16.5 -67.80476379394531 2.334056854248047
      vertex 16.5 -68.72607421875 0
    endloop
  endfacet
  facet normal -0.7071067811865475 -0.7071067811865475 0
    outer loop
      vertex 16.5 -69.88081359863281 1.120783805847168
      vertex 16.902923583984375 -70.28373718261719 1.1125211715698242
      vertex 16.5 -69.88081359863281 16
    endloop
  endfacet
  facet normal -0.5795626464957075 -0.567570683941671 -0.5847825728566777
    outer loop
      vertex 16.5 -69.88081359863281 1.120783805847168
      vertex 16.9945068359375 -70.26132202148438 1
      vertex 16.902923583984375 -70.28373718261719 1.1125211715698242
    endloop
  endfacet
  facet normal -0.5794726829742262 -0.5673608595571281 -0.5850752641577397
    outer loop
      vertex 16.5 -69.88081359863281 1.120783805847168
      vertex 16.995361328125 -69.23097229003906 0
      vertex 16.9945068359375 -70.26132202148438 1
    endloop
  endfacet
  facet normal -0.7071067811865476 -0.7071067811865476 0
    outer loop
      vertex 16.5 -69.88081359863281 16
      vertex 16.902923583984375 -70.28373718261719 1.1125211715698242
      vertex 16.902923583984375 -70.28373718261719 16
    endloop
  endfacet
  facet normal -0.5258074910677154 -0.5258074910677154 0.6686201946353016
    outer loop
      vertex 16.5 -69.88081359863281 16
      vertex 16.902923583984375 -70.28373718261719 16
      vertex 17 -69.74501037597656 16.5
    endloop
  endfacet
  facet normal -0.7071067811865476 0 0.7071067811865476
    outer loop
      vertex 16.5 -69.88081359863281 16
      vertex 17 -69.74501037597656 16.5
      vertex 16.5 -68.49241638183594 16
    endloop
  endfacet
  facet normal -1 0 0
    outer loop
      vertex 16.5 -68.72607421875 0
      vertex 16.5 -67.80476379394531 2.334056854248047
      vertex 16.5 -67.11711120605469 1.6681127548217773
    endloop
  endfacet
  facet normal -1 0 0
    outer loop
      vertex 16.5 -68.72607421875 0
      vertex 16.5 -67.11711120605469 1.6681127548217773
      vertex 16.5 -65.4736328125 0
    endloop
  endfacet
  facet normal 0 0 -1
    outer loop
      vertex 16.5 -68.72607421875 0
      vertex 16.5 -65.4736328125 0
      vertex 17.620864868164062 -69.07208251953125 0
    endloop
  endfacet
  facet normal 0 0 -1
    outer loop
      vertex 16.5 -68.72607421875 0
      vertex 17.620864868164062 -69.07208251953125 0
      vertex 16.995361328125 -69.23097229003906 0
    endloop
  endfacet
  facet normal -0.8560541642574446 0.5168861265863962 0
    outer loop
      vertex 16.5 -68.49241638183594 3
      vertex 16.5 -68.49241638183594 16
      vertex 16.743377685546875 -68.08934020996094 3
    endloop
  endfacet
  facet normal -0.7552154839798475 0.4559996581419809 0.4708650385529609
    outer loop
      vertex 16.5 -68.49241638183594 3
      vertex 16.743377685546875 -68.08934020996094 3
      vertex 16.5 -67.80476379394531 2.334056854248047
    endloop
  endfacet
  facet normal -0.8560498351039529 0.5168932963566107 3.033525298817624e-7
    outer loop
      vertex 16.5 -68.49241638183594 16
      vertex 16.98675537109375 -67.686279296875 16
      vertex 16.743377685546875 -68.08934020996094 3
    endloop
  endfacet
  facet normal -0.7071067811865476 0 0.7071067811865476
    outer loop
      vertex 16.5 -68.49241638183594 16
      vertex 17 -69.74501037597656 16.5
      vertex 17 -68.19877624511719 16.5
    endloop
  endfacet
  facet normal -0.7492957221469883 0.45243386527775215 0.4835902380342849
    outer loop
      vertex 16.5 -68.49241638183594 16
      vertex 17 -68.19877624511719 16.5
      vertex 16.98675537109375 -67.686279296875 16
    endloop
  endfacet
  facet normal -0.7002102773969427 0.5273523152261438 0.48125367848289985
    outer loop
      vertex 16.5 -67.80476379394531 2.334056854248047
      vertex 16.743377685546875 -68.08934020996094 3
      vertex 16.794723510742188 -67.60322570800781 2.5420279502868652
    endloop
  endfacet
  facet normal -0.7008827232126309 0.49621007731808214 0.5123855652436256
    outer loop
      vertex 16.5 -67.80476379394531 2.334056854248047
      vertex 16.794723510742188 -67.60322570800781 2.5420279502868652
      vertex 16.5 -67.11711120605469 1.6681127548217773
    endloop
  endfacet
  facet normal -1 0 0
    outer loop
      vertex 16.5 -67.11711120605469 1.6681127548217773
      vertex 16.5 -39.31626892089844 0
      vertex 16.5 -65.4736328125 0
    endloop
  endfacet
  facet normal -1 0 0
    outer loop
      vertex 16.5 -67.11711120605469 1.6681127548217773
      vertex 16.5 22.183731079101562 1.6681127548217773
      vertex 16.5 -39.31626892089844 0
    endloop
  endfacet
  facet normal -0.6345673311106117 0.5644256600727094 0.5279658857716486
    outer loop
      vertex 16.5 -67.11711120605469 1.6681127548217773
      vertex 16.794723510742188 -67.60322570800781 2.5420279502868652
      vertex 16.8460693359375 -67.11711120605469 2.084056854248047
    endloop
  endfacet
  facet normal -0.7687216295067077 0 0.639583502232939
    outer loop
      vertex 16.5 -67.11711120605469 1.6681127548217773
      vertex 16.8460693359375 -67.11711120605469 2.084056854248047
      vertex 16.5 22.183731079101562 1.6681127548217773
    endloop
  endfacet
  facet normal 0 0 -1
    outer loop
      vertex 16.5 -65.4736328125 0
      vertex 16.5 -39.31626892089844 0
      vertex 21.09333621894054 -58.240819750033346 0
    endloop
  endfacet
  facet normal 0 0 -1
    outer loop
      vertex 16.5 -65.4736328125 0
      vertex 20.014242286208333 -62.618875935112364 0
      vertex 21.581580451829858 -62.29962148636597 0
    endloop
  endfacet
  facet normal 0 0 -1
    outer loop
      vertex 16.5 -65.4736328125 0
      vertex 21.09333621894054 -58.240819750033346 0
      vertex 20.014242286208333 -62.618875935112364 0
    endloop
  endfacet
  facet normal 0 0 -1
    outer loop
      vertex 16.5 -65.4736328125 0
      vertex 21.581580451829858 -62.29962148636597 0
      vertex 24.415557861328125 -66.94024658203125 0
    endloop
  endfacet
  facet normal 0 0 -1
    outer loop
      vertex 16.5 -65.4736328125 0
      vertex 24.415557861328125 -66.94024658203125 0
      vertex 17.620864868164062 -69.07208251953125 0
    endloop
  endfacet
  facet normal 0 0 -1
    outer loop
      vertex 16.5 -39.31626892089844 0
      vertex 16.5 3.6837310791015625 0
      vertex 20.45191365394643 -17.03968771946863 0
    endloop
  endfacet
  facet normal -1 0 0
    outer loop
      vertex 16.5 -39.31626892089844 0
      vertex 16.5 22.183731079101562 1.6681127548217773
      vertex 16.5 3.6837310791015625 0
    endloop
  endfacet
  facet normal 0 0 -1
    outer loop
      vertex 16.5 -39.31626892089844 0
      vertex 20.005957007315597 -22.299960010511793 0
      vertex 20.25591777197842 -21.63835994557405 0
    endloop
  endfacet
  facet normal 0 0 -1
    outer loop
      vertex 16.5 -39.31626892089844 0
      vertex 20.005957007315597 -20.931399787983967 0
      vertex 20.005957007315597 -22.299960010511793 0
    endloop
  endfacet
  facet normal 0 0 -1
    outer loop
      vertex 16.5 -39.31626892089844 0
      vertex 20.139008692584238 -22.74432958027014 0
      vertex 20.467314027727905 -22.970942391028416 0
    endloop
  endfacet
  facet normal 0 0 -1
    outer loop
      vertex 16.5 -39.31626892089844 0
      vertex 20.25591777197842 -21.63835994557405 0
      vertex 20.139008692584238 -22.74432958027014 0
    endloop
  endfacet
  facet normal 0 0 -1
    outer loop
      vertex 16.5 -39.31626892089844 0
      vertex 20.45191365394643 -17.03968771946863 0
      vertex 20.005957007315597 -20.931399787983967 0
    endloop
  endfacet
  facet normal 0 0 -1
    outer loop
      vertex 16.5 -39.31626892089844 0
      vertex 20.467314027727905 -22.970942391028416 0
      vertex 21.581580451829858 -19.00124045026417 0
    endloop
  endfacet
  facet normal 0 0 -1
    outer loop
      vertex 16.5 -39.31626892089844 0
      vertex 21.581580451829858 -58.27305355573577 0
      vertex 21.09333621894054 -58.240819750033346 0
    endloop
  endfacet
  facet normal 0 0 -1
    outer loop
      vertex 16.5 -39.31626892089844 0
      vertex 21.581580451829858 -19.54233505223425 0
      vertex 22.709322066644003 -19.16463738084961 0
    endloop
  endfacet
  facet normal 0 0 -1
    outer loop
      vertex 16.5 -39.31626892089844 0
      vertex 21.581580451829858 -19.00124045026417 0
      vertex 21.581580451829858 -19.54233505223425 0
    endloop
  endfacet
  facet normal 0 0 -1
    outer loop
      vertex 16.5 -39.31626892089844 0
      vertex 22.53568198217107 -59.86912289665596 0
      vertex 21.581580451829858 -58.27305355573577 0
    endloop
  endfacet
  facet normal 0 0 -1
    outer loop
      vertex 16.5 -39.31626892089844 0
      vertex 22.709322066644003 -19.16463738084961 0
      vertex 58.92437744140625 -39.35694885253906 0
    endloop
  endfacet
  facet normal 0 0 -1
    outer loop
      vertex 16.5 -39.31626892089844 0
      vertex 58.92437744140625 -39.35694885253906 0
      vertex 22.53568198217107 -59.86912289665596 0
    endloop
  endfacet
  facet normal 0 0 -1
    outer loop
      vertex 16.5 3.6837310791015625 0
      vertex 16.5 22.183731079101562 0
      vertex 20.581580451829858 26.177703311267354 0
    endloop
  endfacet
  facet normal -1 0 0
    outer loop
      vertex 16.5 3.6837310791015625 0
      vertex 16.5 22.183731079101562 1.6681127548217773
      vertex 16.5 22.183731079101562 0
    endloop
  endfacet
  facet normal 0 0 -1
    outer loop
      vertex 16.5 3.6837310791015625 0
      vertex 20.581580451829858 22.271129289899562 0
      vertex 20.716374130684315 22.243568113446006 0
    endloop
  endfacet
  facet normal 0 0 -1
    outer loop
      vertex 16.5 3.6837310791015625 0
      vertex 20.581580451829858 26.177703311267354 0
      vertex 20.581580451829858 22.271129289899562 0
    endloop
  endfacet
  facet normal 0 0 -1
    outer loop
      vertex 16.5 3.6837310791015625 0
      vertex 20.716374130684315 22.243568113446006 0
      vertex 21.25283771550485 22.178429641050574 0
    endloop
  endfacet
  facet normal 0 0 -1
    outer loop
      vertex 16.5 3.6837310791015625 0
      vertex 21.241452408511325 -16.494708466249232 0
      vertex 20.45191365394643 -17.03968771946863 0
    endloop
  endfacet
  facet normal 0 0 -1
    outer loop
      vertex 16.5 3.6837310791015625 0
      vertex 21.25283771550485 22.178429641050574 0
      vertex 22.48214672102129 24.049915534687674 0
    endloop
  endfacet
  facet normal 0 0 -1
    outer loop
      vertex 16.5 3.6837310791015625 0
      vertex 21.46021172839134 -16.752347296816716 0
      vertex 21.241452408511325 -16.494708466249232 0
    endloop
  endfacet
  facet normal 0 0 -1
    outer loop
      vertex 16.5 3.6837310791015625 0
      vertex 21.581580451829858 -16.631297391532705 0
      vertex 21.46021172839134 -16.752347296816716 0
    endloop
  endfacet
  facet normal 0 0 -1
    outer loop
      vertex 16.5 3.6837310791015625 0
      vertex 21.623879023243035 -16.254799052829885 0
      vertex 21.581580451829858 -16.631297391532705 0
    endloop
  endfacet
  facet normal 0 0 -1
    outer loop
      vertex 16.5 3.6837310791015625 0
      vertex 21.912595252949675 -16.21974255563045 0
      vertex 21.623879023243035 -16.254799052829885 0
    endloop
  endfacet
  facet normal 0 0 -1
    outer loop
      vertex 16.5 3.6837310791015625 0
      vertex 22.48214672102129 24.049915534687674 0
      vertex 70.14244079589844 3.6878204345703125 0
    endloop
  endfacet
  facet normal 0 0 -1
    outer loop
      vertex 16.5 3.6837310791015625 0
      vertex 23.30414938292394 -16.751328092287785 0
      vertex 21.912595252949675 -16.21974255563045 0
    endloop
  endfacet
  facet normal 0 0 -1
    outer loop
      vertex 16.5 3.6837310791015625 0
      vertex 70.14244079589844 3.6878204345703125 0
      vertex 23.30414938292394 -16.751328092287785 0
    endloop
  endfacet
  facet normal -0.7687210796850903 5.2087635778816805e-9 0.6395841630683088
    outer loop
      vertex 16.5 22.183731079101562 1.6681127548217773
      vertex 16.8460693359375 -67.11711120605469 2.084056854248047
      vertex 17.192138671875 -39.31626892089844 2.5
    endloop
  endfacet
  facet normal -0.7687212690117695 0 0.6395839355150618
    outer loop
      vertex 16.5 22.183731079101562 1.6681127548217773
      vertex 17.192138671875 -39.31626892089844 2.5
      vertex 17.192138671875 3.6837310791015625 2.5
    endloop
  endfacet
  facet normal -0.7687212690117694 0 0.6395839355150618
    outer loop
      vertex 16.5 22.183731079101562 1.6681127548217773
      vertex 17.192138671875 3.6837310791015625 2.5
      vertex 17.192138671875 22.183731079101562 2.5
    endloop
  endfacet
  facet normal 0 0 1
    outer loop
      vertex 16.562301635742188 23.914199829101562 2.5
      vertex 16.831466674804688 23.529800415039062 2.5
      vertex 18.992049347758943 23.37400819837982 2.5
    endloop
  endfacet
  facet normal -0.7798725280468642 0.47088759927117974 0.4123878136541111
    outer loop
      vertex 16.743377685546875 -68.08934020996094 3
      vertex 16.865066528320312 -67.88780212402344 3
      vertex 16.794723510742188 -67.60322570800781 2.5420279502868652
    endloop
  endfacet
  facet normal -0.8560541642572871 0.5168861265863011 6.066966442240801e-7
    outer loop
      vertex 16.743377685546875 -68.08934020996094 3
      vertex 16.98675537109375 -67.686279296875 16
      vertex 16.865066528320312 -67.88780212402344 3
    endloop
  endfacet
  facet normal -0.6984710222631244 0.5548042666606039 0.4520292653732671
    outer loop
      vertex 16.794723510742188 -67.60322570800781 2.5420279502868652
      vertex 16.865066528320312 -67.88780212402344 3
      vertex 16.903564453125 -67.69512939453125 2.823007106781006
    endloop
  endfacet
  facet normal -0.6984322143066882 0.5548525115829851 0.45203001273002846
    outer loop
      vertex 16.794723510742188 -67.60322570800781 2.5420279502868652
      vertex 16.903564453125 -67.69512939453125 2.823007106781006
      vertex 16.94207763671875 -67.50245666503906 2.6460142135620117
    endloop
  endfacet
  facet normal -0.7002298762354503 0.527339650274793 0.4812390400573762
    outer loop
      vertex 16.794723510742188 -67.60322570800781 2.5420279502868652
      vertex 16.94207763671875 -67.50245666503906 2.6460142135620117
      vertex 16.8460693359375 -67.11711120605469 2.084056854248047
    endloop
  endfacet
  facet normal 0 0 1
    outer loop
      vertex 16.831466674804688 23.529800415039062 2.5
      vertex 17.02978515625 23.1044921875 2.5
      vertex 18.992049347758943 23.37400819837982 2.5
    endloop
  endfacet
  facet normal -0.6175774461098749 0.5954624002215035 0.513831322496839
    outer loop
      vertex 16.8460693359375 -67.11711120605469 2.084056854248047
      vertex 16.94207763671875 -67.50245666503906 2.6460142135620117
      vertex 17.192138671875 -67.11711120605469 2.5
    endloop
  endfacet
  facet normal -0.7687209085160985 0 0.6395843687975683
    outer loop
      vertex 16.8460693359375 -67.11711120605469 2.084056854248047
      vertex 17.192138671875 -67.11711120605469 2.5
      vertex 17.192138671875 -64.41668701171875 2.5
    endloop
  endfacet
  facet normal -0.7687209085160986 0 0.6395843687975684
    outer loop
      vertex 16.8460693359375 -67.11711120605469 2.084056854248047
      vertex 17.192138671875 -64.41668701171875 2.5
      vertex 17.192138671875 -39.31626892089844 2.5
    endloop
  endfacet
  facet normal -0.8156908316910625 0.492452959714153 0.30354332403120604
    outer loop
      vertex 16.865066528320312 -67.88780212402344 3
      vertex 16.9259033203125 -67.78703308105469 3
      vertex 16.9708251953125 -67.61955261230469 2.849003791809082
    endloop
  endfacet
  facet normal -0.747119583138595 0.5244347526532962 0.4083877063530295
    outer loop
      vertex 16.865066528320312 -67.88780212402344 3
      vertex 16.9708251953125 -67.61955261230469 2.849003791809082
      vertex 16.903564453125 -67.69512939453125 2.823007106781006
    endloop
  endfacet
  facet normal -0.8560828426550103 0.5168386271449918 0.000001611470700542746
    outer loop
      vertex 16.865066528320312 -67.88780212402344 3
      vertex 16.98675537109375 -67.686279296875 16
      vertex 16.9259033203125 -67.78703308105469 3
    endloop
  endfacet
  facet normal 0.24449983492236332 -0.969631719588612 0.005844577877678534
    outer loop
      vertex 16.902923583984375 -70.28373718261719 1.1125211715698242
      vertex 16.9945068359375 -70.26132202148438 1
      vertex 17.87152099609375 -70.04017639160156 1
    endloop
  endfacet
  facet normal 0.24473750039712658 -0.9695559193628644 0.00805450978006185
    outer loop
      vertex 16.902923583984375 -70.28373718261719 1.1125211715698242
      vertex 17.87152099609375 -70.04017639160156 1
      vertex 21.46514892578125 -69.00845336914062 16
    endloop
  endfacet
  facet normal 0.26921113117438544 -0.9630811839361247 0
    outer loop
      vertex 16.902923583984375 -70.28373718261719 1.1125211715698242
      vertex 21.46514892578125 -69.00845336914062 16
      vertex 16.902923583984375 -70.28373718261719 16
    endloop
  endfacet
  facet normal 0.19290196986114846 -0.6859434814805005 0.7016198188749366
    outer loop
      vertex 16.902923583984375 -70.28373718261719 16
      vertex 21.314620971679688 -68.53164672851562 16.5
      vertex 17 -69.74501037597656 16.5
    endloop
  endfacet
  facet normal 0.19041293404354928 -0.6811869671043564 0.7069138776372236
    outer loop
      vertex 16.902923583984375 -70.28373718261719 16
      vertex 21.46514892578125 -69.00845336914062 16
      vertex 21.314620971679688 -68.53164672851562 16.5
    endloop
  endfacet
  facet normal -0.7471275648537278 0.5244564751535129 0.4083452062964515
    outer loop
      vertex 16.903564453125 -67.69512939453125 2.823007106781006
      vertex 16.9708251953125 -67.61955261230469 2.849003791809082
      vertex 16.94207763671875 -67.50245666503906 2.6460142135620117
    endloop
  endfacet
  facet normal -0.8328781849433249 0.503031682803874 0.23080956466536506
    outer loop
      vertex 16.9259033203125 -67.78703308105469 3
      vertex 16.98675537109375 -67.686279296875 3
      vertex 17.0379638671875 -67.54411315917969 2.874946117401123
    endloop
  endfacet
  facet normal -0.8559908416677594 0.5169909853961873 0
    outer loop
      vertex 16.9259033203125 -67.78703308105469 3
      vertex 16.98675537109375 -67.686279296875 16
      vertex 16.98675537109375 -67.686279296875 3
    endloop
  endfacet
  facet normal -0.7526751766656072 0.5406447991972017 0.37574363538510464
    outer loop
      vertex 16.9259033203125 -67.78703308105469 3
      vertex 17.0379638671875 -67.54411315917969 2.874946117401123
      vertex 16.9708251953125 -67.61955261230469 2.849003791809082
    endloop
  endfacet
  facet normal -0.7315333366976465 0.5406080383886391 0.41545387966607716
    outer loop
      vertex 16.94207763671875 -67.50245666503906 2.6460142135620117
      vertex 16.9708251953125 -67.61955261230469 2.849003791809082
      vertex 17.047927856445312 -67.51646423339844 2.85062313079834
    endloop
  endfacet
  facet normal -0.6925438336294247 0.6007193374919404 0.3993986931189232
    outer loop
      vertex 16.94207763671875 -67.50245666503906 2.6460142135620117
      vertex 17.047927856445312 -67.51646423339844 2.85062313079834
      vertex 17.089263916015625 -67.40180969238281 2.7498512268066406
    endloop
  endfacet
  facet normal -0.6925405639158719 0.6007386036021375 0.39937538416036605
    outer loop
      vertex 16.94207763671875 -67.50245666503906 2.6460142135620117
      vertex 17.089263916015625 -67.40180969238281 2.7498512268066406
      vertex 17.192138671875 -67.11711120605469 2.5
    endloop
  endfacet
  facet normal -0.7588390000398212 0.5623975499482834 0.32843929093628893
    outer loop
      vertex 16.9708251953125 -67.61955261230469 2.849003791809082
      vertex 17.0379638671875 -67.54411315917969 2.874946117401123
      vertex 17.047927856445312 -67.51646423339844 2.85062313079834
    endloop
  endfacet
  facet normal -0.2933133438608715 0.9560163609024451 0
    outer loop
      vertex 16.98675537109375 -67.686279296875 3
      vertex 16.98675537109375 -67.686279296875 16
      vertex 23.326400756835938 -65.74122619628906 3
    endloop
  endfacet
  facet normal -0.2108824815228279 0.6873437802378338 0.6950446796826365
    outer loop
      vertex 16.98675537109375 -67.686279296875 3
      vertex 23.326400756835938 -65.74122619628906 3
      vertex 17.0379638671875 -67.54411315917969 2.874946117401123
    endloop
  endfacet
  facet normal -0.19804838102916672 0.6818666539429845 0.7041553131322125
    outer loop
      vertex 16.98675537109375 -67.686279296875 16
      vertex 17 -68.19877624511719 16.5
      vertex 21.372161865234375 -66.41253662109375 16
    endloop
  endfacet
  facet normal -0.27891513459339634 0.9602852018833113 0.007660204871633949
    outer loop
      vertex 16.98675537109375 -67.686279296875 16
      vertex 21.372161865234375 -66.41253662109375 16
      vertex 23.326400756835938 -65.74122619628906 3
    endloop
  endfacet
  facet normal 0.17298833485986656 -0.6860330873115084 -0.7067061900933449
    outer loop
      vertex 16.9945068359375 -70.26132202148438 1
      vertex 16.995361328125 -69.23097229003906 0
      vertex 17.87152099609375 -70.04017639160156 1
    endloop
  endfacet
  facet normal 0.17408914021601157 -0.6853391073537849 -0.7071090999204911
    outer loop
      vertex 16.995361328125 -69.23097229003906 0
      vertex 17.620864868164062 -69.07208251953125 0
      vertex 17.87152099609375 -70.04017639160156 1
    endloop
  endfacet
  facet normal 0 0 1
    outer loop
      vertex 17 -69.74501037597656 16.5
      vertex 21.314620971679688 -68.53164672851562 16.5
      vertex 21.527481079101562 -66.88778686523438 16.5
    endloop
  endfacet
  facet normal 0 0 1
    outer loop
      vertex 17 -69.74501037597656 16.5
      vertex 21.527481079101562 -66.88778686523438 16.5
      vertex 17 -68.19877624511719 16.5
    endloop
  endfacet
  facet normal -0.19673199004186034 0.679410814638436 0.7068928271290535
    outer loop
      vertex 17 -68.19877624511719 16.5
      vertex 21.527481079101562 -66.88778686523438 16.5
      vertex 21.372161865234375 -66.41253662109375 16
    endloop
  endfacet
  facet normal 0 0 1
    outer loop
      vertex 17.02978515625 23.1044921875 2.5
      vertex 17.1512451171875 22.651214599609375 2.5
      vertex 18.992049347758943 23.37400819837982 2.5
    endloop
  endfacet
  facet normal -0.21089536347552276 0.6873923126838685 0.6949927727161267
    outer loop
      vertex 17.0379638671875 -67.54411315917969 2.874946117401123
      vertex 23.326400756835938 -65.74122619628906 3
      vertex 17.047927856445312 -67.51646423339844 2.85062313079834
    endloop
  endfacet
  facet normal -0.21082317954152127 0.6871118458996647 0.6952919517672839
    outer loop
      vertex 17.047927856445312 -67.51646423339844 2.85062313079834
      vertex 23.326400756835938 -65.74122619628906 3
      vertex 17.089263916015625 -67.40180969238281 2.7498512268066406
    endloop
  endfacet
  facet normal -0.212586228165575 0.6868023134545822 0.6950609166308862
    outer loop
      vertex 17.089263916015625 -67.40180969238281 2.7498512268066406
      vertex 23.156875610351562 -65.27084350585938 2.5
      vertex 17.192138671875 -67.11711120605469 2.5
    endloop
  endfacet
  facet normal -0.20835545551327206 0.6761222771667806 0.7067154098197266
    outer loop
      vertex 17.089263916015625 -67.40180969238281 2.7498512268066406
      vertex 23.326400756835938 -65.74122619628906 3
      vertex 23.156875610351562 -65.27084350585938 2.5
    endloop
  endfacet
  facet normal 0 0 1
    outer loop
      vertex 17.1512451171875 22.651214599609375 2.5
      vertex 17.192138671875 22.183731079101562 2.5
      vertex 18.992049347758943 23.37400819837982 2.5
    endloop
  endfacet
  facet normal 0 0 1
    outer loop
      vertex 17.192138671875 -67.11711120605469 2.5
      vertex 23.156875610351562 -65.27084350585938 2.5
      vertex 17.192138671875 -64.41668701171875 2.5
    endloop
  endfacet
  facet normal 0 0 1
    outer loop
      vertex 17.192138671875 -64.41668701171875 2.5
      vertex 19.564689618852327 -61.811725869026986 2.5
      vertex 17.192138671875 -39.31626892089844 2.5
    endloop
  endfacet
  facet normal 0 0 1
    outer loop
      vertex 17.192138671875 -64.41668701171875 2.5
      vertex 19.97651986597667 -62.596402846202025 2.5
      vertex 19.564689618852327 -61.811725869026986 2.5
    endloop
  endfacet
  facet normal 0 0 1
    outer loop
      vertex 17.192138671875 -64.41668701171875 2.5
      vertex 22.431468075647274 -63.843260011541624 2.5
      vertex 19.97651986597667 -62.596402846202025 2.5
    endloop
  endfacet
  facet normal 0 0 1
    outer loop
      vertex 17.192138671875 -64.41668701171875 2.5
      vertex 23.156875610351562 -65.27084350585938 2.5
      vertex 22.431468075647274 -63.843260011541624 2.5
    endloop
  endfacet
  facet normal 0 0 1
    outer loop
      vertex 17.192138671875 -39.31626892089844 2.5
      vertex 19.564689618852327 -61.811725869026986 2.5
      vertex 20.005957007315597 -61.32723283761354 2.5
    endloop
  endfacet
  facet normal 0 0 1
    outer loop
      vertex 17.192138671875 -39.31626892089844 2.5
      vertex 19.87345505442406 -22.400029254541582 2.5
      vertex 17.192138671875 3.6837310791015625 2.5
    endloop
  endfacet
  facet normal 0 0 1
    outer loop
      vertex 17.192138671875 -39.31626892089844 2.5
      vertex 19.9903409513219 -22.622736724166803 2.5
      vertex 19.87345505442406 -22.400029254541582 2.5
    endloop
  endfacet
  facet normal 0 0 1
    outer loop
      vertex 17.192138671875 -39.31626892089844 2.5
      vertex 20.005957007315597 -61.32723283761354 2.5
      vertex 20.07502431305557 -57.29983564806302 2.5
    endloop
  endfacet
  facet normal 0 0 1
    outer loop
      vertex 17.192138671875 -39.31626892089844 2.5
      vertex 20.07502431305557 -57.29983564806302 2.5
      vertex 21.05917498189344 -56.62052548949556 2.5
    endloop
  endfacet
  facet normal 0 0 1
    outer loop
      vertex 17.192138671875 -39.31626892089844 2.5
      vertex 20.58522178008759 -19.697678934584726 2.5
      vertex 19.9903409513219 -22.622736724166803 2.5
    endloop
  endfacet
  facet normal 0 0 1
    outer loop
      vertex 17.192138671875 -39.31626892089844 2.5
      vertex 21.05917498189344 -56.62052548949556 2.5
      vertex 22.39960307465258 -59.57878327291012 2.5
    endloop
  endfacet
  facet normal 0 0 1
    outer loop
      vertex 17.192138671875 -39.31626892089844 2.5
      vertex 21.28025670319202 -22.51754646570762 2.5
      vertex 20.58522178008759 -19.697678934584726 2.5
    endloop
  endfacet
  facet normal 0 0 1
    outer loop
      vertex 17.192138671875 -39.31626892089844 2.5
      vertex 22.39960307465258 -59.57878327291012 2.5
      vertex 25.813366830881975 -57.3188490301965 2.5
    endloop
  endfacet
  facet normal 0 0 1
    outer loop
      vertex 17.192138671875 -39.31626892089844 2.5
      vertex 25.813366830881975 -57.3188490301965 2.5
      vertex 53.00732421875 -39.31626892089844 2.5
    endloop
  endfacet
  facet normal 0 0 1
    outer loop
      vertex 17.192138671875 -39.31626892089844 2.5
      vertex 47.64422607421875 -35.47590637207031 2.5
      vertex 21.28025670319202 -22.51754646570762 2.5
    endloop
  endfacet
  facet normal 0 0 1
    outer loop
      vertex 17.192138671875 -39.31626892089844 2.5
      vertex 53.00732421875 -39.31626892089844 2.5
      vertex 47.64422607421875 -35.47590637207031 2.5
    endloop
  endfacet
  facet normal 0 0 1
    outer loop
      vertex 17.192138671875 3.6837310791015625 2.5
      vertex 19.87345505442406 -22.400029254541582 2.5
      vertex 20.41272311568383 -18.997824342039088 2.5
    endloop
  endfacet
  facet normal 0 0 1
    outer loop
      vertex 17.192138671875 3.6837310791015625 2.5
      vertex 20.41272311568383 -18.997824342039088 2.5
      vertex 20.474448265219426 -17.024133200387535 2.5
    endloop
  endfacet
  facet normal 0 0 1
    outer loop
      vertex 17.192138671875 3.6837310791015625 2.5
      vertex 20.474448265219426 -17.024133200387535 2.5
      vertex 21.52033902278032 -16.30220693557901 2.5
    endloop
  endfacet
  facet normal 0 0 1
    outer loop
      vertex 17.192138671875 3.6837310791015625 2.5
      vertex 20.924978785824607 22.218238922509478 2.5
      vertex 17.192138671875 22.183731079101562 2.5
    endloop
  endfacet
  facet normal 0 0 1
    outer loop
      vertex 17.192138671875 3.6837310791015625 2.5
      vertex 21.32329495020501 22.169874583880926 2.5
      vertex 20.924978785824607 22.218238922509478 2.5
    endloop
  endfacet
  facet normal 0 0 1
    outer loop
      vertex 17.192138671875 3.6837310791015625 2.5
      vertex 21.52033902278032 -16.30220693557901 2.5
      vertex 21.6472306930088 -16.251963646775373 2.5
    endloop
  endfacet
  facet normal 0 0 1
    outer loop
      vertex 17.192138671875 3.6837310791015625 2.5
      vertex 21.6472306930088 -16.251963646775373 2.5
      vertex 23.48214672102129 -16.223935035171014 2.5
    endloop
  endfacet
  facet normal 0 0 1
    outer loop
      vertex 17.192138671875 3.6837310791015625 2.5
      vertex 21.924304312775064 24.292420121715182 2.5
      vertex 21.32329495020501 22.169874583880926 2.5
    endloop
  endfacet
  facet normal 0 0 1
    outer loop
      vertex 17.192138671875 3.6837310791015625 2.5
      vertex 22.021007392487753 23.900080304568423 2.5
      vertex 21.924304312775064 24.292420121715182 2.5
    endloop
  endfacet
  facet normal 0 0 1
    outer loop
      vertex 17.192138671875 3.6837310791015625 2.5
      vertex 22.48214672102129 24.590436517885067 2.5
      vertex 22.021007392487753 23.900080304568423 2.5
    endloop
  endfacet
  facet normal 0 0 1
    outer loop
      vertex 17.192138671875 3.6837310791015625 2.5
      vertex 23.48214672102129 -16.223935035171014 2.5
      vertex 23.718183967881085 -16.11868162367423 2.5
    endloop
  endfacet
  facet normal 0 0 1
    outer loop
      vertex 17.192138671875 3.6837310791015625 2.5
      vertex 23.718183967881085 -16.11868162367423 2.5
      vertex 68.13774108886719 3.6888275146484375 2.5
    endloop
  endfacet
  facet normal 0 0 1
    outer loop
      vertex 17.192138671875 3.6837310791015625 2.5
      vertex 25.613579846227104 24.432231807678562 2.5
      vertex 22.48214672102129 24.590436517885067 2.5
    endloop
  endfacet
  facet normal 0 0 1
    outer loop
      vertex 17.192138671875 3.6837310791015625 2.5
      vertex 53.6650390625 23.015029907226562 2.5
      vertex 25.613579846227104 24.432231807678562 2.5
    endloop
  endfacet
  facet normal 0 0 1
    outer loop
      vertex 17.192138671875 3.6837310791015625 2.5
      vertex 68.13774108886719 3.6888275146484375 2.5
      vertex 53.6650390625 23.015029907226562 2.5
    endloop
  endfacet
  facet normal 0 0 1
    outer loop
      vertex 17.192138671875 22.183731079101562 2.5
      vertex 19.005957007315597 23.37946905463736 2.5
      vertex 18.992049347758943 23.37400819837982 2.5
    endloop
  endfacet
  facet normal 0 0 1
    outer loop
      vertex 17.192138671875 22.183731079101562 2.5
      vertex 20.22035948990946 23.72546608132501 2.5
      vertex 19.005957007315597 23.37946905463736 2.5
    endloop
  endfacet
  facet normal 0 0 1
    outer loop
      vertex 17.192138671875 22.183731079101562 2.5
      vertex 20.924978785824607 22.218238922509478 2.5
      vertex 20.22035948990946 23.72546608132501 2.5
    endloop
  endfacet
  facet normal -0.27959649901293737 -0.9601158491984934 -0.0018313540248991393
    outer loop
      vertex 17.479873657226562 65.52615356445312 16
      vertex 19.443008422851562 64.97926330566406 3
      vertex 20.979461669921875 64.50703430175781 16
    endloop
  endfacet
  facet normal -0.1977412161032967 -0.6790302321052119 0.706976912877027
    outer loop
      vertex 17.479873657226562 65.52615356445312 16
      vertex 20.979461669921875 64.50703430175781 16
      vertex 17.606918334960938 66.00973510742188 16.5
    endloop
  endfacet
  facet normal -0.23492478363971675 -0.7378055131765922 0.6328138515851702
    outer loop
      vertex 17.606918334960938 66.00973510742188 16.5
      vertex 20.979461669921875 64.50703430175781 16
      vertex 24.38909912109375 63.8502197265625 16.5
    endloop
  endfacet
  facet normal 0 0 1
    outer loop
      vertex 17.606918334960938 66.00973510742188 16.5
      vertex 24.38909912109375 63.8502197265625 16.5
      vertex 27.903915405273438 64.05300903320312 16.5
    endloop
  endfacet
  facet normal 0 0 1
    outer loop
      vertex 17.606918334960938 66.00973510742188 16.5
      vertex 27.903915405273438 64.05300903320312 16.5
      vertex 21.182083129882812 66.54081726074219 16.5
    endloop
  endfacet
  facet normal 0.21181461514597297 -0.6751060229662185 -0.7066586351027623
    outer loop
      vertex 17.620864868164062 -69.07208251953125 0
      vertex 24.415557861328125 -66.94024658203125 0
      vertex 17.87152099609375 -70.04017639160156 1
    endloop
  endfacet
  facet normal 0.2118180675338388 0.6751103907272544 -0.7066534275005845
    outer loop
      vertex 17.620864868164062 67.03955078125 0
      vertex 17.87152099609375 68.00762939453125 1
      vertex 24.76287841796875 65.84544372558594 1
    endloop
  endfacet
  facet normal 0.21181813198917518 0.675112399851007 -0.7066514887326216
    outer loop
      vertex 17.620864868164062 67.03955078125 0
      vertex 24.76287841796875 65.84544372558594 1
      vertex 24.415557861328125 64.90769958496094 0
    endloop
  endfacet
  facet normal 0.2118186430915029 -0.6751122251550916 -0.7066515024288955
    outer loop
      vertex 17.87152099609375 -70.04017639160156 1
      vertex 24.415557861328125 -66.94024658203125 0
      vertex 24.76287841796875 -67.87799072265625 1
    endloop
  endfacet
  facet normal 0.2993586159088041 -0.9541212159414896 -0.006092977227814183
    outer loop
      vertex 17.87152099609375 -70.04017639160156 1
      vertex 24.76287841796875 -67.87799072265625 1
      vertex 21.46514892578125 -69.00845336914062 16
    endloop
  endfacet
  facet normal 0.27500446523808186 0.9614429489569917 0
    outer loop
      vertex 17.87152099609375 68.00762939453125 1
      vertex 17.87152099609375 68.00762939453125 16
      vertex 21.3316650390625 67.01791381835938 16
    endloop
  endfacet
  facet normal 0.2993586012289118 0.9541211691534702 -0.006101019872477788
    outer loop
      vertex 17.87152099609375 68.00762939453125 1
      vertex 21.3316650390625 67.01791381835938 16
      vertex 24.76287841796875 65.84544372558594 1
    endloop
  endfacet
  facet normal 0.19448925751450746 0.6799537786534453 0.7069913631766355
    outer loop
      vertex 17.87152099609375 68.00762939453125 16
      vertex 21.182083129882812 66.54081726074219 16.5
      vertex 21.3316650390625 67.01791381835938 16
    endloop
  endfacet
  facet normal 0 0 1
    outer loop
      vertex 18.116232730295792 25.122598509248817 2.5
      vertex 18.179551004917194 24.922094450112315 2.5
      vertex 18.992049347758943 23.37400819837982 2.5
    endloop
  endfacet
  facet normal 0 0 1
    outer loop
      vertex 18.116232730295792 25.122598509248817 2.5
      vertex 18.249560676716307 26.41632991462959 2.5
      vertex 18.116232730295792 26.429972849962777 2.5
    endloop
  endfacet
  facet normal 0 0 1
    outer loop
      vertex 18.116232730295792 25.122598509248817 2.5
      vertex 18.992049347758943 23.37400819837982 2.5
      vertex 18.249560676716307 26.41632991462959 2.5
    endloop
  endfacet
  facet normal 0 0 1
    outer loop
      vertex 18.116232730295792 26.429972849962777 2.5
      vertex 18.249560676716307 26.41632991462959 2.5
      vertex 18.469773360514555 27.630878048359843 2.5
    endloop
  endfacet
  facet normal 0 0 1
    outer loop
      vertex 18.249560676716307 26.41632991462959 2.5
      vertex 18.992049347758943 23.37400819837982 2.5
      vertex 19.005957007315597 23.37946905463736 2.5
    endloop
  endfacet
  facet normal 0 0 1
    outer loop
      vertex 18.249560676716307 26.41632991462959 2.5
      vertex 19.005957007315597 23.37946905463736 2.5
      vertex 18.469773360514555 27.630878048359843 2.5
    endloop
  endfacet
  facet normal 0 0 1
    outer loop
      vertex 18.469773360514555 27.630878048359843 2.5
      vertex 19.005957007315597 23.37946905463736 2.5
      vertex 18.974290009472877 28.592154209602004 2.5
    endloop
  endfacet
  facet normal 0 0 1
    outer loop
      vertex 18.974290009472877 28.592154209602004 2.5
      vertex 19.005957007315597 23.37946905463736 2.5
      vertex 20.22035948990946 23.72546608132501 2.5
    endloop
  endfacet
  facet normal 0 0 1
    outer loop
      vertex 18.974290009472877 28.592154209602004 2.5
      vertex 20.22035948990946 23.72546608132501 2.5
      vertex 20.581580451829858 23.909371758616725 2.5
    endloop
  endfacet
  facet normal 0 0 1
    outer loop
      vertex 18.974290009472877 28.592154209602004 2.5
      vertex 20.581580451829858 23.909371758616725 2.5
      vertex 21.924304312775064 24.292420121715182 2.5
    endloop
  endfacet
  facet normal 0 0 1
    outer loop
      vertex 18.974290009472877 28.592154209602004 2.5
      vertex 21.924304312775064 24.292420121715182 2.5
      vertex 23.89532165660814 29.434888936826706 2.5
    endloop
  endfacet
  facet normal 0 0 1
    outer loop
      vertex 18.974290009472877 28.592154209602004 2.5
      vertex 23.89532165660814 29.434888936826706 2.5
      vertex 55.36634826660156 38.97694396972656 2.5
    endloop
  endfacet
  facet normal -0.20774397574766956 -0.6759197411774619 0.7070890637162652
    outer loop
      vertex 19.301712036132812 64.4996337890625 2.5
      vertex 20.979461669921875 64.50703430175781 3
      vertex 19.443008422851562 64.97926330566406 3
    endloop
  endfacet
  facet normal -0.23188824217828766 -0.6684257315122594 0.7067070712761864
    outer loop
      vertex 19.301712036132812 64.4996337890625 2.5
      vertex 25.4193115234375 62.37733459472656 2.5
      vertex 25.605392456054688 62.84141540527344 3
    endloop
  endfacet
  facet normal -0.22222028055127652 -0.6171733757794 0.7547947874361425
    outer loop
      vertex 19.301712036132812 64.4996337890625 2.5
      vertex 25.605392456054688 62.84141540527344 3
      vertex 20.979461669921875 64.50703430175781 3
    endloop
  endfacet
  facet normal -0.29378698697710837 -0.9558709150732186 0
    outer loop
      vertex 19.443008422851562 64.97926330566406 3
      vertex 20.979461669921875 64.50703430175781 3
      vertex 20.979461669921875 64.50703430175781 16
    endloop
  endfacet
  facet normal 0 0 1
    outer loop
      vertex 19.564689618852327 -61.811725869026986 2.5
      vertex 19.97651986597667 -62.596402846202025 2.5
      vertex 21.116071949389962 -61.85142273442244 2.5
    endloop
  endfacet
  facet normal 0 0 1
    outer loop
      vertex 19.564689618852327 -61.811725869026986 2.5
      vertex 21.116071949389962 -61.85142273442244 2.5
      vertex 20.005957007315597 -61.32723283761354 2.5
    endloop
  endfacet
  facet normal 0 0 1
    outer loop
      vertex 19.87345505442406 -22.400029254541582 2.5
      vertex 19.9903409513219 -22.622736724166803 2.5
      vertex 20.005957007315597 -22.529574362234825 2.5
    endloop
  endfacet
  facet normal 0 0 1
    outer loop
      vertex 19.87345505442406 -22.400029254541582 2.5
      vertex 20.005957007315597 -22.529574362234825 2.5
      vertex 20.58522178008759 -19.697678934584726 2.5
    endloop
  endfacet
  facet normal 0 0 1
    outer loop
      vertex 19.87345505442406 -22.400029254541582 2.5
      vertex 20.58522178008759 -19.697678934584726 2.5
      vertex 20.41272311568383 -18.997824342039088 2.5
    endloop
  endfacet
  facet normal 0 0 1
    outer loop
      vertex 19.97651986597667 -62.596402846202025 2.5
      vertex 22.431468075647274 -63.843260011541624 2.5
      vertex 21.116071949389962 -61.85142273442244 2.5
    endloop
  endfacet
  facet normal 0 0 1
    outer loop
      vertex 19.9903409513219 -22.622736724166803 2.5
      vertex 20.58522178008759 -19.697678934584726 2.5
      vertex 20.005957007315597 -22.529574362234825 2.5
    endloop
  endfacet
  facet normal 0 0 1
    outer loop
      vertex 20.005957007315597 -61.32723283761354 2.5
      vertex 20.225371949774562 -58.23771078212495 2.5
      vertex 20.07502431305557 -57.29983564806302 2.5
    endloop
  endfacet
  facet normal 0 0 1
    outer loop
      vertex 20.005957007315597 -61.32723283761354 2.5
      vertex 21.116071949389962 -61.85142273442244 2.5
      vertex 20.225371949774562 -58.23771078212495 2.5
    endloop
  endfacet
  facet normal 0 0 -1
    outer loop
      vertex 20.005957007315597 -22.299960010511793 0
      vertex 20.005957007315597 -20.931399787983967 0
      vertex 20.25591777197842 -21.63835994557405 0
    endloop
  endfacet
  facet normal 0 0 -1
    outer loop
      vertex 20.005957007315597 -20.931399787983967 0
      vertex 20.45191365394643 -17.03968771946863 0
      vertex 21.241452408511325 -16.494708466249232 0
    endloop
  endfacet
  facet normal 0 0 -1
    outer loop
      vertex 20.005957007315597 -20.931399787983967 0
      vertex 21.241452408511325 -16.494708466249232 0
      vertex 21.4180419152285 -16.923436954297923 0
    endloop
  endfacet
  facet normal 0 0 -1
    outer loop
      vertex 20.005957007315597 -20.931399787983967 0
      vertex 21.4180419152285 -16.923436954297923 0
      vertex 20.25591777197842 -21.63835994557405 0
    endloop
  endfacet
  facet normal 0 0 -1
    outer loop
      vertex 20.014242286208333 -62.618875935112364 0
      vertex 21.09333621894054 -58.240819750033346 0
      vertex 21.581580451829858 -62.29962148636597 0
    endloop
  endfacet
  facet normal 0 0 1
    outer loop
      vertex 20.07502431305557 -57.29983564806302 2.5
      vertex 20.225371949774562 -58.23771078212495 2.5
      vertex 21.581580451829858 -58.95819122622489 2.5
    endloop
  endfacet
  facet normal 0 0 1
    outer loop
      vertex 20.07502431305557 -57.29983564806302 2.5
      vertex 21.581580451829858 -58.95819122622489 2.5
      vertex 21.05917498189344 -56.62052548949556 2.5
    endloop
  endfacet
  facet normal 0 0 -1
    outer loop
      vertex 20.139008692584238 -22.74432958027014 0
      vertex 20.25591777197842 -21.63835994557405 0
      vertex 20.467314027727905 -22.970942391028416 0
    endloop
  endfacet
  facet normal 0 0 1
    outer loop
      vertex 20.22035948990946 23.72546608132501 2.5
      vertex 20.924978785824607 22.218238922509478 2.5
      vertex 20.581580451829858 23.909371758616725 2.5
    endloop
  endfacet
  facet normal 0 0 1
    outer loop
      vertex 20.225371949774562 -58.23771078212495 2.5
      vertex 21.116071949389962 -61.85142273442244 2.5
      vertex 21.581580451829858 -58.95819122622489 2.5
    endloop
  endfacet
  facet normal 0 0 -1
    outer loop
      vertex 20.25591777197842 -21.63835994557405 0
      vertex 21.4180419152285 -16.923436954297923 0
      vertex 21.581580451829858 -19.00124045026417 0
    endloop
  endfacet
  facet normal 0 0 -1
    outer loop
      vertex 20.25591777197842 -21.63835994557405 0
      vertex 21.581580451829858 -19.00124045026417 0
      vertex 20.467314027727905 -22.970942391028416 0
    endloop
  endfacet
  facet normal 0 0 1
    outer loop
      vertex 20.41272311568383 -18.997824342039088 2.5
      vertex 20.58522178008759 -19.697678934584726 2.5
      vertex 22.196230158459716 -18.753666916856368 2.5
    endloop
  endfacet
  facet normal 0 0 1
    outer loop
      vertex 20.41272311568383 -18.997824342039088 2.5
      vertex 21.581580451829858 -16.58499592538595 2.5
      vertex 20.474448265219426 -17.024133200387535 2.5
    endloop
  endfacet
  facet normal 0 0 1
    outer loop
      vertex 20.41272311568383 -18.997824342039088 2.5
      vertex 22.196230158459716 -18.753666916856368 2.5
      vertex 21.581580451829858 -16.58499592538595 2.5
    endloop
  endfacet
  facet normal 0 0 1
    outer loop
      vertex 20.474448265219426 -17.024133200387535 2.5
      vertex 21.581580451829858 -16.58499592538595 2.5
      vertex 21.52033902278032 -16.30220693557901 2.5
    endloop
  endfacet
  facet normal 0 0 -1
    outer loop
      vertex 20.581580451829858 22.271129289899562 0
      vertex 20.581580451829858 26.177703311267354 0
      vertex 21.103924572368104 24.37916843266739 0
    endloop
  endfacet
  facet normal 0 0 -1
    outer loop
      vertex 20.581580451829858 22.271129289899562 0
      vertex 21.103924572368104 24.37916843266739 0
      vertex 20.716374130684315 22.243568113446006 0
    endloop
  endfacet
  facet normal 0 0 1
    outer loop
      vertex 20.581580451829858 23.909371758616725 2.5
      vertex 20.924978785824607 22.218238922509478 2.5
      vertex 21.924304312775064 24.292420121715182 2.5
    endloop
  endfacet
  facet normal 0 0 -1
    outer loop
      vertex 20.581580451829858 26.177703311267354 0
      vertex 21.523552735048195 26.081666813325818 0
      vertex 21.103924572368104 24.37916843266739 0
    endloop
  endfacet
  facet normal 0 0 -1
    outer loop
      vertex 20.581580451829858 26.177703311267354 0
      vertex 21.525148265824512 26.08814013614957 0
      vertex 21.523552735048195 26.081666813325818 0
    endloop
  endfacet
  facet normal 0 0 1
    outer loop
      vertex 20.58522178008759 -19.697678934584726 2.5
      vertex 21.28025670319202 -22.51754646570762 2.5
      vertex 22.196230158459716 -18.753666916856368 2.5
    endloop
  endfacet
  facet normal 0 0 -1
    outer loop
      vertex 20.716374130684315 22.243568113446006 0
      vertex 21.103924572368104 24.37916843266739 0
      vertex 21.25283771550485 22.178429641050574 0
    endloop
  endfacet
  facet normal 0 0 1
    outer loop
      vertex 20.924978785824607 22.218238922509478 2.5
      vertex 21.32329495020501 22.169874583880926 2.5
      vertex 21.924304312775064 24.292420121715182 2.5
    endloop
  endfacet
  facet normal -0.32853652803432515 -0.9444912650454482 0
    outer loop
      vertex 20.979461669921875 64.50703430175781 3
      vertex 24.213134765625 63.38221740722656 16
      vertex 20.979461669921875 64.50703430175781 16
    endloop
  endfacet
  facet normal -0.3387691852333265 -0.9408651682997254 0.0028590587048274805
    outer loop
      vertex 20.979461669921875 64.50703430175781 3
      vertex 25.605392456054688 62.84141540527344 3
      vertex 24.213134765625 63.38221740722656 16
    endloop
  endfacet
  facet normal -0.23234878280124618 -0.6679665031852745 0.7069899530779884
    outer loop
      vertex 20.979461669921875 64.50703430175781 16
      vertex 24.213134765625 63.38221740722656 16
      vertex 24.38909912109375 63.8502197265625 16.5
    endloop
  endfacet
  facet normal 0 0 1
    outer loop
      vertex 21.05917498189344 -56.62052548949556 2.5
      vertex 21.581580451829858 -58.95819122622489 2.5
      vertex 22.39960307465258 -59.57878327291012 2.5
    endloop
  endfacet
  facet normal 0 0 -1
    outer loop
      vertex 21.09333621894054 -58.240819750033346 0
      vertex 21.581580451829858 -61.8624429303062 0
      vertex 21.581580451829858 -62.29962148636597 0
    endloop
  endfacet
  facet normal 0 0 -1
    outer loop
      vertex 21.09333621894054 -58.240819750033346 0
      vertex 21.581580451829858 -59.92340793738161 0
      vertex 21.581580451829858 -61.8624429303062 0
    endloop
  endfacet
  facet normal 0 0 -1
    outer loop
      vertex 21.09333621894054 -58.240819750033346 0
      vertex 21.581580451829858 -58.27305355573577 0
      vertex 21.581580451829858 -59.92340793738161 0
    endloop
  endfacet
  facet normal 0 0 -1
    outer loop
      vertex 21.103924572368104 24.37916843266739 0
      vertex 21.523552735048195 26.081666813325818 0
      vertex 22.48214672102129 24.049915534687674 0
    endloop
  endfacet
  facet normal 0 0 -1
    outer loop
      vertex 21.103924572368104 24.37916843266739 0
      vertex 22.48214672102129 24.049915534687674 0
      vertex 21.25283771550485 22.178429641050574 0
    endloop
  endfacet
  facet normal 0 0 1
    outer loop
      vertex 21.116071949389962 -61.85142273442244 2.5
      vertex 21.581580451829858 -62.17070288228424 2.5
      vertex 21.581580451829858 -58.95819122622489 2.5
    endloop
  endfacet
  facet normal 0 0 1
    outer loop
      vertex 21.116071949389962 -61.85142273442244 2.5
      vertex 22.431468075647274 -63.843260011541624 2.5
      vertex 21.581580451829858 -62.17070288228424 2.5
    endloop
  endfacet
  facet normal 0.22868121897918584 0.6692316187015911 0.7069893497191043
    outer loop
      vertex 21.182083129882812 66.54081726074219 16.5
      vertex 24.76287841796875 65.84544372558594 16
      vertex 21.3316650390625 67.01791381835938 16
    endloop
  endfacet
  facet normal 0.22424133214243946 0.6058797487628984 0.7632991255058473
    outer loop
      vertex 21.182083129882812 66.54081726074219 16.5
      vertex 27.903915405273438 64.05300903320312 16.5
      vertex 24.76287841796875 65.84544372558594 16
    endloop
  endfacet
  facet normal 0 0 -1
    outer loop
      vertex 21.241452408511325 -16.494708466249232 0
      vertex 21.46021172839134 -16.752347296816716 0
      vertex 21.4180419152285 -16.923436954297923 0
    endloop
  endfacet
  facet normal 0 0 1
    outer loop
      vertex 21.28025670319202 -22.51754646570762 2.5
      vertex 26.75374212089171 -20.99910749013732 2.5
      vertex 22.196230158459716 -18.753666916856368 2.5
    endloop
  endfacet
  facet normal 0 0 1
    outer loop
      vertex 21.28025670319202 -22.51754646570762 2.5
      vertex 47.64422607421875 -35.47590637207031 2.5
      vertex 26.75374212089171 -20.99910749013732 2.5
    endloop
  endfacet
  facet normal 0.22933142776664767 -0.6689942522059215 0.7070033852492863
    outer loop
      vertex 21.314620971679688 -68.53164672851562 16.5
      vertex 21.46514892578125 -69.00845336914062 16
      vertex 24.76287841796875 -67.87799072265625 16
    endloop
  endfacet
  facet normal 0.22544981386829102 -0.6054924103269307 0.7632504978467007
    outer loop
      vertex 21.314620971679688 -68.53164672851562 16.5
      vertex 24.76287841796875 -67.87799072265625 16
      vertex 28.03155517578125 -66.03065490722656 16.5
    endloop
  endfacet
  facet normal 0 0 1
    outer loop
      vertex 21.314620971679688 -68.53164672851562 16.5
      vertex 28.03155517578125 -66.03065490722656 16.5
      vertex 28.170562744140625 -64.33221435546875 16.5
    endloop
  endfacet
  facet normal 0 0 1
    outer loop
      vertex 21.314620971679688 -68.53164672851562 16.5
      vertex 28.170562744140625 -64.33221435546875 16.5
      vertex 21.527481079101562 -66.88778686523438 16.5
    endloop
  endfacet
  facet normal 0.3233503904313728 0.9462793060232686 0
    outer loop
      vertex 21.3316650390625 67.01791381835938 16
      vertex 24.76287841796875 65.84544372558594 16
      vertex 24.76287841796875 65.84544372558594 1
    endloop
  endfacet
  facet normal -0.23204615854609492 0.6680215863157999 0.7070372978281434
    outer loop
      vertex 21.372161865234375 -66.41253662109375 16
      vertex 21.527481079101562 -66.88778686523438 16.5
      vertex 23.770294189453125 -65.57951354980469 16
    endloop
  endfacet
  facet normal -0.3422964935910047 0.9395874028171276 -0.002936484746775957
    outer loop
      vertex 21.372161865234375 -66.41253662109375 16
      vertex 23.770294189453125 -65.57951354980469 3
      vertex 23.326400756835938 -65.74122619628906 3
    endloop
  endfacet
  facet normal -0.32813058415581653 0.9446323727998965 0
    outer loop
      vertex 21.372161865234375 -66.41253662109375 16
      vertex 23.770294189453125 -65.57951354980469 16
      vertex 23.770294189453125 -65.57951354980469 3
    endloop
  endfacet
  facet normal 0 0 -1
    outer loop
      vertex 21.4180419152285 -16.923436954297923 0
      vertex 21.46021172839134 -16.752347296816716 0
      vertex 21.581580451829858 -16.923403954738973 0
    endloop
  endfacet
  facet normal 0 0 -1
    outer loop
      vertex 21.4180419152285 -16.923436954297923 0
      vertex 21.581580451829858 -16.923403954738973 0
      vertex 21.581580451829858 -19.00124045026417 0
    endloop
  endfacet
  facet normal 0 0 -1
    outer loop
      vertex 21.46021172839134 -16.752347296816716 0
      vertex 21.581580451829858 -16.631297391532705 0
      vertex 21.581580451829858 -16.923403954738973 0
    endloop
  endfacet
  facet normal 0.32427620541510116 -0.9459624424899665 0
    outer loop
      vertex 21.46514892578125 -69.00845336914062 16
      vertex 24.76287841796875 -67.87799072265625 1
      vertex 24.76287841796875 -67.87799072265625 16
    endloop
  endfacet
  facet normal 0 0 1
    outer loop
      vertex 21.52033902278032 -16.30220693557901 2.5
      vertex 21.581580451829858 -16.58499592538595 2.5
      vertex 21.6472306930088 -16.251963646775373 2.5
    endloop
  endfacet
  facet normal 0 0 -1
    outer loop
      vertex 21.523552735048195 26.081666813325818 0
      vertex 21.525148265824512 26.08814013614957 0
      vertex 22.48214672102129 26.21591423025201 0
    endloop
  endfacet
  facet normal 0 0 -1
    outer loop
      vertex 21.523552735048195 26.081666813325818 0
      vertex 22.48214672102129 26.21591423025201 0
      vertex 22.48214672102129 24.049915534687674 0
    endloop
  endfacet
  facet normal 0 0 -1
    outer loop
      vertex 21.525148265824512 26.08814013614957 0
      vertex 61.46656799316406 33.1004638671875 0
      vertex 22.48214672102129 26.21591423025201 0
    endloop
  endfacet
  facet normal -0.2760705737869284 0.7176315130846953 0.6393669132170721
    outer loop
      vertex 21.527481079101562 -66.88778686523438 16.5
      vertex 28.170562744140625 -64.33221435546875 16.5
      vertex 23.770294189453125 -65.57951354980469 16
    endloop
  endfacet
  facet normal 0 0 -1
    outer loop
      vertex 21.581580451829858 -62.29962148636597 0
      vertex 21.581580451829858 -61.8624429303062 0
      vertex 24.415557861328125 -66.94024658203125 0
    endloop
  endfacet
  facet normal 0 0 1
    outer loop
      vertex 21.581580451829858 -62.17070288228424 2.5
      vertex 22.39960307465258 -59.57878327291012 2.5
      vertex 21.581580451829858 -58.95819122622489 2.5
    endloop
  endfacet
  facet normal 0 0 1
    outer loop
      vertex 21.581580451829858 -62.17070288228424 2.5
      vertex 22.431468075647274 -63.843260011541624 2.5
      vertex 22.875585682455245 -61.50992062515548 2.5
    endloop
  endfacet
  facet normal 0 0 1
    outer loop
      vertex 21.581580451829858 -62.17070288228424 2.5
      vertex 22.875585682455245 -61.50992062515548 2.5
      vertex 22.39960307465258 -59.57878327291012 2.5
    endloop
  endfacet
  facet normal 0 0 -1
    outer loop
      vertex 21.581580451829858 -61.8624429303062 0
      vertex 21.581580451829858 -59.92340793738161 0
      vertex 22.128645881053107 -61.52053327530387 0
    endloop
  endfacet
  facet normal 0 0 -1
    outer loop
      vertex 21.581580451829858 -61.8624429303062 0
      vertex 21.947513585052505 -62.25541588817811 0
      vertex 24.415557861328125 -66.94024658203125 0
    endloop
  endfacet
  facet normal 0 0 -1
    outer loop
      vertex 21.581580451829858 -61.8624429303062 0
      vertex 22.128645881053107 -61.52053327530387 0
      vertex 21.947513585052505 -62.25541588817811 0
    endloop
  endfacet
  facet normal 0 0 -1
    outer loop
      vertex 21.581580451829858 -59.92340793738161 0
      vertex 21.581580451829858 -58.27305355573577 0
      vertex 22.53568198217107 -59.86912289665596 0
    endloop
  endfacet
  facet normal 0 0 -1
    outer loop
      vertex 21.581580451829858 -59.92340793738161 0
      vertex 22.362585977028466 -60.57140099584634 0
      vertex 22.128645881053107 -61.52053327530387 0
    endloop
  endfacet
  facet normal 0 0 -1
    outer loop
      vertex 21.581580451829858 -59.92340793738161 0
      vertex 22.53568198217107 -59.86912289665596 0
      vertex 22.362585977028466 -60.57140099584634 0
    endloop
  endfacet
  facet normal 0 0 -1
    outer loop
      vertex 21.581580451829858 -19.54233505223425 0
      vertex 21.581580451829858 -19.00124045026417 0
      vertex 22.709322066644003 -19.16463738084961 0
    endloop
  endfacet
  facet normal 0 0 -1
    outer loop
      vertex 21.581580451829858 -19.00124045026417 0
      vertex 21.581580451829858 -16.923403954738973 0
      vertex 22.709322066644003 -19.16463738084961 0
    endloop
  endfacet
  facet normal 0 0 -1
    outer loop
      vertex 21.581580451829858 -16.923403954738973 0
      vertex 21.581580451829858 -16.631297391532705 0
      vertex 22.709322066644003 -19.16463738084961 0
    endloop
  endfacet
  facet normal 0 0 -1
    outer loop
      vertex 21.581580451829858 -16.631297391532705 0
      vertex 21.623879023243035 -16.254799052829885 0
      vertex 21.912595252949675 -16.21974255563045 0
    endloop
  endfacet
  facet normal 0 0 -1
    outer loop
      vertex 21.581580451829858 -16.631297391532705 0
      vertex 21.912595252949675 -16.21974255563045 0
      vertex 22.709322066644003 -19.16463738084961 0
    endloop
  endfacet
  facet normal 0 0 1
    outer loop
      vertex 21.581580451829858 -16.58499592538595 2.5
      vertex 21.753117647268365 -16.95588878887144 2.5
      vertex 21.6472306930088 -16.251963646775373 2.5
    endloop
  endfacet
  facet normal 0 0 1
    outer loop
      vertex 21.581580451829858 -16.58499592538595 2.5
      vertex 22.196230158459716 -18.753666916856368 2.5
      vertex 21.753117647268365 -16.95588878887144 2.5
    endloop
  endfacet
  facet normal 0 0 1
    outer loop
      vertex 21.6472306930088 -16.251963646775373 2.5
      vertex 21.753117647268365 -16.95588878887144 2.5
      vertex 23.48214672102129 -16.223935035171014 2.5
    endloop
  endfacet
  facet normal 0 0 1
    outer loop
      vertex 21.753117647268365 -16.95588878887144 2.5
      vertex 22.196230158459716 -18.753666916856368 2.5
      vertex 23.48214672102129 -16.223935035171014 2.5
    endloop
  endfacet
  facet normal 0 0 -1
    outer loop
      vertex 21.912595252949675 -16.21974255563045 0
      vertex 23.30414938292394 -16.751328092287785 0
      vertex 22.709322066644003 -19.16463738084961 0
    endloop
  endfacet
  facet normal 0 0 1
    outer loop
      vertex 21.924304312775064 24.292420121715182 2.5
      vertex 22.021007392487753 23.900080304568423 2.5
      vertex 23.89532165660814 29.434888936826706 2.5
    endloop
  endfacet
  facet normal 0 0 -1
    outer loop
      vertex 21.947513585052505 -62.25541588817811 0
      vertex 22.128645881053107 -61.52053327530387 0
      vertex 24.415557861328125 -66.94024658203125 0
    endloop
  endfacet
  facet normal 0 0 1
    outer loop
      vertex 22.021007392487753 23.900080304568423 2.5
      vertex 22.48214672102129 24.590436517885067 2.5
      vertex 23.89532165660814 29.434888936826706 2.5
    endloop
  endfacet
  facet normal 0 0 -1
    outer loop
      vertex 22.128645881053107 -61.52053327530387 0
      vertex 22.362585977028466 -60.57140099584634 0
      vertex 23.48214672102129 -61.798222166275025 0
    endloop
  endfacet
  facet normal 0 0 -1
    outer loop
      vertex 22.128645881053107 -61.52053327530387 0
      vertex 23.48214672102129 -61.798222166275025 0
      vertex 30.959716796875 -64.13192749023438 0
    endloop
  endfacet
  facet normal 0 0 -1
    outer loop
      vertex 22.128645881053107 -61.52053327530387 0
      vertex 30.959716796875 -64.13192749023438 0
      vertex 24.415557861328125 -66.94024658203125 0
    endloop
  endfacet
  facet normal 0 0 1
    outer loop
      vertex 22.196230158459716 -18.753666916856368 2.5
      vertex 23.48214672102129 -18.731939877706864 2.5
      vertex 23.48214672102129 -16.223935035171014 2.5
    endloop
  endfacet
  facet normal 0 0 1
    outer loop
      vertex 22.196230158459716 -18.753666916856368 2.5
      vertex 26.75374212089171 -20.99910749013732 2.5
      vertex 23.48214672102129 -18.731939877706864 2.5
    endloop
  endfacet
  facet normal 0 0 -1
    outer loop
      vertex 22.362585977028466 -60.57140099584634 0
      vertex 22.53568198217107 -59.86912289665596 0
      vertex 58.92437744140625 -39.35694885253906 0
    endloop
  endfacet
  facet normal 0 0 -1
    outer loop
      vertex 22.362585977028466 -60.57140099584634 0
      vertex 23.48214672102129 -60.29436522458668 0
      vertex 23.48214672102129 -61.798222166275025 0
    endloop
  endfacet
  facet normal 0 0 -1
    outer loop
      vertex 22.362585977028466 -60.57140099584634 0
      vertex 48.43437194824219 -51.969200134277344 0
      vertex 23.48214672102129 -60.29436522458668 0
    endloop
  endfacet
  facet normal 0 0 -1
    outer loop
      vertex 22.362585977028466 -60.57140099584634 0
      vertex 53.3406982421875 -46.80775451660156 0
      vertex 48.43437194824219 -51.969200134277344 0
    endloop
  endfacet
  facet normal 0 0 -1
    outer loop
      vertex 22.362585977028466 -60.57140099584634 0
      vertex 57.699676513671875 -41.176429748535156 0
      vertex 53.3406982421875 -46.80775451660156 0
    endloop
  endfacet
  facet normal 0 0 -1
    outer loop
      vertex 22.362585977028466 -60.57140099584634 0
      vertex 58.92437744140625 -39.35694885253906 0
      vertex 57.699676513671875 -41.176429748535156 0
    endloop
  endfacet
  facet normal 0 0 1
    outer loop
      vertex 22.39960307465258 -59.57878327291012 2.5
      vertex 22.875585682455245 -61.50992062515548 2.5
      vertex 26.336457629868853 -62.09070351570835 2.5
    endloop
  endfacet
  facet normal 0 0 1
    outer loop
      vertex 22.39960307465258 -59.57878327291012 2.5
      vertex 26.18057199055037 -60.39323525501403 2.5
      vertex 25.813366830881975 -57.3188490301965 2.5
    endloop
  endfacet
  facet normal 0 0 1
    outer loop
      vertex 22.39960307465258 -59.57878327291012 2.5
      vertex 26.336457629868853 -62.09070351570835 2.5
      vertex 26.18057199055037 -60.39323525501403 2.5
    endloop
  endfacet
  facet normal 0 0 1
    outer loop
      vertex 22.431468075647274 -63.843260011541624 2.5
      vertex 22.812096739617218 -63.889476698792095 2.5
      vertex 22.875585682455245 -61.50992062515548 2.5
    endloop
  endfacet
  facet normal 0 0 1
    outer loop
      vertex 22.431468075647274 -63.843260011541624 2.5
      vertex 23.156875610351562 -65.27084350585938 2.5
      vertex 22.812096739617218 -63.889476698792095 2.5
    endloop
  endfacet
  facet normal 0 0 -1
    outer loop
      vertex 22.48214672102129 24.049915534687674 0
      vertex 22.48214672102129 26.21591423025201 0
      vertex 61.46656799316406 33.1004638671875 0
    endloop
  endfacet
  facet normal 0 0 -1
    outer loop
      vertex 22.48214672102129 24.049915534687674 0
      vertex 61.46656799316406 33.1004638671875 0
      vertex 64.60272216796875 26.706954956054688 0
    endloop
  endfacet
  facet normal 0 0 -1
    outer loop
      vertex 22.48214672102129 24.049915534687674 0
      vertex 64.60272216796875 26.706954956054688 0
      vertex 67.07598876953125 20.028961181640625 0
    endloop
  endfacet
  facet normal 0 0 -1
    outer loop
      vertex 22.48214672102129 24.049915534687674 0
      vertex 67.07598876953125 20.028961181640625 0
      vertex 68.86094665527344 13.135025024414062 0
    endloop
  endfacet
  facet normal 0 0 -1
    outer loop
      vertex 22.48214672102129 24.049915534687674 0
      vertex 68.86094665527344 13.135025024414062 0
      vertex 69.9393310546875 6.095855712890625 0
    endloop
  endfacet
  facet normal 0 0 -1
    outer loop
      vertex 22.48214672102129 24.049915534687674 0
      vertex 69.9393310546875 6.095855712890625 0
      vertex 70.14244079589844 3.6878204345703125 0
    endloop
  endfacet
  facet normal 0 0 1
    outer loop
      vertex 22.48214672102129 24.590436517885067 2.5
      vertex 25.613579846227104 24.432231807678562 2.5
      vertex 23.89532165660814 29.434888936826706 2.5
    endloop
  endfacet
  facet normal 0 0 -1
    outer loop
      vertex 22.709322066644003 -19.16463738084961 0
      vertex 23.30414938292394 -16.751328092287785 0
      vertex 70.14244079589844 3.6878204345703125 0
    endloop
  endfacet
  facet normal 0 0 -1
    outer loop
      vertex 22.709322066644003 -19.16463738084961 0
      vertex 61.46656799316406 -35.13299560546875 0
      vertex 58.92437744140625 -39.35694885253906 0
    endloop
  endfacet
  facet normal 0 0 -1
    outer loop
      vertex 22.709322066644003 -19.16463738084961 0
      vertex 64.60272216796875 -28.739486694335938 0
      vertex 61.46656799316406 -35.13299560546875 0
    endloop
  endfacet
  facet normal 0 0 -1
    outer loop
      vertex 22.709322066644003 -19.16463738084961 0
      vertex 67.07598876953125 -22.061492919921875 0
      vertex 64.60272216796875 -28.739486694335938 0
    endloop
  endfacet
  facet normal 0 0 -1
    outer loop
      vertex 22.709322066644003 -19.16463738084961 0
      vertex 68.86094665527344 -15.167556762695312 0
      vertex 67.07598876953125 -22.061492919921875 0
    endloop
  endfacet
  facet normal 0 0 -1
    outer loop
      vertex 22.709322066644003 -19.16463738084961 0
      vertex 69.9393310546875 -8.128402709960938 0
      vertex 68.86094665527344 -15.167556762695312 0
    endloop
  endfacet
  facet normal 0 0 -1
    outer loop
      vertex 22.709322066644003 -19.16463738084961 0
      vertex 70.14244079589844 3.6878204345703125 0
      vertex 70.30000305175781 -1.016265869140625 0
    endloop
  endfacet
  facet normal 0 0 -1
    outer loop
      vertex 22.709322066644003 -19.16463738084961 0
      vertex 70.30000305175781 -1.016265869140625 0
      vertex 69.9393310546875 -8.128402709960938 0
    endloop
  endfacet
  facet normal 0 0 1
    outer loop
      vertex 22.812096739617218 -63.889476698792095 2.5
      vertex 23.156875610351562 -65.27084350585938 2.5
      vertex 26.336457629868853 -62.09070351570835 2.5
    endloop
  endfacet
  facet normal 0 0 1
    outer loop
      vertex 22.812096739617218 -63.889476698792095 2.5
      vertex 26.336457629868853 -62.09070351570835 2.5
      vertex 22.875585682455245 -61.50992062515548 2.5
    endloop
  endfacet
  facet normal -0.2420422635438769 0.6643943658006154 0.7071037189486098
    outer loop
      vertex 23.156875610351562 -65.27084350585938 2.5
      vertex 23.326400756835938 -65.74122619628906 3
      vertex 23.770294189453125 -65.57951354980469 3
    endloop
  endfacet
  facet normal -0.2670865085470735 0.6384653160171374 0.7218218874454216
    outer loop
      vertex 23.156875610351562 -65.27084350585938 2.5
      vertex 23.770294189453125 -65.57951354980469 3
      vertex 29.492767333984375 -62.62037658691406 2.5
    endloop
  endfacet
  facet normal 0 0 1
    outer loop
      vertex 23.156875610351562 -65.27084350585938 2.5
      vertex 29.492767333984375 -62.62037658691406 2.5
      vertex 26.336457629868853 -62.09070351570835 2.5
    endloop
  endfacet
  facet normal 0 0 -1
    outer loop
      vertex 23.48214672102129 -61.798222166275025 0
      vertex 23.48214672102129 -60.29436522458668 0
      vertex 43.03105163574219 -56.60780334472656 0
    endloop
  endfacet
  facet normal 0 0 -1
    outer loop
      vertex 23.48214672102129 -61.798222166275025 0
      vertex 37.18617248535156 -60.67596435546875 0
      vertex 30.959716796875 -64.13192749023438 0
    endloop
  endfacet
  facet normal 0 0 -1
    outer loop
      vertex 23.48214672102129 -61.798222166275025 0
      vertex 43.03105163574219 -56.60780334472656 0
      vertex 37.18617248535156 -60.67596435546875 0
    endloop
  endfacet
  facet normal 0 0 -1
    outer loop
      vertex 23.48214672102129 -60.29436522458668 0
      vertex 48.43437194824219 -51.969200134277344 0
      vertex 43.03105163574219 -56.60780334472656 0
    endloop
  endfacet
  facet normal 0 0 1
    outer loop
      vertex 23.48214672102129 -18.731939877706864 2.5
      vertex 26.75374212089171 -20.99910749013732 2.5
      vertex 23.48214672102129 -16.223935035171014 2.5
    endloop
  endfacet
  facet normal 0 0 1
    outer loop
      vertex 23.48214672102129 -16.223935035171014 2.5
      vertex 26.75374212089171 -20.99910749013732 2.5
      vertex 23.718183967881085 -16.11868162367423 2.5
    endloop
  endfacet
  facet normal 0 0 1
    outer loop
      vertex 23.718183967881085 -16.11868162367423 2.5
      vertex 25.21081156761825 -16.68476060416468 2.5
      vertex 67.60989379882812 -10.70086669921875 2.5
    endloop
  endfacet
  facet normal 0 0 1
    outer loop
      vertex 23.718183967881085 -16.11868162367423 2.5
      vertex 26.75374212089171 -20.99910749013732 2.5
      vertex 25.21081156761825 -16.68476060416468 2.5
    endloop
  endfacet
  facet normal 0 0 1
    outer loop
      vertex 23.718183967881085 -16.11868162367423 2.5
      vertex 67.60989379882812 -10.70086669921875 2.5
      vertex 68.22317504882812 -4.25469970703125 2.5
    endloop
  endfacet
  facet normal 0 0 1
    outer loop
      vertex 23.718183967881085 -16.11868162367423 2.5
      vertex 68.22317504882812 -4.25469970703125 2.5
      vertex 68.2232666015625 2.2205810546875 2.5
    endloop
  endfacet
  facet normal 0 0 1
    outer loop
      vertex 23.718183967881085 -16.11868162367423 2.5
      vertex 68.2232666015625 2.2205810546875 2.5
      vertex 68.13774108886719 3.6888275146484375 2.5
    endloop
  endfacet
  facet normal -0.3890813193506559 0.9212034123538367 0
    outer loop
      vertex 23.770294189453125 -65.57951354980469 3
      vertex 23.770294189453125 -65.57951354980469 16
      vertex 29.70867919921875 -63.07136535644531 3
    endloop
  endfacet
  facet normal -0.27527073705440375 0.6517412419565062 0.7067243980891819
    outer loop
      vertex 23.770294189453125 -65.57951354980469 3
      vertex 29.70867919921875 -63.07136535644531 3
      vertex 29.492767333984375 -62.62037658691406 2.5
    endloop
  endfacet
  facet normal -0.3761945738500033 0.9265149080634351 0.006911421128754212
    outer loop
      vertex 23.770294189453125 -65.57951354980469 16
      vertex 27.967315673828125 -63.875389099121094 16
      vertex 29.70867919921875 -63.07136535644531 3
    endloop
  endfacet
  facet normal -0.26608850962015623 0.6553389872278014 0.70691422171814
    outer loop
      vertex 23.770294189453125 -65.57951354980469 16
      vertex 28.170562744140625 -64.33221435546875 16.5
      vertex 27.967315673828125 -63.875389099121094 16
    endloop
  endfacet
  facet normal 0 0 1
    outer loop
      vertex 23.89532165660814 29.434888936826706 2.5
      vertex 24.272258986924623 28.47386779383965 2.5
      vertex 47.60650634765625 33.49546813964844 2.5
    endloop
  endfacet
  facet normal 0 0 1
    outer loop
      vertex 23.89532165660814 29.434888936826706 2.5
      vertex 25.613579846227104 24.432231807678562 2.5
      vertex 24.272258986924623 28.47386779383965 2.5
    endloop
  endfacet
  facet normal 0 0 1
    outer loop
      vertex 23.89532165660814 29.434888936826706 2.5
      vertex 47.60650634765625 33.49546813964844 2.5
      vertex 55.36634826660156 38.97694396972656 2.5
    endloop
  endfacet
  facet normal -0.3768541538504818 -0.9262708077892314 -0.0018268451281193358
    outer loop
      vertex 24.213134765625 63.38221740722656 16
      vertex 25.605392456054688 62.84141540527344 3
      vertex 27.623504638671875 61.99470520019531 16
    endloop
  endfacet
  facet normal -0.26652704283045425 -0.6550975138201314 0.7069728303313614
    outer loop
      vertex 24.213134765625 63.38221740722656 16
      vertex 27.623504638671875 61.99470520019531 16
      vertex 24.38909912109375 63.8502197265625 16.5
    endloop
  endfacet
  facet normal 0 0 1
    outer loop
      vertex 24.272258986924623 28.47386779383965 2.5
      vertex 24.94051936500754 28.537625428536867 2.5
      vertex 47.60650634765625 33.49546813964844 2.5
    endloop
  endfacet
  facet normal 0 0 1
    outer loop
      vertex 24.272258986924623 28.47386779383965 2.5
      vertex 25.38878083864244 28.0316428220959 2.5
      vertex 24.94051936500754 28.537625428536867 2.5
    endloop
  endfacet
  facet normal 0 0 1
    outer loop
      vertex 24.272258986924623 28.47386779383965 2.5
      vertex 25.54182410261284 26.494965753853656 2.5
      vertex 25.38878083864244 28.0316428220959 2.5
    endloop
  endfacet
  facet normal 0 0 1
    outer loop
      vertex 24.272258986924623 28.47386779383965 2.5
      vertex 25.613579846227104 24.432231807678562 2.5
      vertex 25.54182410261284 26.494965753853656 2.5
    endloop
  endfacet
  facet normal -0.3093420499125817 -0.7097649849784491 0.6328832137562378
    outer loop
      vertex 24.38909912109375 63.8502197265625 16.5
      vertex 27.623504638671875 61.99470520019531 16
      vertex 30.91400146484375 61.00642395019531 16.5
    endloop
  endfacet
  facet normal 0 0 1
    outer loop
      vertex 24.38909912109375 63.8502197265625 16.5
      vertex 30.91400146484375 61.00642395019531 16.5
      vertex 34.33978271484375 60.898345947265625 16.5
    endloop
  endfacet
  facet normal 0 0 1
    outer loop
      vertex 24.38909912109375 63.8502197265625 16.5
      vertex 34.33978271484375 60.898345947265625 16.5
      vertex 27.903915405273438 64.05300903320312 16.5
    endloop
  endfacet
  facet normal 0.2790308336136909 -0.6502188901610061 -0.7066520988227787
    outer loop
      vertex 24.415557861328125 -66.94024658203125 0
      vertex 30.959716796875 -64.13192749023438 0
      vertex 24.76287841796875 -67.87799072265625 1
    endloop
  endfacet
  facet normal 0.2790291920729995 0.6502195459190252 -0.706652143615192
    outer loop
      vertex 24.415557861328125 64.90769958496094 0
      vertex 24.76287841796875 65.84544372558594 1
      vertex 31.400100708007812 62.99720764160156 1
    endloop
  endfacet
  facet normal 0.2790290069357164 0.650218166408086 -0.7066534860604413
    outer loop
      vertex 24.415557861328125 64.90769958496094 0
      vertex 31.400100708007812 62.99720764160156 1
      vertex 30.959716796875 62.099395751953125 0
    endloop
  endfacet
  facet normal 0.3717429051893866 -0.9283357218384709 0
    outer loop
      vertex 24.76287841796875 -67.87799072265625 1
      vertex 28.229522705078125 -66.48980712890625 16
      vertex 24.76287841796875 -67.87799072265625 16
    endloop
  endfacet
  facet normal 0.2790299157349722 -0.6502177488664117 -0.7066535114071324
    outer loop
      vertex 24.76287841796875 -67.87799072265625 1
      vertex 30.959716796875 -64.13192749023438 0
      vertex 31.400100708007812 -65.02973937988281 1
    endloop
  endfacet
  facet normal 0.3943479415080533 -0.9189410035912232 -0.006093680916849269
    outer loop
      vertex 24.76287841796875 -67.87799072265625 1
      vertex 31.400100708007812 -65.02973937988281 1
      vertex 28.229522705078125 -66.48980712890625 16
    endloop
  endfacet
  facet normal 0.26290387638956475 -0.6565372370399359 0.7069939237074867
    outer loop
      vertex 24.76287841796875 -67.87799072265625 16
      vertex 28.229522705078125 -66.48980712890625 16
      vertex 28.03155517578125 -66.03065490722656 16.5
    endloop
  endfacet
  facet normal 0.3708292199912412 0.9287010765583766 0
    outer loop
      vertex 24.76287841796875 65.84544372558594 1
      vertex 24.76287841796875 65.84544372558594 16
      vertex 28.100982666015625 64.51254272460938 16
    endloop
  endfacet
  facet normal 0.3943461406071209 0.918941729987162 -0.00610067836149989
    outer loop
      vertex 24.76287841796875 65.84544372558594 1
      vertex 28.100982666015625 64.51254272460938 16
      vertex 31.400100708007812 62.99720764160156 1
    endloop
  endfacet
  facet normal 0.26225578610732464 0.6567908292051217 0.7069990872167218
    outer loop
      vertex 24.76287841796875 65.84544372558594 16
      vertex 27.903915405273438 64.05300903320312 16.5
      vertex 28.100982666015625 64.51254272460938 16
    endloop
  endfacet
  facet normal 0 0 1
    outer loop
      vertex 24.94051936500754 28.537625428536867 2.5
      vertex 25.38878083864244 28.0316428220959 2.5
      vertex 49.40252685546875 30.871505737304688 2.5
    endloop
  endfacet
  facet normal 0 0 1
    outer loop
      vertex 24.94051936500754 28.537625428536867 2.5
      vertex 49.40252685546875 30.871505737304688 2.5
      vertex 47.60650634765625 33.49546813964844 2.5
    endloop
  endfacet
  facet normal 0 0 1
    outer loop
      vertex 25.21081156761825 -16.68476060416468 2.5
      vertex 25.272258986924623 -16.794083939491564 2.5
      vertex 25.339847836535892 -16.784356576460272 2.5
    endloop
  endfacet
  facet normal 0 0 1
    outer loop
      vertex 25.21081156761825 -16.68476060416468 2.5
      vertex 25.339847836535892 -16.784356576460272 2.5
      vertex 67.60989379882812 -10.70086669921875 2.5
    endloop
  endfacet
  facet normal 0 0 1
    outer loop
      vertex 25.21081156761825 -16.68476060416468 2.5
      vertex 26.75374212089171 -20.99910749013732 2.5
      vertex 25.272258986924623 -16.794083939491564 2.5
    endloop
  endfacet
  facet normal 0 0 1
    outer loop
      vertex 25.272258986924623 -16.794083939491564 2.5
      vertex 26.75374212089171 -20.99910749013732 2.5
      vertex 25.339847836535892 -16.784356576460272 2.5
    endloop
  endfacet
  facet normal 0 0 1
    outer loop
      vertex 25.339847836535892 -16.784356576460272 2.5
      vertex 26.19622182069739 -17.751002978348453 2.5
      vertex 66.388916015625 -17.05999755859375 2.5
    endloop
  endfacet
  facet normal 0 0 1
    outer loop
      vertex 25.339847836535892 -16.784356576460272 2.5
      vertex 26.75374212089171 -20.99910749013732 2.5
      vertex 26.19622182069739 -17.751002978348453 2.5
    endloop
  endfacet
  facet normal 0 0 1
    outer loop
      vertex 25.339847836535892 -16.784356576460272 2.5
      vertex 66.388916015625 -17.05999755859375 2.5
      vertex 67.60989379882812 -10.70086669921875 2.5
    endloop
  endfacet
  facet normal 0 0 1
    outer loop
      vertex 25.38878083864244 28.0316428220959 2.5
      vertex 25.54182410261284 26.494965753853656 2.5
      vertex 25.86977741389883 26.528333800444685 2.5
    endloop
  endfacet
  facet normal 0 0 1
    outer loop
      vertex 25.38878083864244 28.0316428220959 2.5
      vertex 25.86977741389883 26.528333800444685 2.5
      vertex 60.808807373046875 30.083251953125 2.5
    endloop
  endfacet
  facet normal 0 0 1
    outer loop
      vertex 25.38878083864244 28.0316428220959 2.5
      vertex 60.808807373046875 30.083251953125 2.5
      vertex 49.40252685546875 30.871505737304688 2.5
    endloop
  endfacet
  facet normal -0.2735864649343168 -0.6520863626914365 0.707059984581645
    outer loop
      vertex 25.4193115234375 62.37733459472656 2.5
      vertex 27.623504638671875 61.99470520019531 3
      vertex 25.605392456054688 62.84141540527344 3
    endloop
  endfacet
  facet normal -0.2941452125907368 -0.6434582826015692 0.7067107134191397
    outer loop
      vertex 25.4193115234375 62.37733459472656 2.5
      vertex 31.308441162109375 59.68522644042969 2.5
      vertex 31.537628173828125 60.129608154296875 3
    endloop
  endfacet
  facet normal -0.27464190330469396 -0.5763680446703936 0.7696568729193565
    outer loop
      vertex 25.4193115234375 62.37733459472656 2.5
      vertex 31.537628173828125 60.129608154296875 3
      vertex 27.623504638671875 61.99470520019531 3
    endloop
  endfacet
  facet normal 0 0 1
    outer loop
      vertex 25.54182410261284 26.494965753853656 2.5
      vertex 25.613579846227104 24.432231807678562 2.5
      vertex 25.981663027495106 25.925603978063883 2.5
    endloop
  endfacet
  facet normal 0 0 1
    outer loop
      vertex 25.54182410261284 26.494965753853656 2.5
      vertex 25.981663027495106 25.925603978063883 2.5
      vertex 25.98480693868666 26.061640672823298 2.5
    endloop
  endfacet
  facet normal 0 0 1
    outer loop
      vertex 25.54182410261284 26.494965753853656 2.5
      vertex 25.98480693868666 26.061640672823298 2.5
      vertex 25.86977741389883 26.528333800444685 2.5
    endloop
  endfacet
  facet normal -0.3868840867451697 -0.9221283551780393 0
    outer loop
      vertex 25.605392456054688 62.84141540527344 3
      vertex 27.623504638671875 61.99470520019531 3
      vertex 27.623504638671875 61.99470520019531 16
    endloop
  endfacet
  facet normal 0 0 1
    outer loop
      vertex 25.613579846227104 24.432231807678562 2.5
      vertex 53.6650390625 23.015029907226562 2.5
      vertex 25.981663027495106 25.925603978063883 2.5
    endloop
  endfacet
  facet normal 0 0 1
    outer loop
      vertex 25.813366830881975 -57.3188490301965 2.5
      vertex 26.18057199055037 -60.39323525501403 2.5
      vertex 26.38506663026821 -57.96416470332265 2.5
    endloop
  endfacet
  facet normal 0 0 1
    outer loop
      vertex 25.813366830881975 -57.3188490301965 2.5
      vertex 26.38506663026821 -57.96416470332265 2.5
      vertex 55.36824035644531 -41.006866455078125 2.5
    endloop
  endfacet
  facet normal 0 0 1
    outer loop
      vertex 25.813366830881975 -57.3188490301965 2.5
      vertex 55.36824035644531 -41.006866455078125 2.5
      vertex 53.00732421875 -39.31626892089844 2.5
    endloop
  endfacet
  facet normal 0 0 1
    outer loop
      vertex 25.86977741389883 26.528333800444685 2.5
      vertex 25.98480693868666 26.061640672823298 2.5
      vertex 60.808807373046875 30.083251953125 2.5
    endloop
  endfacet
  facet normal 0 0 1
    outer loop
      vertex 25.981663027495106 25.925603978063883 2.5
      vertex 52.31689453125 25.823684692382812 2.5
      vertex 60.808807373046875 30.083251953125 2.5
    endloop
  endfacet
  facet normal 0 0 1
    outer loop
      vertex 25.981663027495106 25.925603978063883 2.5
      vertex 53.6650390625 23.015029907226562 2.5
      vertex 52.31689453125 25.823684692382812 2.5
    endloop
  endfacet
  facet normal 0 0 1
    outer loop
      vertex 25.981663027495106 25.925603978063883 2.5
      vertex 60.808807373046875 30.083251953125 2.5
      vertex 25.98480693868666 26.061640672823298 2.5
    endloop
  endfacet
  facet normal 0 0 1
    outer loop
      vertex 26.18057199055037 -60.39323525501403 2.5
      vertex 26.336457629868853 -62.09070351570835 2.5
      vertex 26.53395336473064 -61.86777691468679 2.5
    endloop
  endfacet
  facet normal 0 0 1
    outer loop
      vertex 26.18057199055037 -60.39323525501403 2.5
      vertex 26.53395336473064 -61.86777691468679 2.5
      vertex 26.923568064095623 -60.31009655376013 2.5
    endloop
  endfacet
  facet normal 0 0 1
    outer loop
      vertex 26.18057199055037 -60.39323525501403 2.5
      vertex 26.54182410261284 -58.27554064860714 2.5
      vertex 26.38506663026821 -57.96416470332265 2.5
    endloop
  endfacet
  facet normal 0 0 1
    outer loop
      vertex 26.18057199055037 -60.39323525501403 2.5
      vertex 26.923568064095623 -60.31009655376013 2.5
      vertex 26.54182410261284 -58.27554064860714 2.5
    endloop
  endfacet
  facet normal 0 0 1
    outer loop
      vertex 26.19622182069739 -17.751002978348453 2.5
      vertex 26.54182410261284 -18.765657102805047 2.5
      vertex 26.704979687779534 -18.803055541818825 2.5
    endloop
  endfacet
  facet normal 0 0 1
    outer loop
      vertex 26.19622182069739 -17.751002978348453 2.5
      vertex 26.704979687779534 -18.803055541818825 2.5
      vertex 53.69129943847656 -24.988845825195312 2.5
    endloop
  endfacet
  facet normal 0 0 1
    outer loop
      vertex 26.19622182069739 -17.751002978348453 2.5
      vertex 26.75374212089171 -20.99910749013732 2.5
      vertex 26.54182410261284 -18.765657102805047 2.5
    endloop
  endfacet
  facet normal 0 0 1
    outer loop
      vertex 26.19622182069739 -17.751002978348453 2.5
      vertex 53.69129943847656 -24.988845825195312 2.5
      vertex 66.388916015625 -17.05999755859375 2.5
    endloop
  endfacet
  facet normal 0 0 1
    outer loop
      vertex 26.336457629868853 -62.09070351570835 2.5
      vertex 29.492767333984375 -62.62037658691406 2.5
      vertex 26.53395336473064 -61.86777691468679 2.5
    endloop
  endfacet
  facet normal 0 0 1
    outer loop
      vertex 26.38506663026821 -57.96416470332265 2.5
      vertex 26.54182410261284 -58.27554064860714 2.5
      vertex 26.571385064123625 -58.26104084722299 2.5
    endloop
  endfacet
  facet normal 0 0 1
    outer loop
      vertex 26.38506663026821 -57.96416470332265 2.5
      vertex 26.571385064123625 -58.26104084722299 2.5
      vertex 51.262481689453125 -46.149932861328125 2.5
    endloop
  endfacet
  facet normal 0 0 1
    outer loop
      vertex 26.38506663026821 -57.96416470332265 2.5
      vertex 51.262481689453125 -46.149932861328125 2.5
      vertex 55.36824035644531 -41.006866455078125 2.5
    endloop
  endfacet
  facet normal 0 0 1
    outer loop
      vertex 26.53395336473064 -61.86777691468679 2.5
      vertex 29.492767333984375 -62.62037658691406 2.5
      vertex 26.923568064095623 -60.31009655376013 2.5
    endloop
  endfacet
  facet normal 0 0 1
    outer loop
      vertex 26.54182410261284 -58.27554064860714 2.5
      vertex 26.923568064095623 -60.31009655376013 2.5
      vertex 26.571385064123625 -58.26104084722299 2.5
    endloop
  endfacet
  facet normal 0 0 1
    outer loop
      vertex 26.54182410261284 -18.765657102805047 2.5
      vertex 26.75374212089171 -20.99910749013732 2.5
      vertex 26.828031474598415 -19.302296265935755 2.5
    endloop
  endfacet
  facet normal 0 0 1
    outer loop
      vertex 26.54182410261284 -18.765657102805047 2.5
      vertex 26.828031474598415 -19.302296265935755 2.5
      vertex 26.704979687779534 -18.803055541818825 2.5
    endloop
  endfacet
  facet normal 0 0 1
    outer loop
      vertex 26.571385064123625 -58.26104084722299 2.5
      vertex 26.83085328506958 -59.31374480105552 2.5
      vertex 41.208892822265625 -55.483856201171875 2.5
    endloop
  endfacet
  facet normal 0 0 1
    outer loop
      vertex 26.571385064123625 -58.26104084722299 2.5
      vertex 26.923568064095623 -60.31009655376013 2.5
      vertex 26.83085328506958 -59.31374480105552 2.5
    endloop
  endfacet
  facet normal 0 0 1
    outer loop
      vertex 26.571385064123625 -58.26104084722299 2.5
      vertex 41.208892822265625 -55.483856201171875 2.5
      vertex 46.47062683105469 -51.0699462890625 2.5
    endloop
  endfacet
  facet normal 0 0 1
    outer loop
      vertex 26.571385064123625 -58.26104084722299 2.5
      vertex 46.47062683105469 -51.0699462890625 2.5
      vertex 51.262481689453125 -46.149932861328125 2.5
    endloop
  endfacet
  facet normal 0 0 1
    outer loop
      vertex 26.704979687779534 -18.803055541818825 2.5
      vertex 26.828031474598415 -19.302296265935755 2.5
      vertex 52.31689453125 -27.856231689453125 2.5
    endloop
  endfacet
  facet normal 0 0 1
    outer loop
      vertex 26.704979687779534 -18.803055541818825 2.5
      vertex 52.31689453125 -27.856231689453125 2.5
      vertex 53.69129943847656 -24.988845825195312 2.5
    endloop
  endfacet
  facet normal 0 0 1
    outer loop
      vertex 26.75374212089171 -20.99910749013732 2.5
      vertex 26.91625927595178 -20.339749472906437 2.5
      vertex 26.828031474598415 -19.302296265935755 2.5
    endloop
  endfacet
  facet normal 0 0 1
    outer loop
      vertex 26.75374212089171 -20.99910749013732 2.5
      vertex 47.64422607421875 -35.47590637207031 2.5
      vertex 26.91625927595178 -20.339749472906437 2.5
    endloop
  endfacet
  facet normal 0 0 1
    outer loop
      vertex 26.828031474598415 -19.302296265935755 2.5
      vertex 26.91625927595178 -20.339749472906437 2.5
      vertex 49.40252685546875 -32.90403747558594 2.5
    endloop
  endfacet
  facet normal 0 0 1
    outer loop
      vertex 26.828031474598415 -19.302296265935755 2.5
      vertex 49.40252685546875 -32.90403747558594 2.5
      vertex 52.31689453125 -27.856231689453125 2.5
    endloop
  endfacet
  facet normal 0 0 1
    outer loop
      vertex 26.83085328506958 -59.31374480105552 2.5
      vertex 26.923568064095623 -60.31009655376013 2.5
      vertex 26.97519326208071 -60.100644892056984 2.5
    endloop
  endfacet
  facet normal 0 0 1
    outer loop
      vertex 26.83085328506958 -59.31374480105552 2.5
      vertex 26.97519326208071 -60.100644892056984 2.5
      vertex 35.53045654296875 -59.347015380859375 2.5
    endloop
  endfacet
  facet normal 0 0 1
    outer loop
      vertex 26.83085328506958 -59.31374480105552 2.5
      vertex 35.53045654296875 -59.347015380859375 2.5
      vertex 41.208892822265625 -55.483856201171875 2.5
    endloop
  endfacet
  facet normal 0 0 1
    outer loop
      vertex 26.91625927595178 -20.339749472906437 2.5
      vertex 47.64422607421875 -35.47590637207031 2.5
      vertex 49.40252685546875 -32.90403747558594 2.5
    endloop
  endfacet
  facet normal 0 0 1
    outer loop
      vertex 26.923568064095623 -60.31009655376013 2.5
      vertex 29.492767333984375 -62.62037658691406 2.5
      vertex 35.53045654296875 -59.347015380859375 2.5
    endloop
  endfacet
  facet normal 0 0 1
    outer loop
      vertex 26.923568064095623 -60.31009655376013 2.5
      vertex 35.53045654296875 -59.347015380859375 2.5
      vertex 26.97519326208071 -60.100644892056984 2.5
    endloop
  endfacet
  facet normal -0.4239265030969193 -0.9056965937730017 0
    outer loop
      vertex 27.623504638671875 61.99470520019531 3
      vertex 30.690963745117188 60.558929443359375 16
      vertex 27.623504638671875 61.99470520019531 16
    endloop
  endfacet
  facet normal -0.4301638752263243 -0.902749029440615 0.0017973019499066694
    outer loop
      vertex 27.623504638671875 61.99470520019531 3
      vertex 31.537628173828125 60.129608154296875 3
      vertex 30.690963745117188 60.558929443359375 16
    endloop
  endfacet
  facet normal -0.29980751648412884 -0.6405229314128056 0.7069977562863727
    outer loop
      vertex 27.623504638671875 61.99470520019531 16
      vertex 30.690963745117188 60.558929443359375 16
      vertex 30.91400146484375 61.00642395019531 16.5
    endloop
  endfacet
  facet normal 0.2951864862776326 0.6426664792171225 0.7069969835930935
    outer loop
      vertex 27.903915405273438 64.05300903320312 16.5
      vertex 31.400100708007812 62.99720764160156 16
      vertex 28.100982666015625 64.51254272460938 16
    endloop
  endfacet
  facet normal 0.2843434192897055 0.5800925382668 0.7633095485802728
    outer loop
      vertex 27.903915405273438 64.05300903320312 16.5
      vertex 34.33978271484375 60.898345947265625 16.5
      vertex 31.400100708007812 62.99720764160156 16
    endloop
  endfacet
  facet normal -0.29951054483361866 0.6406109899821553 0.7070438409657153
    outer loop
      vertex 27.967315673828125 -63.875389099121094 16
      vertex 28.170562744140625 -64.33221435546875 16.5
      vertex 30.30047607421875 -62.7845458984375 16
    endloop
  endfacet
  facet normal -0.43613349978924076 0.8998777281388474 -0.0027649161388591122
    outer loop
      vertex 27.967315673828125 -63.875389099121094 16
      vertex 30.30047607421875 -62.7845458984375 3
      vertex 29.70867919921875 -63.07136535644531 3
    endloop
  endfacet
  facet normal -0.42353417876846844 0.9058801241968601 0
    outer loop
      vertex 27.967315673828125 -63.875389099121094 16
      vertex 30.30047607421875 -62.7845458984375 16
      vertex 30.30047607421875 -62.7845458984375 3
    endloop
  endfacet
  facet normal 0.29581248101350355 -0.6423650860864366 0.7070092448149462
    outer loop
      vertex 28.03155517578125 -66.03065490722656 16.5
      vertex 28.229522705078125 -66.48980712890625 16
      vertex 31.400100708007812 -65.02973937988281 16
    endloop
  endfacet
  facet normal 0.28550878397190016 -0.5795909055029818 0.7632556036696491
    outer loop
      vertex 28.03155517578125 -66.03065490722656 16.5
      vertex 31.400100708007812 -65.02973937988281 16
      vertex 34.46122741699219 -62.863372802734375 16.5
    endloop
  endfacet
  facet normal 0 0 1
    outer loop
      vertex 28.03155517578125 -66.03065490722656 16.5
      vertex 34.46122741699219 -62.863372802734375 16.5
      vertex 34.5164794921875 -61.10871887207031 16.5
    endloop
  endfacet
  facet normal 0 0 1
    outer loop
      vertex 28.03155517578125 -66.03065490722656 16.5
      vertex 34.5164794921875 -61.10871887207031 16.5
      vertex 28.170562744140625 -64.33221435546875 16.5
    endloop
  endfacet
  facet normal 0.4173919309158288 0.9087265683396497 0
    outer loop
      vertex 28.100982666015625 64.51254272460938 16
      vertex 31.400100708007812 62.99720764160156 16
      vertex 31.400100708007812 62.99720764160156 1
    endloop
  endfacet
  facet normal -0.34840134353275415 0.6858783988850583 0.6388953950119224
    outer loop
      vertex 28.170562744140625 -64.33221435546875 16.5
      vertex 34.5164794921875 -61.10871887207031 16.5
      vertex 30.30047607421875 -62.7845458984375 16
    endloop
  endfacet
  facet normal 0.41828433353132094 -0.9083161433786469 0
    outer loop
      vertex 28.229522705078125 -66.48980712890625 16
      vertex 31.400100708007812 -65.02973937988281 1
      vertex 31.400100708007812 -65.02973937988281 16
    endloop
  endfacet
  facet normal -0.3083931909444944 0.6363101302118035 0.7071089434937946
    outer loop
      vertex 29.492767333984375 -62.62037658691406 2.5
      vertex 29.70867919921875 -63.07136535644531 3
      vertex 30.30047607421875 -62.7845458984375 3
    endloop
  endfacet
  facet normal -0.32729498048351724 0.6036930382644332 0.7269337736694805
    outer loop
      vertex 29.492767333984375 -62.62037658691406 2.5
      vertex 30.30047607421875 -62.7845458984375 3
      vertex 35.53045654296875 -59.347015380859375 2.5
    endloop
  endfacet
  facet normal -0.4808089498403433 0.8768253838441415 0
    outer loop
      vertex 30.30047607421875 -62.7845458984375 3
      vertex 30.30047607421875 -62.7845458984375 16
      vertex 35.79057312011719 -59.77404022216797 3
    endloop
  endfacet
  facet normal -0.34015582058773286 0.6203238480745766 0.7067477210647627
    outer loop
      vertex 30.30047607421875 -62.7845458984375 3
      vertex 35.79057312011719 -59.77404022216797 3
      vertex 35.53045654296875 -59.347015380859375 2.5
    endloop
  endfacet
  facet normal -0.46948289401867255 0.8829198380151726 0.006194502652606841
    outer loop
      vertex 30.30047607421875 -62.7845458984375 16
      vertex 34.2674560546875 -60.675148010253906 16
      vertex 35.79057312011719 -59.77404022216797 3
    endloop
  endfacet
  facet normal -0.33207050553747547 0.624499083340624 0.70691588909771
    outer loop
      vertex 30.30047607421875 -62.7845458984375 16
      vertex 34.5164794921875 -61.10871887207031 16.5
      vertex 34.2674560546875 -60.675148010253906 16
    endloop
  endfacet
  facet normal -0.47011507411745773 -0.8826039068570313 -0.0014699279717383129
    outer loop
      vertex 30.690963745117188 60.558929443359375 16
      vertex 31.537628173828125 60.129608154296875 3
      vertex 33.97309875488281 58.81071472167969 16
    endloop
  endfacet
  facet normal -0.3324836411053473 -0.6242117659309772 0.7069754590299875
    outer loop
      vertex 30.690963745117188 60.558929443359375 16
      vertex 33.97309875488281 58.81071472167969 16
      vertex 30.91400146484375 61.00642395019531 16.5
    endloop
  endfacet
  facet normal -0.3804793516430425 -0.6742280458051487 0.6329707775427396
    outer loop
      vertex 30.91400146484375 61.00642395019531 16.5
      vertex 33.97309875488281 58.81071472167969 16
      vertex 37.11279296875 57.508331298828125 16.5
    endloop
  endfacet
  facet normal 0 0 1
    outer loop
      vertex 30.91400146484375 61.00642395019531 16.5
      vertex 37.11279296875 57.508331298828125 16.5
      vertex 40.4237060546875 57.109130859375 16.5
    endloop
  endfacet
  facet normal 0 0 1
    outer loop
      vertex 30.91400146484375 61.00642395019531 16.5
      vertex 40.4237060546875 57.109130859375 16.5
      vertex 34.33978271484375 60.898345947265625 16.5
    endloop
  endfacet
  facet normal 0.34338021951198305 -0.6186529305196753 -0.7066530806607441
    outer loop
      vertex 30.959716796875 -64.13192749023438 0
      vertex 37.18617248535156 -60.67596435546875 0
      vertex 31.400100708007812 -65.02973937988281 1
    endloop
  endfacet
  facet normal 0.34338133632878964 0.6186523471275267 -0.70665304871249
    outer loop
      vertex 30.959716796875 62.099395751953125 0
      vertex 31.400100708007812 62.99720764160156 1
      vertex 37.71513366699219 59.4920654296875 1
    endloop
  endfacet
  facet normal 0.34338127919082634 0.6186521082196247 -0.7066532856335457
    outer loop
      vertex 30.959716796875 62.099395751953125 0
      vertex 37.71513366699219 59.4920654296875 1
      vertex 37.18617248535156 58.64341735839844 0
    endloop
  endfacet
  facet normal -0.3367535207365803 -0.6218495539802895 0.7070362073373843
    outer loop
      vertex 31.308441162109375 59.68522644042969 2.5
      vertex 33.97309875488281 58.81071472167969 3
      vertex 31.537628173828125 60.129608154296875 3
    endloop
  endfacet
  facet normal -0.32809225322808433 -0.5682570938096462 0.7546120517900132
    outer loop
      vertex 31.308441162109375 59.68522644042969 2.5
      vertex 36.91615295410156 56.44752502441406 2.5
      vertex 33.97309875488281 58.81071472167969 3
    endloop
  endfacet
  facet normal 0.463726762347546 -0.885978267161595 0
    outer loop
      vertex 31.400100708007812 -65.02973937988281 1
      vertex 34.70460510253906 -63.300140380859375 16
      vertex 31.400100708007812 -65.02973937988281 16
    endloop
  endfacet
  facet normal 0.3433800956017402 -0.618652804929335 -0.7066532508222161
    outer loop
      vertex 31.400100708007812 -65.02973937988281 1
      vertex 37.18617248535156 -60.67596435546875 0
      vertex 37.71513366699219 -61.52461242675781 1
    endloop
  endfacet
  facet normal 0.48529270917151107 -0.8743305147451588 -0.006094047131490712
    outer loop
      vertex 31.400100708007812 -65.02973937988281 1
      vertex 37.71513366699219 -61.52461242675781 1
      vertex 34.70460510253906 -63.300140380859375 16
    endloop
  endfacet
  facet normal 0.32796096300463085 -0.6265894256965961 0.7069846521320566
    outer loop
      vertex 31.400100708007812 -65.02973937988281 16
      vertex 34.70460510253906 -63.300140380859375 16
      vertex 34.46122741699219 -62.863372802734375 16.5
    endloop
  endfacet
  facet normal 0.4628611531424328 0.886430794203167 0
    outer loop
      vertex 31.400100708007812 62.99720764160156 1
      vertex 31.400100708007812 62.99720764160156 16
      vertex 34.58229064941406 61.33558654785156 16
    endloop
  endfacet
  facet normal 0.48529430775946314 0.8743295886516955 -0.006099611825363651
    outer loop
      vertex 31.400100708007812 62.99720764160156 1
      vertex 34.58229064941406 61.33558654785156 16
      vertex 37.71513366699219 59.4920654296875 1
    endloop
  endfacet
  facet normal 0.32734756571764784 0.6269071420004777 0.7069872746574178
    outer loop
      vertex 31.400100708007812 62.99720764160156 16
      vertex 34.33978271484375 60.898345947265625 16.5
      vertex 34.58229064941406 61.33558654785156 16
    endloop
  endfacet
  facet normal -0.4761938737043138 -0.8793403178783968 0
    outer loop
      vertex 31.537628173828125 60.129608154296875 3
      vertex 33.97309875488281 58.81071472167969 3
      vertex 33.97309875488281 58.81071472167969 16
    endloop
  endfacet
  facet normal -0.5148192517296802 -0.8572987449241322 0
    outer loop
      vertex 33.97309875488281 58.81071472167969 3
      vertex 36.84501647949219 57.086090087890625 16
      vertex 33.97309875488281 58.81071472167969 16
    endloop
  endfacet
  facet normal -0.365883780390362 -0.60524227376038 0.7069730187925298
    outer loop
      vertex 33.97309875488281 58.81071472167969 3
      vertex 36.91615295410156 56.44752502441406 2.5
      vertex 37.1864013671875 56.868194580078125 3
    endloop
  endfacet
  facet normal -0.5173398097581171 -0.8557797299205264 0.0007583512286221575
    outer loop
      vertex 33.97309875488281 58.81071472167969 3
      vertex 37.1864013671875 56.868194580078125 3
      vertex 36.84501647949219 57.086090087890625 16
    endloop
  endfacet
  facet normal -0.3640892133545352 -0.6062967237541295 0.7069959883081973
    outer loop
      vertex 33.97309875488281 58.81071472167969 16
      vertex 36.84501647949219 57.086090087890625 16
      vertex 37.11279296875 57.508331298828125 16.5
    endloop
  endfacet
  facet normal -0.3638057650223469 0.6064152249613227 0.7070402677865053
    outer loop
      vertex 34.2674560546875 -60.675148010253906 16
      vertex 34.5164794921875 -61.10871887207031 16.5
      vertex 36.50767517089844 -59.3311767578125 16
    endloop
  endfacet
  facet normal -0.5254460253499701 0.8508230023032093 -0.0025871211165121705
    outer loop
      vertex 34.2674560546875 -60.675148010253906 16
      vertex 36.50767517089844 -59.3311767578125 3
      vertex 35.79057312011719 -59.77404022216797 3
    endloop
  endfacet
  facet normal -0.5144506601502785 0.8575199812662926 0
    outer loop
      vertex 34.2674560546875 -60.675148010253906 16
      vertex 36.50767517089844 -59.3311767578125 16
      vertex 36.50767517089844 -59.3311767578125 3
    endloop
  endfacet
  facet normal 0.3586765648856997 0.6095278002511447 0.7069844287696831
    outer loop
      vertex 34.33978271484375 60.898345947265625 16.5
      vertex 37.71513366699219 59.4920654296875 16
      vertex 34.58229064941406 61.33558654785156 16
    endloop
  endfacet
  facet normal 0.34154122643843055 0.5483749512367627 0.763304987209576
    outer loop
      vertex 34.33978271484375 60.898345947265625 16.5
      vertex 40.4237060546875 57.109130859375 16.5
      vertex 37.71513366699219 59.4920654296875 16
    endloop
  endfacet
  facet normal 0.3592672364791782 -0.6091620665245993 0.7069997379773871
    outer loop
      vertex 34.46122741699219 -62.863372802734375 16.5
      vertex 34.70460510253906 -63.300140380859375 16
      vertex 37.71513366699219 -61.52461242675781 16
    endloop
  endfacet
  facet normal 0.3426448744355795 -0.547748735736263 0.7632599901228622
    outer loop
      vertex 34.46122741699219 -62.863372802734375 16.5
      vertex 37.71513366699219 -61.52461242675781 16
      vertex 40.53770446777344 -59.062225341796875 16.5
    endloop
  endfacet
  facet normal 0 0 1
    outer loop
      vertex 34.46122741699219 -62.863372802734375 16.5
      vertex 40.49827575683594 -57.25129699707031 16.5
      vertex 34.5164794921875 -61.10871887207031 16.5
    endloop
  endfacet
  facet normal 0 0 1
    outer loop
      vertex 34.46122741699219 -62.863372802734375 16.5
      vertex 40.53770446777344 -59.062225341796875 16.5
      vertex 40.49827575683594 -57.25129699707031 16.5
    endloop
  endfacet
  facet normal -0.41712435129465747 0.6468446976565883 0.6384349713718447
    outer loop
      vertex 34.5164794921875 -61.10871887207031 16.5
      vertex 40.49827575683594 -57.25129699707031 16.5
      vertex 36.50767517089844 -59.3311767578125 16
    endloop
  endfacet
  facet normal 0.5071575230411471 0.8618533789588392 0
    outer loop
      vertex 34.58229064941406 61.33558654785156 16
      vertex 37.71513366699219 59.4920654296875 16
      vertex 37.71513366699219 59.4920654296875 1
    endloop
  endfacet
  facet normal 0.508003707389085 -0.8613548823098091 0
    outer loop
      vertex 34.70460510253906 -63.300140380859375 16
      vertex 37.71513366699219 -61.52461242675781 1
      vertex 37.71513366699219 -61.52461242675781 16
    endloop
  endfacet
  facet normal -0.3715471514460055 0.6016238540960419 0.7071078082124278
    outer loop
      vertex 35.53045654296875 -59.347015380859375 2.5
      vertex 35.79057312011719 -59.77404022216797 3
      vertex 36.50767517089844 -59.3311767578125 3
    endloop
  endfacet
  facet normal -0.38346622785247003 0.5636548842128555 0.7316056475995726
    outer loop
      vertex 35.53045654296875 -59.347015380859375 2.5
      vertex 36.50767517089844 -59.3311767578125 3
      vertex 41.208892822265625 -55.483856201171875 2.5
    endloop
  endfacet
  facet normal -0.5675456569975756 0.8233419260691092 0
    outer loop
      vertex 36.50767517089844 -59.3311767578125 3
      vertex 36.50767517089844 -59.3311767578125 16
      vertex 41.51055908203125 -55.882591247558594 3
    endloop
  endfacet
  facet normal -0.40151422080155413 0.5824791148041527 0.7067562601852857
    outer loop
      vertex 36.50767517089844 -59.3311767578125 3
      vertex 41.51055908203125 -55.882591247558594 3
      vertex 41.208892822265625 -55.483856201171875 2.5
    endloop
  endfacet
  facet normal -0.5577957914208347 0.8299599509431758 0.005507713101291585
    outer loop
      vertex 36.50767517089844 -59.3311767578125 16
      vertex 40.206085205078125 -56.84556579589844 16
      vertex 41.51055908203125 -55.882591247558594 3
    endloop
  endfacet
  facet normal -0.3945333286578031 0.5870371686817416 0.706916413138299
    outer loop
      vertex 36.50767517089844 -59.3311767578125 16
      vertex 40.49827575683594 -57.25129699707031 16.5
      vertex 40.206085205078125 -56.84556579589844 16
    endloop
  endfacet
  facet normal -0.558388736886498 -0.8295790756743022 -0.0007587632513575445
    outer loop
      vertex 36.84501647949219 57.086090087890625 16
      vertex 37.1864013671875 56.868194580078125 3
      vertex 39.9605712890625 54.989013671875 16
    endloop
  endfacet
  facet normal -0.394917185330311 -0.586714974590918 0.7069695575635228
    outer loop
      vertex 36.84501647949219 57.086090087890625 16
      vertex 39.9605712890625 54.989013671875 16
      vertex 37.11279296875 57.508331298828125 16.5
    endloop
  endfacet
  facet normal -0.3966256804809033 -0.5855248040410548 0.706999839770664
    outer loop
      vertex 36.91615295410156 56.44752502441406 2.5
      vertex 39.9605712890625 54.989013671875 3
      vertex 37.1864013671875 56.868194580078125 3
    endloop
  endfacet
  facet normal -0.3797909452962224 -0.5337341306217102 0.7555704571252696
    outer loop
      vertex 36.91615295410156 56.44752502441406 2.5
      vertex 42.19206237792969 52.693328857421875 2.5
      vertex 39.9605712890625 54.989013671875 3
    endloop
  endfacet
  facet normal -0.4475811221846899 -0.6315787659626354 0.6330714031205393
    outer loop
      vertex 37.11279296875 57.508331298828125 16.5
      vertex 39.9605712890625 54.989013671875 16
      vertex 42.920074462890625 53.39288330078125 16.5
    endloop
  endfacet
  facet normal 0 0 1
    outer loop
      vertex 37.11279296875 57.508331298828125 16.5
      vertex 42.920074462890625 53.39288330078125 16.5
      vertex 46.093353271484375 52.7242431640625 16.5
    endloop
  endfacet
  facet normal 0 0 1
    outer loop
      vertex 37.11279296875 57.508331298828125 16.5
      vertex 46.093353271484375 52.7242431640625 16.5
      vertex 40.4237060546875 57.109130859375 16.5
    endloop
  endfacet
  facet normal 0.40420698226821894 -0.5807392964200324 -0.7066530867966159
    outer loop
      vertex 37.18617248535156 -60.67596435546875 0
      vertex 43.03105163574219 -56.60780334472656 0
      vertex 37.71513366699219 -61.52461242675781 1
    endloop
  endfacet
  facet normal 0.40420634626185864 0.5807397155962981 -0.7066531061070694
    outer loop
      vertex 37.18617248535156 58.64341735839844 0
      vertex 37.71513366699219 59.4920654296875 1
      vertex 43.643157958984375 55.36604309082031 1
    endloop
  endfacet
  facet normal 0.40420541134312105 0.580737039413162 -0.706655840204108
    outer loop
      vertex 37.18617248535156 58.64341735839844 0
      vertex 43.643157958984375 55.36604309082031 1
      vertex 43.03105163574219 54.57525634765625 0
    endloop
  endfacet
  facet normal -0.5608286107495695 -0.827931923146286 0
    outer loop
      vertex 37.1864013671875 56.868194580078125 3
      vertex 39.9605712890625 54.989013671875 3
      vertex 39.9605712890625 54.989013671875 16
    endloop
  endfacet
  facet normal 0.5509557030260577 -0.8345344889835665 0
    outer loop
      vertex 37.71513366699219 -61.52461242675781 1
      vertex 40.82398986816406 -59.47216033935547 16
      vertex 37.71513366699219 -61.52461242675781 16
    endloop
  endfacet
  facet normal 0.4042083177259813 -0.5807404003943211 -0.7066514156435094
    outer loop
      vertex 37.71513366699219 -61.52461242675781 1
      vertex 43.03105163574219 -56.60780334472656 0
      vertex 43.643157958984375 -57.39857482910156 1
    endloop
  endfacet
  facet normal 0.571258624334395 -0.820747490034497 -0.006094401172224054
    outer loop
      vertex 37.71513366699219 -61.52461242675781 1
      vertex 43.643157958984375 -57.39857482910156 1
      vertex 40.82398986816406 -59.47216033935547 16
    endloop
  endfacet
  facet normal 0.38964861823504376 -0.5902020955876297 0.7069904105937304
    outer loop
      vertex 37.71513366699219 -61.52461242675781 16
      vertex 40.82398986816406 -59.47216033935547 16
      vertex 40.53770446777344 -59.062225341796875 16.5
    endloop
  endfacet
  facet normal 0.5501348588597453 0.8350758271362955 0
    outer loop
      vertex 37.71513366699219 59.4920654296875 1
      vertex 37.71513366699219 59.4920654296875 16
      vertex 40.709197998046875 57.519622802734375 16
    endloop
  endfacet
  facet normal 0.5712571813135322 0.820748452062758 -0.006100101171687319
    outer loop
      vertex 37.71513366699219 59.4920654296875 1
      vertex 40.709197998046875 57.519622802734375 16
      vertex 43.643157958984375 55.36604309082031 1
    endloop
  endfacet
  facet normal 0.3890620672159479 0.5905757876552695 0.7070013768650039
    outer loop
      vertex 37.71513366699219 59.4920654296875 16
      vertex 40.4237060546875 57.109130859375 16.5
      vertex 40.709197998046875 57.519622802734375 16
    endloop
  endfacet
  facet normal -0.42392622166910615 -0.5660589099836475 0.7070105154872032
    outer loop
      vertex 39.9605712890625 54.989013671875 3
      vertex 42.19206237792969 52.693328857421875 2.5
      vertex 42.50093078613281 53.086517333984375 3
    endloop
  endfacet
  facet normal -0.5994405952930755 -0.800419206520329 -0.0002579690871006917
    outer loop
      vertex 39.9605712890625 54.989013671875 3
      vertex 42.50093078613281 53.086517333984375 3
      vertex 42.61041259765625 53.000335693359375 16
    endloop
  endfacet
  facet normal -0.6002505163288393 -0.7998120514514405 0
    outer loop
      vertex 39.9605712890625 54.989013671875 3
      vertex 42.61041259765625 53.000335693359375 16
      vertex 39.9605712890625 54.989013671875 16
    endloop
  endfacet
  facet normal -0.42450955032918786 -0.5656435855917039 0.706992910684592
    outer loop
      vertex 39.9605712890625 54.989013671875 16
      vertex 42.61041259765625 53.000335693359375 16
      vertex 42.920074462890625 53.39288330078125 16.5
    endloop
  endfacet
  facet normal -0.4242385295468339 0.5657925690260502 0.7070363773405456
    outer loop
      vertex 40.206085205078125 -56.84556579589844 16
      vertex 40.49827575683594 -57.25129699707031 16.5
      vertex 42.32574462890625 -55.25621795654297 16
    endloop
  endfacet
  facet normal -0.6092857117920327 0.7929471343916579 -0.002400722002716703
    outer loop
      vertex 40.206085205078125 -56.84556579589844 16
      vertex 42.32574462890625 -55.25621795654297 3
      vertex 41.51055908203125 -55.882591247558594 3
    endloop
  endfacet
  facet normal -0.5999041580111462 0.8000718725220489 0
    outer loop
      vertex 40.206085205078125 -56.84556579589844 16
      vertex 42.32574462890625 -55.25621795654297 16
      vertex 42.32574462890625 -55.25621795654297 3
    endloop
  endfacet
  facet normal 0.418475198063169 0.5701156400064203 0.7069983490971256
    outer loop
      vertex 40.4237060546875 57.109130859375 16.5
      vertex 43.643157958984375 55.36604309082031 16
      vertex 40.709197998046875 57.519622802734375 16
    endloop
  endfacet
  facet normal 0.39523165893247286 0.5110334017110577 0.7633064902862482
    outer loop
      vertex 40.4237060546875 57.109130859375 16.5
      vertex 46.093353271484375 52.7242431640625 16.5
      vertex 43.643157958984375 55.36604309082031 16
    endloop
  endfacet
  facet normal 0 0 1
    outer loop
      vertex 40.49827575683594 -57.25129699707031 16.5
      vertex 40.53770446777344 -59.062225341796875 16.5
      vertex 46.0528564453125 -52.80067443847656 16.5
    endloop
  endfacet
  facet normal -0.48150751211548054 0.6009434170032426 0.6379792514939865
    outer loop
      vertex 40.49827575683594 -57.25129699707031 16.5
      vertex 46.0528564453125 -52.80067443847656 16.5
      vertex 42.32574462890625 -55.25621795654297 16
    endloop
  endfacet
  facet normal 0.41903146521478823 -0.5696992624329067 0.7070045130997044
    outer loop
      vertex 40.53770446777344 -59.062225341796875 16.5
      vertex 40.82398986816406 -59.47216033935547 16
      vertex 43.643157958984375 -57.39857482910156 16
    endloop
  endfacet
  facet normal 0.3962671451956611 -0.5102986394677329 0.7632611926436857
    outer loop
      vertex 40.53770446777344 -59.062225341796875 16.5
      vertex 43.643157958984375 -57.39857482910156 16
      vertex 46.19873046875 -54.66621398925781 16.5
    endloop
  endfacet
  facet normal 0 0 1
    outer loop
      vertex 40.53770446777344 -59.062225341796875 16.5
      vertex 46.19873046875 -54.66621398925781 16.5
      vertex 46.0528564453125 -52.80067443847656 16.5
    endloop
  endfacet
  facet normal 0.5917225761619952 0.806141670465069 0
    outer loop
      vertex 40.709197998046875 57.519622802734375 16
      vertex 43.643157958984375 55.36604309082031 16
      vertex 43.643157958984375 55.36604309082031 1
    endloop
  endfacet
  facet normal 0.5925142988595529 -0.8055599329950396 0
    outer loop
      vertex 40.82398986816406 -59.47216033935547 16
      vertex 43.643157958984375 -57.39857482910156 1
      vertex 43.643157958984375 -57.39857482910156 16
    endloop
  endfacet
  facet normal -0.43084069439913464 0.5607121378216655 0.7070913622362592
    outer loop
      vertex 41.208892822265625 -55.483856201171875 2.5
      vertex 41.51055908203125 -55.882591247558594 3
      vertex 42.32574462890625 -55.25621795654297 3
    endloop
  endfacet
  facet normal -0.4351751806009408 0.5187636569715636 0.7358714768180843
    outer loop
      vertex 41.208892822265625 -55.483856201171875 2.5
      vertex 42.32574462890625 -55.25621795654297 3
      vertex 46.47062683105469 -51.0699462890625 2.5
    endloop
  endfacet
  facet normal -0.4526187366311832 -0.5434553919985111 0.7069600527315077
    outer loop
      vertex 42.19206237792969 52.693328857421875 2.5
      vertex 45.52207946777344 50.570343017578125 3
      vertex 42.50093078613281 53.086517333984375 3
    endloop
  endfacet
  facet normal -0.4299923765920107 -0.4969424346081699 0.7537604213266038
    outer loop
      vertex 42.19206237792969 52.693328857421875 2.5
      vertex 47.08872985839844 48.45635986328125 2.5
      vertex 45.52207946777344 50.570343017578125 3
    endloop
  endfacet
  facet normal -0.6483903223669459 0.7613080781529171 0
    outer loop
      vertex 42.32574462890625 -55.25621795654297 3
      vertex 42.32574462890625 -55.25621795654297 16
      vertex 46.810821533203125 -51.436370849609375 3
    endloop
  endfacet
  facet normal -0.45869171679004445 0.5385732903898335 0.7067819464494477
    outer loop
      vertex 42.32574462890625 -55.25621795654297 3
      vertex 46.810821533203125 -51.436370849609375 3
      vertex 46.47062683105469 -51.0699462890625 2.5
    endloop
  endfacet
  facet normal -0.6401965657262808 0.7681958262314177 0.004850751787648031
    outer loop
      vertex 42.32574462890625 -55.25621795654297 16
      vertex 45.7205810546875 -52.427040100097656 16
      vertex 46.810821533203125 -51.436370849609375 3
    endloop
  endfacet
  facet normal -0.45280503887940515 0.5433377177978113 0.7069311997526254
    outer loop
      vertex 42.32574462890625 -55.25621795654297 16
      vertex 46.0528564453125 -52.80067443847656 16.5
      vertex 45.7205810546875 -52.427040100097656 16
    endloop
  endfacet
  facet normal -0.6399667869326593 -0.7684025713277437 0
    outer loop
      vertex 42.50093078613281 53.086517333984375 3
      vertex 45.52207946777344 50.570343017578125 3
      vertex 45.52207946777344 50.570343017578125 16
    endloop
  endfacet
  facet normal -0.6407449778365202 -0.7677537231920915 0.0003064342644184992
    outer loop
      vertex 42.50093078613281 53.086517333984375 3
      vertex 45.52207946777344 50.570343017578125 16
      vertex 42.61041259765625 53.000335693359375 16
    endloop
  endfacet
  facet normal -0.45316839457559294 -0.5429956288430918 0.706961210544875
    outer loop
      vertex 42.61041259765625 53.000335693359375 16
      vertex 45.52207946777344 50.570343017578125 16
      vertex 42.920074462890625 53.39288330078125 16.5
    endloop
  endfacet
  facet normal -0.5099331409032046 -0.5822587755858039 0.6332005291074172
    outer loop
      vertex 42.920074462890625 53.39288330078125 16.5
      vertex 45.52207946777344 50.570343017578125 16
      vertex 48.27459716796875 48.70347595214844 16.5
    endloop
  endfacet
  facet normal 0 0 1
    outer loop
      vertex 42.920074462890625 53.39288330078125 16.5
      vertex 48.27459716796875 48.70347595214844 16.5
      vertex 51.290618896484375 47.78857421875 16.5
    endloop
  endfacet
  facet normal 0 0 1
    outer loop
      vertex 42.920074462890625 53.39288330078125 16.5
      vertex 51.290618896484375 47.78857421875 16.5
      vertex 46.093353271484375 52.7242431640625 16.5
    endloop
  endfacet
  facet normal 0.46088655350549557 -0.536868010332186 -0.7066514871418482
    outer loop
      vertex 43.03105163574219 -56.60780334472656 0
      vertex 48.43437194824219 -51.969200134277344 0
      vertex 43.643157958984375 -57.39857482910156 1
    endloop
  endfacet
  facet normal 0.46088333400094017 0.5368653521940058 -0.7066556063980417
    outer loop
      vertex 43.03105163574219 54.57525634765625 0
      vertex 43.643157958984375 55.36604309082031 1
      vertex 49.12333679199219 50.661468505859375 1
    endloop
  endfacet
  facet normal 0.4608831191892419 0.5368648928513325 -0.7066560954736908
    outer loop
      vertex 43.03105163574219 54.57525634765625 0
      vertex 49.12333679199219 50.661468505859375 1
      vertex 48.43437194824219 49.93666076660156 0
    endloop
  endfacet
  facet normal 0.6325298144540676 -0.774536011962454 0
    outer loop
      vertex 43.643157958984375 -57.39857482910156 1
      vertex 46.524993896484375 -55.04510498046875 16
      vertex 43.643157958984375 -57.39857482910156 16
    endloop
  endfacet
  facet normal 0.4608843520792698 -0.5368665381144778 -0.706654041424407
    outer loop
      vertex 43.643157958984375 -57.39857482910156 1
      vertex 48.43437194824219 -51.969200134277344 0
      vertex 49.12333679199219 -52.694000244140625 1
    endloop
  endfacet
  facet normal 0.6513600132101439 -0.7587443439567784 -0.006095383866433697
    outer loop
      vertex 43.643157958984375 -57.39857482910156 1
      vertex 49.12333679199219 -52.694000244140625 1
      vertex 46.524993896484375 -55.04510498046875 16
    endloop
  endfacet
  facet normal 0.4473394507086427 -0.5477694588110318 0.7069908315060098
    outer loop
      vertex 43.643157958984375 -57.39857482910156 16
      vertex 46.524993896484375 -55.04510498046875 16
      vertex 46.19873046875 -54.66621398925781 16.5
    endloop
  endfacet
  facet normal 0.63177035666524 0.775155607887265 0
    outer loop
      vertex 43.643157958984375 55.36604309082031 1
      vertex 43.643157958984375 55.36604309082031 16
      vertex 46.41888427734375 53.103759765625 16
    endloop
  endfacet
  facet normal 0.6513599942257859 0.7587443218426265 -0.00610016342051499
    outer loop
      vertex 43.643157958984375 55.36604309082031 1
      vertex 46.41888427734375 53.103759765625 16
      vertex 49.12333679199219 50.661468505859375 1
    endloop
  endfacet
  facet normal 0.44679823481574804 0.5482026082066944 0.7069973392601341
    outer loop
      vertex 43.643157958984375 55.36604309082031 16
      vertex 46.093353271484375 52.7242431640625 16.5
      vertex 46.41888427734375 53.103759765625 16
    endloop
  endfacet
  facet normal -0.4778167250522505 -0.5213336854914774 0.7070377398924441
    outer loop
      vertex 45.52207946777344 50.570343017578125 3
      vertex 47.08872985839844 48.45635986328125 2.5
      vertex 47.433441162109375 48.81852722167969 3
    endloop
  endfacet
  facet normal -0.6756683985977919 -0.7372046183033718 -0.0012513546560563497
    outer loop
      vertex 45.52207946777344 50.570343017578125 3
      vertex 47.433441162109375 48.81852722167969 3
      vertex 47.926300048828125 48.34474182128906 16
    endloop
  endfacet
  facet normal -0.679321096911647 -0.7338411594417124 0
    outer loop
      vertex 45.52207946777344 50.570343017578125 3
      vertex 47.926300048828125 48.34474182128906 16
      vertex 45.52207946777344 50.570343017578125 16
    endloop
  endfacet
  facet normal -0.48042007178147556 -0.5189769964424377 0.7070073774672141
    outer loop
      vertex 45.52207946777344 50.570343017578125 16
      vertex 47.926300048828125 48.34474182128906 16
      vertex 48.27459716796875 48.70347595214844 16.5
    endloop
  endfacet
  facet normal -0.48016714051540993 0.5191582379852642 0.70704613788726
    outer loop
      vertex 45.7205810546875 -52.427040100097656 16
      vertex 46.0528564453125 -52.80067443847656 16.5
      vertex 47.692626953125 -50.60310363769531 16
    endloop
  endfacet
  facet normal -0.6868183007018505 0.7268257905759112 -0.0022117808942371834
    outer loop
      vertex 45.7205810546875 -52.427040100097656 16
      vertex 47.692626953125 -50.60310363769531 3
      vertex 46.810821533203125 -51.436370849609375 3
    endloop
  endfacet
  facet normal -0.679000654471121 0.7341376650382334 0
    outer loop
      vertex 45.7205810546875 -52.427040100097656 16
      vertex 47.692626953125 -50.60310363769531 16
      vertex 47.692626953125 -50.60310363769531 3
    endloop
  endfacet
  facet normal 0 0 1
    outer loop
      vertex 46.0528564453125 -52.80067443847656 16.5
      vertex 46.19873046875 -54.66621398925781 16.5
      vertex 51.12162780761719 -47.80375671386719 16.5
    endloop
  endfacet
  facet normal -0.5408537190915593 0.5486309748559226 0.6375588662809644
    outer loop
      vertex 46.0528564453125 -52.80067443847656 16.5
      vertex 51.12162780761719 -47.80375671386719 16.5
      vertex 47.692626953125 -50.60310363769531 16
    endloop
  endfacet
  facet normal 0.47399258484108137 0.5248720572832875 0.7069938846969468
    outer loop
      vertex 46.093353271484375 52.7242431640625 16.5
      vertex 49.12333679199219 50.661468505859375 16
      vertex 46.41888427734375 53.103759765625 16
    endloop
  endfacet
  facet normal 0.4448779528165137 0.4684570454607842 0.7633030876761475
    outer loop
      vertex 46.093353271484375 52.7242431640625 16.5
      vertex 51.290618896484375 47.78857421875 16.5
      vertex 49.12333679199219 50.661468505859375 16
    endloop
  endfacet
  facet normal 0.4745008492886805 -0.5243985483127359 0.7070043186231724
    outer loop
      vertex 46.19873046875 -54.66621398925781 16.5
      vertex 46.524993896484375 -55.04510498046875 16
      vertex 49.12333679199219 -52.694000244140625 16
    endloop
  endfacet
  facet normal 0.4458275626687906 -0.4676154219371893 0.7632650925669993
    outer loop
      vertex 46.19873046875 -54.66621398925781 16.5
      vertex 49.12333679199219 -52.694000244140625 16
      vertex 51.38629150390625 -49.720359802246094 16.5
    endloop
  endfacet
  facet normal 0 0 1
    outer loop
      vertex 46.19873046875 -54.66621398925781 16.5
      vertex 51.38629150390625 -49.720359802246094 16.5
      vertex 51.12162780761719 -47.80375671386719 16.5
    endloop
  endfacet
  facet normal 0.6702197519126902 0.7421627073264273 0
    outer loop
      vertex 46.41888427734375 53.103759765625 16
      vertex 49.12333679199219 50.661468505859375 16
      vertex 49.12333679199219 50.661468505859375 1
    endloop
  endfacet
  facet normal -0.4856647833028613 0.513954985937709 0.7070926323256054
    outer loop
      vertex 46.47062683105469 -51.0699462890625 2.5
      vertex 46.810821533203125 -51.436370849609375 3
      vertex 47.692626953125 -50.60310363769531 3
    endloop
  endfacet
  facet normal -0.48203608232018785 0.4694798046624451 0.7397499093311992
    outer loop
      vertex 46.47062683105469 -51.0699462890625 2.5
      vertex 47.692626953125 -50.60310363769531 3
      vertex 51.262481689453125 -46.149932861328125 2.5
    endloop
  endfacet
  facet normal 0.6709483274468486 -0.7415041078080932 0
    outer loop
      vertex 46.524993896484375 -55.04510498046875 16
      vertex 49.12333679199219 -52.694000244140625 1
      vertex 49.12333679199219 -52.694000244140625 16
    endloop
  endfacet
  facet normal -0.5041811047720399 -0.4960639255470644 0.7069101748890603
    outer loop
      vertex 47.08872985839844 48.45635986328125 2.5
      vertex 50.59837341308594 45.601806640625 3
      vertex 47.433441162109375 48.81852722167969 3
    endloop
  endfacet
  facet normal -0.47894980876227333 -0.45765100919004753 0.7491078924119761
    outer loop
      vertex 47.08872985839844 48.45635986328125 2.5
      vertex 51.562164306640625 43.77473449707031 2.5
      vertex 50.59837341308594 45.601806640625 3
    endloop
  endfacet
  facet normal -0.7128216160834214 -0.7013453811384369 0
    outer loop
      vertex 47.433441162109375 48.81852722167969 3
      vertex 50.59837341308594 45.601806640625 3
      vertex 50.59837341308594 45.601806640625 16
    endloop
  endfacet
  facet normal -0.7162977169963933 -0.6977926653014692 0.0017253629260405143
    outer loop
      vertex 47.433441162109375 48.81852722167969 3
      vertex 50.59837341308594 45.601806640625 16
      vertex 47.926300048828125 48.34474182128906 16
    endloop
  endfacet
  facet normal -0.40797591162577085 0.5775504041415183 0.7071005488677619
    outer loop
      vertex 47.60650634765625 33.49546813964844 2.5
      vertex 47.89825439453125 33.08940124511719 3
      vertex 55.36634826660156 38.97694396972656 2.5
    endloop
  endfacet
  facet normal -0.8249937120219675 -0.5646824909855183 0.022782877311810504
    outer loop
      vertex 47.60650634765625 33.49546813964844 2.5
      vertex 49.40252685546875 30.871505737304688 2.5
      vertex 47.89825439453125 33.08940124511719 3
    endloop
  endfacet
  facet normal -0.8253143019210658 0.5642337200837759 0.022284796722591167
    outer loop
      vertex 47.64422607421875 -35.47590637207031 2.5
      vertex 47.935546875 -35.06953430175781 3
      vertex 49.12959289550781 -33.32298278808594 3
    endloop
  endfacet
  facet normal -0.8253119533772861 0.5642381905165911 0.022258570824096956
    outer loop
      vertex 47.64422607421875 -35.47590637207031 2.5
      vertex 49.12959289550781 -33.32298278808594 3
      vertex 49.40252685546875 -32.90403747558594 2.5
    endloop
  endfacet
  facet normal -0.4116745904621111 -0.5749069792724985 0.7071110215175721
    outer loop
      vertex 47.64422607421875 -35.47590637207031 2.5
      vertex 53.00732421875 -39.31626892089844 2.5
      vertex 47.935546875 -35.06953430175781 3
    endloop
  endfacet
  facet normal -0.7224997348254675 0.6913711978214951 0
    outer loop
      vertex 47.692626953125 -50.60310363769531 3
      vertex 47.692626953125 -50.60310363769531 16
      vertex 51.63777160644531 -46.48033142089844 3
    endloop
  endfacet
  facet normal -0.5111016781788273 0.4890811199210098 0.7068060078264735
    outer loop
      vertex 47.692626953125 -50.60310363769531 3
      vertex 51.63777160644531 -46.48033142089844 3
      vertex 51.262481689453125 -46.149932861328125 2.5
    endloop
  endfacet
  facet normal -0.7158039551549841 0.6982885085004594 0.0042257165883849744
    outer loop
      vertex 47.692626953125 -50.60310363769531 16
      vertex 50.75279235839844 -47.46617889404297 16
      vertex 51.63777160644531 -46.48033142089844 3
    endloop
  endfacet
  facet normal -0.5062834115542298 0.4938948517770925 0.7069264336358444
    outer loop
      vertex 47.692626953125 -50.60310363769531 16
      vertex 51.12162780761719 -47.80375671386719 16.5
      vertex 50.75279235839844 -47.46617889404297 16
    endloop
  endfacet
  facet normal -0.5769586277467804 0.8167733724042135 0
    outer loop
      vertex 47.89825439453125 33.08940124511719 3
      vertex 47.89825439453125 33.08940124511719 8.600000381469727
      vertex 55.658966064453125 38.57147216796875 8.600000381469727
    endloop
  endfacet
  facet normal -0.8252073287057974 -0.5648299431246914 0
    outer loop
      vertex 47.89825439453125 33.08940124511719 3
      vertex 49.12959289550781 31.290435791015625 3
      vertex 47.89825439453125 33.08940124511719 8.600000381469727
    endloop
  endfacet
  facet normal -0.8249930321387272 -0.5646832634799772 0.022788349395061032
    outer loop
      vertex 47.89825439453125 33.08940124511719 3
      vertex 49.40252685546875 30.871505737304688 2.5
      vertex 49.12959289550781 31.290435791015625 3
    endloop
  endfacet
  facet normal -0.40796852926422555 0.5775419856069359 0.7071116842417347
    outer loop
      vertex 47.89825439453125 33.08940124511719 3
      vertex 55.658966064453125 38.57147216796875 3
      vertex 55.36634826660156 38.97694396972656 2.5
    endloop
  endfacet
  facet normal -0.5769586277467804 0.8167733724042135 0
    outer loop
      vertex 47.89825439453125 33.08940124511719 3
      vertex 55.658966064453125 38.57147216796875 8.600000381469727
      vertex 55.658966064453125 38.57147216796875 3
    endloop
  endfacet
  facet normal -0.8252073287057974 -0.5648299431246914 0
    outer loop
      vertex 47.89825439453125 33.08940124511719 8.600000381469727
      vertex 49.12959289550781 31.290435791015625 3
      vertex 49.12959289550781 31.290435791015625 8.600000381469727
    endloop
  endfacet
  facet normal 0 0 1
    outer loop
      vertex 47.89825439453125 33.08940124511719 8.600000381469727
      vertex 49.12959289550781 31.290435791015625 8.600000381469727
      vertex 55.658966064453125 38.57147216796875 8.600000381469727
    endloop
  endfacet
  facet normal -0.5065973790964782 -0.4935097893048991 0.7069704260807613
    outer loop
      vertex 47.926300048828125 48.34474182128906 16
      vertex 50.59837341308594 45.601806640625 16
      vertex 48.27459716796875 48.70347595214844 16.5
    endloop
  endfacet
  facet normal -0.8255193088420524 0.5643738749525355 0
    outer loop
      vertex 47.935546875 -35.06953430175781 3
      vertex 47.935546875 -35.06953430175781 8.600000381469727
      vertex 49.12959289550781 -33.32298278808594 8.600000381469727
    endloop
  endfacet
  facet normal -0.8255193088420524 0.5643738749525355 0
    outer loop
      vertex 47.935546875 -35.06953430175781 3
      vertex 49.12959289550781 -33.32298278808594 8.600000381469727
      vertex 49.12959289550781 -33.32298278808594 3
    endloop
  endfacet
  facet normal -0.41168087179332946 -0.5749134326045202 0.7071021176678599
    outer loop
      vertex 47.935546875 -35.06953430175781 3
      vertex 53.00732421875 -39.31626892089844 2.5
      vertex 55.659515380859375 -40.60047149658203 3
    endloop
  endfacet
  facet normal -0.5822008325474753 -0.8130450114114387 0
    outer loop
      vertex 47.935546875 -35.06953430175781 3
      vertex 55.659515380859375 -40.60047149658203 3
      vertex 47.935546875 -35.06953430175781 8.600000381469727
    endloop
  endfacet
  facet normal -0.5822008325474753 -0.8130450114114387 0
    outer loop
      vertex 47.935546875 -35.06953430175781 8.600000381469727
      vertex 55.659515380859375 -40.60047149658203 3
      vertex 55.659515380859375 -40.60047149658203 8.600000381469727
    endloop
  endfacet
  facet normal 0 0 1
    outer loop
      vertex 47.935546875 -35.06953430175781 8.600000381469727
      vertex 55.659515380859375 -40.60047149658203 8.600000381469727
      vertex 56.849517822265625 -39.76640319824219 8.600000381469727
    endloop
  endfacet
  facet normal 0 0 1
    outer loop
      vertex 47.935546875 -35.06953430175781 8.600000381469727
      vertex 56.849517822265625 -39.76640319824219 8.600000381469727
      vertex 49.12959289550781 -33.32298278808594 8.600000381469727
    endloop
  endfacet
  facet normal -0.5668915690083588 -0.526810873964847 0.6333279182695448
    outer loop
      vertex 48.27459716796875 48.70347595214844 16.5
      vertex 50.59837341308594 45.601806640625 16
      vertex 53.119873046875 43.48956298828125 16.5
    endloop
  endfacet
  facet normal 0 0 1
    outer loop
      vertex 48.27459716796875 48.70347595214844 16.5
      vertex 53.119873046875 43.48956298828125 16.5
      vertex 55.96221923828125 42.35272216796875 16.5
    endloop
  endfacet
  facet normal 0 0 1
    outer loop
      vertex 48.27459716796875 48.70347595214844 16.5
      vertex 55.96221923828125 42.35272216796875 16.5
      vertex 51.290618896484375 47.78857421875 16.5
    endloop
  endfacet
  facet normal 0.5128336661514472 -0.4874853843354529 -0.7066538267928516
    outer loop
      vertex 48.43437194824219 -51.969200134277344 0
      vertex 53.3406982421875 -46.80775451660156 0
      vertex 49.12333679199219 -52.694000244140625 1
    endloop
  endfacet
  facet normal 0.5128327998312335 0.48748362161103526 -0.7066556715107062
    outer loop
      vertex 48.43437194824219 49.93666076660156 0
      vertex 49.12333679199219 50.661468505859375 1
      vertex 54.099456787109375 45.42658996582031 1
    endloop
  endfacet
  facet normal 0.5128331025379296 0.48748412800514523 -0.7066551024965322
    outer loop
      vertex 48.43437194824219 49.93666076660156 0
      vertex 54.099456787109375 45.42658996582031 1
      vertex 53.3406982421875 44.77520751953125 0
    endloop
  endfacet
  facet normal 0.7076208669523404 -0.7065923213944645 0
    outer loop
      vertex 49.12333679199219 -52.694000244140625 1
      vertex 51.74920654296875 -50.064308166503906 16
      vertex 49.12333679199219 -52.694000244140625 16
    endloop
  endfacet
  facet normal 0.5128342113155557 -0.48748567379540025 -0.7066532314711345
    outer loop
      vertex 49.12333679199219 -52.694000244140625 1
      vertex 53.3406982421875 -46.80775451660156 0
      vertex 54.099456787109375 -47.459129333496094 1
    endloop
  endfacet
  facet normal 0.7247790348339266 -0.6889544190946986 -0.006095824397750642
    outer loop
      vertex 49.12333679199219 -52.694000244140625 1
      vertex 54.099456787109375 -47.459129333496094 1
      vertex 51.74920654296875 -50.064308166503906 16
    endloop
  endfacet
  facet normal 0.5004448153389114 -0.49971740562586014 0.706991867927038
    outer loop
      vertex 49.12333679199219 -52.694000244140625 16
      vertex 51.74920654296875 -50.064308166503906 16
      vertex 51.38629150390625 -49.720359802246094 16.5
    endloop
  endfacet
  facet normal 0.7069296959338456 0.7072838221017647 0
    outer loop
      vertex 49.12333679199219 50.661468505859375 1
      vertex 49.12333679199219 50.661468505859375 16
      vertex 51.65283203125 48.13323974609375 16
    endloop
  endfacet
  facet normal 0.7247795197434774 0.6889538759422751 -0.006099556092895431
    outer loop
      vertex 49.12333679199219 50.661468505859375 1
      vertex 51.65283203125 48.13323974609375 16
      vertex 54.099456787109375 45.42658996582031 1
    endloop
  endfacet
  facet normal 0.49995698160920243 0.5002074278007261 0.7069904848816544
    outer loop
      vertex 49.12333679199219 50.661468505859375 16
      vertex 51.290618896484375 47.78857421875 16.5
      vertex 51.65283203125 48.13323974609375 16
    endloop
  endfacet
  facet normal 0.5499204529534493 0.835217034921746 0
    outer loop
      vertex 49.12959289550781 -33.32298278808594 3
      vertex 49.12959289550781 -33.32298278808594 8.600000381469727
      vertex 57.064361572265625 -38.54736328125 8.600000381469727
    endloop
  endfacet
  facet normal 0.3888526451860346 0.5905878779184993 0.7071064833443035
    outer loop
      vertex 49.12959289550781 -33.32298278808594 3
      vertex 57.064361572265625 -38.54736328125 3
      vertex 57.337371826171875 -38.12847137451172 2.5
    endloop
  endfacet
  facet normal 0.5499204529534493 0.835217034921746 0
    outer loop
      vertex 49.12959289550781 -33.32298278808594 3
      vertex 57.064361572265625 -38.54736328125 8.600000381469727
      vertex 57.064361572265625 -38.54736328125 3
    endloop
  endfacet
  facet normal 0.38885177979276686 0.5905862049229896 0.7071083565526985
    outer loop
      vertex 49.12959289550781 -33.32298278808594 3
      vertex 57.337371826171875 -38.12847137451172 2.5
      vertex 49.40252685546875 -32.90403747558594 2.5
    endloop
  endfacet
  facet normal 0 0 1
    outer loop
      vertex 49.12959289550781 -33.32298278808594 8.600000381469727
      vertex 56.849517822265625 -39.76640319824219 8.600000381469727
      vertex 57.064361572265625 -38.54736328125 8.600000381469727
    endloop
  endfacet
  facet normal 0.3888567433751506 -0.5905937264829746 0.7070993447674984
    outer loop
      vertex 49.12959289550781 31.290435791015625 3
      vertex 49.40252685546875 30.871505737304688 2.5
      vertex 57.06414794921875 36.514678955078125 3
    endloop
  endfacet
  facet normal 0.5499206970196264 -0.8352168742245623 0
    outer loop
      vertex 49.12959289550781 31.290435791015625 3
      vertex 57.06414794921875 36.514678955078125 3
      vertex 49.12959289550781 31.290435791015625 8.600000381469727
    endloop
  endfacet
  facet normal 0.5499206970196264 -0.8352168742245623 0
    outer loop
      vertex 49.12959289550781 31.290435791015625 8.600000381469727
      vertex 57.06414794921875 36.514678955078125 3
      vertex 57.06414794921875 36.514678955078125 8.600000381469727
    endloop
  endfacet
  facet normal 0 0 1
    outer loop
      vertex 49.12959289550781 31.290435791015625 8.600000381469727
      vertex 57.06414794921875 36.514678955078125 8.600000381469727
      vertex 55.658966064453125 38.57147216796875 8.600000381469727
    endloop
  endfacet
  facet normal 0 0 1
    outer loop
      vertex 49.40252685546875 -32.90403747558594 2.5
      vertex 57.337371826171875 -38.12847137451172 2.5
      vertex 60.808807373046875 -32.11579132080078 2.5
    endloop
  endfacet
  facet normal 0 0 1
    outer loop
      vertex 49.40252685546875 -32.90403747558594 2.5
      vertex 60.808807373046875 -32.11579132080078 2.5
      vertex 52.31689453125 -27.856231689453125 2.5
    endloop
  endfacet
  facet normal 0.3888538118304057 -0.5905901536281175 0.7071039410599265
    outer loop
      vertex 49.40252685546875 30.871505737304688 2.5
      vertex 57.337371826171875 36.09593200683594 2.5
      vertex 57.06414794921875 36.514678955078125 3
    endloop
  endfacet
  facet normal 0 0 1
    outer loop
      vertex 49.40252685546875 30.871505737304688 2.5
      vertex 60.808807373046875 30.083251953125 2.5
      vertex 57.337371826171875 36.09593200683594 2.5
    endloop
  endfacet
  facet normal -0.5270199177889756 -0.4715017890447934 0.7070615738259721
    outer loop
      vertex 50.59837341308594 45.601806640625 3
      vertex 51.562164306640625 43.77473449707031 2.5
      vertex 51.93962097167969 44.102630615234375 3
    endloop
  endfacet
  facet normal -0.7452692305189379 -0.666759952800149 -0.0022224724189940925
    outer loop
      vertex 50.59837341308594 45.601806640625 3
      vertex 51.93962097167969 44.102630615234375 3
      vertex 52.73661804199219 43.16845703125 16
    endloop
  endfacet
  facet normal -0.7511883966396188 -0.6600878674494773 0
    outer loop
      vertex 50.59837341308594 45.601806640625 3
      vertex 52.73661804199219 43.16845703125 16
      vertex 50.59837341308594 45.601806640625 16
    endloop
  endfacet
  facet normal -0.5312475093980608 -0.4668203570969766 0.7070041286712606
    outer loop
      vertex 50.59837341308594 45.601806640625 16
      vertex 52.73661804199219 43.16845703125 16
      vertex 53.119873046875 43.48956298828125 16.5
    endloop
  endfacet
  facet normal -0.5310217338141973 0.46702855455830217 0.7070362419594535
    outer loop
      vertex 50.75279235839844 -47.46617889404297 16
      vertex 51.12162780761719 -47.80375671386719 16.5
      vertex 52.5511474609375 -45.421409606933594 16
    endloop
  endfacet
  facet normal -0.7572272470303414 0.6531483955472345 -0.002017361872220835
    outer loop
      vertex 50.75279235839844 -47.46617889404297 16
      vertex 52.5511474609375 -45.421409606933594 3
      vertex 51.63777160644531 -46.48033142089844 3
    endloop
  endfacet
  facet normal -0.7509032370934008 0.6604122413482749 0
    outer loop
      vertex 50.75279235839844 -47.46617889404297 16
      vertex 52.5511474609375 -45.421409606933594 16
      vertex 52.5511474609375 -45.421409606933594 3
    endloop
  endfacet
  facet normal 0 0 1
    outer loop
      vertex 51.12162780761719 -47.80375671386719 16.5
      vertex 51.38629150390625 -49.720359802246094 16.5
      vertex 55.651123046875 -42.31327819824219 16.5
    endloop
  endfacet
  facet normal -0.5945298190883976 0.4904709084088204 0.6371597776220213
    outer loop
      vertex 51.12162780761719 -47.80375671386719 16.5
      vertex 55.651123046875 -42.31327819824219 16.5
      vertex 52.5511474609375 -45.421409606933594 16
    endloop
  endfacet
  facet normal -0.535452289167796 0.46185581004063686 0.7070926790433304
    outer loop
      vertex 51.262481689453125 -46.149932861328125 2.5
      vertex 51.63777160644531 -46.48033142089844 3
      vertex 52.5511474609375 -45.421409606933594 3
    endloop
  endfacet
  facet normal -0.5243484912538358 0.41859237125025467 0.7415113528806658
    outer loop
      vertex 51.262481689453125 -46.149932861328125 2.5
      vertex 52.5511474609375 -45.421409606933594 3
      vertex 55.36824035644531 -41.006866455078125 2.5
    endloop
  endfacet
  facet normal 0.5246515174384704 0.4742487927767555 0.7069857620909352
    outer loop
      vertex 51.290618896484375 47.78857421875 16.5
      vertex 54.099456787109375 45.42658996582031 16
      vertex 51.65283203125 48.13323974609375 16
    endloop
  endfacet
  facet normal 0.48996404180285785 0.4210777195132532 0.7633012458195817
    outer loop
      vertex 51.290618896484375 47.78857421875 16.5
      vertex 55.96221923828125 42.35272216796875 16.5
      vertex 54.099456787109375 45.42658996582031 16
    endloop
  endfacet
  facet normal 0.5251030274204238 -0.47371930969091036 0.7070055347872978
    outer loop
      vertex 51.38629150390625 -49.720359802246094 16.5
      vertex 51.74920654296875 -50.064308166503906 16
      vertex 54.099456787109375 -47.459129333496094 16
    endloop
  endfacet
  facet normal 0.4908167896999775 -0.4201393205302742 0.7632704830484194
    outer loop
      vertex 51.38629150390625 -49.720359802246094 16.5
      vertex 54.099456787109375 -47.459129333496094 16
      vertex 56.04722595214844 -44.27534484863281 16.5
    endloop
  endfacet
  facet normal 0 0 1
    outer loop
      vertex 51.38629150390625 -49.720359802246094 16.5
      vertex 56.04722595214844 -44.27534484863281 16.5
      vertex 55.651123046875 -42.31327819824219 16.5
    endloop
  endfacet
  facet normal -0.5508136257546206 -0.4437993878548687 0.706856741513224
    outer loop
      vertex 51.562164306640625 43.77473449707031 2.5
      vertex 55.13531494140625 40.1363525390625 3
      vertex 51.93962097167969 44.102630615234375 3
    endloop
  endfacet
  facet normal -0.5327344636503665 -0.4224069162642529 0.7333255677605143
    outer loop
      vertex 51.562164306640625 43.77473449707031 2.5
      vertex 55.36634826660156 38.97694396972656 2.5
      vertex 55.13531494140625 40.1363525390625 3
    endloop
  endfacet
  facet normal 0.7418423492283379 0.6705743276411502 0
    outer loop
      vertex 51.65283203125 48.13323974609375 16
      vertex 54.099456787109375 45.42658996582031 16
      vertex 54.099456787109375 45.42658996582031 1
    endloop
  endfacet
  facet normal 0.7425015238802908 -0.6698443752361036 0
    outer loop
      vertex 51.74920654296875 -50.064308166503906 16
      vertex 54.099456787109375 -47.459129333496094 1
      vertex 54.099456787109375 -47.459129333496094 16
    endloop
  endfacet
  facet normal -0.7786928440301638 -0.627405335214975 0
    outer loop
      vertex 51.93962097167969 44.102630615234375 3
      vertex 55.13531494140625 40.1363525390625 3
      vertex 55.13531494140625 40.1363525390625 16
    endloop
  endfacet
  facet normal -0.7842573807862373 -0.62042576450832 0.0034973442177386686
    outer loop
      vertex 51.93962097167969 44.102630615234375 3
      vertex 55.13531494140625 40.1363525390625 16
      vertex 52.73661804199219 43.16845703125 16
    endloop
  endfacet
  facet normal -0.9015242438689383 0.4321309614453006 0.022734772418025323
    outer loop
      vertex 52.31689453125 -27.856231689453125 2.5
      vertex 52.543212890625 -27.410385131835938 3
      vertex 53.485504150390625 -25.444549560546875 3
    endloop
  endfacet
  facet normal -0.9015269667573159 0.43212289721915376 0.022780033105288915
    outer loop
      vertex 52.31689453125 -27.856231689453125 2.5
      vertex 53.485504150390625 -25.444549560546875 3
      vertex 53.69129943847656 -24.988845825195312 2.5
    endloop
  endfacet
  facet normal -0.31703971310779483 -0.6320544479026081 0.7071018280269514
    outer loop
      vertex 52.31689453125 -27.856231689453125 2.5
      vertex 60.808807373046875 -32.11579132080078 2.5
      vertex 61.03483581542969 -31.6697998046875 3
    endloop
  endfacet
  facet normal -0.31703960908326617 -0.6320541716029346 0.7071021216427353
    outer loop
      vertex 52.31689453125 -27.856231689453125 2.5
      vertex 61.03483581542969 -31.6697998046875 3
      vertex 52.543212890625 -27.410385131835938 3
    endloop
  endfacet
  facet normal -0.3170443588318031 0.6320625775759992 0.7070924780825454
    outer loop
      vertex 52.31689453125 25.823684692382812 2.5
      vertex 52.543212890625 25.377853393554688 3
      vertex 60.808807373046875 30.083251953125 2.5
    endloop
  endfacet
  facet normal -0.901301905577522 -0.43262178087220604 0.022209676208547663
    outer loop
      vertex 52.31689453125 25.823684692382812 2.5
      vertex 53.6650390625 23.015029907226562 2.5
      vertex 52.543212890625 25.377853393554688 3
    endloop
  endfacet
  facet normal -0.9017573195876696 0.4322426824945235 0
    outer loop
      vertex 52.543212890625 -27.410385131835938 3
      vertex 52.543212890625 -27.410385131835938 8.600000381469727
      vertex 53.485504150390625 -25.444549560546875 8.600000381469727
    endloop
  endfacet
  facet normal -0.9017573195876696 0.4322426824945235 0
    outer loop
      vertex 52.543212890625 -27.410385131835938 3
      vertex 53.485504150390625 -25.444549560546875 8.600000381469727
      vertex 53.485504150390625 -25.444549560546875 3
    endloop
  endfacet
  facet normal -0.44835876049405954 -0.8938536915447799 0
    outer loop
      vertex 52.543212890625 -27.410385131835938 3
      vertex 61.03483581542969 -31.6697998046875 3
      vertex 52.543212890625 -27.410385131835938 8.600000381469727
    endloop
  endfacet
  facet normal -0.44835876049405954 -0.8938536915447799 0
    outer loop
      vertex 52.543212890625 -27.410385131835938 8.600000381469727
      vertex 61.03483581542969 -31.6697998046875 3
      vertex 61.03483581542969 -31.6697998046875 8.600000381469727
    endloop
  endfacet
  facet normal 0 0 1
    outer loop
      vertex 52.543212890625 -27.410385131835938 8.600000381469727
      vertex 61.03483581542969 -31.6697998046875 8.600000381469727
      vertex 62.11346435546875 -29.424468994140625 8.600000381469727
    endloop
  endfacet
  facet normal 0 0 1
    outer loop
      vertex 52.543212890625 -27.410385131835938 8.600000381469727
      vertex 62.11346435546875 -29.424468994140625 8.600000381469727
      vertex 53.485504150390625 -25.444549560546875 8.600000381469727
    endloop
  endfacet
  facet normal -0.4483580880241866 0.8938540288566673 0
    outer loop
      vertex 52.543212890625 25.377853393554688 3
      vertex 52.543212890625 25.377853393554688 8.600000381469727
      vertex 61.035064697265625 29.637374877929688 8.600000381469727
    endloop
  endfacet
  facet normal -0.9015215944072703 -0.4327341156153201 0
    outer loop
      vertex 52.543212890625 25.377853393554688 3
      vertex 53.45875549316406 23.470489501953125 3
      vertex 52.543212890625 25.377853393554688 8.600000381469727
    endloop
  endfacet
  facet normal -0.9012985700606961 -0.4326270630011906 0.022242121425536734
    outer loop
      vertex 52.543212890625 25.377853393554688 3
      vertex 53.6650390625 23.015029907226562 2.5
      vertex 53.45875549316406 23.470489501953125 3
    endloop
  endfacet
  facet normal -0.31703916183576447 0.632054466466883 0.7071020586038057
    outer loop
      vertex 52.543212890625 25.377853393554688 3
      vertex 61.035064697265625 29.637374877929688 3
      vertex 60.808807373046875 30.083251953125 2.5
    endloop
  endfacet
  facet normal -0.4483580880241866 0.8938540288566673 0
    outer loop
      vertex 52.543212890625 25.377853393554688 3
      vertex 61.035064697265625 29.637374877929688 8.600000381469727
      vertex 61.035064697265625 29.637374877929688 3
    endloop
  endfacet
  facet normal -0.9015215944072703 -0.4327341156153201 0
    outer loop
      vertex 52.543212890625 25.377853393554688 8.600000381469727
      vertex 53.45875549316406 23.470489501953125 3
      vertex 53.45875549316406 23.470489501953125 8.600000381469727
    endloop
  endfacet
  facet normal 0 0 1
    outer loop
      vertex 52.543212890625 25.377853393554688 8.600000381469727
      vertex 53.45875549316406 23.470489501953125 8.600000381469727
      vertex 61.035064697265625 29.637374877929688 8.600000381469727
    endloop
  endfacet
  facet normal -0.7878233690214699 0.6159012414532553 0
    outer loop
      vertex 52.5511474609375 -45.421409606933594 3
      vertex 52.5511474609375 -45.421409606933594 16
      vertex 55.77488708496094 -41.29779815673828 8.600000381469727
    endloop
  endfacet
  facet normal -0.557325434045418 0.4357035348524839 0.7067890705741966
    outer loop
      vertex 52.5511474609375 -45.421409606933594 3
      vertex 55.77488708496094 -41.29779815673828 3
      vertex 55.36824035644531 -41.006866455078125 2.5
    endloop
  endfacet
  facet normal -0.7878233690214698 0.6159012414532552 0
    outer loop
      vertex 52.5511474609375 -45.421409606933594 3
      vertex 55.77488708496094 -41.29779815673828 8.600000381469727
      vertex 55.77488708496094 -41.29779815673828 3
    endloop
  endfacet
  facet normal -0.7838171726279112 0.6209748241569722 0.0045724891257245244
    outer loop
      vertex 52.5511474609375 -45.421409606933594 16
      vertex 55.249603271484375 -42.01531982421875 16
      vertex 55.77488708496094 -41.29779815673828 8.600000381469727
    endloop
  endfacet
  facet normal -0.5543879377317297 0.43921078048532725 0.7069285004885779
    outer loop
      vertex 52.5511474609375 -45.421409606933594 16
      vertex 55.651123046875 -42.31327819824219 16.5
      vertex 55.249603271484375 -42.01531982421875 16
    endloop
  endfacet
  facet normal -0.5546702272180201 -0.43879944034029134 0.7069625097520783
    outer loop
      vertex 52.73661804199219 43.16845703125 16
      vertex 55.13531494140625 40.1363525390625 16
      vertex 53.119873046875 43.48956298828125 16.5
    endloop
  endfacet
  facet normal -0.4116798992323296 -0.5749101711153228 0.7071053356581388
    outer loop
      vertex 53.00732421875 -39.31626892089844 2.5
      vertex 55.36824035644531 -41.006866455078125 2.5
      vertex 55.659515380859375 -40.60047149658203 3
    endloop
  endfacet
  facet normal -0.6178403413955995 -0.46581036037819806 0.633477719188688
    outer loop
      vertex 53.119873046875 43.48956298828125 16.5
      vertex 55.13531494140625 40.1363525390625 16
      vertex 57.40478515625 37.80615234375 16.5
    endloop
  endfacet
  facet normal 0 0 1
    outer loop
      vertex 53.119873046875 43.48956298828125 16.5
      vertex 57.40478515625 37.80615234375 16.5
      vertex 60.06028747558594 36.472412109375 16.5
    endloop
  endfacet
  facet normal 0 0 1
    outer loop
      vertex 53.119873046875 43.48956298828125 16.5
      vertex 60.06028747558594 36.472412109375 16.5
      vertex 55.96221923828125 42.35272216796875 16.5
    endloop
  endfacet
  facet normal 0.5595209294868002 -0.4331022760229024 -0.7066532020517624
    outer loop
      vertex 53.3406982421875 -46.80775451660156 0
      vertex 57.699676513671875 -41.176429748535156 0
      vertex 54.099456787109375 -47.459129333496094 1
    endloop
  endfacet
  facet normal 0.5595205177292084 0.4331001674122353 -0.7066548204233326
    outer loop
      vertex 53.3406982421875 44.77520751953125 0
      vertex 54.099456787109375 45.42658996582031 1
      vertex 58.52043151855469 39.71514892578125 1
    endloop
  endfacet
  facet normal 0.5595246967500197 0.43310577888487356 -0.7066480722561448
    outer loop
      vertex 53.3406982421875 44.77520751953125 0
      vertex 58.52043151855469 39.71514892578125 1
      vertex 57.699676513671875 39.143890380859375 0
    endloop
  endfacet
  facet normal 0.29204926749479654 -0.6439805374032723 0.707104159796522
    outer loop
      vertex 53.45875549316406 23.470489501953125 3
      vertex 53.6650390625 23.015029907226562 2.5
      vertex 62.110687255859375 27.394195556640625 3
    endloop
  endfacet
  facet normal 0.4130185038335481 -0.91072263367674 0
    outer loop
      vertex 53.45875549316406 23.470489501953125 3
      vertex 62.110687255859375 27.394195556640625 3
      vertex 53.45875549316406 23.470489501953125 8.600000381469727
    endloop
  endfacet
  facet normal 0.4130185038335481 -0.91072263367674 0
    outer loop
      vertex 53.45875549316406 23.470489501953125 8.600000381469727
      vertex 62.110687255859375 27.394195556640625 3
      vertex 62.110687255859375 27.394195556640625 8.600000381469727
    endloop
  endfacet
  facet normal 0 0 1
    outer loop
      vertex 53.45875549316406 23.470489501953125 8.600000381469727
      vertex 62.110687255859375 27.394195556640625 8.600000381469727
      vertex 61.035064697265625 29.637374877929688 8.600000381469727
    endloop
  endfacet
  facet normal 0.41886589773516475 0.9080481042954247 0
    outer loop
      vertex 53.485504150390625 -25.444549560546875 3
      vertex 53.485504150390625 -25.444549560546875 8.600000381469727
      vertex 62.11346435546875 -29.424468994140625 8.600000381469727
    endloop
  endfacet
  facet normal 0.29618081651081485 0.6420824192552493 0.7071117951316562
    outer loop
      vertex 53.485504150390625 -25.444549560546875 3
      vertex 62.11346435546875 -29.424468994140625 3
      vertex 62.31831359863281 -28.96832275390625 2.5
    endloop
  endfacet
  facet normal 0.41886589773516475 0.9080481042954247 0
    outer loop
      vertex 53.485504150390625 -25.444549560546875 3
      vertex 62.11346435546875 -29.424468994140625 8.600000381469727
      vertex 62.11346435546875 -29.424468994140625 3
    endloop
  endfacet
  facet normal 0.2961820844825569 0.6420861541829072 0.7071078725613027
    outer loop
      vertex 53.485504150390625 -25.444549560546875 3
      vertex 62.31831359863281 -28.96832275390625 2.5
      vertex 53.69129943847656 -24.988845825195312 2.5
    endloop
  endfacet
  facet normal 0.2920469997129735 -0.6439766725852127 0.7071086162144598
    outer loop
      vertex 53.6650390625 23.015029907226562 2.5
      vertex 62.316986083984375 26.938735961914062 2.5
      vertex 62.110687255859375 27.394195556640625 3
    endloop
  endfacet
  facet normal 0 0 1
    outer loop
      vertex 53.6650390625 23.015029907226562 2.5
      vertex 64.57174682617188 21.240875244140625 2.5
      vertex 62.316986083984375 26.938735961914062 2.5
    endloop
  endfacet
  facet normal 0 0 1
    outer loop
      vertex 53.6650390625 23.015029907226562 2.5
      vertex 66.3892822265625 15.025909423828125 2.5
      vertex 64.57174682617188 21.240875244140625 2.5
    endloop
  endfacet
  facet normal 0 0 1
    outer loop
      vertex 53.6650390625 23.015029907226562 2.5
      vertex 67.61012268066406 8.666763305664062 2.5
      vertex 66.3892822265625 15.025909423828125 2.5
    endloop
  endfacet
  facet normal 0 0 1
    outer loop
      vertex 53.6650390625 23.015029907226562 2.5
      vertex 68.13774108886719 3.6888275146484375 2.5
      vertex 67.61012268066406 8.666763305664062 2.5
    endloop
  endfacet
  facet normal 0 0 1
    outer loop
      vertex 53.69129943847656 -24.988845825195312 2.5
      vertex 62.31831359863281 -28.96832275390625 2.5
      vertex 64.57122802734375 -23.27490234375 2.5
    endloop
  endfacet
  facet normal 0 0 1
    outer loop
      vertex 53.69129943847656 -24.988845825195312 2.5
      vertex 64.57122802734375 -23.27490234375 2.5
      vertex 66.388916015625 -17.05999755859375 2.5
    endloop
  endfacet
  facet normal 0.7754562327149942 -0.6314013233621457 0
    outer loop
      vertex 54.099456787109375 -47.459129333496094 1
      vertex 56.44303894042969 -44.58085632324219 16
      vertex 54.099456787109375 -47.459129333496094 16
    endloop
  endfacet
  facet normal 0.5595258095151707 -0.4331042635504707 -0.7066481199159858
    outer loop
      vertex 54.099456787109375 -47.459129333496094 1
      vertex 57.699676513671875 -41.176429748535156 0
      vertex 58.52043151855469 -41.74768829345703 1
    endloop
  endfacet
  facet normal 0.7907616937764058 -0.6120937679777705 -0.006096134729912877
    outer loop
      vertex 54.099456787109375 -47.459129333496094 1
      vertex 58.52043151855469 -41.74768829345703 1
      vertex 56.44303894042969 -44.58085632324219 16
    endloop
  endfacet
  facet normal 0.5484202952474593 -0.4465413850186583 0.7069907858142904
    outer loop
      vertex 54.099456787109375 -47.459129333496094 16
      vertex 56.44303894042969 -44.58085632324219 16
      vertex 56.04722595214844 -44.27534484863281 16.5
    endloop
  endfacet
  facet normal 0.7748366615878826 0.6321614887505763 0
    outer loop
      vertex 54.099456787109375 45.42658996582031 1
      vertex 54.099456787109375 45.42658996582031 16
      vertex 56.35743713378906 42.65899658203125 16
    endloop
  endfacet
  facet normal 0.7907616758769317 0.6120937541225766 -0.006099846591290172
    outer loop
      vertex 54.099456787109375 45.42658996582031 1
      vertex 56.35743713378906 42.65899658203125 16
      vertex 58.52043151855469 39.71514892578125 1
    endloop
  endfacet
  facet normal 0.5479776236185883 0.44707532248000065 0.7069965912525521
    outer loop
      vertex 54.099456787109375 45.42658996582031 16
      vertex 55.96221923828125 42.35272216796875 16.5
      vertex 56.35743713378906 42.65899658203125 16
    endloop
  endfacet
  facet normal -0.5700036884334494 -0.41850984449329925 0.7070681050892181
    outer loop
      vertex 55.13531494140625 40.1363525390625 3
      vertex 55.36634826660156 38.97694396972656 2.5
      vertex 55.77583312988281 39.26397705078125 3
    endloop
  endfacet
  facet normal -0.8060628605717104 -0.5918299289550599 0
    outer loop
      vertex 55.13531494140625 40.1363525390625 3
      vertex 55.77583312988281 39.26397705078125 3
      vertex 55.77583312988281 39.26397705078125 8.600000381469727
    endloop
  endfacet
  facet normal -0.8060628605717104 -0.5918299289550599 0
    outer loop
      vertex 55.13531494140625 40.1363525390625 3
      vertex 55.77583312988281 39.26397705078125 8.600000381469727
      vertex 55.13531494140625 40.1363525390625 16
    endloop
  endfacet
  facet normal -0.8150906474717706 -0.579329052281814 -0.0022551244544874744
    outer loop
      vertex 55.13531494140625 40.1363525390625 16
      vertex 55.77583312988281 39.26397705078125 8.600000381469727
      vertex 56.9906005859375 37.52604675292969 16
    endloop
  endfacet
  facet normal -0.5764310527776303 -0.4097007572682749 0.7070166411672888
    outer loop
      vertex 55.13531494140625 40.1363525390625 16
      vertex 56.9906005859375 37.52604675292969 16
      vertex 57.40478515625 37.80615234375 16.5
    endloop
  endfacet
  facet normal -0.5762370770913658 0.4099440920526777 0.7070337137480114
    outer loop
      vertex 55.249603271484375 -42.01531982421875 16
      vertex 55.651123046875 -42.31327819824219 16.5
      vertex 56.849517822265625 -39.76640319824219 16
    endloop
  endfacet
  facet normal -0.8185624588584876 0.5744124817786372 -0.0024086769093747684
    outer loop
      vertex 55.249603271484375 -42.01531982421875 16
      vertex 56.849517822265625 -39.76640319824219 8.600000381469727
      vertex 55.77488708496094 -41.29779815673828 8.600000381469727
    endloop
  endfacet
  facet normal -0.8148380986298127 0.5796886000443269 0
    outer loop
      vertex 55.249603271484375 -42.01531982421875 16
      vertex 56.849517822265625 -39.76640319824219 16
      vertex 56.849517822265625 -39.76640319824219 8.600000381469727
    endloop
  endfacet
  facet normal -0.8032466887445409 0.1355558432287687 0.5800166983695109
    outer loop
      vertex 55.36634826660156 38.97694396972656 2.5
      vertex 55.658966064453125 38.57147216796875 3
      vertex 55.77583312988281 39.26397705078125 3
    endloop
  endfacet
  facet normal -0.8054313109733127 -0.13325746481989534 0.5775143733047561
    outer loop
      vertex 55.36824035644531 -41.006866455078125 2.5
      vertex 55.77488708496094 -41.29779815673828 3
      vertex 55.659515380859375 -40.60047149658203 3
    endloop
  endfacet
  facet normal 0 0 1
    outer loop
      vertex 55.651123046875 -42.31327819824219 16.5
      vertex 56.04722595214844 -44.27534484863281 16.5
      vertex 59.593536376953125 -36.38716125488281 16.5
    endloop
  endfacet
  facet normal -0.6419755921287148 0.4270811994064897 0.6367644684060977
    outer loop
      vertex 55.651123046875 -42.31327819824219 16.5
      vertex 59.593536376953125 -36.38716125488281 16.5
      vertex 56.849517822265625 -39.76640319824219 16
    endloop
  endfacet
  facet normal -0.986057166521296 0.16640692399053866 0
    outer loop
      vertex 55.658966064453125 38.57147216796875 3
      vertex 55.658966064453125 38.57147216796875 8.600000381469727
      vertex 55.77583312988281 39.26397705078125 8.600000381469727
    endloop
  endfacet
  facet normal -0.986057166521296 0.16640692399053866 0
    outer loop
      vertex 55.658966064453125 38.57147216796875 3
      vertex 55.77583312988281 39.26397705078125 8.600000381469727
      vertex 55.77583312988281 39.26397705078125 3
    endloop
  endfacet
  facet normal 0 0 1
    outer loop
      vertex 55.658966064453125 38.57147216796875 8.600000381469727
      vertex 57.06414794921875 36.514678955078125 8.600000381469727
      vertex 57.753875732421875 36.37261962890625 8.600000381469727
    endloop
  endfacet
  facet normal 0 0 1
    outer loop
      vertex 55.658966064453125 38.57147216796875 8.600000381469727
      vertex 57.753875732421875 36.37261962890625 8.600000381469727
      vertex 55.77583312988281 39.26397705078125 8.600000381469727
    endloop
  endfacet
  facet normal -0.9865881095241735 -0.16322959947729268 0
    outer loop
      vertex 55.659515380859375 -40.60047149658203 3
      vertex 55.77488708496094 -41.29779815673828 3
      vertex 55.659515380859375 -40.60047149658203 8.600000381469727
    endloop
  endfacet
  facet normal -0.9865881095241735 -0.16322959947729268 0
    outer loop
      vertex 55.659515380859375 -40.60047149658203 8.600000381469727
      vertex 55.77488708496094 -41.29779815673828 3
      vertex 55.77488708496094 -41.29779815673828 8.600000381469727
    endloop
  endfacet
  facet normal 0 0 1
    outer loop
      vertex 55.659515380859375 -40.60047149658203 8.600000381469727
      vertex 55.77488708496094 -41.29779815673828 8.600000381469727
      vertex 56.849517822265625 -39.76640319824219 8.600000381469727
    endloop
  endfacet
  facet normal -0.8253377071923973 -0.5646320769466776 0.002878674916994413
    outer loop
      vertex 55.77583312988281 39.26397705078125 8.600000381469727
      vertex 57.753875732421875 36.37261962890625 8.600000381469727
      vertex 56.9906005859375 37.52604675292969 16
    endloop
  endfacet
  facet normal 0.5699217678856983 0.4187504679718303 0.7069916718486953
    outer loop
      vertex 55.96221923828125 42.35272216796875 16.5
      vertex 58.52043151855469 39.71514892578125 16
      vertex 56.35743713378906 42.65899658203125 16
    endloop
  endfacet
  facet normal 0.5300298006565487 0.36938499318095225 0.7632975417415461
    outer loop
      vertex 55.96221923828125 42.35272216796875 16.5
      vertex 60.06028747558594 36.472412109375 16.5
      vertex 58.52043151855469 39.71514892578125 16
    endloop
  endfacet
  facet normal 0.5703234887319693 -0.4181840858595296 0.7070029621822138
    outer loop
      vertex 56.04722595214844 -44.27534484863281 16.5
      vertex 56.44303894042969 -44.58085632324219 16
      vertex 58.52043151855469 -41.74768829345703 16
    endloop
  endfacet
  facet normal 0.5307831988909594 -0.368365999333975 0.7632664582632741
    outer loop
      vertex 56.04722595214844 -44.27534484863281 16.5
      vertex 58.52043151855469 -41.74768829345703 16
      vertex 60.133758544921875 -38.38700866699219 16.5
    endloop
  endfacet
  facet normal 0 0 1
    outer loop
      vertex 56.04722595214844 -44.27534484863281 16.5
      vertex 60.133758544921875 -38.38700866699219 16.5
      vertex 59.593536376953125 -36.38716125488281 16.5
    endloop
  endfacet
  facet normal 0.8058599297050874 0.5921062182545559 0
    outer loop
      vertex 56.35743713378906 42.65899658203125 16
      vertex 58.52043151855469 39.71514892578125 16
      vertex 58.52043151855469 39.71514892578125 1
    endloop
  endfacet
  facet normal 0.8064408266346106 -0.5913148003702309 0
    outer loop
      vertex 56.44303894042969 -44.58085632324219 16
      vertex 58.52043151855469 -41.74768829345703 1
      vertex 58.52043151855469 -41.74768829345703 16
    endloop
  endfacet
  facet normal -0.8435324079791062 0.5370782779902488 0
    outer loop
      vertex 56.849517822265625 -39.76640319824219 8.600000381469727
      vertex 56.849517822265625 -39.76640319824219 16
      vertex 59.16357421875 -36.1319580078125 16
    endloop
  endfacet
  facet normal 0 0 1
    outer loop
      vertex 56.849517822265625 -39.76640319824219 8.600000381469727
      vertex 57.7540283203125 -38.40495300292969 8.600000381469727
      vertex 57.064361572265625 -38.54736328125 8.600000381469727
    endloop
  endfacet
  facet normal -0.8328777060872721 0.5533413057186555 -0.011319279499017282
    outer loop
      vertex 56.849517822265625 -39.76640319824219 8.600000381469727
      vertex 59.16357421875 -36.1319580078125 16
      vertex 57.7540283203125 -38.40495300292969 8.600000381469727
    endloop
  endfacet
  facet normal -0.5966159441062551 0.37986621598781634 0.7069307414374477
    outer loop
      vertex 56.849517822265625 -39.76640319824219 16
      vertex 59.593536376953125 -36.38716125488281 16.5
      vertex 59.16357421875 -36.1319580078125 16
    endloop
  endfacet
  facet normal -0.8439032319032258 -0.5364844957571046 -0.0034235939501741064
    outer loop
      vertex 56.9906005859375 37.52604675292969 16
      vertex 57.753875732421875 36.37261962890625 8.600000381469727
      vertex 59.08453369140625 34.23223876953125 16
    endloop
  endfacet
  facet normal -0.5968484155555792 -0.37942729587683405 0.7069702228470364
    outer loop
      vertex 56.9906005859375 37.52604675292969 16
      vertex 59.08453369140625 34.23223876953125 16
      vertex 57.40478515625 37.80615234375 16.5
    endloop
  endfacet
  facet normal -0.16448397856938352 -0.7986041674858511 0.5789442153335824
    outer loop
      vertex 57.06414794921875 36.514678955078125 3
      vertex 57.337371826171875 36.09593200683594 2.5
      vertex 57.753875732421875 36.37261962890625 3
    endloop
  endfacet
  facet normal -0.20172995416650327 -0.9794411802614695 0
    outer loop
      vertex 57.06414794921875 36.514678955078125 3
      vertex 57.753875732421875 36.37261962890625 3
      vertex 57.06414794921875 36.514678955078125 8.600000381469727
    endloop
  endfacet
  facet normal -0.20172995416650327 -0.9794411802614695 0
    outer loop
      vertex 57.06414794921875 36.514678955078125 8.600000381469727
      vertex 57.753875732421875 36.37261962890625 3
      vertex 57.753875732421875 36.37261962890625 8.600000381469727
    endloop
  endfacet
  facet normal -0.20222513068881426 0.979339061060005 0
    outer loop
      vertex 57.064361572265625 -38.54736328125 3
      vertex 57.064361572265625 -38.54736328125 8.600000381469727
      vertex 57.7540283203125 -38.40495300292969 8.600000381469727
    endloop
  endfacet
  facet normal -0.16488662283718286 0.7985155447332039 0.5789519206538514
    outer loop
      vertex 57.064361572265625 -38.54736328125 3
      vertex 57.7540283203125 -38.40495300292969 3
      vertex 57.337371826171875 -38.12847137451172 2.5
    endloop
  endfacet
  facet normal -0.20222513068881426 0.979339061060005 0
    outer loop
      vertex 57.064361572265625 -38.54736328125 3
      vertex 57.7540283203125 -38.40495300292969 8.600000381469727
      vertex 57.7540283203125 -38.40495300292969 3
    endloop
  endfacet
  facet normal -0.6129379669401693 0.35388123556518963 0.7064524894131994
    outer loop
      vertex 57.337371826171875 -38.12847137451172 2.5
      vertex 57.7540283203125 -38.40495300292969 3
      vertex 60.808807373046875 -32.11579132080078 2.5
    endloop
  endfacet
  facet normal -0.6006339813488362 -0.37340942581204095 0.7069683310897086
    outer loop
      vertex 57.337371826171875 36.09593200683594 2.5
      vertex 59.08453369140625 34.23223876953125 3
      vertex 57.753875732421875 36.37261962890625 3
    endloop
  endfacet
  facet normal -0.564771083748889 -0.3260719676515929 0.7580967582524833
    outer loop
      vertex 57.337371826171875 36.09593200683594 2.5
      vertex 60.808807373046875 30.083251953125 2.5
      vertex 59.08453369140625 34.23223876953125 3
    endloop
  endfacet
  facet normal -0.6622283469949887 -0.3999006311206706 0.6336663961940654
    outer loop
      vertex 57.40478515625 37.80615234375 16.5
      vertex 59.08453369140625 34.23223876953125 16
      vertex 61.084136962890625 31.713211059570312 16.5
    endloop
  endfacet
  facet normal 0 0 1
    outer loop
      vertex 57.40478515625 37.80615234375 16.5
      vertex 61.084136962890625 31.713211059570312 16.5
      vertex 63.5428466796875 30.2078857421875 16.5
    endloop
  endfacet
  facet normal 0 0 1
    outer loop
      vertex 57.40478515625 37.80615234375 16.5
      vertex 63.5428466796875 30.2078857421875 16.5
      vertex 60.06028747558594 36.472412109375 16.5
    endloop
  endfacet
  facet normal 0.5866389493540288 -0.39486936471826556 -0.7070593524646955
    outer loop
      vertex 57.699676513671875 -41.176429748535156 0
      vertex 58.92437744140625 -39.35694885253906 0
      vertex 58.52043151855469 -41.74768829345703 1
    endloop
  endfacet
  facet normal 0.6004710404228165 0.3742764145772534 -0.7066482117041946
    outer loop
      vertex 57.699676513671875 39.143890380859375 0
      vertex 58.52043151855469 39.71514892578125 1
      vertex 62.340911865234375 33.58575439453125 1
    endloop
  endfacet
  facet normal 0.6004700654646925 0.37427534994791783 -0.7066496040487049
    outer loop
      vertex 57.699676513671875 39.143890380859375 0
      vertex 62.340911865234375 33.58575439453125 1
      vertex 61.46656799316406 33.1004638671875 0
    endloop
  endfacet
  facet normal -0.8492584718829652 -0.5279773176330691 0
    outer loop
      vertex 57.753875732421875 36.37261962890625 3
      vertex 59.08453369140625 34.23223876953125 3
      vertex 57.753875732421875 36.37261962890625 8.600000381469727
    endloop
  endfacet
  facet normal -0.8492584718829653 -0.5279773176330691 0
    outer loop
      vertex 57.753875732421875 36.37261962890625 8.600000381469727
      vertex 59.08453369140625 34.23223876953125 3
      vertex 59.08453369140625 34.23223876953125 16
    endloop
  endfacet
  facet normal -0.8603902019807989 0.5096358507164113 0
    outer loop
      vertex 57.7540283203125 -38.40495300292969 3
      vertex 57.7540283203125 -38.40495300292969 8.600000381469727
      vertex 60.541900634765625 -33.698341369628906 16
    endloop
  endfacet
  facet normal -0.563519679892938 0.33379021610951165 0.7556650461698797
    outer loop
      vertex 57.7540283203125 -38.40495300292969 3
      vertex 60.541900634765625 -33.698341369628906 3
      vertex 60.808807373046875 -32.11579132080078 2.5
    endloop
  endfacet
  facet normal -0.8603902019807987 0.5096358507164112 0
    outer loop
      vertex 57.7540283203125 -38.40495300292969 3
      vertex 60.541900634765625 -33.698341369628906 16
      vertex 60.541900634765625 -33.698341369628906 3
    endloop
  endfacet
  facet normal -0.8700432482566773 0.49276602293584004 0.014366377517136692
    outer loop
      vertex 57.7540283203125 -38.40495300292969 8.600000381469727
      vertex 59.16357421875 -36.1319580078125 16
      vertex 60.541900634765625 -33.698341369628906 16
    endloop
  endfacet
  facet normal 0.6239804299073038 -0.38893041136821505 -0.6777769236302215
    outer loop
      vertex 58.52043151855469 -41.74768829345703 1
      vertex 58.92437744140625 -39.35694885253906 0
      vertex 62.340911865234375 -35.61830139160156 1
    endloop
  endfacet
  facet normal 0.8353384690001533 -0.5497359749993446 0
    outer loop
      vertex 58.52043151855469 -41.74768829345703 1
      vertex 60.55841064453125 -38.65092468261719 16
      vertex 58.52043151855469 -41.74768829345703 16
    endloop
  endfacet
  facet normal 0.8486282233963233 -0.5289546085175164 -0.0060959481035467835
    outer loop
      vertex 58.52043151855469 -41.74768829345703 1
      vertex 62.340911865234375 -35.61830139160156 1
      vertex 60.55841064453125 -38.65092468261719 16
    endloop
  endfacet
  facet normal 0.5907843386663569 -0.38879498129641754 0.7069740643795029
    outer loop
      vertex 58.52043151855469 -41.74768829345703 16
      vertex 60.55841064453125 -38.65092468261719 16
      vertex 60.133758544921875 -38.38700866699219 16.5
    endloop
  endfacet
  facet normal 0.834797273878976 0.5505574552435286 0
    outer loop
      vertex 58.52043151855469 39.71514892578125 1
      vertex 58.52043151855469 39.71514892578125 16
      vertex 60.48445129394531 36.737152099609375 16
    endloop
  endfacet
  facet normal 0.8486284981725917 0.528954121385215 -0.006099963846354259
    outer loop
      vertex 58.52043151855469 39.71514892578125 1
      vertex 60.48445129394531 36.737152099609375 16
      vertex 62.340911865234375 33.58575439453125 1
    endloop
  endfacet
  facet normal 0.5903820943027512 0.38936311081891484 0.70699741913257
    outer loop
      vertex 58.52043151855469 39.71514892578125 16
      vertex 60.06028747558594 36.472412109375 16.5
      vertex 60.48445129394531 36.737152099609375 16
    endloop
  endfacet
  facet normal 0.6060301720358786 -0.3647398745472256 -0.7068891387604125
    outer loop
      vertex 58.92437744140625 -39.35694885253906 0
      vertex 61.46656799316406 -35.13299560546875 0
      vertex 62.340911865234375 -35.61830139160156 1
    endloop
  endfacet
  facet normal -0.6190275342368048 -0.34243646413806966 0.7067829793404182
    outer loop
      vertex 59.08453369140625 34.23223876953125 3
      vertex 60.808807373046875 30.083251953125 2.5
      vertex 61.256561279296875 30.305831909179688 3
    endloop
  endfacet
  facet normal -0.8750366166974103 -0.4840567316325118 0
    outer loop
      vertex 59.08453369140625 34.23223876953125 3
      vertex 61.256561279296875 30.305831909179688 3
      vertex 59.08453369140625 34.23223876953125 16
    endloop
  endfacet
  facet normal -0.6155023430394825 -0.3482493665346699 0.7070213889417408
    outer loop
      vertex 59.08453369140625 34.23223876953125 16
      vertex 60.643402099609375 31.477066040039062 16
      vertex 61.084136962890625 31.713211059570312 16.5
    endloop
  endfacet
  facet normal -0.8750366166974102 -0.4840567316325117 0
    outer loop
      vertex 59.08453369140625 34.23223876953125 16
      vertex 61.256561279296875 30.305831909179688 3
      vertex 61.256561279296875 30.305831909179688 8.600000381469727
    endloop
  endfacet
  facet normal -0.8703319057943887 -0.49243116341535276 0.0058243500675566025
    outer loop
      vertex 59.08453369140625 34.23223876953125 16
      vertex 61.256561279296875 30.305831909179688 8.600000381469727
      vertex 60.643402099609375 31.477066040039062 16
    endloop
  endfacet
  facet normal -0.6153429693965438 0.3485115347755796 0.707030932946087
    outer loop
      vertex 59.16357421875 -36.1319580078125 16
      vertex 59.593536376953125 -36.38716125488281 16.5
      vertex 60.541900634765625 -33.698341369628906 16
    endloop
  endfacet
  facet normal 0 0 1
    outer loop
      vertex 59.593536376953125 -36.38716125488281 16.5
      vertex 60.133758544921875 -38.38700866699219 16.5
      vertex 62.907318115234375 -30.087921142578125 16.5
    endloop
  endfacet
  facet normal -0.6826609756445102 0.3591210105023886 0.6364008894932726
    outer loop
      vertex 59.593536376953125 -36.38716125488281 16.5
      vertex 62.907318115234375 -30.087921142578125 16.5
      vertex 60.541900634765625 -33.698341369628906 16
    endloop
  endfacet
  facet normal 0.6093501973099233 0.3589628226200156 0.7069922411278845
    outer loop
      vertex 60.06028747558594 36.472412109375 16.5
      vertex 62.340911865234375 33.58575439453125 16
      vertex 60.48445129394531 36.737152099609375 16
    endloop
  endfacet
  facet normal 0.5646649430536601 0.313907066456785 0.7632927719523501
    outer loop
      vertex 60.06028747558594 36.472412109375 16.5
      vertex 63.5428466796875 30.2078857421875 16.5
      vertex 62.340911865234375 33.58575439453125 16
    endloop
  endfacet
  facet normal 0.6097064483247884 -0.3583704219476373 0.7069856346095335
    outer loop
      vertex 60.133758544921875 -38.38700866699219 16.5
      vertex 60.55841064453125 -38.65092468261719 16
      vertex 62.340911865234375 -35.61830139160156 16
    endloop
  endfacet
  facet normal 0.5653045810019861 -0.3128098869810393 0.763269746095755
    outer loop
      vertex 60.133758544921875 -38.38700866699219 16.5
      vertex 62.340911865234375 -35.61830139160156 16
      vertex 63.60398864746094 -32.11566925048828 16.5
    endloop
  endfacet
  facet normal 0 0 1
    outer loop
      vertex 60.133758544921875 -38.38700866699219 16.5
      vertex 63.60398864746094 -32.11566925048828 16.5
      vertex 62.907318115234375 -30.087921142578125 16.5
    endloop
  endfacet
  facet normal 0.8616117684638039 0.5075678875231139 0
    outer loop
      vertex 60.48445129394531 36.737152099609375 16
      vertex 62.340911865234375 33.58575439453125 16
      vertex 62.340911865234375 33.58575439453125 1
    endloop
  endfacet
  facet normal -0.8852191834185804 0.46517415803948287 0
    outer loop
      vertex 60.541900634765625 -33.698341369628906 3
      vertex 60.541900634765625 -33.698341369628906 16
      vertex 61.25666809082031 -32.33815002441406 8.600000381469727
    endloop
  endfacet
  facet normal -0.6260130811792377 0.3289638469363768 0.7070292848258105
    outer loop
      vertex 60.541900634765625 -33.698341369628906 3
      vertex 61.25666809082031 -32.33815002441406 3
      vertex 60.808807373046875 -32.11579132080078 2.5
    endloop
  endfacet
  facet normal -0.8852191834185803 0.4651741580394828 0
    outer loop
      vertex 60.541900634765625 -33.698341369628906 3
      vertex 61.25666809082031 -32.33815002441406 8.600000381469727
      vertex 61.25666809082031 -32.33815002441406 3
    endloop
  endfacet
  facet normal -0.894284864552544 0.4474790935512948 -0.0041281795927234554
    outer loop
      vertex 60.541900634765625 -33.698341369628906 16
      vertex 62.45343017578125 -29.878158569335938 16
      vertex 61.25666809082031 -32.33815002441406 8.600000381469727
    endloop
  endfacet
  facet normal -0.6325033749189349 0.3164897988276644 0.7069467362921918
    outer loop
      vertex 60.541900634765625 -33.698341369628906 16
      vertex 62.907318115234375 -30.087921142578125 16.5
      vertex 62.45343017578125 -29.878158569335938 16
    endloop
  endfacet
  facet normal 0.8621074511910375 -0.5067255101145915 0
    outer loop
      vertex 60.55841064453125 -38.65092468261719 16
      vertex 62.340911865234375 -35.61830139160156 1
      vertex 62.340911865234375 -35.61830139160156 16
    endloop
  endfacet
  facet normal -0.8988475635415798 -0.4382315313361829 -0.005116879723985219
    outer loop
      vertex 60.643402099609375 31.477066040039062 16
      vertex 61.256561279296875 30.305831909179688 8.600000381469727
      vertex 62.40397644042969 27.952392578125 8.600000381469727
    endloop
  endfacet
  facet normal -0.8946060460440074 -0.4468557064439339 0
    outer loop
      vertex 60.643402099609375 31.477066040039062 16
      vertex 62.40397644042969 27.952392578125 8.600000381469727
      vertex 62.40397644042969 27.952392578125 16
    endloop
  endfacet
  facet normal -0.6327042137932414 -0.31603574520300604 0.7069701447743441
    outer loop
      vertex 60.643402099609375 31.477066040039062 16
      vertex 62.40397644042969 27.952392578125 16
      vertex 61.084136962890625 31.713211059570312 16.5
    endloop
  endfacet
  facet normal -0.773860137443187 -0.25685209648521845 0.5789365148335003
    outer loop
      vertex 60.808807373046875 -32.11579132080078 2.5
      vertex 61.25666809082031 -32.33815002441406 3
      vertex 61.03483581542969 -31.6697998046875 3
    endloop
  endfacet
  facet normal -0.7739847889767398 0.25646373257821303 0.5789420526310749
    outer loop
      vertex 60.808807373046875 30.083251953125 2.5
      vertex 61.035064697265625 29.637374877929688 3
      vertex 61.256561279296875 30.305831909179688 3
    endloop
  endfacet
  facet normal -0.9490877141267904 -0.3150119218277044 0
    outer loop
      vertex 61.03483581542969 -31.6697998046875 3
      vertex 61.25666809082031 -32.33815002441406 3
      vertex 61.03483581542969 -31.6697998046875 8.600000381469727
    endloop
  endfacet
  facet normal -0.9490877141267904 -0.3150119218277044 0
    outer loop
      vertex 61.03483581542969 -31.6697998046875 8.600000381469727
      vertex 61.25666809082031 -32.33815002441406 3
      vertex 61.25666809082031 -32.33815002441406 8.600000381469727
    endloop
  endfacet
  facet normal 0 0 1
    outer loop
      vertex 61.03483581542969 -31.6697998046875 8.600000381469727
      vertex 61.25666809082031 -32.33815002441406 8.600000381469727
      vertex 62.11346435546875 -29.424468994140625 8.600000381469727
    endloop
  endfacet
  facet normal -0.9492451684920138 0.31453713627260027 0
    outer loop
      vertex 61.035064697265625 29.637374877929688 3
      vertex 61.035064697265625 29.637374877929688 8.600000381469727
      vertex 61.256561279296875 30.305831909179688 8.600000381469727
    endloop
  endfacet
  facet normal -0.9492451684920138 0.31453713627260027 0
    outer loop
      vertex 61.035064697265625 29.637374877929688 3
      vertex 61.256561279296875 30.305831909179688 8.600000381469727
      vertex 61.256561279296875 30.305831909179688 3
    endloop
  endfacet
  facet normal 0 0 1
    outer loop
      vertex 61.035064697265625 29.637374877929688 8.600000381469727
      vertex 62.110687255859375 27.394195556640625 8.600000381469727
      vertex 62.40397644042969 27.952392578125 8.600000381469727
    endloop
  endfacet
  facet normal 0 0 1
    outer loop
      vertex 61.035064697265625 29.637374877929688 8.600000381469727
      vertex 62.40397644042969 27.952392578125 8.600000381469727
      vertex 61.256561279296875 30.305831909179688 8.600000381469727
    endloop
  endfacet
  facet normal -0.6996110763677433 -0.3297963977616082 0.633860140604404
    outer loop
      vertex 61.084136962890625 31.713211059570312 16.5
      vertex 62.40397644042969 27.952392578125 16
      vertex 64.11911010742188 25.274993896484375 16.5
    endloop
  endfacet
  facet normal 0 0 1
    outer loop
      vertex 61.084136962890625 31.713211059570312 16.5
      vertex 64.11911010742188 25.274993896484375 16.5
      vertex 66.3741455078125 23.623367309570312 16.5
    endloop
  endfacet
  facet normal 0 0 1
    outer loop
      vertex 61.084136962890625 31.713211059570312 16.5
      vertex 66.3741455078125 23.623367309570312 16.5
      vertex 63.5428466796875 30.2078857421875 16.5
    endloop
  endfacet
  facet normal -0.9016583904817334 0.432444092751985 0.0020624058288233106
    outer loop
      vertex 61.25666809082031 -32.33815002441406 8.600000381469727
      vertex 62.45343017578125 -29.878158569335938 16
      vertex 62.77162170410156 -29.179428100585938 8.600000381469727
    endloop
  endfacet
  facet normal 0 0 1
    outer loop
      vertex 61.25666809082031 -32.33815002441406 8.600000381469727
      vertex 62.77162170410156 -29.179428100585938 8.600000381469727
      vertex 62.11346435546875 -29.424468994140625 8.600000381469727
    endloop
  endfacet
  facet normal 0.6352519472099669 -0.3116047969881307 -0.7066522582288485
    outer loop
      vertex 61.46656799316406 -35.13299560546875 0
      vertex 64.60272216796875 -28.739486694335938 0
      vertex 62.340911865234375 -35.61830139160156 1
    endloop
  endfacet
  facet normal 0.6352531546937792 0.3116076185446953 -0.7066499285477253
    outer loop
      vertex 61.46656799316406 33.1004638671875 0
      vertex 62.340911865234375 33.58575439453125 1
      vertex 65.52169799804688 27.101303100585938 1
    endloop
  endfacet
  facet normal 0.6352475925202374 0.31160266091878835 -0.7066571148057401
    outer loop
      vertex 61.46656799316406 33.1004638671875 0
      vertex 65.52169799804688 27.101303100585938 1
      vertex 64.60272216796875 26.706954956054688 0
    endloop
  endfacet
  facet normal -0.28730689156774786 -0.7641425717454553 0.5775299819956708
    outer loop
      vertex 62.110687255859375 27.394195556640625 3
      vertex 62.316986083984375 26.938735961914062 2.5
      vertex 62.77227783203125 27.14544677734375 3
    endloop
  endfacet
  facet normal -0.3519324280565752 -0.9360254088870683 0
    outer loop
      vertex 62.110687255859375 27.394195556640625 3
      vertex 62.77227783203125 27.14544677734375 3
      vertex 62.110687255859375 27.394195556640625 8.600000381469727
    endloop
  endfacet
  facet normal -0.3519324280565752 -0.9360254088870683 0
    outer loop
      vertex 62.110687255859375 27.394195556640625 8.600000381469727
      vertex 62.77227783203125 27.14544677734375 3
      vertex 62.77227783203125 27.14544677734375 8.600000381469727
    endloop
  endfacet
  facet normal 0 0 1
    outer loop
      vertex 62.110687255859375 27.394195556640625 8.600000381469727
      vertex 62.77227783203125 27.14544677734375 8.600000381469727
      vertex 62.40397644042969 27.952392578125 8.600000381469727
    endloop
  endfacet
  facet normal -0.3489152324235652 0.9371542885687552 0
    outer loop
      vertex 62.11346435546875 -29.424468994140625 3
      vertex 62.11346435546875 -29.424468994140625 8.600000381469727
      vertex 62.77162170410156 -29.179428100585938 8.600000381469727
    endloop
  endfacet
  facet normal -0.28422977657212506 0.7634150914057831 0.5800093381348785
    outer loop
      vertex 62.11346435546875 -29.424468994140625 3
      vertex 62.77162170410156 -29.179428100585938 3
      vertex 62.31831359863281 -28.96832275390625 2.5
    endloop
  endfacet
  facet normal -0.3489152324235652 0.9371542885687552 0
    outer loop
      vertex 62.11346435546875 -29.424468994140625 3
      vertex 62.77162170410156 -29.179428100585938 8.600000381469727
      vertex 62.77162170410156 -29.179428100585938 3
    endloop
  endfacet
  facet normal -0.6578326627819183 -0.2603179221883387 0.7067466074660684
    outer loop
      vertex 62.316986083984375 26.938735961914062 2.5
      vertex 64.57174682617188 21.240875244140625 2.5
      vertex 65.04444885253906 21.40380859375 3
    endloop
  endfacet
  facet normal -0.6578820491841519 -0.2603473920282629 0.7066897797657349
    outer loop
      vertex 62.316986083984375 26.938735961914062 2.5
      vertex 65.04444885253906 21.40380859375 3
      vertex 62.77227783203125 27.14544677734375 3
    endloop
  endfacet
  facet normal -0.6495256070006977 0.2797761196805331 0.7069949142015657
    outer loop
      vertex 62.31831359863281 -28.96832275390625 2.5
      vertex 62.77162170410156 -29.179428100585938 3
      vertex 63.588958740234375 -27.281906127929688 3
    endloop
  endfacet
  facet normal -0.6186798012017491 0.24481463697868444 0.7465260190415061
    outer loop
      vertex 62.31831359863281 -28.96832275390625 2.5
      vertex 63.588958740234375 -27.281906127929688 3
      vertex 64.57122802734375 -23.27490234375 2.5
    endloop
  endfacet
  facet normal 0.8866537605080691 -0.4624338968727311 0
    outer loop
      vertex 62.340911865234375 -35.61830139160156 1
      vertex 64.05316162109375 -32.335296630859375 16
      vertex 62.340911865234375 -35.61830139160156 16
    endloop
  endfacet
  facet normal 0.6352458269013024 -0.31160365745581203 -0.7066582625743801
    outer loop
      vertex 62.340911865234375 -35.61830139160156 1
      vertex 64.60272216796875 -28.739486694335938 0
      vertex 65.52169799804688 -29.13384246826172 1
    endloop
  endfacet
  facet normal 0.8977874631287578 -0.4403867688411608 -0.006096300392161527
    outer loop
      vertex 62.340911865234375 -35.61830139160156 1
      vertex 65.52169799804688 -29.13384246826172 1
      vertex 64.05316162109375 -32.335296630859375 16
    endloop
  endfacet
  facet normal 0.6270692087638814 -0.32704768279719354 0.706982334006463
    outer loop
      vertex 62.340911865234375 -35.61830139160156 16
      vertex 64.05316162109375 -32.335296630859375 16
      vertex 63.60398864746094 -32.11566925048828 16.5
    endloop
  endfacet
  facet normal 0.8861985884861305 0.4633055814094946 0
    outer loop
      vertex 62.340911865234375 33.58575439453125 1
      vertex 62.340911865234375 33.58575439453125 16
      vertex 63.9915771484375 30.42840576171875 16
    endloop
  endfacet
  facet normal 0.8977872415184163 0.4403871782804772 -0.006099358401675312
    outer loop
      vertex 62.340911865234375 33.58575439453125 1
      vertex 63.9915771484375 30.42840576171875 16
      vertex 65.52169799804688 27.101303100585938 1
    endloop
  endfacet
  facet normal 0.6267420245272856 0.3276614088986695 0.7069882854828488
    outer loop
      vertex 62.340911865234375 33.58575439453125 16
      vertex 63.5428466796875 30.2078857421875 16.5
      vertex 63.9915771484375 30.42840576171875 16
    endloop
  endfacet
  facet normal -0.909703401039824 -0.4152014028987639 -0.006893269723114584
    outer loop
      vertex 62.40397644042969 27.952392578125 8.600000381469727
      vertex 62.77227783203125 27.14544677734375 8.600000381469727
      vertex 63.65647888183594 25.085311889648438 16
    endloop
  endfacet
  facet normal -0.9163737879464727 -0.40032371996252347 0
    outer loop
      vertex 62.40397644042969 27.952392578125 8.600000381469727
      vertex 63.65647888183594 25.085311889648438 16
      vertex 62.40397644042969 27.952392578125 16
    endloop
  endfacet
  facet normal -0.6480536080492902 -0.2831063421082718 0.7070200281126208
    outer loop
      vertex 62.40397644042969 27.952392578125 16
      vertex 63.65647888183594 25.085311889648438 16
      vertex 64.11911010742188 25.274993896484375 16.5
    endloop
  endfacet
  facet normal -0.6479107830258162 0.2833781452101417 0.7070420383938522
    outer loop
      vertex 62.45343017578125 -29.878158569335938 16
      vertex 62.907318115234375 -30.087921142578125 16.5
      vertex 63.588958740234375 -27.281906127929688 16
    endloop
  endfacet
  facet normal -0.9161992243901933 0.4007200430253039 -0.0015583146687107648
    outer loop
      vertex 62.45343017578125 -29.878158569335938 16
      vertex 63.588958740234375 -27.281906127929688 16
      vertex 62.77162170410156 -29.179428100585938 8.600000381469727
    endloop
  endfacet
  facet normal -0.9184226475524654 0.3956006072577745 0
    outer loop
      vertex 62.77162170410156 -29.179428100585938 3
      vertex 62.77162170410156 -29.179428100585938 8.600000381469727
      vertex 63.588958740234375 -27.281906127929688 3
    endloop
  endfacet
  facet normal -0.9184226475524654 0.3956006072577745 0
    outer loop
      vertex 62.77162170410156 -29.179428100585938 8.600000381469727
      vertex 63.588958740234375 -27.281906127929688 16
      vertex 63.588958740234375 -27.281906127929688 3
    endloop
  endfacet
  facet normal -0.9298376772131663 -0.367969934082064 -0.00014712737657366913
    outer loop
      vertex 62.77227783203125 27.14544677734375 3
      vertex 65.04444885253906 21.40380859375 3
      vertex 65.05824279785156 21.363754272460938 16
    endloop
  endfacet
  facet normal -0.9299508452999629 -0.3676838660124815 0
    outer loop
      vertex 62.77227783203125 27.14544677734375 3
      vertex 65.05824279785156 21.363754272460938 16
      vertex 62.77227783203125 27.14544677734375 8.600000381469727
    endloop
  endfacet
  facet normal -0.9357296520101588 -0.35245243961182326 0.013685618751860015
    outer loop
      vertex 62.77227783203125 27.14544677734375 8.600000381469727
      vertex 65.05824279785156 21.363754272460938 16
      vertex 63.65647888183594 25.085311889648438 16
    endloop
  endfacet
  facet normal 0 0 1
    outer loop
      vertex 62.907318115234375 -30.087921142578125 16.5
      vertex 63.60398864746094 -32.11566925048828 16.5
      vertex 65.55746459960938 -23.48199462890625 16.5
    endloop
  endfacet
  facet normal -0.7161644744168257 0.28730879161037753 0.6360519663098735
    outer loop
      vertex 62.907318115234375 -30.087921142578125 16.5
      vertex 65.55746459960938 -23.48199462890625 16.5
      vertex 63.588958740234375 -27.281906127929688 16
    endloop
  endfacet
  facet normal 0.6425389995330121 0.29550104700943103 0.7069814462172582
    outer loop
      vertex 63.5428466796875 30.2078857421875 16.5
      vertex 65.52169799804688 27.101303100585938 16
      vertex 63.9915771484375 30.42840576171875 16
    endloop
  endfacet
  facet normal 0.5935053432545894 0.255203322769761 0.7632972367141947
    outer loop
      vertex 63.5428466796875 30.2078857421875 16.5
      vertex 66.3741455078125 23.623367309570312 16.5
      vertex 65.52169799804688 27.101303100585938 16
    endloop
  endfacet
  facet normal -0.9352484255764713 0.35399206552793216 0
    outer loop
      vertex 63.588958740234375 -27.281906127929688 3
      vertex 63.588958740234375 -27.281906127929688 16
      vertex 65.04393005371094 -23.4378662109375 3
    endloop
  endfacet
  facet normal -0.6614648581379038 0.2503648282134761 0.706952398851747
    outer loop
      vertex 63.588958740234375 -27.281906127929688 3
      vertex 65.04393005371094 -23.4378662109375 3
      vertex 64.57122802734375 -23.27490234375 2.5
    endloop
  endfacet
  facet normal -0.9355691146375444 0.35314352532842064 -0.00028680121403863094
    outer loop
      vertex 63.588958740234375 -27.281906127929688 16
      vertex 65.08447265625 -23.319900512695312 16
      vertex 65.04393005371094 -23.4378662109375 3
    endloop
  endfacet
  facet normal -0.6617066374327266 0.24977033873840393 0.7069364213732215
    outer loop
      vertex 63.588958740234375 -27.281906127929688 16
      vertex 65.55746459960938 -23.48199462890625 16.5
      vertex 65.08447265625 -23.319900512695312 16
    endloop
  endfacet
  facet normal 0.6428172249207267 -0.29486615474831135 0.7069936110950089
    outer loop
      vertex 63.60398864746094 -32.11566925048828 16.5
      vertex 64.05316162109375 -32.335296630859375 16
      vertex 65.52169799804688 -29.13384246826172 16
    endloop
  endfacet
  facet normal 0.5940245961131871 -0.254048012729461 0.7632787082323051
    outer loop
      vertex 63.60398864746094 -32.11566925048828 16.5
      vertex 65.52169799804688 -29.13384246826172 16
      vertex 66.42237854003906 -25.525604248046875 16.5
    endloop
  endfacet
  facet normal 0 0 1
    outer loop
      vertex 63.60398864746094 -32.11566925048828 16.5
      vertex 66.42237854003906 -25.525604248046875 16.5
      vertex 65.55746459960938 -23.48199462890625 16.5
    endloop
  endfacet
  facet normal -0.6618561384869528 -0.2492950930652508 0.706964220113527
    outer loop
      vertex 63.65647888183594 25.085311889648438 16
      vertex 65.05824279785156 21.363754272460938 16
      vertex 64.11911010742188 25.274993896484375 16.5
    endloop
  endfacet
  facet normal 0.9085263593591952 0.4178275413965988 0
    outer loop
      vertex 63.9915771484375 30.42840576171875 16
      vertex 65.52169799804688 27.101303100585938 16
      vertex 65.52169799804688 27.101303100585938 1
    endloop
  endfacet
  facet normal 0.9089353887987528 -0.4169369964266305 0
    outer loop
      vertex 64.05316162109375 -32.335296630859375 16
      vertex 65.52169799804688 -29.13384246826172 1
      vertex 65.52169799804688 -29.13384246826172 16
    endloop
  endfacet
  facet normal -0.729591655428035 -0.2562398304314076 0.634064007518376
    outer loop
      vertex 64.11911010742188 25.274993896484375 16.5
      vertex 65.05824279785156 21.363754272460938 16
      vertex 66.47767639160156 18.5594482421875 16.5
    endloop
  endfacet
  facet normal 0 0 1
    outer loop
      vertex 64.11911010742188 25.274993896484375 16.5
      vertex 66.47767639160156 18.5594482421875 16.5
      vertex 68.52523803710938 16.786331176757812 16.5
    endloop
  endfacet
  facet normal 0 0 1
    outer loop
      vertex 64.11911010742188 25.274993896484375 16.5
      vertex 68.52523803710938 16.786331176757812 16.5
      vertex 66.3741455078125 23.623367309570312 16.5
    endloop
  endfacet
  facet normal -0.6734393090988041 0.2158563706763585 0.7070258299376025
    outer loop
      vertex 64.57122802734375 -23.27490234375 2.5
      vertex 65.04393005371094 -23.4378662109375 3
      vertex 65.95819091796875 -20.58551025390625 3
    endloop
  endfacet
  facet normal -0.6290163341087635 0.18396990371807595 0.7553102183542432
    outer loop
      vertex 64.57122802734375 -23.27490234375 2.5
      vertex 65.95819091796875 -20.58551025390625 3
      vertex 66.388916015625 -17.05999755859375 2.5
    endloop
  endfacet
  facet normal -0.6685753196972414 -0.23024460533573568 0.7071028663536324
    outer loop
      vertex 64.57174682617188 21.240875244140625 2.5
      vertex 65.05824279785156 21.363754272460938 3
      vertex 65.04444885253906 21.40380859375 3
    endloop
  endfacet
  facet normal -0.6777111848702543 -0.19819321704337664 0.7081151026632273
    outer loop
      vertex 64.57174682617188 21.240875244140625 2.5
      vertex 66.3892822265625 15.025909423828125 2.5
      vertex 65.05824279785156 21.363754272460938 3
    endloop
  endfacet
  facet normal 0.6635106468767252 -0.24573828280415272 -0.7066585581776363
    outer loop
      vertex 64.60272216796875 -28.739486694335938 0
      vertex 67.07598876953125 -22.061492919921875 0
      vertex 65.52169799804688 -29.13384246826172 1
    endloop
  endfacet
  facet normal 0.6635123037849104 0.2457366609529033 -0.7066575664278695
    outer loop
      vertex 64.60272216796875 26.706954956054688 0
      vertex 65.52169799804688 27.101303100585938 1
      vertex 68.03012084960938 20.328323364257812 1
    endloop
  endfacet
  facet normal 0.6635186252282502 0.24574123767219078 -0.7066500393282042
    outer loop
      vertex 64.60272216796875 26.706954956054688 0
      vertex 68.03012084960938 20.328323364257812 1
      vertex 67.07598876953125 20.028961181640625 0
    endloop
  endfacet
  facet normal -0.9522779787560695 0.30523206114056134 0.00020007033700467243
    outer loop
      vertex 65.04393005371094 -23.4378662109375 3
      vertex 65.08447265625 -23.319900512695312 16
      vertex 65.95819091796875 -20.58551025390625 3
    endloop
  endfacet
  facet normal -0.9455030499203935 -0.32561324081068027 0
    outer loop
      vertex 65.04444885253906 21.40380859375 3
      vertex 65.05824279785156 21.363754272460938 3
      vertex 65.05824279785156 21.363754272460938 16
    endloop
  endfacet
  facet normal -0.952684238643959 -0.3039617433812685 0
    outer loop
      vertex 65.05824279785156 21.363754272460938 3
      vertex 65.998046875 18.418197631835938 16
      vertex 65.05824279785156 21.363754272460938 16
    endloop
  endfacet
  facet normal -0.679109234225846 -0.19837699293361238 0.7067228711905414
    outer loop
      vertex 65.05824279785156 21.363754272460938 3
      vertex 66.3892822265625 15.025909423828125 2.5
      vertex 66.87530517578125 15.143356323242188 3
    endloop
  endfacet
  facet normal -0.9598681392893151 -0.280390466641293 0.005860153065059959
    outer loop
      vertex 65.05824279785156 21.363754272460938 3
      vertex 66.87530517578125 15.143356323242188 3
      vertex 65.998046875 18.418197631835938 16
    endloop
  endfacet
  facet normal -0.6737368886552811 -0.21496129666995142 0.7070150251579344
    outer loop
      vertex 65.05824279785156 21.363754272460938 16
      vertex 65.998046875 18.418197631835938 16
      vertex 66.47767639160156 18.5594482421875 16.5
    endloop
  endfacet
  facet normal -0.6736336997737347 0.2152458169822939 0.7070267864803813
    outer loop
      vertex 65.08447265625 -23.319900512695312 16
      vertex 65.55746459960938 -23.48199462890625 16.5
      vertex 65.95819091796875 -20.58551025390625 16
    endloop
  endfacet
  facet normal -0.9525541644112286 0.30436912435860825 0
    outer loop
      vertex 65.08447265625 -23.319900512695312 16
      vertex 65.95819091796875 -20.58551025390625 16
      vertex 65.95819091796875 -20.58551025390625 3
    endloop
  endfacet
  facet normal 0.9288782210743651 -0.37038527294389423 0
    outer loop
      vertex 65.52169799804688 -29.13384246826172 1
      vertex 66.89144897460938 -25.698684692382812 16
      vertex 65.52169799804688 -29.13384246826172 16
    endloop
  endfacet
  facet normal 0.663519387514405 -0.24573900765254159 -0.7066500990663293
    outer loop
      vertex 65.52169799804688 -29.13384246826172 1
      vertex 67.07598876953125 -22.061492919921875 0
      vertex 68.03012084960938 -22.360855102539062 1
    endloop
  endfacet
  facet normal 0.937735437688646 -0.3472968239277361 -0.006096309751858414
    outer loop
      vertex 65.52169799804688 -29.13384246826172 1
      vertex 68.03012084960938 -22.360855102539062 1
      vertex 66.89144897460938 -25.698684692382812 16
    endloop
  endfacet
  facet normal 0.6569371129855384 -0.2619501958165112 0.7069764667186011
    outer loop
      vertex 65.52169799804688 -29.13384246826172 16
      vertex 66.89144897460938 -25.698684692382812 16
      vertex 66.42237854003906 -25.525604248046875 16.5
    endloop
  endfacet
  facet normal 0.9285127667635122 0.37130047395225274 0
    outer loop
      vertex 65.52169799804688 27.101303100585938 1
      vertex 65.52169799804688 27.101303100585938 16
      vertex 66.8428955078125 23.797378540039062 16
    endloop
  endfacet
  facet normal 0.937735293020786 0.3472971615599766 -0.00609932747147856
    outer loop
      vertex 65.52169799804688 27.101303100585938 1
      vertex 66.8428955078125 23.797378540039062 16
      vertex 68.03012084960938 20.328323364257812 1
    endloop
  endfacet
  facet normal 0.6566556317817889 0.26258825514468453 0.7070012655641643
    outer loop
      vertex 65.52169799804688 27.101303100585938 16
      vertex 66.3741455078125 23.623367309570312 16.5
      vertex 66.8428955078125 23.797378540039062 16
    endloop
  endfacet
  facet normal 0 0 1
    outer loop
      vertex 65.55746459960938 -23.48199462890625 16.5
      vertex 66.42237854003906 -25.525604248046875 16.5
      vertex 67.51605224609375 -16.639083862304688 16.5
    endloop
  endfacet
  facet normal -0.7421226386253201 0.2124113965188833 0.6357164366828107
    outer loop
      vertex 65.55746459960938 -23.48199462890625 16.5
      vertex 67.51605224609375 -16.639083862304688 16.5
      vertex 65.95819091796875 -20.58551025390625 16
    endloop
  endfacet
  facet normal -0.9656732174973757 0.25975996036392196 0
    outer loop
      vertex 65.95819091796875 -20.58551025390625 3
      vertex 65.95819091796875 -20.58551025390625 16
      vertex 66.87493896484375 -17.177444458007812 3
    endloop
  endfacet
  facet normal -0.6829383250693871 0.18370607058024713 0.7069988145558557
    outer loop
      vertex 65.95819091796875 -20.58551025390625 3
      vertex 66.87493896484375 -17.177444458007812 3
      vertex 66.388916015625 -17.05999755859375 2.5
    endloop
  endfacet
  facet normal -0.966924370281632 0.2550598335140316 -0.0013204102634464948
    outer loop
      vertex 65.95819091796875 -20.58551025390625 16
      vertex 67.0289306640625 -16.5263671875 16
      vertex 66.87493896484375 -17.177444458007812 3
    endloop
  endfacet
  facet normal -0.6838837193700367 0.18039804659662512 0.7069367745171606
    outer loop
      vertex 65.95819091796875 -20.58551025390625 16
      vertex 67.51605224609375 -16.639083862304688 16.5
      vertex 67.0289306640625 -16.5263671875 16
    endloop
  endfacet
  facet normal -0.9671053709182276 -0.25437335532670274 -0.0011822186568202027
    outer loop
      vertex 65.998046875 18.418197631835938 16
      vertex 66.87530517578125 15.143356323242188 3
      vertex 67.01901245117188 14.536575317382812 16
    endloop
  endfacet
  facet normal -0.6839956393359115 -0.1799082820122406 0.7069533049875798
    outer loop
      vertex 65.998046875 18.418197631835938 16
      vertex 67.01901245117188 14.536575317382812 16
      vertex 66.47767639160156 18.5594482421875 16.5
    endloop
  endfacet
  facet normal 0.6691190746287211 0.22899466333797647 0.7069944187408629
    outer loop
      vertex 66.3741455078125 23.623367309570312 16.5
      vertex 68.03012084960938 20.328323364257812 16
      vertex 66.8428955078125 23.797378540039062 16
    endloop
  endfacet
  facet normal 0.6162745955019077 0.19389449647888268 0.7632892945496882
    outer loop
      vertex 66.3741455078125 23.623367309570312 16.5
      vertex 68.52523803710938 16.786331176757812 16.5
      vertex 68.03012084960938 20.328323364257812 16
    endloop
  endfacet
  facet normal -0.6915145313368862 0.14820366935665696 0.7069959867914029
    outer loop
      vertex 66.388916015625 -17.05999755859375 2.5
      vertex 66.87493896484375 -17.177444458007812 3
      vertex 67.6243896484375 -13.680526733398438 3
    endloop
  endfacet
  facet normal -0.6437195629523923 0.12359665217761288 0.7552145336544228
    outer loop
      vertex 66.388916015625 -17.05999755859375 2.5
      vertex 67.6243896484375 -13.680526733398438 3
      vertex 67.60989379882812 -10.70086669921875 2.5
    endloop
  endfacet
  facet normal -0.6880679440042974 -0.16295890702188986 0.7071116595389516
    outer loop
      vertex 66.3892822265625 15.025909423828125 2.5
      vertex 67.01901245117188 14.536575317382812 3
      vertex 66.87530517578125 15.143356323242188 3
    endloop
  endfacet
  facet normal -0.6948152065421449 -0.13339188886518027 0.7067095816124017
    outer loop
      vertex 66.3892822265625 15.025909423828125 2.5
      vertex 67.61012268066406 8.666763305664062 2.5
      vertex 68.10507202148438 8.737655639648438 3
    endloop
  endfacet
  facet normal -0.6752417485017889 -0.12646368702962157 0.7266742853184781
    outer loop
      vertex 66.3892822265625 15.025909423828125 2.5
      vertex 68.10507202148438 8.737655639648438 3
      vertex 67.01901245117188 14.536575317382812 3
    endloop
  endfacet
  facet normal 0.6693493343788897 -0.22834277217935828 0.7069873032523166
    outer loop
      vertex 66.42237854003906 -25.525604248046875 16.5
      vertex 66.89144897460938 -25.698684692382812 16
      vertex 68.03012084960938 -22.360855102539062 16
    endloop
  endfacet
  facet normal 0.6166735522258325 -0.19269019740363688 0.7632720470511944
    outer loop
      vertex 66.42237854003906 -25.525604248046875 16.5
      vertex 68.03012084960938 -22.360855102539062 16
      vertex 68.56004333496094 -18.684356689453125 16.5
    endloop
  endfacet
  facet normal 0 0 1
    outer loop
      vertex 66.42237854003906 -25.525604248046875 16.5
      vertex 68.56004333496094 -18.684356689453125 16.5
      vertex 67.51605224609375 -16.639083862304688 16.5
    endloop
  endfacet
  facet normal -0.7518389626155542 -0.18000746232530543 0.634299209995071
    outer loop
      vertex 66.47767639160156 18.5594482421875 16.5
      vertex 67.01901245117188 14.536575317382812 16
      vertex 68.13497924804688 11.637374877929688 16.5
    endloop
  endfacet
  facet normal 0 0 1
    outer loop
      vertex 66.47767639160156 18.5594482421875 16.5
      vertex 68.13497924804688 11.637374877929688 16.5
      vertex 69.97402954101562 9.766845703125 16.5
    endloop
  endfacet
  facet normal 0 0 1
    outer loop
      vertex 66.47767639160156 18.5594482421875 16.5
      vertex 69.97402954101562 9.766845703125 16.5
      vertex 68.52523803710938 16.786331176757812 16.5
    endloop
  endfacet
  facet normal 0.9461269502441416 0.32379591415229375 0
    outer loop
      vertex 66.8428955078125 23.797378540039062 16
      vertex 68.03012084960938 20.328323364257812 16
      vertex 68.03012084960938 20.328323364257812 1
    endloop
  endfacet
  facet normal -0.977795467059654 0.20955868536614958 0.0010871914293468668
    outer loop
      vertex 66.87493896484375 -17.177444458007812 3
      vertex 67.0289306640625 -16.5263671875 16
      vertex 67.6243896484375 -13.680526733398438 3
    endloop
  endfacet
  facet normal -0.9730817316134976 -0.2304602863837429 0
    outer loop
      vertex 66.87530517578125 15.143356323242188 3
      vertex 67.01901245117188 14.536575317382812 3
      vertex 67.01901245117188 14.536575317382812 16
    endloop
  endfacet
  facet normal 0.9464430157252075 -0.32287089987326917 0
    outer loop
      vertex 66.89144897460938 -25.698684692382812 16
      vertex 68.03012084960938 -22.360855102539062 1
      vertex 68.03012084960938 -22.360855102539062 16
    endloop
  endfacet
  facet normal -0.9788925676405059 -0.20437549025795076 0
    outer loop
      vertex 67.01901245117188 14.536575317382812 3
      vertex 67.64337158203125 11.546096801757812 16
      vertex 67.01901245117188 14.536575317382812 16
    endloop
  endfacet
  facet normal -0.9828985613896511 -0.18408366533207154 0.00486026501993154
    outer loop
      vertex 67.01901245117188 14.536575317382812 3
      vertex 68.10507202148438 8.737655639648438 3
      vertex 67.64337158203125 11.546096801757812 16
    endloop
  endfacet
  facet normal -0.6922604221228562 -0.1445317574517462 0.7070262223214883
    outer loop
      vertex 67.01901245117188 14.536575317382812 16
      vertex 67.64337158203125 11.546096801757812 16
      vertex 68.13497924804688 11.637374877929688 16.5
    endloop
  endfacet
  facet normal -0.6922008113378408 0.14483496132354576 0.7070225390761189
    outer loop
      vertex 67.0289306640625 -16.5263671875 16
      vertex 67.51605224609375 -16.639083862304688 16.5
      vertex 67.6243896484375 -13.680526733398438 16
    endloop
  endfacet
  facet normal -0.9788031781471696 0.20480317001697085 0
    outer loop
      vertex 67.0289306640625 -16.5263671875 16
      vertex 67.6243896484375 -13.680526733398438 16
      vertex 67.6243896484375 -13.680526733398438 3
    endloop
  endfacet
  facet normal 0.6849759485233781 -0.17735197904014433 -0.7066500021050327
    outer loop
      vertex 67.07598876953125 -22.061492919921875 0
      vertex 68.86094665527344 -15.167556762695312 0
      vertex 68.03012084960938 -22.360855102539062 1
    endloop
  endfacet
  facet normal 0.6849756773692783 0.1773529267370696 -0.7066500270928275
    outer loop
      vertex 67.07598876953125 20.028961181640625 0
      vertex 68.03012084960938 20.328323364257812 1
      vertex 69.84048461914062 13.3363037109375 1
    endloop
  endfacet
  facet normal 0.6849725035334537 0.1773510870733794 -0.7066535652758028
    outer loop
      vertex 67.07598876953125 20.028961181640625 0
      vertex 69.84048461914062 13.3363037109375 1
      vertex 68.86094665527344 13.135025024414062 0
    endloop
  endfacet
  facet normal 0 0 1
    outer loop
      vertex 67.51605224609375 -16.639083862304688 16.5
      vertex 68.56004333496094 -18.684356689453125 16.5
      vertex 68.76242065429688 -9.631362915039062 16.5
    endloop
  endfacet
  facet normal -0.7602717589749945 0.135219240201794 0.6353759592432794
    outer loop
      vertex 67.51605224609375 -16.639083862304688 16.5
      vertex 68.76242065429688 -9.631362915039062 16.5
      vertex 67.6243896484375 -13.680526733398438 16
    endloop
  endfacet
  facet normal -0.6977226029894686 0.11524946006605705 0.7070365840832301
    outer loop
      vertex 67.60989379882812 -10.70086669921875 2.5
      vertex 67.6243896484375 -13.680526733398438 3
      vertex 68.1048583984375 -10.771759033203125 3
    endloop
  endfacet
  facet normal -0.7043126857856012 0.0670075356181351 0.7067203342283688
    outer loop
      vertex 67.60989379882812 -10.70086669921875 2.5
      vertex 68.1048583984375 -10.771759033203125 3
      vertex 68.22317504882812 -4.25469970703125 2.5
    endloop
  endfacet
  facet normal -0.7543866266061502 -0.07995849842379231 0.6515423671010239
    outer loop
      vertex 67.61012268066406 8.666763305664062 2.5
      vertex 68.13774108886719 3.6888275146484375 2.5
      vertex 68.72268676757812 2.2442779541015625 3
    endloop
  endfacet
  facet normal -0.7008284172815277 -0.09411787199483182 0.7070935975539826
    outer loop
      vertex 67.61012268066406 8.666763305664062 2.5
      vertex 68.26542663574219 7.543609619140625 3
      vertex 68.10507202148438 8.737655639648438 3
    endloop
  endfacet
  facet normal -0.6659791706315107 -0.0574649300348534 0.7437536730000428
    outer loop
      vertex 67.61012268066406 8.666763305664062 2.5
      vertex 68.72268676757812 2.2442779541015625 3
      vertex 68.26542663574219 7.543609619140625 3
    endloop
  endfacet
  facet normal -0.9866308311557569 0.1629711723370131 0
    outer loop
      vertex 67.6243896484375 -13.680526733398438 3
      vertex 67.6243896484375 -13.680526733398438 16
      vertex 68.1048583984375 -10.771759033203125 3
    endloop
  endfacet
  facet normal -0.9880279483341907 0.15426202394047928 -0.0020003200535670053
    outer loop
      vertex 67.6243896484375 -13.680526733398438 16
      vertex 68.26629638671875 -9.569198608398438 16
      vertex 68.1048583984375 -10.771759033203125 3
    endloop
  endfacet
  facet normal -0.698799708871226 0.10910446167159567 0.7069477939175148
    outer loop
      vertex 67.6243896484375 -13.680526733398438 16
      vertex 68.76242065429688 -9.631362915039062 16.5
      vertex 68.26629638671875 -9.569198608398438 16
    endloop
  endfacet
  facet normal -0.9881354195963299 -0.15357316674996696 -0.0019170272746715051
    outer loop
      vertex 67.64337158203125 11.546096801757812 16
      vertex 68.10507202148438 8.737655639648438 3
      vertex 68.26542663574219 7.543609619140625 16
    endloop
  endfacet
  facet normal -0.6988626801121114 -0.10861522902602845 0.7069608803676057
    outer loop
      vertex 67.64337158203125 11.546096801757812 16
      vertex 68.26542663574219 7.543609619140625 16
      vertex 68.13497924804688 11.637374877929688 16.5
    endloop
  endfacet
  facet normal 0.6849708860877503 -0.1773520732233627 -0.7066548855951802
    outer loop
      vertex 68.03012084960938 -22.360855102539062 1
      vertex 68.86094665527344 -15.167556762695312 0
      vertex 69.84048461914062 -15.368850708007812 1
    endloop
  endfacet
  facet normal 0.9615725700715613 -0.27455089234233504 0
    outer loop
      vertex 68.03012084960938 -22.360855102539062 1
      vertex 69.04421997070312 -18.809127807617188 16
      vertex 68.03012084960938 -22.360855102539062 16
    endloop
  endfacet
  facet normal 0.9680588367813598 -0.25064896215658505 -0.006098057014108783
    outer loop
      vertex 68.03012084960938 -22.360855102539062 1
      vertex 69.84048461914062 -15.368850708007812 1
      vertex 69.04421997070312 -18.809127807617188 16
    endloop
  endfacet
  facet normal 0.6800521279357012 -0.19417038752483914 0.7069844155980941
    outer loop
      vertex 68.03012084960938 -22.360855102539062 16
      vertex 69.04421997070312 -18.809127807617188 16
      vertex 68.56004333496094 -18.684356689453125 16.5
    endloop
  endfacet
  facet normal 0.9613024712483735 0.27549511569494295 0
    outer loop
      vertex 68.03012084960938 20.328323364257812 1
      vertex 68.03012084960938 20.328323364257812 16
      vertex 69.00917053222656 16.912063598632812 16
    endloop
  endfacet
  facet normal 0.9680589589783664 0.2506484468006811 -0.006099840828061962
    outer loop
      vertex 68.03012084960938 20.328323364257812 1
      vertex 69.00917053222656 16.912063598632812 16
      vertex 69.84048461914062 13.3363037109375 1
    endloop
  endfacet
  facet normal 0.6798494277946467 0.19483482292748125 0.7069965680978293
    outer loop
      vertex 68.03012084960938 20.328323364257812 16
      vertex 68.52523803710938 16.786331176757812 16.5
      vertex 69.00917053222656 16.912063598632812 16
    endloop
  endfacet
  facet normal -0.9937263588138701 0.11182100895171589 0.0019964357109152745
    outer loop
      vertex 68.1048583984375 -10.771759033203125 3
      vertex 68.26629638671875 -9.569198608398438 16
      vertex 68.56973266601562 -6.640533447265625 3
    endloop
  endfacet
  facet normal -0.6292294035468705 0.07080527364764853 0.773987707225206
    outer loop
      vertex 68.1048583984375 -10.771759033203125 3
      vertex 68.56973266601562 -6.640533447265625 3
      vertex 68.22317504882812 -4.25469970703125 2.5
    endloop
  endfacet
  facet normal -0.9911025743763522 -0.13310028949843566 0
    outer loop
      vertex 68.10507202148438 8.737655639648438 3
      vertex 68.26542663574219 7.543609619140625 3
      vertex 68.26542663574219 7.543609619140625 16
    endloop
  endfacet
  facet normal -0.7661430846411844 -0.10191359444736159 0.6345379367093111
    outer loop
      vertex 68.13497924804688 11.637374877929688 16.5
      vertex 68.26542663574219 7.543609619140625 16
      vertex 69.07351684570312 4.58184814453125 16.5
    endloop
  endfacet
  facet normal 0 0 1
    outer loop
      vertex 68.13497924804688 11.637374877929688 16.5
      vertex 69.07351684570312 4.58184814453125 16.5
      vertex 70.7056884765625 2.6368408203125 16.5
    endloop
  endfacet
  facet normal 0 0 1
    outer loop
      vertex 68.13497924804688 11.637374877929688 16.5
      vertex 70.7056884765625 2.6368408203125 16.5
      vertex 69.97402954101562 9.766845703125 16.5
    endloop
  endfacet
  facet normal -0.7059433410828324 -0.041121274817551685 0.7070735746286855
    outer loop
      vertex 68.13774108886719 3.6888275146484375 2.5
      vertex 68.2232666015625 2.2205810546875 2.5
      vertex 68.72268676757812 2.2442779541015625 3
    endloop
  endfacet
  facet normal -0.7056729918182824 0.04567610254269392 0.7070638742537648
    outer loop
      vertex 68.22317504882812 -4.25469970703125 2.5
      vertex 68.56973266601562 -6.640533447265625 3
      vertex 68.72262573242188 -4.278411865234375 3
    endloop
  endfacet
  facet normal -0.7074950759367088 0.000010003135175510299 0.7067182730234501
    outer loop
      vertex 68.22317504882812 -4.25469970703125 2.5
      vertex 68.72262573242188 -4.278411865234375 3
      vertex 68.2232666015625 2.2205810546875 2.5
    endloop
  endfacet
  facet normal -0.650471794358099 0.008450950468088591 0.7594833942758333
    outer loop
      vertex 68.2232666015625 2.2205810546875 2.5
      vertex 68.72262573242188 -4.278411865234375 3
      vertex 68.7841796875 0.45941162109375 3
    endloop
  endfacet
  facet normal -0.7067299268987576 -0.02434853859781311 0.7070643245800396
    outer loop
      vertex 68.2232666015625 2.2205810546875 2.5
      vertex 68.7841796875 0.45941162109375 3
      vertex 68.72268676757812 2.2442779541015625 3
    endloop
  endfacet
  facet normal -0.9947204480710613 -0.10262178223606812 0
    outer loop
      vertex 68.26542663574219 7.543609619140625 3
      vertex 68.57514953613281 4.54144287109375 16
      vertex 68.26542663574219 7.543609619140625 16
    endloop
  endfacet
  facet normal -0.9962904759159371 -0.08596629597080564 0.0038837554319947243
    outer loop
      vertex 68.26542663574219 7.543609619140625 3
      vertex 68.72268676757812 2.2442779541015625 3
      vertex 68.57514953613281 4.54144287109375 16
    endloop
  endfacet
  facet normal -0.703456144813439 -0.07257307663239229 0.7070237625938204
    outer loop
      vertex 68.26542663574219 7.543609619140625 16
      vertex 68.57514953613281 4.54144287109375 16
      vertex 69.07351684570312 4.58184814453125 16.5
    endloop
  endfacet
  facet normal -0.994675410921566 0.10305739618297145 0
    outer loop
      vertex 68.26629638671875 -9.569198608398438 16
      vertex 68.56973266601562 -6.640533447265625 16
      vertex 68.56973266601562 -6.640533447265625 3
    endloop
  endfacet
  facet normal -0.7034197321504815 0.07288066561531614 0.7070283509172837
    outer loop
      vertex 68.26629638671875 -9.569198608398438 16
      vertex 68.76242065429688 -9.631362915039062 16.5
      vertex 68.56973266601562 -6.640533447265625 16
    endloop
  endfacet
  facet normal 0.688853433830343 0.16014877434384472 0.7069889085242496
    outer loop
      vertex 68.52523803710938 16.786331176757812 16.5
      vertex 69.84048461914062 13.3363037109375 16
      vertex 69.00917053222656 16.912063598632812 16
    endloop
  endfacet
  facet normal 0.6327234355540386 0.13059138610606041 0.7632869342361314
    outer loop
      vertex 68.52523803710938 16.786331176757812 16.5
      vertex 69.97402954101562 9.766845703125 16.5
      vertex 69.84048461914062 13.3363037109375 16
    endloop
  endfacet
  facet normal 0.689004323046007 -0.1594725567671396 0.7069947287371139
    outer loop
      vertex 68.56004333496094 -18.684356689453125 16.5
      vertex 69.04421997070312 -18.809127807617188 16
      vertex 69.84048461914062 -15.368850708007812 16
    endloop
  endfacet
  facet normal 0.6329880435921834 -0.12935119576638504 0.7632787202740204
    outer loop
      vertex 68.56004333496094 -18.684356689453125 16.5
      vertex 69.84048461914062 -15.368850708007812 16
      vertex 69.99505615234375 -11.662033081054688 16.5
    endloop
  endfacet
  facet normal 0 0 1
    outer loop
      vertex 68.56004333496094 -18.684356689453125 16.5
      vertex 69.99505615234375 -11.662033081054688 16.5
      vertex 68.76242065429688 -9.631362915039062 16.5
    endloop
  endfacet
  facet normal -0.9979117664507559 0.06459184452492554 0
    outer loop
      vertex 68.56973266601562 -6.640533447265625 3
      vertex 68.56973266601562 -6.640533447265625 16
      vertex 68.72262573242188 -4.278411865234375 3
    endloop
  endfacet
  facet normal -0.7703730014705049 0.05653923869274667 0.6350816900945658
    outer loop
      vertex 68.56973266601562 -6.640533447265625 16
      vertex 68.76242065429688 -9.631362915039062 16.5
      vertex 69.28340148925781 -2.5327606201171875 16.5
    endloop
  endfacet
  facet normal -0.998652835283426 0.051837275956032366 -0.002326241997871156
    outer loop
      vertex 68.56973266601562 -6.640533447265625 16
      vertex 68.78352355957031 -2.521820068359375 16
      vertex 68.72262573242188 -4.278411865234375 3
    endloop
  endfacet
  facet normal -0.7063164235110009 0.03666291033703055 0.7069462079141858
    outer loop
      vertex 68.56973266601562 -6.640533447265625 16
      vertex 69.28340148925781 -2.5327606201171875 16.5
      vertex 68.78352355957031 -2.521820068359375 16
    endloop
  endfacet
  facet normal -0.9986888390619475 -0.051140245238896605 -0.00229740070625869
    outer loop
      vertex 68.57514953613281 4.54144287109375 16
      vertex 68.72268676757812 2.2442779541015625 3
      vertex 68.7841796875 0.45941162109375 16
    endloop
  endfacet
  facet normal -0.7063358143433534 -0.03616961094755382 0.7069522449358333
    outer loop
      vertex 68.57514953613281 4.54144287109375 16
      vertex 68.7841796875 0.45941162109375 16
      vertex 69.07351684570312 4.58184814453125 16.5
    endloop
  endfacet
  facet normal -0.9999113260217569 0.01299088009961986 0.002928673359896843
    outer loop
      vertex 68.72262573242188 -4.278411865234375 3
      vertex 68.78352355957031 -2.521820068359375 16
      vertex 68.7841796875 0.45941162109375 3
    endloop
  endfacet
  facet normal -0.9994070440518873 -0.03443196624459581 0
    outer loop
      vertex 68.72268676757812 2.2442779541015625 3
      vertex 68.7841796875 0.45941162109375 3
      vertex 68.7841796875 0.45941162109375 16
    endloop
  endfacet
  facet normal 0 0 1
    outer loop
      vertex 68.76242065429688 -9.631362915039062 16.5
      vertex 69.99505615234375 -11.662033081054688 16.5
      vertex 69.28340148925781 -2.5327606201171875 16.5
    endloop
  endfacet
  facet normal -0.9999999757810349 0.0002200861865644264 0
    outer loop
      vertex 68.78352355957031 -2.521820068359375 16
      vertex 68.7841796875 0.45941162109375 16
      vertex 68.7841796875 0.45941162109375 3
    endloop
  endfacet
  facet normal -0.7071913918112601 0.0001556430603644432 0.707022143304784
    outer loop
      vertex 68.78352355957031 -2.521820068359375 16
      vertex 69.28340148925781 -2.5327606201171875 16.5
      vertex 68.7841796875 0.45941162109375 16
    endloop
  endfacet
  facet normal -0.7723461478592902 -0.022784611397010993 0.6347931075322121
    outer loop
      vertex 68.7841796875 0.45941162109375 16
      vertex 69.28340148925781 -2.5327606201171875 16.5
      vertex 69.07351684570312 4.58184814453125 16.5
    endloop
  endfacet
  facet normal 0.6993983736740573 -0.10714643968513402 -0.706655188451117
    outer loop
      vertex 68.86094665527344 -15.167556762695312 0
      vertex 69.9393310546875 -8.128402709960938 0
      vertex 69.84048461914062 -15.368850708007812 1
    endloop
  endfacet
  facet normal 0.6993997376075463 0.1071434614350259 -0.7066542900925576
    outer loop
      vertex 68.86094665527344 13.135025024414062 0
      vertex 69.84048461914062 13.3363037109375 1
      vertex 70.93417358398438 6.1970367431640625 1
    endloop
  endfacet
  facet normal 0.6994096486933682 0.10714793473086175 -0.7066438023484888
    outer loop
      vertex 68.86094665527344 13.135025024414062 0
      vertex 70.93417358398438 6.1970367431640625 1
      vertex 69.9393310546875 6.095855712890625 0
    endloop
  endfacet
  facet normal 0.9740235287569626 0.2264468269325815 0
    outer loop
      vertex 69.00917053222656 16.912063598632812 16
      vertex 69.84048461914062 13.3363037109375 16
      vertex 69.84048461914062 13.3363037109375 1
    endloop
  endfacet
  facet normal 0.9742448978629757 -0.2254925253483138 0
    outer loop
      vertex 69.04421997070312 -18.809127807617188 16
      vertex 69.84048461914062 -15.368850708007812 1
      vertex 69.84048461914062 -15.368850708007812 16
    endloop
  endfacet
  facet normal 0 0 1
    outer loop
      vertex 69.07351684570312 4.58184814453125 16.5
      vertex 69.28340148925781 -2.5327606201171875 16.5
      vertex 70.71272277832031 -4.530609130859375 16.5
    endloop
  endfacet
  facet normal 0 0 1
    outer loop
      vertex 69.07351684570312 4.58184814453125 16.5
      vertex 70.71272277832031 -4.530609130859375 16.5
      vertex 70.7056884765625 2.6368408203125 16.5
    endloop
  endfacet
  facet normal 0 0 1
    outer loop
      vertex 69.28340148925781 -2.5327606201171875 16.5
      vertex 69.99505615234375 -11.662033081054688 16.5
      vertex 70.71272277832031 -4.530609130859375 16.5
    endloop
  endfacet
  facet normal 0.699410854543814 -0.10714493547551171 -0.7066430636100804
    outer loop
      vertex 69.84048461914062 -15.368850708007812 1
      vertex 69.9393310546875 -8.128402709960938 0
      vertex 70.93417358398438 -8.229568481445312 1
    endloop
  endfacet
  facet normal 0.9844093436739116 -0.17589270618049674 0
    outer loop
      vertex 69.84048461914062 -15.368850708007812 1
      vertex 70.4893798828125 -11.737213134765625 16
      vertex 69.84048461914062 -15.368850708007812 16
    endloop
  endfacet
  facet normal 0.9884501232690129 -0.15142376471623015 -0.006098957995993159
    outer loop
      vertex 69.84048461914062 -15.368850708007812 1
      vertex 70.93417358398438 -8.229568481445312 1
      vertex 70.4893798828125 -11.737213134765625 16
    endloop
  endfacet
  facet normal 0.6961935409549429 -0.12439476192589967 0.7069939863520885
    outer loop
      vertex 69.84048461914062 -15.368850708007812 16
      vertex 70.4893798828125 -11.737213134765625 16
      vertex 69.99505615234375 -11.662033081054688 16.5
    endloop
  endfacet
  facet normal 0.9842363785497344 0.176857997103054 0
    outer loop
      vertex 69.84048461914062 13.3363037109375 1
      vertex 69.84048461914062 13.3363037109375 16
      vertex 70.46820068359375 9.842987060546875 16
    endloop
  endfacet
  facet normal 0.9884500710655096 0.15142408035772384 -0.006099581822261919
    outer loop
      vertex 69.84048461914062 13.3363037109375 1
      vertex 70.46820068359375 9.842987060546875 16
      vertex 70.93417358398438 6.1970367431640625 1
    endloop
  endfacet
  facet normal 0.6960664126799719 0.12507657131987127 0.7069988687725748
    outer loop
      vertex 69.84048461914062 13.3363037109375 16
      vertex 69.97402954101562 9.766845703125 16.5
      vertex 70.46820068359375 9.842987060546875 16
    endloop
  endfacet
  facet normal 0.7066621726881946 -0.0358363826205712 -0.7066429985305679
    outer loop
      vertex 69.9393310546875 -8.128402709960938 0
      vertex 70.30000305175781 -1.016265869140625 0
      vertex 70.93417358398438 -8.229568481445312 1
    endloop
  endfacet
  facet normal 0.7046659260164774 0.059436219710704 -0.7070454500934444
    outer loop
      vertex 69.9393310546875 6.095855712890625 0
      vertex 70.93417358398438 6.1970367431640625 1
      vertex 70.14244079589844 3.6878204345703125 0
    endloop
  endfacet
  facet normal 0.6426882031491986 0.06595066543898216 0.7632839466810564
    outer loop
      vertex 69.97402954101562 9.766845703125 16.5
      vertex 70.7056884765625 2.6368408203125 16.5
      vertex 70.93417358398438 6.1970367431640625 16
    endloop
  endfacet
  facet normal 0.7015160655500763 0.08965768792199008 0.7069913074229585
    outer loop
      vertex 69.97402954101562 9.766845703125 16.5
      vertex 70.93417358398438 6.1970367431640625 16
      vertex 70.46820068359375 9.842987060546875 16
    endloop
  endfacet
  facet normal 0.7015915262707972 -0.08896667779200938 0.7070037202926629
    outer loop
      vertex 69.99505615234375 -11.662033081054688 16.5
      vertex 70.4893798828125 -11.737213134765625 16
      vertex 70.93417358398438 -8.229568481445312 16
    endloop
  endfacet
  facet normal 0.6428224012834102 -0.0646900516717397 0.763278820368375
    outer loop
      vertex 69.99505615234375 -11.662033081054688 16.5
      vertex 70.93417358398438 -8.229568481445312 16
      vertex 70.71272277832031 -4.530609130859375 16.5
    endloop
  endfacet
  facet normal 0.7520477173029378 0.025189660053359812 -0.658627141807743
    outer loop
      vertex 70.14244079589844 3.6878204345703125 0
      vertex 70.93417358398438 6.1970367431640625 1
      vertex 70.30000305175781 -1.016265869140625 0
    endloop
  endfacet
  facet normal 0.7066525306705245 0.035838551782780954 -0.7066525306705245
    outer loop
      vertex 70.30000305175781 -1.016265869140625 0
      vertex 70.93417358398438 6.1970367431640625 1
      vertex 71.30000305175781 -1.016265869140625 1
    endloop
  endfacet
  facet normal 0.7066525306705245 -0.035838551782780954 -0.7066525306705245
    outer loop
      vertex 70.30000305175781 -1.016265869140625 0
      vertex 71.30000305175781 -1.016265869140625 1
      vertex 70.93417358398438 -8.229568481445312 1
    endloop
  endfacet
  facet normal 0.991931573620695 0.1267744187696075 0
    outer loop
      vertex 70.46820068359375 9.842987060546875 16
      vertex 70.93417358398438 6.1970367431640625 16
      vertex 70.93417358398438 6.1970367431640625 1
    endloop
  endfacet
  facet normal 0.9920556805410479 -0.12579954970602342 0
    outer loop
      vertex 70.4893798828125 -11.737213134765625 16
      vertex 70.93417358398438 -8.229568481445312 1
      vertex 70.93417358398438 -8.229568481445312 16
    endloop
  endfacet
  facet normal 0.6460566372592196 0.0006340549805131082 0.7632892108680635
    outer loop
      vertex 70.7056884765625 2.6368408203125 16.5
      vertex 70.71272277832031 -4.530609130859375 16.5
      vertex 71.30000305175781 -1.016265869140625 16
    endloop
  endfacet
  facet normal 0.7051530603509627 0.054036233583715426 0.7069931024683039
    outer loop
      vertex 70.7056884765625 2.6368408203125 16.5
      vertex 71.20501708984375 2.662628173828125 16
      vertex 70.93417358398438 6.1970367431640625 16
    endloop
  endfacet
  facet normal 0.7069929090289224 0.018253964573641816 0.706985020605222
    outer loop
      vertex 70.7056884765625 2.6368408203125 16.5
      vertex 71.30000305175781 -1.016265869140625 16
      vertex 71.20501708984375 2.662628173828125 16
    endloop
  endfacet
  facet normal 0.705217086528858 -0.05334472926104024 0.706981754168957
    outer loop
      vertex 70.71272277832031 -4.530609130859375 16.5
      vertex 70.93417358398438 -8.229568481445312 16
      vertex 71.21209716796875 -4.555419921875 16
    endloop
  endfacet
  facet normal 0.7070043608721559 -0.017560649313123497 0.7069911295790462
    outer loop
      vertex 70.71272277832031 -4.530609130859375 16.5
      vertex 71.21209716796875 -4.555419921875 16
      vertex 71.30000305175781 -1.016265869140625 16
    endloop
  endfacet
  facet normal 0.9971512881460636 -0.07542750525270009 0
    outer loop
      vertex 70.93417358398438 -8.229568481445312 1
      vertex 71.21209716796875 -4.555419921875 16
      vertex 70.93417358398438 -8.229568481445312 16
    endloop
  endfacet
  facet normal 0.9986978543419199 -0.050649906728874414 -0.006097760343063139
    outer loop
      vertex 70.93417358398438 -8.229568481445312 1
      vertex 71.30000305175781 -1.016265869140625 1
      vertex 71.21209716796875 -4.555419921875 16
    endloop
  endfacet
  facet normal 0.9970767512371054 0.0764064928030299 0
    outer loop
      vertex 70.93417358398438 6.1970367431640625 1
      vertex 70.93417358398438 6.1970367431640625 16
      vertex 71.20501708984375 2.662628173828125 16
    endloop
  endfacet
  facet normal 0.9986978515166882 0.05064990658559011 -0.006098224235122063
    outer loop
      vertex 70.93417358398438 6.1970367431640625 1
      vertex 71.20501708984375 2.662628173828125 16
      vertex 71.30000305175781 -1.016265869140625 1
    endloop
  endfacet
  facet normal 0.9996668519877111 0.02581056057081502 0
    outer loop
      vertex 71.20501708984375 2.662628173828125 16
      vertex 71.30000305175781 -1.016265869140625 16
      vertex 71.30000305175781 -1.016265869140625 1
    endloop
  endfacet
  facet normal 0.99969167689657 -0.024830447916294334 0
    outer loop
      vertex 71.21209716796875 -4.555419921875 16
      vertex 71.30000305175781 -1.016265869140625 1
      vertex 71.30000305175781 -1.016265869140625 16
    endloop
  endfacet
endsolid OpenSCAD_Model
