solid OpenSCAD_Model
  facet normal -0.7919612181689661 0.6105713954291727 0
    outer loop
      vertex -51.61809539794922 -17.503528594970703 0
      vertex -51.61809539794922 -17.503528594970703 7
      vertex -50.84441375732422 -16.5 7
    endloop
  endfacet
  facet normal -0.9655560247040715 -0.26019524045929476 0
    outer loop
      vertex -51.61809539794922 -17.503528594970703 0
      vertex -51.404144287109375 -18.29747772216797 3.5
      vertex -51.61809539794922 -17.503528594970703 7
    endloop
  endfacet
  facet normal -0.9653290662294248 -0.2610359209789635 -0.00020457588074512128
    outer loop
      vertex -51.61809539794922 -17.503528594970703 0
      vertex -51.40221405029297 -18.30447006225586 3.313947916030884
      vertex -51.404144287109375 -18.29747772216797 3.5
    endloop
  endfacet
  facet normal -0.9649027202862548 -0.2626068654967818 -0.0006120278920976486
    outer loop
      vertex -51.61809539794922 -17.503528594970703 0
      vertex -51.38520812988281 -18.366039276123047 2.9208929538726807
      vertex -51.40221405029297 -18.30447006225586 3.313947916030884
    endloop
  endfacet
  facet normal -0.9643926373697551 -0.2644719129682159 -0.0012034275801926027
    outer loop
      vertex -51.61809539794922 -17.503528594970703 0
      vertex -51.349639892578125 -18.493968963623047 2.5320560932159424
      vertex -51.38520812988281 -18.366039276123047 2.9208929538726807
    endloop
  endfacet
  facet normal -0.9638190088881492 -0.26654944123814167 -0.002076892269778785
    outer loop
      vertex -51.61809539794922 -17.503528594970703 0
      vertex -51.2960205078125 -18.685009002685547 2.1672000885009766
      vertex -51.349639892578125 -18.493968963623047 2.5320560932159424
    endloop
  endfacet
  facet normal -0.9634366122780151 -0.2679208685431575 -0.0028813749047370105
    outer loop
      vertex -51.61809539794922 -17.503528594970703 0
      vertex -51.27922821044922 -18.744430541992188 2.0776443481445312
      vertex -51.2960205078125 -18.685009002685547 2.1672000885009766
    endloop
  endfacet
  facet normal -0.963018163839624 -0.2694091348463426 -0.003838512251423027
    outer loop
      vertex -51.61809539794922 -17.503528594970703 0
      vertex -51.223060607910156 -18.94165802001953 1.8287100791931152
      vertex -51.27922821044922 -18.744430541992188 2.0776443481445312
    endloop
  endfacet
  facet normal -0.9625201137600344 -0.27115809431752924 -0.005321512327929173
    outer loop
      vertex -51.61809539794922 -17.503528594970703 0
      vertex -51.1861572265625 -19.070049285888672 1.696056842803955
      vertex -51.223060607910156 -18.94165802001953 1.8287100791931152
    endloop
  endfacet
  facet normal -0.9621016688957833 -0.2726070342755836 -0.006766355844865472
    outer loop
      vertex -51.61809539794922 -17.503528594970703 0
      vertex -51.14642333984375 -19.207237243652344 1.5734448432922363
      vertex -51.1861572265625 -19.070049285888672 1.696056842803955
    endloop
  endfacet
  facet normal -0.9614731348085687 -0.2747426613259275 -0.009267205022585576
    outer loop
      vertex -51.61809539794922 -17.503528594970703 0
      vertex -51.072044372558594 -19.461257934570312 1.3875141143798828
      vertex -51.14642333984375 -19.207237243652344 1.5734448432922363
    endloop
  endfacet
  facet normal -0.9608634732967793 -0.27674755584028576 -0.012335964513452598
    outer loop
      vertex -51.61809539794922 -17.503528594970703 0
      vertex -51.039344787597656 -19.571800231933594 1.3204317092895508
      vertex -51.072044372558594 -19.461257934570312 1.3875141143798828
    endloop
  endfacet
  facet normal -0.9600345754804879 -0.2793757945905635 -0.016816042307590814
    outer loop
      vertex -51.61809539794922 -17.503528594970703 0
      vertex -50.94068908691406 -19.901248931884766 1.161482810974121
      vertex -51.039344787597656 -19.571800231933594 1.3204317092895508
    endloop
  endfacet
  facet normal -0.9591975889829522 -0.281847366489185 -0.022406411859169646
    outer loop
      vertex -51.61809539794922 -17.503528594970703 0
      vertex -50.91802978515625 -19.97610092163086 1.1330127716064453
      vertex -50.94068908691406 -19.901248931884766 1.161482810974121
    endloop
  endfacet
  facet normal 0 0 -1
    outer loop
      vertex -51.61809539794922 -17.503528594970703 0
      vertex -50.84441375732422 -16.5 0
      vertex -50.251243591308594 -22.054370880126953 0
    endloop
  endfacet
  facet normal -0.7919612181689661 0.6105713954291727 0
    outer loop
      vertex -51.61809539794922 -17.503528594970703 0
      vertex -50.84441375732422 -16.5 7
      vertex -50.84441375732422 -16.5 0
    endloop
  endfacet
  facet normal -0.957919814062803 -0.28536973197079185 -0.030882776766400975
    outer loop
      vertex -51.61809539794922 -17.503528594970703 0
      vertex -50.795448303222656 -20.375690460205078 1.023162841796875
      vertex -50.91802978515625 -19.97610092163086 1.1330127716064453
    endloop
  endfacet
  facet normal -0.9563578548252598 -0.289081927631151 -0.042559283723824275
    outer loop
      vertex -51.61809539794922 -17.503528594970703 0
      vertex -50.783119201660156 -20.415409088134766 1.0159001350402832
      vertex -50.795448303222656 -20.375690460205078 1.023162841796875
    endloop
  endfacet
  facet normal -0.9536715323604098 -0.29465449977743235 -0.06073988908665373
    outer loop
      vertex -51.61809539794922 -17.503528594970703 0
      vertex -50.641510009765625 -20.865680694580078 0.976813793182373
      vertex -50.783119201660156 -20.415409088134766 1.0159001350402832
    endloop
  endfacet
  facet normal -0.9572253333181822 -0.28750395953640684 -0.03257505955148956
    outer loop
      vertex -51.61809539794922 -17.503528594970703 0
      vertex -50.251243591308594 -22.054370880126953 0
      vertex -50.641510009765625 -20.865680694580078 0.976813793182373
    endloop
  endfacet
  facet normal -0.7910084594499077 0.6105024058840411 0.03990525640164794
    outer loop
      vertex -51.61809539794922 -17.503528594970703 7
      vertex -51.586944580078125 -17.502578735351562 7.602944850921631
      vertex -50.81720733642578 -16.5 7.522552967071533
    endloop
  endfacet
  facet normal -0.9655560247040715 -0.26019524045929476 0
    outer loop
      vertex -51.61809539794922 -17.503528594970703 7
      vertex -51.404144287109375 -18.29747772216797 3.5
      vertex -51.404144287109375 -18.29747772216797 7
    endloop
  endfacet
  facet normal -0.9643381631448653 -0.25986705465429094 0.05020977004220255
    outer loop
      vertex -51.61809539794922 -17.503528594970703 7
      vertex -51.404144287109375 -18.29747772216797 7
      vertex -51.37324523925781 -18.295978546142578 7.601212024688721
    endloop
  endfacet
  facet normal -0.9643412232058874 -0.25985149407361946 0.05023152648965048
    outer loop
      vertex -51.61809539794922 -17.503528594970703 7
      vertex -51.37324523925781 -18.295978546142578 7.601212024688721
      vertex -51.586944580078125 -17.502578735351562 7.602944850921631
    endloop
  endfacet
  facet normal -0.7912888446641071 0.610053021524374 0.04119800042628598
    outer loop
      vertex -51.61809539794922 -17.503528594970703 7
      vertex -50.81720733642578 -16.5 7.522552967071533
      vertex -50.84441375732422 -16.5 7
    endloop
  endfacet
  facet normal -0.9655557106195788 0.2601964059896299 0
    outer loop
      vertex -51.61809539794922 17.50353240966797 0
      vertex -51.61809539794922 17.50353240966797 7
      vertex -51.404144287109375 18.29747772216797 3.5
    endloop
  endfacet
  facet normal -0.9651598901701991 0.26166058058943886 -0.0003563316528679321
    outer loop
      vertex -51.61809539794922 17.50353240966797 0
      vertex -51.404144287109375 18.29747772216797 3.5
      vertex -51.395477294921875 18.32891082763672 3.106466054916382
    endloop
  endfacet
  facet normal -0.9648740162560203 0.2627122039694963 -0.0006562312602484215
    outer loop
      vertex -51.61809539794922 17.50353240966797 0
      vertex -51.395477294921875 18.32891082763672 3.106466054916382
      vertex -51.389739990234375 18.349700927734375 2.9937570095062256
    endloop
  endfacet
  facet normal -0.9645602312755385 0.2638608545566872 -0.0010048255045302236
    outer loop
      vertex -51.61809539794922 17.50353240966797 0
      vertex -51.389739990234375 18.349700927734375 2.9937570095062256
      vertex -51.369667053222656 18.42205047607422 2.723716974258423
    endloop
  endfacet
  facet normal -0.9642777586645156 0.2648896120866576 -0.0013775171571541779
    outer loop
      vertex -51.61809539794922 17.50353240966797 0
      vertex -51.369667053222656 18.42205047607422 2.723716974258423
      vertex -51.34748077392578 18.501724243164062 2.5139319896698
    endloop
  endfacet
  facet normal -0.9639717525897081 0.26599818677632225 -0.0018506325500184237
    outer loop
      vertex -51.61809539794922 17.50353240966797 0
      vertex -51.34748077392578 18.501724243164062 2.5139319896698
      vertex -51.326988220214844 18.574913024902344 2.3593039512634277
    endloop
  endfacet
  facet normal -0.9635973980135204 0.26734576975034036 -0.0025087722437604535
    outer loop
      vertex -51.61809539794922 17.50353240966797 0
      vertex -51.326988220214844 18.574913024902344 2.3593039512634277
      vertex -51.27842712402344 18.74726104736328 2.0735740661621094
    endloop
  endfacet
  facet normal -0.9632351495551805 0.2686389139217413 -0.0033437386794765316
    outer loop
      vertex -51.61809539794922 17.50353240966797 0
      vertex -51.27842712402344 18.74726104736328 2.0735740661621094
      vertex -51.26677703857422 18.78832244873047 2.016427993774414
    endloop
  endfacet
  facet normal -0.9627749301638727 0.27026751184683245 -0.0044616015142820336
    outer loop
      vertex -51.61809539794922 17.50353240966797 0
      vertex -51.26677703857422 18.78832244873047 2.016427993774414
      vertex -51.19084930419922 19.05377197265625 1.7118430137634277
    endloop
  endfacet
  facet normal -0.962272648198509 0.27201703130400406 -0.0061713215428455615
    outer loop
      vertex -51.61809539794922 17.50353240966797 0
      vertex -51.19084930419922 19.05377197265625 1.7118430137634277
      vertex -51.17009735107422 19.125648498535156 1.6442079544067383
    endloop
  endfacet
  facet normal -0.9616000419740832 0.27431907794895544 -0.008625702793186358
    outer loop
      vertex -51.61809539794922 17.50353240966797 0
      vertex -51.17009735107422 19.125648498535156 1.6442079544067383
      vertex -51.07294464111328 19.45819854736328 1.3894777297973633
    endloop
  endfacet
  facet normal -0.9603829173947228 0.27829593721106327 -0.014697731396951401
    outer loop
      vertex -51.61809539794922 17.50353240966797 0
      vertex -51.07294464111328 19.45819854736328 1.3894777297973633
      vertex -50.96196746826172 19.83068084716797 1.1907892227172852
    endloop
  endfacet
  facet normal -0.9594966060982781 0.28097852768109766 -0.020428653113907545
    outer loop
      vertex -51.61809539794922 17.50353240966797 0
      vertex -50.96196746826172 19.83068084716797 1.1907892227172852
      vertex -50.9400634765625 19.903289794921875 1.1606721878051758
    endloop
  endfacet
  facet normal -0.958504507943945 0.28380911788679797 -0.026860619044495115
    outer loop
      vertex -51.61809539794922 17.50353240966797 0
      vertex -50.9400634765625 19.903289794921875 1.1606721878051758
      vertex -50.835845947265625 20.24494171142578 1.051626205444336
    endloop
  endfacet
  facet normal -0.7919623404602665 -0.6105699397224671 0
    outer loop
      vertex -51.61809539794922 17.50353240966797 0
      vertex -50.84441375732422 16.5 0
      vertex -51.61809539794922 17.50353240966797 7
    endloop
  endfacet
  facet normal -0.9570622088854596 0.2874549648862733 -0.037437567836551354
    outer loop
      vertex -51.61809539794922 17.50353240966797 0
      vertex -50.835845947265625 20.24494171142578 1.051626205444336
      vertex -50.251243591308594 22.05437469482422 0
    endloop
  endfacet
  facet normal 0 0 -1
    outer loop
      vertex -51.61809539794922 17.50353240966797 0
      vertex -50.251243591308594 22.05437469482422 0
      vertex -47.94999694824219 16.5 0
    endloop
  endfacet
  facet normal 0 0 -1
    outer loop
      vertex -51.61809539794922 17.50353240966797 0
      vertex -47.94999694824219 16.5 0
      vertex -50.84441375732422 16.5 0
    endloop
  endfacet
  facet normal -0.9643479318287175 0.25987093569604014 0.05000163155477797
    outer loop
      vertex -51.61809539794922 17.50353240966797 7
      vertex -51.58722686767578 17.502593994140625 7.600217819213867
      vertex -51.404144287109375 18.29747772216797 7
    endloop
  endfacet
  facet normal -0.9655557106195788 0.2601964059896299 0
    outer loop
      vertex -51.61809539794922 17.50353240966797 7
      vertex -51.404144287109375 18.29747772216797 7
      vertex -51.404144287109375 18.29747772216797 3.5
    endloop
  endfacet
  facet normal -0.7919623404602665 -0.6105699397224671 0
    outer loop
      vertex -51.61809539794922 17.50353240966797 7
      vertex -50.84441375732422 16.5 0
      vertex -50.84441375732422 16.5 7
    endloop
  endfacet
  facet normal -0.7913366162826075 -0.610087532474145 0.0397437095651884
    outer loop
      vertex -51.61809539794922 17.50353240966797 7
      vertex -50.84441375732422 16.5 7
      vertex -51.58722686767578 17.502593994140625 7.600217819213867
    endloop
  endfacet
  facet normal -0.954464032318525 0.25837332633074833 0.14913629756382693
    outer loop
      vertex -51.58722686767578 17.502593994140625 7.600217819213867
      vertex -51.49583435058594 17.499794006347656 8.18997573852539
      vertex -51.279685974121094 18.29144287109375 8.201809883117676
    endloop
  endfacet
  facet normal -0.9649544242923311 0.2580903739118358 0.04745859176908319
    outer loop
      vertex -51.58722686767578 17.502593994140625 7.600217819213867
      vertex -51.376564025878906 18.296142578125 7.568037986755371
      vertex -51.404144287109375 18.29747772216797 7
    endloop
  endfacet
  facet normal -0.9609072164656826 0.25905398064889423 0.09771569195444628
    outer loop
      vertex -51.58722686767578 17.502593994140625 7.600217819213867
      vertex -51.372947692871094 18.295974731445312 7.6040449142456055
      vertex -51.376564025878906 18.296142578125 7.568037986755371
    endloop
  endfacet
  facet normal -0.9545406898811266 0.25707806215257684 0.1508739252526383
    outer loop
      vertex -51.58722686767578 17.502593994140625 7.600217819213867
      vertex -51.279685974121094 18.29144287109375 8.201809883117676
      vertex -51.372947692871094 18.295974731445312 7.6040449142456055
    endloop
  endfacet
  facet normal -0.7909244847845118 -0.6105382216478609 0.04100657600217431
    outer loop
      vertex -51.58722686767578 17.502593994140625 7.600217819213867
      vertex -50.84441375732422 16.5 7
      vertex -50.81744384765625 16.5 7.520188808441162
    endloop
  endfacet
  facet normal -0.7830032734894308 -0.6106372623154364 0.11843989014155912
    outer loop
      vertex -51.58722686767578 17.502593994140625 7.600217819213867
      vertex -50.81744384765625 16.5 7.520188808441162
      vertex -51.49583435058594 17.499794006347656 8.18997573852539
    endloop
  endfacet
  facet normal -0.7819217627353606 0.6118925528922332 0.11910441081610636
    outer loop
      vertex -51.586944580078125 -17.502578735351562 7.602944850921631
      vertex -51.49382019042969 -17.49972915649414 8.199667930603027
      vertex -50.73584747314453 -16.5 8.039711952209473
    endloop
  endfacet
  facet normal -0.9545518610245569 -0.25743309350084254 0.1501963614244413
    outer loop
      vertex -51.586944580078125 -17.502578735351562 7.602944850921631
      vertex -51.37324523925781 -18.295978546142578 7.601212024688721
      vertex -51.49382019042969 -17.49972915649414 8.199667930603027
    endloop
  endfacet
  facet normal -0.7823656615795014 0.6105364011729146 0.12308238876498495
    outer loop
      vertex -51.586944580078125 -17.502578735351562 7.602944850921631
      vertex -50.73584747314453 -16.5 8.039711952209473
      vertex -50.81720733642578 -16.5 7.522552967071533
    endloop
  endfacet
  facet normal -0.9391035946843114 0.2537784463717578 0.23169147288612352
    outer loop
      vertex -51.49583435058594 17.499794006347656 8.18997573852539
      vertex -51.397315979003906 17.49677276611328 8.592604637145996
      vertex -51.18383026123047 18.286773681640625 8.592604637145996
    endloop
  endfacet
  facet normal -0.9389415106906178 0.2528765546656945 0.23332871148323878
    outer loop
      vertex -51.49583435058594 17.499794006347656 8.18997573852539
      vertex -51.18383026123047 18.286773681640625 8.592604637145996
      vertex -51.279685974121094 18.29144287109375 8.201809883117676
    endloop
  endfacet
  facet normal -0.7814054767820531 -0.6119716272792004 0.12205002359794799
    outer loop
      vertex -51.49583435058594 17.499794006347656 8.18997573852539
      vertex -50.81744384765625 16.5 7.520188808441162
      vertex -50.73760986328125 16.5 8.031312942504883
    endloop
  endfacet
  facet normal -0.7689989390809783 -0.6123256726057795 0.18356988413192796
    outer loop
      vertex -51.49583435058594 17.499794006347656 8.18997573852539
      vertex -50.73760986328125 16.5 8.031312942504883
      vertex -51.397315979003906 17.49677276611328 8.592604637145996
    endloop
  endfacet
  facet normal -0.7696372009575447 0.6124140458206471 0.18057578847625766
    outer loop
      vertex -51.49382019042969 -17.49972915649414 8.199667930603027
      vertex -51.41246795654297 -17.497230529785156 8.537927627563477
      vertex -50.73584747314453 -16.5 8.039711952209473
    endloop
  endfacet
  facet normal -0.9546823892807834 -0.2571690029366198 0.1498186888399424
    outer loop
      vertex -51.49382019042969 -17.49972915649414 8.199667930603027
      vertex -51.37324523925781 -18.295978546142578 7.601212024688721
      vertex -51.28174591064453 -18.29153823852539 8.191890716552734
    endloop
  endfacet
  facet normal -0.9399631164558635 -0.2539939734782469 0.22793946814738458
    outer loop
      vertex -51.49382019042969 -17.49972915649414 8.199667930603027
      vertex -51.28174591064453 -18.29153823852539 8.191890716552734
      vertex -51.41246795654297 -17.497230529785156 8.537927627563477
    endloop
  endfacet
  facet normal -0.7579705480408008 0.6147260960191434 0.2181569966235124
    outer loop
      vertex -51.41246795654297 -17.497230529785156 8.537927627563477
      vertex -51.34107971191406 -17.495040893554688 8.779790878295898
      vertex -50.602386474609375 -16.5 8.542485237121582
    endloop
  endfacet
  facet normal -0.9399949740698527 -0.25395896755312547 0.22784707925002595
    outer loop
      vertex -51.41246795654297 -17.497230529785156 8.537927627563477
      vertex -51.28174591064453 -18.29153823852539 8.191890716552734
      vertex -51.19895935058594 -18.28750991821289 8.537920951843262
    endloop
  endfacet
  facet normal -0.9278524461251297 -0.2506788467469351 0.2761339421607561
    outer loop
      vertex -51.41246795654297 -17.497230529785156 8.537927627563477
      vertex -51.19895935058594 -18.28750991821289 8.537920951843262
      vertex -51.34107971191406 -17.495040893554688 8.779790878295898
    endloop
  endfacet
  facet normal -0.7606430265499993 0.6169712757011291 0.2019124342891697
    outer loop
      vertex -51.41246795654297 -17.497230529785156 8.537927627563477
      vertex -50.602386474609375 -16.5 8.542485237121582
      vertex -50.73584747314453 -16.5 8.039711952209473
    endloop
  endfacet
  facet normal -0.517088960544897 -0.8555123726194641 0.026787817709044374
    outer loop
      vertex -51.404144287109375 -18.29747772216797 3.5
      vertex -51.40221405029297 -18.30447006225586 3.313947916030884
      vertex -50.82299041748047 -18.648738861083984 3.5
    endloop
  endfacet
  facet normal -0.5172745886580248 -0.8558194902715592 0
    outer loop
      vertex -51.404144287109375 -18.29747772216797 3.5
      vertex -50.82299041748047 -18.648738861083984 3.5
      vertex -51.404144287109375 -18.29747772216797 7
    endloop
  endfacet
  facet normal -0.5172745886580248 -0.8558194902715592 0
    outer loop
      vertex -51.404144287109375 -18.29747772216797 7
      vertex -50.82299041748047 -18.648738861083984 3.5
      vertex -50.24183654785156 -19 7
    endloop
  endfacet
  facet normal -0.5170613987373145 -0.8554667722118018 0.02870734361331904
    outer loop
      vertex -51.404144287109375 -18.29747772216797 7
      vertex -50.24183654785156 -19 7
      vertex -51.37324523925781 -18.295978546142578 7.601212024688721
    endloop
  endfacet
  facet normal -0.5172787031248933 0.8558170033911622 0
    outer loop
      vertex -51.404144287109375 18.29747772216797 3.5
      vertex -51.404144287109375 18.29747772216797 7
      vertex -50.82299041748047 18.64874267578125 3.5
    endloop
  endfacet
  facet normal -0.516441447092104 0.8544317966453127 0.056872986618223216
    outer loop
      vertex -51.404144287109375 18.29747772216797 3.5
      vertex -50.82299041748047 18.64874267578125 3.5
      vertex -51.395477294921875 18.32891082763672 3.106466054916382
    endloop
  endfacet
  facet normal -0.5170843680526591 0.8555047744415287 0.027117102045227735
    outer loop
      vertex -51.404144287109375 18.29747772216797 7
      vertex -51.376564025878906 18.296142578125 7.568037986755371
      vertex -50.24183654785156 19 7
    endloop
  endfacet
  facet normal -0.5172745886577996 0.8558194902711868 9.327692198303079e-7
    outer loop
      vertex -51.404144287109375 18.29747772216797 7
      vertex -50.24183654785156 19 7
      vertex -50.82299041748047 18.64874267578125 3.5
    endloop
  endfacet
  facet normal -0.5123550921113527 -0.851541148747653 0.11122019410653172
    outer loop
      vertex -51.40221405029297 -18.30447006225586 3.313947916030884
      vertex -51.38520812988281 -18.366039276123047 2.9208929538726807
      vertex -50.808937072753906 -18.689407348632812 3.0997650623321533
    endloop
  endfacet
  facet normal -0.5257357434660149 -0.8479495524800458 0.06770143640371756
    outer loop
      vertex -51.40221405029297 -18.30447006225586 3.313947916030884
      vertex -50.808937072753906 -18.689407348632812 3.0997650623321533
      vertex -50.82299041748047 -18.648738861083984 3.5
    endloop
  endfacet
  facet normal -0.9266856567954465 0.25088419882618634 0.27984069087417324
    outer loop
      vertex -51.397315979003906 17.49677276611328 8.592604637145996
      vertex -51.344383239746094 17.495140075683594 8.769353866577148
      vertex -51.12684631347656 18.28398895263672 8.782499313354492
    endloop
  endfacet
  facet normal -0.9262952632418295 0.25031718983681683 0.28163520690415933
    outer loop
      vertex -51.397315979003906 17.49677276611328 8.592604637145996
      vertex -51.12684631347656 18.28398895263672 8.782499313354492
      vertex -51.18383026123047 18.286773681640625 8.592604637145996
    endloop
  endfacet
  facet normal -0.7611817415968615 -0.616737432586888 0.2005923615337894
    outer loop
      vertex -51.397315979003906 17.49677276611328 8.592604637145996
      vertex -50.73760986328125 16.5 8.031312942504883
      vertex -50.60528564453125 16.5 8.533439636230469
    endloop
  endfacet
  facet normal -0.7571250598638157 -0.614729191002695 0.2210648444583301
    outer loop
      vertex -51.397315979003906 17.49677276611328 8.592604637145996
      vertex -50.60528564453125 16.5 8.533439636230469
      vertex -51.344383239746094 17.495140075683594 8.769353866577148
    endloop
  endfacet
  facet normal -0.5221100187335698 0.8501124004954596 0.06862969373295112
    outer loop
      vertex -51.395477294921875 18.32891082763672 3.106466054916382
      vertex -50.82299041748047 18.64874267578125 3.5
      vertex -50.80870056152344 18.690101623535156 3.0964009761810303
    endloop
  endfacet
  facet normal -0.5181687076416509 0.8454075605961429 0.1295656085072746
    outer loop
      vertex -51.395477294921875 18.32891082763672 3.106466054916382
      vertex -50.80870056152344 18.690101623535156 3.0964009761810303
      vertex -51.389739990234375 18.349700927734375 2.9937570095062256
    endloop
  endfacet
  facet normal -0.5208750543223417 0.8334387632507734 0.18457791226395212
    outer loop
      vertex -51.389739990234375 18.349700927734375 2.9937570095062256
      vertex -50.80870056152344 18.690101623535156 3.0964009761810303
      vertex -51.369667053222656 18.42205047607422 2.723716974258423
    endloop
  endfacet
  facet normal -0.518074167451117 -0.825433971867536 0.22418277165477193
    outer loop
      vertex -51.38520812988281 -18.366039276123047 2.9208929538726807
      vertex -51.349639892578125 -18.493968963623047 2.5320560932159424
      vertex -50.76704406738281 -18.809818267822266 2.715456008911133
    endloop
  endfacet
  facet normal -0.5261452212967772 -0.8261769077219029 0.20150167059763952
    outer loop
      vertex -51.38520812988281 -18.366039276123047 2.9208929538726807
      vertex -50.76704406738281 -18.809818267822266 2.715456008911133
      vertex -50.808937072753906 -18.689407348632812 3.0997650623321533
    endloop
  endfacet
  facet normal -0.5149433041061491 0.8554123500904581 0.05570551919658962
    outer loop
      vertex -51.376564025878906 18.296142578125 7.568037986755371
      vertex -51.372947692871094 18.295974731445312 7.6040449142456055
      vertex -50.21656799316406 19 7.4826579093933105
    endloop
  endfacet
  facet normal -0.5171015174775931 0.8554958441955263 0.027071778415059977
    outer loop
      vertex -51.376564025878906 18.296142578125 7.568037986755371
      vertex -50.21656799316406 19 7.4826579093933105
      vertex -50.24183654785156 19 7
    endloop
  endfacet
  facet normal -0.5177541611567089 -0.8551039548621783 0.02697878766687537
    outer loop
      vertex -51.37324523925781 -18.295978546142578 7.601212024688721
      vertex -50.24183654785156 -19 7
      vertex -50.21680450439453 -19 7.480393886566162
    endloop
  endfacet
  facet normal -0.511544482756015 -0.8549755645072202 0.08566811692479995
    outer loop
      vertex -51.37324523925781 -18.295978546142578 7.601212024688721
      vertex -50.21680450439453 -19 7.480393886566162
      vertex -51.28174591064453 -18.29153823852539 8.191890716552734
    endloop
  endfacet
  facet normal -0.513064462775023 0.8539782941928303 0.08652126955194683
    outer loop
      vertex -51.372947692871094 18.295974731445312 7.6040449142456055
      vertex -51.279685974121094 18.29144287109375 8.201809883117676
      vertex -50.14104461669922 19 7.960297107696533
    endloop
  endfacet
  facet normal -0.5121008871099042 0.8551000837689371 0.0809723913417782
    outer loop
      vertex -51.372947692871094 18.295974731445312 7.6040449142456055
      vertex -50.14104461669922 19 7.960297107696533
      vertex -50.21656799316406 19 7.4826579093933105
    endloop
  endfacet
  facet normal -0.5281721323780139 0.8248191583756578 0.20176113242082436
    outer loop
      vertex -51.369667053222656 18.42205047607422 2.723716974258423
      vertex -50.80870056152344 18.690101623535156 3.0964009761810303
      vertex -50.766807556152344 18.810501098632812 2.7138640880584717
    endloop
  endfacet
  facet normal -0.5208844196186965 0.8148435893477473 0.25438031821934187
    outer loop
      vertex -51.369667053222656 18.42205047607422 2.723716974258423
      vertex -50.766807556152344 18.810501098632812 2.7138640880584717
      vertex -51.34748077392578 18.501724243164062 2.5139319896698
    endloop
  endfacet
  facet normal -0.5281864328645578 -0.7816756315854325 0.33166594507626057
    outer loop
      vertex -51.349639892578125 -18.493968963623047 2.5320560932159424
      vertex -51.2960205078125 -18.685009002685547 2.1672000885009766
      vertex -50.76704406738281 -18.809818267822266 2.715456008911133
    endloop
  endfacet
  facet normal -0.5269318647590124 0.7930837224845648 0.30555035433069894
    outer loop
      vertex -51.34748077392578 18.501724243164062 2.5139319896698
      vertex -50.766807556152344 18.810501098632812 2.7138640880584717
      vertex -51.326988220214844 18.574913024902344 2.3593039512634277
    endloop
  endfacet
  facet normal -0.9068662336675111 0.24647526616384038 0.34182389823294573
    outer loop
      vertex -51.344383239746094 17.495140075683594 8.769353866577148
      vertex -51.13361358642578 17.4886474609375 9.333211898803711
      vertex -50.917213439941406 18.273727416992188 9.34123706817627
    endloop
  endfacet
  facet normal -0.9064362125970873 0.24422143627871443 0.3445711574618655
    outer loop
      vertex -51.344383239746094 17.495140075683594 8.769353866577148
      vertex -50.917213439941406 18.273727416992188 9.34123706817627
      vertex -51.12684631347656 18.28398895263672 8.782499313354492
    endloop
  endfacet
  facet normal -0.7412453919154552 -0.6145363036826088 0.2700007415179074
    outer loop
      vertex -51.344383239746094 17.495140075683594 8.769353866577148
      vertex -50.60528564453125 16.5 8.533439636230469
      vertex -51.13361358642578 17.4886474609375 9.333211898803711
    endloop
  endfacet
  facet normal -0.9278063553651549 -0.25070937909822694 0.27626106163592723
    outer loop
      vertex -51.34107971191406 -17.495040893554688 8.779790878295898
      vertex -51.19895935058594 -18.28750991821289 8.537920951843262
      vertex -51.13013458251953 -18.284149169921875 8.772114753723145
    endloop
  endfacet
  facet normal -0.7387729369476479 0.6174362804480604 0.2701610394194746
    outer loop
      vertex -51.34107971191406 -17.495040893554688 8.779790878295898
      vertex -51.131568908691406 -17.48857879638672 9.337943077087402
      vertex -50.419349670410156 -16.5 9.026217460632324
    endloop
  endfacet
  facet normal -0.9065819013124325 -0.24568624515622872 0.3431435926165144
    outer loop
      vertex -51.34107971191406 -17.495040893554688 8.779790878295898
      vertex -51.13013458251953 -18.284149169921875 8.772114753723145
      vertex -51.131568908691406 -17.48857879638672 9.337943077087402
    endloop
  endfacet
  facet normal -0.7379274627263784 0.6144095145479841 0.27922035775910015
    outer loop
      vertex -51.34107971191406 -17.495040893554688 8.779790878295898
      vertex -50.419349670410156 -16.5 9.026217460632324
      vertex -50.602386474609375 -16.5 8.542485237121582
    endloop
  endfacet
  facet normal -0.5347833046620503 0.7790284833854823 0.3272941171619986
    outer loop
      vertex -51.326988220214844 18.574913024902344 2.3593039512634277
      vertex -50.766807556152344 18.810501098632812 2.7138640880584717
      vertex -50.6983642578125 19.004981994628906 2.3627920150756836
    endloop
  endfacet
  facet normal -0.5254892249513166 0.7650794890432318 0.3721752945930346
    outer loop
      vertex -51.326988220214844 18.574913024902344 2.3593039512634277
      vertex -50.6983642578125 19.004981994628906 2.3627920150756836
      vertex -51.27842712402344 18.74726104736328 2.0735740661621094
    endloop
  endfacet
  facet normal -0.5308395574365625 -0.7486308998927611 0.39719156585495247
    outer loop
      vertex -51.2960205078125 -18.685009002685547 2.1672000885009766
      vertex -51.27922821044922 -18.744430541992188 2.0776443481445312
      vertex -50.69915771484375 -19.00273895263672 2.3660359382629395
    endloop
  endfacet
  facet normal -0.5268928413989159 -0.7832246761191503 0.3300652062860141
    outer loop
      vertex -51.2960205078125 -18.685009002685547 2.1672000885009766
      vertex -50.69915771484375 -19.00273895263672 2.3660359382629395
      vertex -50.76704406738281 -18.809818267822266 2.715456008911133
    endloop
  endfacet
  facet normal -0.5141384250822943 -0.853900866431293 0.08071548898312593
    outer loop
      vertex -51.28174591064453 -18.29153823852539 8.191890716552734
      vertex -50.21680450439453 -19 7.480393886566162
      vertex -50.14270782470703 -19 7.952372074127197
    endloop
  endfacet
  facet normal -0.5037172091835611 -0.8539617750829209 0.1304540527141703
    outer loop
      vertex -51.28174591064453 -18.29153823852539 8.191890716552734
      vertex -50.14270782470703 -19 7.952372074127197
      vertex -51.19895935058594 -18.28750991821289 8.537920951843262
    endloop
  endfacet
  facet normal -0.5030243174123303 0.8538860083606429 0.13358600532161768
    outer loop
      vertex -51.279685974121094 18.29144287109375 8.201809883117676
      vertex -51.18383026123047 18.286773681640625 8.592604637145996
      vertex -50.14104461669922 19 7.960297107696533
    endloop
  endfacet
  facet normal -0.5394824980995161 -0.7149632041307399 0.4447316617730421
    outer loop
      vertex -51.27922821044922 -18.744430541992188 2.0776443481445312
      vertex -51.223060607910156 -18.94165802001953 1.8287100791931152
      vertex -50.69915771484375 -19.00273895263672 2.3660359382629395
    endloop
  endfacet
  facet normal -0.5347943613148488 0.7340960221413233 0.4184471548261844
    outer loop
      vertex -51.27842712402344 18.74726104736328 2.0735740661621094
      vertex -50.6983642578125 19.004981994628906 2.3627920150756836
      vertex -51.26677703857422 18.78832244873047 2.016427993774414
    endloop
  endfacet
  facet normal -0.5419768406429366 0.7144447771285102 0.44252656941758206
    outer loop
      vertex -51.26677703857422 18.78832244873047 2.016427993774414
      vertex -50.6983642578125 19.004981994628906 2.3627920150756836
      vertex -50.60649871826172 19.261764526367188 2.0607357025146484
    endloop
  endfacet
  facet normal -0.5332449154255877 0.6991018025867614 0.47634706863032
    outer loop
      vertex -51.26677703857422 18.78832244873047 2.016427993774414
      vertex -50.60649871826172 19.261764526367188 2.0607357025146484
      vertex -51.19084930419922 19.05377197265625 1.7118430137634277
    endloop
  endfacet
  facet normal -0.5397582965476165 -0.6749443081555889 0.5031015426297049
    outer loop
      vertex -51.223060607910156 -18.94165802001953 1.8287100791931152
      vertex -51.1861572265625 -19.070049285888672 1.696056842803955
      vertex -50.606910705566406 -19.260639190673828 2.061819076538086
    endloop
  endfacet
  facet normal -0.5386602204084697 -0.7161652684290499 0.44379327985611244
    outer loop
      vertex -51.223060607910156 -18.94165802001953 1.8287100791931152
      vertex -50.606910705566406 -19.260639190673828 2.061819076538086
      vertex -50.69915771484375 -19.00273895263672 2.3660359382629395
    endloop
  endfacet
  facet normal -0.50249096708074 -0.85428262968734 0.1330564414703231
    outer loop
      vertex -51.19895935058594 -18.28750991821289 8.537920951843262
      vertex -50.14270782470703 -19 7.952372074127197
      vertex -50.01994323730469 -19 8.415995597839355
    endloop
  endfacet
  facet normal -0.4985693746405219 -0.8521898199948106 0.15874850981275765
    outer loop
      vertex -51.19895935058594 -18.28750991821289 8.537920951843262
      vertex -50.01994323730469 -19 8.415995597839355
      vertex -51.13013458251953 -18.284149169921875 8.772114753723145
    endloop
  endfacet
  facet normal -0.5460410556900387 0.6523066908894806 0.5256758949407171
    outer loop
      vertex -51.19084930419922 19.05377197265625 1.7118430137634277
      vertex -50.60649871826172 19.261764526367188 2.0607357025146484
      vertex -51.17009735107422 19.125648498535156 1.6442079544067383
    endloop
  endfacet
  facet normal -0.5445326033740704 -0.641082107022627 0.5408308200519699
    outer loop
      vertex -51.1861572265625 -19.070049285888672 1.696056842803955
      vertex -51.14642333984375 -19.207237243652344 1.5734448432922363
      vertex -50.55296325683594 -19.40924835205078 1.9315099716186523
    endloop
  endfacet
  facet normal -0.5454031814472725 -0.6557481127545463 0.5220438509225487
    outer loop
      vertex -51.1861572265625 -19.070049285888672 1.696056842803955
      vertex -50.55296325683594 -19.40924835205078 1.9315099716186523
      vertex -50.606910705566406 -19.260639190673828 2.061819076538086
    endloop
  endfacet
  facet normal -0.4976468700886306 0.8521491933553401 0.16183122367093772
    outer loop
      vertex -51.18383026123047 18.286773681640625 8.592604637145996
      vertex -51.12684631347656 18.28398895263672 8.782499313354492
      vertex -50.01726531982422 19 8.424294471740723
    endloop
  endfacet
  facet normal -0.5027536044631186 0.8539620153813587 0.13411819222294133
    outer loop
      vertex -51.18383026123047 18.286773681640625 8.592604637145996
      vertex -50.01726531982422 19 8.424294471740723
      vertex -50.14104461669922 19 7.960297107696533
    endloop
  endfacet
  facet normal -0.5448690047610765 0.6553554204448662 0.5230937206124794
    outer loop
      vertex -51.17009735107422 19.125648498535156 1.6442079544067383
      vertex -50.60649871826172 19.261764526367188 2.0607357025146484
      vertex -50.552040100097656 19.41180419921875 1.9294848442077637
    endloop
  endfacet
  facet normal -0.547133409864339 0.6038551108980884 0.5796585519531983
    outer loop
      vertex -51.17009735107422 19.125648498535156 1.6442079544067383
      vertex -50.552040100097656 19.41180419921875 1.9294848442077637
      vertex -51.07294464111328 19.45819854736328 1.3894777297973633
    endloop
  endfacet
  facet normal -0.5487890086245659 -0.5924067825904585 0.5898176226204905
    outer loop
      vertex -51.14642333984375 -19.207237243652344 1.5734448432922363
      vertex -51.072044372558594 -19.461257934570312 1.3875141143798828
      vertex -50.49378967285156 -19.57048797607422 1.8158349990844727
    endloop
  endfacet
  facet normal -0.5510668978954828 -0.6104160098519588 0.5689618343617282
    outer loop
      vertex -51.14642333984375 -19.207237243652344 1.5734448432922363
      vertex -50.49378967285156 -19.57048797607422 1.8158349990844727
      vertex -50.55296325683594 -19.40924835205078 1.9315099716186523
    endloop
  endfacet
  facet normal -0.8810316740217449 0.23923296335515773 0.4081063324854832
    outer loop
      vertex -51.13361358642578 17.4886474609375 9.333211898803711
      vertex -51.025230407714844 17.48529052734375 9.569160461425781
      vertex -50.812538146972656 18.268592834472656 9.56915283203125
    endloop
  endfacet
  facet normal -0.8804674960070996 0.23850437669918087 0.409747057061211
    outer loop
      vertex -51.13361358642578 17.4886474609375 9.333211898803711
      vertex -50.812538146972656 18.268592834472656 9.56915283203125
      vertex -50.917213439941406 18.273727416992188 9.34123706817627
    endloop
  endfacet
  facet normal -0.7359463177587999 -0.6176334922972032 0.27732992368300996
    outer loop
      vertex -51.13361358642578 17.4886474609375 9.333211898803711
      vertex -50.60528564453125 16.5 8.533439636230469
      vertex -50.42113494873047 16.5 9.022117614746094
    endloop
  endfacet
  facet normal -0.717623063820615 -0.6181218733420044 0.32084651777584333
    outer loop
      vertex -51.13361358642578 17.4886474609375 9.333211898803711
      vertex -50.42113494873047 16.5 9.022117614746094
      vertex -51.025230407714844 17.48529052734375 9.569160461425781
    endloop
  endfacet
  facet normal -0.9065535536502108 -0.24572150212725008 0.34319323675810137
    outer loop
      vertex -51.131568908691406 -17.48857879638672 9.337943077087402
      vertex -51.13013458251953 -18.284149169921875 8.772114753723145
      vertex -50.91925811767578 -18.27383041381836 9.336538314819336
    endloop
  endfacet
  facet normal -0.7189291373735931 0.618167910473932 0.31781964995190926
    outer loop
      vertex -51.131568908691406 -17.48857879638672 9.337943077087402
      vertex -51.04987335205078 -17.48605728149414 9.517839431762695
      vertex -50.419349670410156 -16.5 9.026217460632324
    endloop
  endfacet
  facet normal -0.8827661801902013 -0.2393992526858654 0.40424233935332693
    outer loop
      vertex -51.131568908691406 -17.48857879638672 9.337943077087402
      vertex -50.91925811767578 -18.27383041381836 9.336538314819336
      vertex -51.04987335205078 -17.48605728149414 9.517839431762695
    endloop
  endfacet
  facet normal -0.4858478735881596 -0.8515330235855634 0.19708717226925754
    outer loop
      vertex -51.13013458251953 -18.284149169921875 8.772114753723145
      vertex -50.01994323730469 -19 8.415995597839355
      vertex -50.91925811767578 -18.27383041381836 9.336538314819336
    endloop
  endfacet
  facet normal -0.48902813939318307 0.8492469938786467 0.1990754185471508
    outer loop
      vertex -51.12684631347656 18.28398895263672 8.782499313354492
      vertex -50.917213439941406 18.273727416992188 9.34123706817627
      vertex -49.847496032714844 19 8.870747566223145
    endloop
  endfacet
  facet normal -0.4895919560124413 0.8518445825054921 0.1861733704479659
    outer loop
      vertex -51.12684631347656 18.28398895263672 8.782499313354492
      vertex -49.847496032714844 19 8.870747566223145
      vertex -50.01726531982422 19 8.424294471740723
    endloop
  endfacet
  facet normal -0.5427173419455652 0.6112622005694007 0.5760350761078653
    outer loop
      vertex -51.07294464111328 19.45819854736328 1.3894777297973633
      vertex -50.552040100097656 19.41180419921875 1.9294848442077637
      vertex -50.49304962158203 19.572509765625 1.8145298957824707
    endloop
  endfacet
  facet normal -0.5711150124446618 0.5122889463394503 0.6413951028958278
    outer loop
      vertex -51.07294464111328 19.45819854736328 1.3894777297973633
      vertex -50.49304962158203 19.572509765625 1.8145298957824707
      vertex -50.96196746826172 19.83068084716797 1.1907892227172852
    endloop
  endfacet
  facet normal -0.5587257178660605 -0.544766106930782 0.6253442739279982
    outer loop
      vertex -51.072044372558594 -19.461257934570312 1.3875141143798828
      vertex -51.039344787597656 -19.571800231933594 1.3204317092895508
      vertex -50.43043518066406 -19.741119384765625 1.7169718742370605
    endloop
  endfacet
  facet normal -0.5584638412524472 -0.5612620221934133 0.610821643736469
    outer loop
      vertex -51.072044372558594 -19.461257934570312 1.3875141143798828
      vertex -50.43043518066406 -19.741119384765625 1.7169718742370605
      vertex -50.49378967285156 -19.57048797607422 1.8158349990844727
    endloop
  endfacet
  facet normal -0.8823747862958734 -0.2395150576391833 0.4050274974287676
    outer loop
      vertex -51.04987335205078 -17.48605728149414 9.517839431762695
      vertex -50.91925811767578 -18.27383041381836 9.336538314819336
      vertex -50.837135314941406 -18.269798278808594 9.517831802368164
    endloop
  endfacet
  facet normal -0.6998146968349762 0.6218745796091618 0.3514703363439065
    outer loop
      vertex -51.04987335205078 -17.48605728149414 9.517839431762695
      vertex -50.86576843261719 -17.48033905029297 9.87429428100586
      vertex -50.18708801269531 -16.5 9.49105453491211
    endloop
  endfacet
  facet normal -0.8622741505272845 -0.23405938606854074 0.4491096671478668
    outer loop
      vertex -51.04987335205078 -17.48605728149414 9.517839431762695
      vertex -50.837135314941406 -18.269798278808594 9.517831802368164
      vertex -50.86576843261719 -17.48033905029297 9.87429428100586
    endloop
  endfacet
  facet normal -0.7002778230478096 0.6222372219405544 0.34990257240998107
    outer loop
      vertex -51.04987335205078 -17.48605728149414 9.517839431762695
      vertex -50.18708801269531 -16.5 9.49105453491211
      vertex -50.419349670410156 -16.5 9.026217460632324
    endloop
  endfacet
  facet normal -0.5623905206384863 -0.4898216687812065 0.6661768797311766
    outer loop
      vertex -51.039344787597656 -19.571800231933594 1.3204317092895508
      vertex -50.94068908691406 -19.901248931884766 1.161482810974121
      vertex -50.36359405517578 -19.91897964477539 1.6356329917907715
    endloop
  endfacet
  facet normal -0.5646036882413517 -0.5092306352291446 0.649543559254023
    outer loop
      vertex -51.039344787597656 -19.571800231933594 1.3204317092895508
      vertex -50.36359405517578 -19.91897964477539 1.6356329917907715
      vertex -50.43043518066406 -19.741119384765625 1.7169718742370605
    endloop
  endfacet
  facet normal -0.8602636524943523 0.23450609224029287 0.4527177276176222
    outer loop
      vertex -51.025230407714844 17.48529052734375 9.569160461425781
      vertex -50.869224548339844 17.480453491210938 9.868111610412598
      vertex -50.6512451171875 18.260650634765625 9.878181457519531
    endloop
  endfacet
  facet normal -0.8595548164644174 0.23340174545550535 0.4546307762472147
    outer loop
      vertex -51.025230407714844 17.48529052734375 9.569160461425781
      vertex -50.6512451171875 18.260650634765625 9.878181457519531
      vertex -50.812538146972656 18.268592834472656 9.56915283203125
    endloop
  endfacet
  facet normal -0.7001106319305012 -0.6229740380072055 0.3489247068163435
    outer loop
      vertex -51.025230407714844 17.48529052734375 9.569160461425781
      vertex -50.42113494873047 16.5 9.022117614746094
      vertex -50.190093994140625 16.5 9.485696792602539
    endloop
  endfacet
  facet normal -0.6983216436742027 -0.6219174548657571 0.3543523124087932
    outer loop
      vertex -51.025230407714844 17.48529052734375 9.569160461425781
      vertex -50.190093994140625 16.5 9.485696792602539
      vertex -50.869224548339844 17.480453491210938 9.868111610412598
    endloop
  endfacet
  facet normal -0.5315236985021026 0.5631846137585765 0.6326971224497934
    outer loop
      vertex -50.96196746826172 19.83068084716797 1.1907892227172852
      vertex -50.49304962158203 19.572509765625 1.8145298957824707
      vertex -50.4300537109375 19.742164611816406 1.7164368629455566
    endloop
  endfacet
  facet normal -0.586526058223661 0.4548925558800272 0.6701193517796297
    outer loop
      vertex -50.96196746826172 19.83068084716797 1.1907892227172852
      vertex -50.4300537109375 19.742164611816406 1.7164368629455566
      vertex -50.9400634765625 19.903289794921875 1.1606721878051758
    endloop
  endfacet
  facet normal -0.5789597636595727 -0.43706543620028565 0.6883163491755124
    outer loop
      vertex -50.94068908691406 -19.901248931884766 1.161482810974121
      vertex -50.91802978515625 -19.97610092163086 1.1330127716064453
      vertex -50.36359405517578 -19.91897964477539 1.6356329917907715
    endloop
  endfacet
  facet normal -0.5556353379496196 0.5089548257629252 0.6574453259049322
    outer loop
      vertex -50.9400634765625 19.903289794921875 1.1606721878051758
      vertex -50.4300537109375 19.742164611816406 1.7164368629455566
      vertex -50.36298370361328 19.92060089111328 1.6349859237670898
    endloop
  endfacet
  facet normal -0.5882583704396701 0.4031815154055047 0.7009969723493708
    outer loop
      vertex -50.9400634765625 19.903289794921875 1.1606721878051758
      vertex -50.36298370361328 19.92060089111328 1.6349859237670898
      vertex -50.835845947265625 20.24494171142578 1.051626205444336
    endloop
  endfacet
  facet normal -0.494061524991975 -0.8490546789063784 0.18710788799457556
    outer loop
      vertex -50.91925811767578 -18.27383041381836 9.336538314819336
      vertex -50.01994323730469 -19 8.415995597839355
      vertex -49.849143981933594 -19 8.86699390411377
    endloop
  endfacet
  facet normal -0.47376335594219 -0.8491346851853492 0.233492117600513
    outer loop
      vertex -50.91925811767578 -18.27383041381836 9.336538314819336
      vertex -49.849143981933594 -19 8.86699390411377
      vertex -50.837135314941406 -18.269798278808594 9.517831802368164
    endloop
  endfacet
  facet normal -0.5783291264272004 -0.3763872898712719 0.7237872819753816
    outer loop
      vertex -50.91802978515625 -19.97610092163086 1.1330127716064453
      vertex -50.795448303222656 -20.375690460205078 1.023162841796875
      vertex -50.21961975097656 -20.294750213623047 1.5253591537475586
    endloop
  endfacet
  facet normal -0.5830356020037433 -0.42634216243672335 0.6915937010448484
    outer loop
      vertex -50.91802978515625 -19.97610092163086 1.1330127716064453
      vertex -50.21961975097656 -20.294750213623047 1.5253591537475586
      vertex -50.36359405517578 -19.91897964477539 1.6356329917907715
    endloop
  endfacet
  facet normal -0.47258078021291455 0.8490528416212014 0.2361708667645439
    outer loop
      vertex -50.917213439941406 18.273727416992188 9.34123706817627
      vertex -50.812538146972656 18.268592834472656 9.56915283203125
      vertex -49.847496032714844 19 8.870747566223145
    endloop
  endfacet
  facet normal -0.8241495911471334 0.22354274103180968 0.520390328834038
    outer loop
      vertex -50.869224548339844 17.480453491210938 9.868111610412598
      vertex -50.55259704589844 17.470558166503906 10.373809814453125
      vertex -50.6512451171875 18.260650634765625 9.878181457519531
    endloop
  endfacet
  facet normal -0.6690388452947503 -0.622061899072195 0.4067259731187097
    outer loop
      vertex -50.869224548339844 17.480453491210938 9.868111610412598
      vertex -50.190093994140625 16.5 9.485696792602539
      vertex -50.55259704589844 17.470558166503906 10.373809814453125
    endloop
  endfacet
  facet normal -0.861802527588938 -0.23437615838222978 0.4498491078387347
    outer loop
      vertex -50.86576843261719 -17.48033905029297 9.87429428100586
      vertex -50.837135314941406 -18.269798278808594 9.517831802368164
      vertex -50.654815673828125 -18.260818481445312 9.871790885925293
    endloop
  endfacet
  facet normal -0.8231988020254902 -0.2241723223741664 0.5216229502477537
    outer loop
      vertex -50.86576843261719 -17.48033905029297 9.87429428100586
      vertex -50.654815673828125 -18.260818481445312 9.871790885925293
      vertex -50.5458984375 -17.470348358154297 10.383390426635742
    endloop
  endfacet
  facet normal -0.6654782269847374 0.6264491679488398 0.4058326864428947
    outer loop
      vertex -50.86576843261719 -17.48033905029297 9.87429428100586
      vertex -50.5458984375 -17.470348358154297 10.383390426635742
      vertex -49.907569885253906 -16.5 9.932268142700195
    endloop
  endfacet
  facet normal -0.6615618644025455 0.6218358793571951 0.4191133960067276
    outer loop
      vertex -50.86576843261719 -17.48033905029297 9.87429428100586
      vertex -49.907569885253906 -16.5 9.932268142700195
      vertex -50.18708801269531 -16.5 9.49105453491211
    endloop
  endfacet
  facet normal 0 1 0
    outer loop
      vertex -50.84441375732422 -16.5 0
      vertex -50.84441375732422 -16.5 7
      vertex -47.95832824707031 -16.5 11.606240272521973
    endloop
  endfacet
  facet normal 0 1 0
    outer loop
      vertex -50.84441375732422 -16.5 0
      vertex -47.95832824707031 -16.5 11.606240272521973
      vertex -47.94999694824219 -16.5 0
    endloop
  endfacet
  facet normal 0 0 -1
    outer loop
      vertex -50.84441375732422 -16.5 0
      vertex -47.94999694824219 -16.5 0
      vertex -50.251243591308594 -22.054370880126953 0
    endloop
  endfacet
  facet normal 0 1 0
    outer loop
      vertex -50.84441375732422 -16.5 7
      vertex -50.81720733642578 -16.5 7.522552967071533
      vertex -50.73584747314453 -16.5 8.039711952209473
    endloop
  endfacet
  facet normal 0 1 0
    outer loop
      vertex -50.84441375732422 -16.5 7
      vertex -50.73584747314453 -16.5 8.039711952209473
      vertex -50.602386474609375 -16.5 8.542485237121582
    endloop
  endfacet
  facet normal 0 1 0
    outer loop
      vertex -50.84441375732422 -16.5 7
      vertex -50.602386474609375 -16.5 8.542485237121582
      vertex -50.419349670410156 -16.5 9.026217460632324
    endloop
  endfacet
  facet normal 0 1 0
    outer loop
      vertex -50.84441375732422 -16.5 7
      vertex -50.419349670410156 -16.5 9.026217460632324
      vertex -50.18708801269531 -16.5 9.49105453491211
    endloop
  endfacet
  facet normal 0 1 0
    outer loop
      vertex -50.84441375732422 -16.5 7
      vertex -50.18708801269531 -16.5 9.49105453491211
      vertex -49.907569885253906 -16.5 9.932268142700195
    endloop
  endfacet
  facet normal 0 1 0
    outer loop
      vertex -50.84441375732422 -16.5 7
      vertex -49.907569885253906 -16.5 9.932268142700195
      vertex -49.58818817138672 -16.5 10.339599609375
    endloop
  endfacet
  facet normal 0 1 0
    outer loop
      vertex -50.84441375732422 -16.5 7
      vertex -49.58818817138672 -16.5 10.339599609375
      vertex -49.230224609375 -16.5 10.713359832763672
    endloop
  endfacet
  facet normal 0 1 0
    outer loop
      vertex -50.84441375732422 -16.5 7
      vertex -49.230224609375 -16.5 10.713359832763672
      vertex -48.83386993408203 -16.5 11.053170204162598
    endloop
  endfacet
  facet normal 0 1 0
    outer loop
      vertex -50.84441375732422 -16.5 7
      vertex -48.83386993408203 -16.5 11.053170204162598
      vertex -48.40819549560547 -16.5 11.351479530334473
    endloop
  endfacet
  facet normal 0 1 0
    outer loop
      vertex -50.84441375732422 -16.5 7
      vertex -48.40819549560547 -16.5 11.351479530334473
      vertex -47.95832824707031 -16.5 11.606240272521973
    endloop
  endfacet
  facet normal 0 -1 0
    outer loop
      vertex -50.84441375732422 16.5 0
      vertex -47.94999694824219 16.5 0
      vertex -50.84441375732422 16.5 7
    endloop
  endfacet
  facet normal 0 -1 0
    outer loop
      vertex -50.84441375732422 16.5 7
      vertex -50.73760986328125 16.5 8.031312942504883
      vertex -50.81744384765625 16.5 7.520188808441162
    endloop
  endfacet
  facet normal 0 -1 0
    outer loop
      vertex -50.84441375732422 16.5 7
      vertex -50.60528564453125 16.5 8.533439636230469
      vertex -50.73760986328125 16.5 8.031312942504883
    endloop
  endfacet
  facet normal 0 -1 0
    outer loop
      vertex -50.84441375732422 16.5 7
      vertex -50.42113494873047 16.5 9.022117614746094
      vertex -50.60528564453125 16.5 8.533439636230469
    endloop
  endfacet
  facet normal 0 -1 0
    outer loop
      vertex -50.84441375732422 16.5 7
      vertex -50.190093994140625 16.5 9.485696792602539
      vertex -50.42113494873047 16.5 9.022117614746094
    endloop
  endfacet
  facet normal 0 -1 0
    outer loop
      vertex -50.84441375732422 16.5 7
      vertex -49.913414001464844 16.5 9.923973083496094
      vertex -50.190093994140625 16.5 9.485696792602539
    endloop
  endfacet
  facet normal 0 -1 0
    outer loop
      vertex -50.84441375732422 16.5 7
      vertex -49.59169006347656 16.5 10.335559844970703
      vertex -49.913414001464844 16.5 9.923973083496094
    endloop
  endfacet
  facet normal 0 -1 0
    outer loop
      vertex -50.84441375732422 16.5 7
      vertex -49.23307800292969 16.5 10.710659980773926
      vertex -49.59169006347656 16.5 10.335559844970703
    endloop
  endfacet
  facet normal 0 -1 0
    outer loop
      vertex -50.84441375732422 16.5 7
      vertex -48.84040069580078 16.5 11.048089981079102
      vertex -49.23307800292969 16.5 10.710659980773926
    endloop
  endfacet
  facet normal 0 -1 0
    outer loop
      vertex -50.84441375732422 16.5 7
      vertex -48.41382598876953 16.5 11.347920417785645
      vertex -48.84040069580078 16.5 11.048089981079102
    endloop
  endfacet
  facet normal 0 -1 0
    outer loop
      vertex -50.84441375732422 16.5 7
      vertex -47.96118927001953 16.5 11.604789733886719
      vertex -48.41382598876953 16.5 11.347920417785645
    endloop
  endfacet
  facet normal 0 -1 0
    outer loop
      vertex -50.84441375732422 16.5 7
      vertex -47.94999694824219 16.5 0
      vertex -47.96118927001953 16.5 11.604789733886719
    endloop
  endfacet
  facet normal -0.47200265466882496 -0.8493186174622949 0.2363712757877279
    outer loop
      vertex -50.837135314941406 -18.269798278808594 9.517831802368164
      vertex -49.849143981933594 -19 8.86699390411377
      vertex -49.63496398925781 -19 9.294683456420898
    endloop
  endfacet
  facet normal -0.465264249609327 -0.8457845127168286 0.2611086671939991
    outer loop
      vertex -50.837135314941406 -18.269798278808594 9.517831802368164
      vertex -49.63496398925781 -19 9.294683456420898
      vertex -50.654815673828125 -18.260818481445312 9.871790885925293
    endloop
  endfacet
  facet normal -0.9555876873550906 0.29354548273560294 -0.026138503034247022
    outer loop
      vertex -50.835845947265625 20.24494171142578 1.051626205444336
      vertex -50.700660705566406 20.67894744873047 0.9834918975830078
      vertex -50.251243591308594 22.05437469482422 0
    endloop
  endfacet
  facet normal -0.5731882733984929 0.4247251725185323 0.700759395989492
    outer loop
      vertex -50.835845947265625 20.24494171142578 1.051626205444336
      vertex -50.36298370361328 19.92060089111328 1.6349859237670898
      vertex -50.219139099121094 20.295997619628906 1.5251188278198242
    endloop
  endfacet
  facet normal -0.5960926286289486 0.3024376921613736 0.7437775342495446
    outer loop
      vertex -50.835845947265625 20.24494171142578 1.051626205444336
      vertex -50.219139099121094 20.295997619628906 1.5251188278198242
      vertex -50.700660705566406 20.67894744873047 0.9834918975830078
    endloop
  endfacet
  facet normal -0.509642566572309 -0.857595103285541 0.0692466111679979
    outer loop
      vertex -50.82299041748047 -18.648738861083984 3.5
      vertex -50.808937072753906 -18.689407348632812 3.0997650623321533
      vertex -50.23399353027344 -19.01688003540039 3.27561092376709
    endloop
  endfacet
  facet normal -0.5172745886580248 -0.8558194902715592 0
    outer loop
      vertex -50.82299041748047 -18.648738861083984 3.5
      vertex -50.24183654785156 -19 3.5
      vertex -50.24183654785156 -19 7
    endloop
  endfacet
  facet normal -0.5167210344037996 -0.8549036468683142 0.0462506991938948
    outer loop
      vertex -50.82299041748047 -18.648738861083984 3.5
      vertex -50.23399353027344 -19.01688003540039 3.27561092376709
      vertex -50.24183654785156 -19 3.5
    endloop
  endfacet
  facet normal -0.517222865573761 0.8557432089346242 0.013567154821090065
    outer loop
      vertex -50.82299041748047 18.64874267578125 3.5
      vertex -50.24183654785156 19 3.5
      vertex -50.241180419921875 19.001434326171875 3.434544086456299
    endloop
  endfacet
  facet normal -0.517270474155288 0.855821977146628 0
    outer loop
      vertex -50.82299041748047 18.64874267578125 3.5
      vertex -50.24183654785156 19 7
      vertex -50.24183654785156 19 3.5
    endloop
  endfacet
  facet normal -0.5113844849128099 0.8565234954458099 0.06966642189571663
    outer loop
      vertex -50.82299041748047 18.64874267578125 3.5
      vertex -50.241180419921875 19.001434326171875 3.434544086456299
      vertex -50.80870056152344 18.690101623535156 3.0964009761810303
    endloop
  endfacet
  facet normal -0.4638166516642837 0.8457387287325875 0.26381833969745083
    outer loop
      vertex -50.812538146972656 18.268592834472656 9.56915283203125
      vertex -50.6512451171875 18.260650634765625 9.878181457519531
      vertex -49.632080078125 19 9.299788475036621
    endloop
  endfacet
  facet normal -0.4720340323999344 0.8491253174257402 0.23700225223169005
    outer loop
      vertex -50.812538146972656 18.268592834472656 9.56915283203125
      vertex -49.632080078125 19 9.299788475036621
      vertex -49.847496032714844 19 8.870747566223145
    endloop
  endfacet
  facet normal -0.5116841289853226 -0.8342120797416963 0.20559561804076862
    outer loop
      vertex -50.808937072753906 -18.689407348632812 3.0997650623321533
      vertex -50.76704406738281 -18.809818267822266 2.715456008911133
      vertex -50.21061706542969 -19.06705093383789 3.056554079055786
    endloop
  endfacet
  facet normal -0.5167188965865712 -0.8493489989484195 0.10773977861344386
    outer loop
      vertex -50.808937072753906 -18.689407348632812 3.0997650623321533
      vertex -50.22789001464844 -19.029987335205078 3.2015540599823
      vertex -50.23399353027344 -19.01688003540039 3.27561092376709
    endloop
  endfacet
  facet normal -0.5190155148536715 -0.8427039861276128 0.14308349697225822
    outer loop
      vertex -50.808937072753906 -18.689407348632812 3.0997650623321533
      vertex -50.217079162597656 -19.053199768066406 3.1040570735931396
      vertex -50.22789001464844 -19.029987335205078 3.2015540599823
    endloop
  endfacet
  facet normal -0.5165626438173404 -0.8383465256732839 0.17417846567234774
    outer loop
      vertex -50.808937072753906 -18.689407348632812 3.0997650623321533
      vertex -50.21061706542969 -19.06705093383789 3.056554079055786
      vertex -50.217079162597656 -19.053199768066406 3.1040570735931396
    endloop
  endfacet
  facet normal -0.5003462378703939 0.8647276049141168 0.04358682769413282
    outer loop
      vertex -50.80870056152344 18.690101623535156 3.0964009761810303
      vertex -50.241180419921875 19.001434326171875 3.434544086456299
      vertex -50.238739013671875 19.006668090820312 3.358736038208008
    endloop
  endfacet
  facet normal -0.5149545253315703 0.8524670776606615 0.09012057670270784
    outer loop
      vertex -50.80870056152344 18.690101623535156 3.0964009761810303
      vertex -50.238739013671875 19.006668090820312 3.358736038208008
      vertex -50.22826385498047 19.029197692871094 3.2054800987243652
    endloop
  endfacet
  facet normal -0.5190975701216781 0.8427995594464461 0.1422203054793718
    outer loop
      vertex -50.80870056152344 18.690101623535156 3.0964009761810303
      vertex -50.22826385498047 19.029197692871094 3.2054800987243652
      vertex -50.217063903808594 19.05323028564453 3.1039419174194336
    endloop
  endfacet
  facet normal -0.5137991859942278 0.8328454246598623 0.20586134920087024
    outer loop
      vertex -50.80870056152344 18.690101623535156 3.0964009761810303
      vertex -50.217063903808594 19.05323028564453 3.1039419174194336
      vertex -50.766807556152344 18.810501098632812 2.7138640880584717
    endloop
  endfacet
  facet normal -0.5933592722050148 -0.31929622708678884 0.7389010038269517
    outer loop
      vertex -50.795448303222656 -20.375690460205078 1.023162841796875
      vertex -50.783119201660156 -20.415409088134766 1.0159001350402832
      vertex -50.14422607421875 -20.487789154052734 1.4976730346679688
    endloop
  endfacet
  facet normal -0.5917362134862051 -0.336192718022005 0.7326818613818585
    outer loop
      vertex -50.795448303222656 -20.375690460205078 1.023162841796875
      vertex -50.14422607421875 -20.487789154052734 1.4976730346679688
      vertex -50.21961975097656 -20.294750213623047 1.5253591537475586
    endloop
  endfacet
  facet normal -0.5969639931854058 -0.25380840020954043 0.761061946771226
    outer loop
      vertex -50.783119201660156 -20.415409088134766 1.0159001350402832
      vertex -50.641510009765625 -20.865680694580078 0.976813793182373
      vertex -50.06702423095703 -20.682838439941406 1.4884071350097656
    endloop
  endfacet
  facet normal -0.5987584892831149 -0.272766744643702 0.75305150854897
    outer loop
      vertex -50.783119201660156 -20.415409088134766 1.0159001350402832
      vertex -50.06702423095703 -20.682838439941406 1.4884071350097656
      vertex -50.14422607421875 -20.487789154052734 1.4976730346679688
    endloop
  endfacet
  facet normal -0.5174348174148808 -0.7876918690558794 0.33436915101439046
    outer loop
      vertex -50.76704406738281 -18.809818267822266 2.715456008911133
      vertex -50.69915771484375 -19.00273895263672 2.3660359382629395
      vertex -50.116844177246094 -19.265758514404297 2.6475539207458496
    endloop
  endfacet
  facet normal -0.5152803756184745 -0.8296379571402495 0.21491159711527258
    outer loop
      vertex -50.76704406738281 -18.809818267822266 2.715456008911133
      vertex -50.186378479003906 -19.118778228759766 2.914983034133911
      vertex -50.21061706542969 -19.06705093383789 3.056554079055786
    endloop
  endfacet
  facet normal -0.5209983897366397 -0.8146537413075889 0.2547547048935043
    outer loop
      vertex -50.76704406738281 -18.809818267822266 2.715456008911133
      vertex -50.17509460449219 -19.142799377441406 2.8612449169158936
      vertex -50.186378479003906 -19.118778228759766 2.914983034133911
    endloop
  endfacet
  facet normal -0.5216837600600704 -0.8095736220131142 0.2691404931075109
    outer loop
      vertex -50.76704406738281 -18.809818267822266 2.715456008911133
      vertex -50.17139434814453 -19.150638580322266 2.844836950302124
      vertex -50.17509460449219 -19.142799377441406 2.8612449169158936
    endloop
  endfacet
  facet normal -0.5219498242992304 -0.7916358261532509 0.31761785161521144
    outer loop
      vertex -50.76704406738281 -18.809818267822266 2.715456008911133
      vertex -50.116844177246094 -19.265758514404297 2.6475539207458496
      vertex -50.17139434814453 -19.150638580322266 2.844836950302124
    endloop
  endfacet
  facet normal -0.507729537649788 0.8395953621175295 0.19310708042085653
    outer loop
      vertex -50.766807556152344 18.810501098632812 2.7138640880584717
      vertex -50.217063903808594 19.05323028564453 3.1039419174194336
      vertex -50.198638916015625 19.09265899658203 2.98095703125
    endloop
  endfacet
  facet normal -0.5175504296913737 0.8240409678581645 0.2304301109179397
    outer loop
      vertex -50.766807556152344 18.810501098632812 2.7138640880584717
      vertex -50.198638916015625 19.09265899658203 2.98095703125
      vertex -50.186134338378906 19.119293212890625 2.9137959480285645
    endloop
  endfacet
  facet normal -0.5209734460281115 0.8146146908256939 0.25493052783955367
    outer loop
      vertex -50.766807556152344 18.810501098632812 2.7138640880584717
      vertex -50.186134338378906 19.119293212890625 2.9137959480285645
      vertex -50.175025939941406 19.142929077148438 2.8609700202941895
    endloop
  endfacet
  facet normal -0.5233707831406322 0.7845274730766736 0.3325652828283352
    outer loop
      vertex -50.766807556152344 18.810501098632812 2.7138640880584717
      vertex -50.175025939941406 19.142929077148438 2.8609700202941895
      vertex -50.6983642578125 19.004981994628906 2.3627920150756836
    endloop
  endfacet
  facet normal -0.9533673493471775 0.30148663405911863 -0.014018084121589792
    outer loop
      vertex -50.700660705566406 20.67894744873047 0.9834918975830078
      vertex -50.641510009765625 20.865684509277344 0.976813793182373
      vertex -50.251243591308594 22.05437469482422 0
    endloop
  endfacet
  facet normal -0.5761838676110433 0.3318892345122182 0.7469013902247562
    outer loop
      vertex -50.700660705566406 20.67894744873047 0.9834918975830078
      vertex -50.219139099121094 20.295997619628906 1.5251188278198242
      vertex -50.14411926269531 20.488052368164062 1.4976511001586914
    endloop
  endfacet
  facet normal -0.6191168518703783 0.22303840183193047 0.7529596237769793
    outer loop
      vertex -50.700660705566406 20.67894744873047 0.9834918975830078
      vertex -50.14411926269531 20.488052368164062 1.4976511001586914
      vertex -50.641510009765625 20.865684509277344 0.976813793182373
    endloop
  endfacet
  facet normal -0.5230906978356096 -0.7217583790657114 0.4532559586881258
    outer loop
      vertex -50.69915771484375 -19.00273895263672 2.3660359382629395
      vertex -50.606910705566406 -19.260639190673828 2.061819076538086
      vertex -50.04541778564453 -19.41457748413086 2.464694023132324
    endloop
  endfacet
  facet normal -0.5236642504726707 -0.7706233991066601 0.36320149989529665
    outer loop
      vertex -50.69915771484375 -19.00273895263672 2.3660359382629395
      vertex -50.11347961425781 -19.2728271484375 2.637407064437866
      vertex -50.116844177246094 -19.265758514404297 2.6475539207458496
    endloop
  endfacet
  facet normal -0.5305958863094135 -0.7457247615995649 0.4029424094939625
    outer loop
      vertex -50.69915771484375 -19.00273895263672 2.3660359382629395
      vertex -50.04541778564453 -19.41457748413086 2.464694023132324
      vertex -50.11347961425781 -19.2728271484375 2.637407064437866
    endloop
  endfacet
  facet normal -0.49879540385479815 0.8136255964874827 0.29869136886377695
    outer loop
      vertex -50.6983642578125 19.004981994628906 2.3627920150756836
      vertex -50.175025939941406 19.142929077148438 2.8609700202941895
      vertex -50.15122985839844 19.193374633789062 2.763295888900757
    endloop
  endfacet
  facet normal -0.5187936782205939 0.7845070807357153 0.3397083450754084
    outer loop
      vertex -50.6983642578125 19.004981994628906 2.3627920150756836
      vertex -50.15122985839844 19.193374633789062 2.763295888900757
      vertex -50.113365173339844 19.2730712890625 2.6370739936828613
    endloop
  endfacet
  facet normal -0.5371242709686804 0.7162409566933418 0.4455293587311278
    outer loop
      vertex -50.6983642578125 19.004981994628906 2.3627920150756836
      vertex -50.113365173339844 19.2730712890625 2.6370739936828613
      vertex -50.60649871826172 19.261764526367188 2.0607357025146484
    endloop
  endfacet
  facet normal -0.8229430350829426 -0.22440418109822655 0.5219267424783952
    outer loop
      vertex -50.654815673828125 -18.260818481445312 9.871790885925293
      vertex -50.338218688964844 -18.245147705078125 10.37771987915039
      vertex -50.5458984375 -17.470348358154297 10.383390426635742
    endloop
  endfacet
  facet normal -0.4412999151380704 -0.8448991761200317 0.30232394395883244
    outer loop
      vertex -50.654815673828125 -18.260818481445312 9.871790885925293
      vertex -49.63496398925781 -19 9.294683456420898
      vertex -50.338218688964844 -18.245147705078125 10.37771987915039
    endloop
  endfacet
  facet normal -0.8218526256994765 0.22555819182961864 0.5231460252447964
    outer loop
      vertex -50.6512451171875 18.260650634765625 9.878181457519531
      vertex -50.55259704589844 17.470558166503906 10.373809814453125
      vertex -50.33152770996094 18.24481201171875 10.387280464172363
    endloop
  endfacet
  facet normal -0.4455777336017886 0.8413230125936975 0.30600011731788374
    outer loop
      vertex -50.6512451171875 18.260650634765625 9.878181457519531
      vertex -50.33152770996094 18.24481201171875 10.387280464172363
      vertex -49.373077392578125 19 9.706584930419922
    endloop
  endfacet
  facet normal -0.4505241293713197 0.8454281509640458 0.2868435992169405
    outer loop
      vertex -50.6512451171875 18.260650634765625 9.878181457519531
      vertex -49.373077392578125 19 9.706584930419922
      vertex -49.632080078125 19 9.299788475036621
    endloop
  endfacet
  facet normal -0.9501035954859974 -0.31193454096104867 0
    outer loop
      vertex -50.641510009765625 -20.865680694580078 0.976813793182373
      vertex -50.251243591308594 -22.054370880126953 0
      vertex -50.251243591308594 -22.054370880126953 0.976813793182373
    endloop
  endfacet
  facet normal -0.6147510111158311 -0.20183280577910775 0.7624596466983655
    outer loop
      vertex -50.641510009765625 -20.865680694580078 0.976813793182373
      vertex -50.251243591308594 -22.054370880126953 0.976813793182373
      vertex -50.06702423095703 -20.682838439941406 1.4884071350097656
    endloop
  endfacet
  facet normal -0.9501035954859974 0.31193454096104867 0
    outer loop
      vertex -50.641510009765625 20.865684509277344 0.976813793182373
      vertex -50.251243591308594 22.05437469482422 0.976813793182373
      vertex -50.251243591308594 22.05437469482422 0
    endloop
  endfacet
  facet normal -0.5909994530123068 0.2699880414966998 0.7601487380690245
    outer loop
      vertex -50.641510009765625 20.865684509277344 0.976813793182373
      vertex -50.14411926269531 20.488052368164062 1.4976511001586914
      vertex -50.06702423095703 20.682838439941406 1.4884071350097656
    endloop
  endfacet
  facet normal -0.6147503057039854 0.20183257418086803 0.7624602767596361
    outer loop
      vertex -50.641510009765625 20.865684509277344 0.976813793182373
      vertex -50.06702423095703 20.682838439941406 1.4884071350097656
      vertex -50.251243591308594 22.05437469482422 0.976813793182373
    endloop
  endfacet
  facet normal -0.5362699729809169 -0.6580996470910507 0.5285067365490068
    outer loop
      vertex -50.606910705566406 -19.260639190673828 2.061819076538086
      vertex -50.55296325683594 -19.40924835205078 1.9315099716186523
      vertex -49.970550537109375 -19.568260192871094 2.3244752883911133
    endloop
  endfacet
  facet normal -0.5239845958067706 -0.7198691128143313 0.455223685426322
    outer loop
      vertex -50.606910705566406 -19.260639190673828 2.061819076538086
      vertex -50.03334045410156 -19.439510345458984 2.4391679763793945
      vertex -50.04541778564453 -19.41457748413086 2.464694023132324
    endloop
  endfacet
  facet normal -0.5346755698960411 -0.6923664775697131 0.4845107797501015
    outer loop
      vertex -50.606910705566406 -19.260639190673828 2.061819076538086
      vertex -49.970550537109375 -19.568260192871094 2.3244752883911133
      vertex -50.03334045410156 -19.439510345458984 2.4391679763793945
    endloop
  endfacet
  facet normal -0.49071095084616956 0.7716192215688585 0.4047302059707393
    outer loop
      vertex -50.60649871826172 19.261764526367188 2.0607357025146484
      vertex -50.113365173339844 19.2730712890625 2.6370739936828613
      vertex -50.08484649658203 19.332687377929688 2.557992935180664
    endloop
  endfacet
  facet normal -0.5170124536728766 0.7357634105576969 0.43743608268141
    outer loop
      vertex -50.60649871826172 19.261764526367188 2.0607357025146484
      vertex -50.08484649658203 19.332687377929688 2.557992935180664
      vertex -50.03326416015625 19.439674377441406 2.4390077590942383
    endloop
  endfacet
  facet normal -0.5472582085958495 0.6547268883632952 0.5213838842720196
    outer loop
      vertex -50.60649871826172 19.261764526367188 2.0607357025146484
      vertex -50.03326416015625 19.439674377441406 2.4390077590942383
      vertex -50.552040100097656 19.41180419921875 1.9294848442077637
    endloop
  endfacet
  facet normal -0.5442389382143281 -0.6116541151669176 0.5741804781867071
    outer loop
      vertex -50.55296325683594 -19.40924835205078 1.9315099716186523
      vertex -50.49378967285156 -19.57048797607422 1.8158349990844727
      vertex -49.93623352050781 -19.637939453125 2.272462844848633
    endloop
  endfacet
  facet normal -0.5361748510444833 -0.6583820225886564 0.5282514944981189
    outer loop
      vertex -50.55296325683594 -19.40924835205078 1.9315099716186523
      vertex -49.93623352050781 -19.637939453125 2.272462844848633
      vertex -49.970550537109375 -19.568260192871094 2.3244752883911133
    endloop
  endfacet
  facet normal -0.7928829071294251 0.2164779210448598 0.5696261978544234
    outer loop
      vertex -50.55259704589844 17.470558166503906 10.373809814453125
      vertex -50.48536682128906 17.46845245361328 10.46819019317627
      vertex -50.33152770996094 18.24481201171875 10.387280464172363
    endloop
  endfacet
  facet normal -0.6589160041990773 -0.6267378977959086 0.41596791568183084
    outer loop
      vertex -50.55259704589844 17.470558166503906 10.373809814453125
      vertex -50.190093994140625 16.5 9.485696792602539
      vertex -49.913414001464844 16.5 9.923973083496094
    endloop
  endfacet
  facet normal -0.6409123709101522 -0.6272012356412289 0.44254936766923914
    outer loop
      vertex -50.55259704589844 17.470558166503906 10.373809814453125
      vertex -49.913414001464844 16.5 9.923973083496094
      vertex -50.48536682128906 17.46845245361328 10.46819019317627
    endloop
  endfacet
  facet normal -0.5132319289804941 0.7089103198300413 0.48377592490059884
    outer loop
      vertex -50.552040100097656 19.41180419921875 1.9294848442077637
      vertex -50.03326416015625 19.439674377441406 2.4390077590942383
      vertex -50.00621795654297 19.49530792236328 2.3861770629882812
    endloop
  endfacet
  facet normal -0.5622810163187191 0.6076288737501165 0.5609164023923291
    outer loop
      vertex -50.552040100097656 19.41180419921875 1.9294848442077637
      vertex -50.00621795654297 19.49530792236328 2.3861770629882812
      vertex -50.49304962158203 19.572509765625 1.8145298957824707
    endloop
  endfacet
  facet normal -0.6424462470275407 0.6272794212090224 0.4402083000215944
    outer loop
      vertex -50.5458984375 -17.470348358154297 10.383390426635742
      vertex -50.51878356933594 -17.469497680664062 10.42175006866455
      vertex -49.907569885253906 -16.5 9.932268142700195
    endloop
  endfacet
  facet normal -0.7948218322593339 -0.21719375365792137 0.5666437402247532
    outer loop
      vertex -50.5458984375 -17.470348358154297 10.383390426635742
      vertex -50.338218688964844 -18.245147705078125 10.37771987915039
      vertex -50.51878356933594 -17.469497680664062 10.42175006866455
    endloop
  endfacet
  facet normal -0.7944327921235163 -0.21713541085094423 0.5672113822495328
    outer loop
      vertex -50.51878356933594 -17.469497680664062 10.42175006866455
      vertex -50.338218688964844 -18.245147705078125 10.37771987915039
      vertex -50.30720520019531 -18.24359893798828 10.42175006866455
    endloop
  endfacet
  facet normal -0.7670337807145896 -0.20964667718061755 0.6063888603774057
    outer loop
      vertex -50.51878356933594 -17.469497680664062 10.42175006866455
      vertex -50.30720520019531 -18.24359893798828 10.42175006866455
      vertex -50.18046569824219 -17.458839416503906 10.85338020324707
    endloop
  endfacet
  facet normal -0.6173029884323413 0.6322092786801778 0.468239733921834
    outer loop
      vertex -50.51878356933594 -17.469497680664062 10.42175006866455
      vertex -50.18046569824219 -17.458839416503906 10.85338020324707
      vertex -49.58818817138672 -16.5 10.339599609375
    endloop
  endfacet
  facet normal -0.6122073652717167 0.6283164474773161 0.4800214409133701
    outer loop
      vertex -50.51878356933594 -17.469497680664062 10.42175006866455
      vertex -49.58818817138672 -16.5 10.339599609375
      vertex -49.907569885253906 -16.5 9.932268142700195
    endloop
  endfacet
  facet normal -0.5499437072626477 -0.562105450616392 0.6177373076231981
    outer loop
      vertex -50.49378967285156 -19.57048797607422 1.8158349990844727
      vertex -50.43043518066406 -19.741119384765625 1.7169718742370605
      vertex -49.86779022216797 -19.775550842285156 2.1865386962890625
    endloop
  endfacet
  facet normal -0.5396198642905143 -0.6223933318353363 0.5669540921009352
    outer loop
      vertex -50.49378967285156 -19.57048797607422 1.8158349990844727
      vertex -49.86779022216797 -19.775550842285156 2.1865386962890625
      vertex -49.93623352050781 -19.637939453125 2.272462844848633
    endloop
  endfacet
  facet normal -0.5145974965082267 0.6745265749382818 0.5293423431858593
    outer loop
      vertex -50.49304962158203 19.572509765625 1.8145298957824707
      vertex -50.00621795654297 19.49530792236328 2.3861770629882812
      vertex -49.93621063232422 19.637977600097656 2.2724342346191406
    endloop
  endfacet
  facet normal -0.5341721065071192 0.6342614073680374 0.5589030575629942
    outer loop
      vertex -50.49304962158203 19.572509765625 1.8145298957824707
      vertex -49.93621063232422 19.637977600097656 2.2724342346191406
      vertex -49.90123748779297 19.708518981933594 2.2258071899414062
    endloop
  endfacet
  facet normal -0.5554497094675629 0.5610945890688787 0.6137169399405773
    outer loop
      vertex -50.49304962158203 19.572509765625 1.8145298957824707
      vertex -49.90123748779297 19.708518981933594 2.2258071899414062
      vertex -50.4300537109375 19.742164611816406 1.7164368629455566
    endloop
  endfacet
  facet normal -0.791424595523941 0.2164028884769344 0.5716790178575789
    outer loop
      vertex -50.48536682128906 17.46845245361328 10.46819019317627
      vertex -50.27388000488281 18.24195098876953 10.468170166015625
      vertex -50.33152770996094 18.24481201171875 10.387280464172363
    endloop
  endfacet
  facet normal -0.7642787217448128 0.21040505777431545 0.6095963805265758
    outer loop
      vertex -50.48536682128906 17.46845245361328 10.46819019317627
      vertex -50.18446350097656 17.458969116210938 10.848719596862793
      vertex -49.966468811035156 18.226593017578125 10.857080459594727
    endloop
  endfacet
  facet normal -0.7632134217696854 0.20869053583046857 0.6115174021116654
    outer loop
      vertex -50.48536682128906 17.46845245361328 10.46819019317627
      vertex -49.966468811035156 18.226593017578125 10.857080459594727
      vertex -50.27388000488281 18.24195098876953 10.468170166015625
    endloop
  endfacet
  facet normal -0.6118100857099023 -0.6300655493886117 0.47823197561149017
    outer loop
      vertex -50.48536682128906 17.46845245361328 10.46819019317627
      vertex -49.913414001464844 16.5 9.923973083496094
      vertex -49.59169006347656 16.5 10.335559844970703
    endloop
  endfacet
  facet normal -0.6153000803700256 -0.6322670347225096 0.4707910448382007
    outer loop
      vertex -50.48536682128906 17.46845245361328 10.46819019317627
      vertex -49.59169006347656 16.5 10.335559844970703
      vertex -50.18446350097656 17.458969116210938 10.848719596862793
    endloop
  endfacet
  facet normal -0.5696313959741676 -0.5091388775230145 0.6452113422089897
    outer loop
      vertex -50.43043518066406 -19.741119384765625 1.7169718742370605
      vertex -50.36359405517578 -19.91897964477539 1.6356329917907715
      vertex -49.86779022216797 -19.775550842285156 2.1865386962890625
    endloop
  endfacet
  facet normal -0.5556109124838499 0.5089550042938724 0.6574658299357375
    outer loop
      vertex -50.4300537109375 19.742164611816406 1.7164368629455566
      vertex -50.074424743652344 19.92925262451172 1.8721437454223633
      vertex -50.36298370361328 19.92060089111328 1.6349859237670898
    endloop
  endfacet
  facet normal -0.5325459794679788 0.6041547625628066 0.5927830991392802
    outer loop
      vertex -50.4300537109375 19.742164611816406 1.7164368629455566
      vertex -49.90123748779297 19.708518981933594 2.2258071899414062
      vertex -49.85236358642578 19.806320190429688 2.170037269592285
    endloop
  endfacet
  facet normal -0.5585632138397335 0.5323737641610694 0.6360702094721951
    outer loop
      vertex -50.4300537109375 19.742164611816406 1.7164368629455566
      vertex -49.85236358642578 19.806320190429688 2.170037269592285
      vertex -50.074424743652344 19.92925262451172 1.8721437454223633
    endloop
  endfacet
  facet normal -0.5820369362304448 -0.4262270330902572 0.6925052498909693
    outer loop
      vertex -50.36359405517578 -19.91897964477539 1.6356329917907715
      vertex -50.21961975097656 -20.294750213623047 1.5253591537475586
      vertex -50.075035095214844 -19.927837371826172 1.8727092742919922
    endloop
  endfacet
  facet normal -0.5329119740310178 -0.5677525958682746 0.6274247507225065
    outer loop
      vertex -50.36359405517578 -19.91897964477539 1.6356329917907715
      vertex -50.075035095214844 -19.927837371826172 1.8727092742919922
      vertex -49.86779022216797 -19.775550842285156 2.1865386962890625
    endloop
  endfacet
  facet normal -0.5742111176345784 0.4527188956153195 0.6821489528964284
    outer loop
      vertex -50.36298370361328 19.92060089111328 1.6349859237670898
      vertex -50.074424743652344 19.92925262451172 1.8721437454223633
      vertex -49.93122863769531 20.25537109375 1.7762479782104492
    endloop
  endfacet
  facet normal -0.5609223924811054 0.42317946627480507 0.7115372154263219
    outer loop
      vertex -50.36298370361328 19.92060089111328 1.6349859237670898
      vertex -49.93122863769531 20.25537109375 1.7762479782104492
      vertex -50.219139099121094 20.295997619628906 1.5251188278198242
    endloop
  endfacet
  facet normal -0.45666535128990976 -0.8411394172579957 0.28972614253143025
    outer loop
      vertex -50.338218688964844 -18.245147705078125 10.37771987915039
      vertex -49.63496398925781 -19 9.294683456420898
      vertex -49.37848663330078 -19 9.698942184448242
    endloop
  endfacet
  facet normal -0.42766511562809884 -0.8412240898441294 0.33082409153615283
    outer loop
      vertex -50.338218688964844 -18.245147705078125 10.37771987915039
      vertex -49.37848663330078 -19 9.698942184448242
      vertex -50.30720520019531 -18.24359893798828 10.42175006866455
    endloop
  endfacet
  facet normal -0.4259809291550274 0.8410882543036974 0.33333286136920015
    outer loop
      vertex -50.33152770996094 18.24481201171875 10.387280464172363
      vertex -50.27388000488281 18.24195098876953 10.468170166015625
      vertex -49.373077392578125 19 9.706584930419922
    endloop
  endfacet
  facet normal -0.7661617776370123 -0.2102740119584741 0.6072733901489351
    outer loop
      vertex -50.30720520019531 -18.24359893798828 10.42175006866455
      vertex -49.970359802246094 -18.226787567138672 10.85254955291748
      vertex -50.18046569824219 -17.458839416503906 10.85338020324707
    endloop
  endfacet
  facet normal -0.4251883409626259 -0.8412226635863054 0.3340049475355292
    outer loop
      vertex -50.30720520019531 -18.24359893798828 10.42175006866455
      vertex -49.37848663330078 -19 9.698942184448242
      vertex -49.0804443359375 -19 10.078350067138672
    endloop
  endfacet
  facet normal -0.41557123121035383 -0.8363257821288582 0.35757480047797596
    outer loop
      vertex -50.30720520019531 -18.24359893798828 10.42175006866455
      vertex -49.0804443359375 -19 10.078350067138672
      vertex -49.970359802246094 -18.226787567138672 10.85254955291748
    endloop
  endfacet
  facet normal -0.4136105460153911 0.8362747160465918 0.3599596026306873
    outer loop
      vertex -50.27388000488281 18.24195098876953 10.468170166015625
      vertex -49.966468811035156 18.226593017578125 10.857080459594727
      vertex -49.077293395996094 19 10.08197021484375
    endloop
  endfacet
  facet normal -0.42481993795153605 0.841118233793207 0.3347359214357624
    outer loop
      vertex -50.27388000488281 18.24195098876953 10.468170166015625
      vertex -49.077293395996094 19 10.08197021484375
      vertex -49.373077392578125 19 9.706584930419922
    endloop
  endfacet
  facet normal -0.9428976394951756 -0.3330826345434805 0
    outer loop
      vertex -50.251243591308594 -22.054370880126953 0
      vertex -49.643653869628906 -23.774349212646484 0.976813793182373
      vertex -50.251243591308594 -22.054370880126953 0.976813793182373
    endloop
  endfacet
  facet normal -0.9355952742684235 -0.35307433037052294 0
    outer loop
      vertex -50.251243591308594 -22.054370880126953 0
      vertex -48.57355499267578 -26.5 0
      vertex -48.57355499267578 -26.5 0.976813793182373
    endloop
  endfacet
  facet normal -0.9289021383211645 -0.36468983467320126 -0.06435947411532499
    outer loop
      vertex -50.251243591308594 -22.054370880126953 0
      vertex -48.57355499267578 -26.5 0.976813793182373
      vertex -49.643653869628906 -23.774349212646484 0.976813793182373
    endloop
  endfacet
  facet normal 0 0 -1
    outer loop
      vertex -50.251243591308594 -22.054370880126953 0
      vertex -47.94999694824219 -16.5 0
      vertex -48.57355499267578 -26.5 0
    endloop
  endfacet
  facet normal -0.5940838646110823 -0.20986267276093243 0.776544924901579
    outer loop
      vertex -50.251243591308594 -22.054370880126953 0.976813793182373
      vertex -49.643653869628906 -23.774349212646484 0.976813793182373
      vertex -50.06702423095703 -20.682838439941406 1.4884071350097656
    endloop
  endfacet
  facet normal -0.9428976394951756 0.3330826345434805 0
    outer loop
      vertex -50.251243591308594 22.05437469482422 0
      vertex -50.251243591308594 22.05437469482422 0.976813793182373
      vertex -49.643653869628906 23.77435302734375 0.976813793182373
    endloop
  endfacet
  facet normal -0.9348571162371824 0.3527960675039067 -0.03971280617732842
    outer loop
      vertex -50.251243591308594 22.05437469482422 0
      vertex -49.643653869628906 23.77435302734375 0.976813793182373
      vertex -48.57355499267578 26.5 0
    endloop
  endfacet
  facet normal 0 0 -1
    outer loop
      vertex -50.251243591308594 22.05437469482422 0
      vertex -48.57355499267578 26.5 0
      vertex -47.94999694824219 24.45000457763672 0
    endloop
  endfacet
  facet normal 0 0 -1
    outer loop
      vertex -50.251243591308594 22.05437469482422 0
      vertex -47.94999694824219 24.45000457763672 0
      vertex -47.94999694824219 16.5 0
    endloop
  endfacet
  facet normal -0.5940831426988799 0.2098624177423512 0.7765455461081193
    outer loop
      vertex -50.251243591308594 22.05437469482422 0.976813793182373
      vertex -50.06702423095703 20.682838439941406 1.4884071350097656
      vertex -49.643653869628906 23.77435302734375 0.976813793182373
    endloop
  endfacet
  facet normal 0 -0.9971824295532079 0.07501467983242642
    outer loop
      vertex -50.24183654785156 -19 3.5
      vertex -50.23399353027344 -19.01688003540039 3.27561092376709
      vertex 39.61810302734375 -19 3.5
    endloop
  endfacet
  facet normal 0 -1 0
    outer loop
      vertex -50.24183654785156 -19 3.5
      vertex -45.253936767578125 -19 11.794260025024414
      vertex -50.24183654785156 -19 7
    endloop
  endfacet
  facet normal 0 -1 0
    outer loop
      vertex -50.24183654785156 -19 3.5
      vertex 39.61810302734375 -19 3.5
      vertex 39.61810302734375 -19 11.794260025024414
    endloop
  endfacet
  facet normal 0 -1 0
    outer loop
      vertex -50.24183654785156 -19 3.5
      vertex 39.61810302734375 -19 11.794260025024414
      vertex -45.253936767578125 -19 11.794260025024414
    endloop
  endfacet
  facet normal 0 -1 0
    outer loop
      vertex -50.24183654785156 -19 7
      vertex -50.14270782470703 -19 7.952372074127197
      vertex -50.21680450439453 -19 7.480393886566162
    endloop
  endfacet
  facet normal 0 -1 0
    outer loop
      vertex -50.24183654785156 -19 7
      vertex -50.01994323730469 -19 8.415995597839355
      vertex -50.14270782470703 -19 7.952372074127197
    endloop
  endfacet
  facet normal 0 -1 0
    outer loop
      vertex -50.24183654785156 -19 7
      vertex -49.849143981933594 -19 8.86699390411377
      vertex -50.01994323730469 -19 8.415995597839355
    endloop
  endfacet
  facet normal 0 -1 0
    outer loop
      vertex -50.24183654785156 -19 7
      vertex -49.63496398925781 -19 9.294683456420898
      vertex -49.849143981933594 -19 8.86699390411377
    endloop
  endfacet
  facet normal 0 -1 0
    outer loop
      vertex -50.24183654785156 -19 7
      vertex -49.37848663330078 -19 9.698942184448242
      vertex -49.63496398925781 -19 9.294683456420898
    endloop
  endfacet
  facet normal 0 -1 0
    outer loop
      vertex -50.24183654785156 -19 7
      vertex -49.0804443359375 -19 10.078350067138672
      vertex -49.37848663330078 -19 9.698942184448242
    endloop
  endfacet
  facet normal 0 -1 0
    outer loop
      vertex -50.24183654785156 -19 7
      vertex -48.74845886230469 -19 10.42389965057373
      vertex -49.0804443359375 -19 10.078350067138672
    endloop
  endfacet
  facet normal 0 -1 0
    outer loop
      vertex -50.24183654785156 -19 7
      vertex -48.38501739501953 -19 10.734689712524414
      vertex -48.74845886230469 -19 10.42389965057373
    endloop
  endfacet
  facet normal 0 -1 0
    outer loop
      vertex -50.24183654785156 -19 7
      vertex -47.99029541015625 -19 11.010760307312012
      vertex -48.38501739501953 -19 10.734689712524414
    endloop
  endfacet
  facet normal 0 -1 0
    outer loop
      vertex -50.24183654785156 -19 7
      vertex -47.571929931640625 -19 11.246999740600586
      vertex -47.99029541015625 -19 11.010760307312012
    endloop
  endfacet
  facet normal 0 -1 0
    outer loop
      vertex -50.24183654785156 -19 7
      vertex -47.13538360595703 -19 11.441510200500488
      vertex -47.571929931640625 -19 11.246999740600586
    endloop
  endfacet
  facet normal 0 -1 0
    outer loop
      vertex -50.24183654785156 -19 7
      vertex -46.68090057373047 -19 11.594779968261719
      vertex -47.13538360595703 -19 11.441510200500488
    endloop
  endfacet
  facet normal 0 -1 0
    outer loop
      vertex -50.24183654785156 -19 7
      vertex -46.211219787597656 -19 11.70557975769043
      vertex -46.68090057373047 -19 11.594779968261719
    endloop
  endfacet
  facet normal 0 -1 0
    outer loop
      vertex -50.24183654785156 -19 7
      vertex -45.735328674316406 -19 11.772000312805176
      vertex -46.211219787597656 -19 11.70557975769043
    endloop
  endfacet
  facet normal 0 -1 0
    outer loop
      vertex -50.24183654785156 -19 7
      vertex -45.253936767578125 -19 11.794260025024414
      vertex -45.735328674316406 -19 11.772000312805176
    endloop
  endfacet
  facet normal 0 1 0
    outer loop
      vertex -50.24183654785156 19 3.5
      vertex -50.24183654785156 19 7
      vertex -45.253936767578125 19 11.794260025024414
    endloop
  endfacet
  facet normal 0 1 0
    outer loop
      vertex -50.24183654785156 19 3.5
      vertex -45.253936767578125 19 11.794260025024414
      vertex 39.61810302734375 19 3.5
    endloop
  endfacet
  facet normal 0 0.9997599997438852 0.021907599414512945
    outer loop
      vertex -50.24183654785156 19 3.5
      vertex 39.61810302734375 19 3.5
      vertex -50.241180419921875 19.001434326171875 3.434544086456299
    endloop
  endfacet
  facet normal 0 1 0
    outer loop
      vertex -50.24183654785156 19 7
      vertex -50.21656799316406 19 7.4826579093933105
      vertex -50.14104461669922 19 7.960297107696533
    endloop
  endfacet
  facet normal 0 1 0
    outer loop
      vertex -50.24183654785156 19 7
      vertex -50.14104461669922 19 7.960297107696533
      vertex -50.01726531982422 19 8.424294471740723
    endloop
  endfacet
  facet normal 0 1 0
    outer loop
      vertex -50.24183654785156 19 7
      vertex -50.01726531982422 19 8.424294471740723
      vertex -49.847496032714844 19 8.870747566223145
    endloop
  endfacet
  facet normal 0 1 0
    outer loop
      vertex -50.24183654785156 19 7
      vertex -49.847496032714844 19 8.870747566223145
      vertex -49.632080078125 19 9.299788475036621
    endloop
  endfacet
  facet normal 0 1 0
    outer loop
      vertex -50.24183654785156 19 7
      vertex -49.632080078125 19 9.299788475036621
      vertex -49.373077392578125 19 9.706584930419922
    endloop
  endfacet
  facet normal 0 1 0
    outer loop
      vertex -50.24183654785156 19 7
      vertex -49.373077392578125 19 9.706584930419922
      vertex -49.077293395996094 19 10.08197021484375
    endloop
  endfacet
  facet normal 0 1 0
    outer loop
      vertex -50.24183654785156 19 7
      vertex -49.077293395996094 19 10.08197021484375
      vertex -48.745826721191406 19 10.426389694213867
    endloop
  endfacet
  facet normal 0 1 0
    outer loop
      vertex -50.24183654785156 19 7
      vertex -48.745826721191406 19 10.426389694213867
      vertex -48.378929138183594 19 10.73939037322998
    endloop
  endfacet
  facet normal 0 1 0
    outer loop
      vertex -50.24183654785156 19 7
      vertex -48.378929138183594 19 10.73939037322998
      vertex -47.98529815673828 19 11.013899803161621
    endloop
  endfacet
  facet normal 0 1 0
    outer loop
      vertex -50.24183654785156 19 7
      vertex -47.98529815673828 19 11.013899803161621
      vertex -47.569366455078125 19 11.248290061950684
    endloop
  endfacet
  facet normal 0 1 0
    outer loop
      vertex -50.24183654785156 19 7
      vertex -47.569366455078125 19 11.248290061950684
      vertex -47.13141632080078 19 11.443050384521484
    endloop
  endfacet
  facet normal 0 1 0
    outer loop
      vertex -50.24183654785156 19 7
      vertex -47.13141632080078 19 11.443050384521484
      vertex -46.67400360107422 19 11.596739768981934
    endloop
  endfacet
  facet normal 0 1 0
    outer loop
      vertex -50.24183654785156 19 7
      vertex -46.67400360107422 19 11.596739768981934
      vertex -46.2080078125 19 11.70617961883545
    endloop
  endfacet
  facet normal 0 1 0
    outer loop
      vertex -50.24183654785156 19 7
      vertex -46.2080078125 19 11.70617961883545
      vertex -45.734657287597656 19 11.77206039428711
    endloop
  endfacet
  facet normal 0 1 0
    outer loop
      vertex -50.24183654785156 19 7
      vertex -45.734657287597656 19 11.77206039428711
      vertex -45.253936767578125 19 11.794260025024414
    endloop
  endfacet
  facet normal -0.00004124900860653111 0.9969162534927645 0.07847280943403026
    outer loop
      vertex -50.241180419921875 19.001434326171875 3.434544086456299
      vertex 39.61810302734375 19 3.5
      vertex 39.61810302734375 19.018470764160156 3.265347957611084
    endloop
  endfacet
  facet normal -0.00005945736277931161 0.9976253760037269 0.06887383841666285
    outer loop
      vertex -50.241180419921875 19.001434326171875 3.434544086456299
      vertex 39.61810302734375 19.018470764160156 3.265347957611084
      vertex -50.238739013671875 19.006668090820312 3.358736038208008
    endloop
  endfacet
  facet normal 0.00002120735990959733 0.9893663929180462 0.1454446290331217
    outer loop
      vertex -50.238739013671875 19.006668090820312 3.358736038208008
      vertex 39.61810302734375 19.018470764160156 3.265347957611084
      vertex -50.22826385498047 19.029197692871094 3.2054800987243652
    endloop
  endfacet
  facet normal 0.0000024735986882927213 -0.9846959226595005 0.17428120923276935
    outer loop
      vertex -50.23399353027344 -19.01688003540039 3.27561092376709
      vertex -50.22789001464844 -19.029987335205078 3.2015540599823
      vertex 39.61810302734375 -19.018470764160156 3.265347957611084
    endloop
  endfacet
  facet normal -0.000008686047389608208 -0.9969162543032739 0.07847280949782996
    outer loop
      vertex -50.23399353027344 -19.01688003540039 3.27561092376709
      vertex 39.61810302734375 -19.018470764160156 3.265347957611084
      vertex 39.61810302734375 -19 3.5
    endloop
  endfacet
  facet normal -0.000023505225678032173 0.9776068262902268 0.2104397601173663
    outer loop
      vertex -50.22826385498047 19.029197692871094 3.2054800987243652
      vertex 39.61810302734375 19.018470764160156 3.265347957611084
      vertex 39.61810302734375 19.05316162109375 3.1041901111602783
    endloop
  endfacet
  facet normal 1.0746369308989432e-7 0.9731144987480196 0.23032188850905844
    outer loop
      vertex -50.22826385498047 19.029197692871094 3.2054800987243652
      vertex 39.61810302734375 19.05316162109375 3.1041901111602783
      vertex -50.217063903808594 19.05323028564453 3.1039419174194336
    endloop
  endfacet
  facet normal 1.1140260672448215e-7 -0.9728087643120105 0.23160981861252516
    outer loop
      vertex -50.22789001464844 -19.029987335205078 3.2015540599823
      vertex -50.217079162597656 -19.053199768066406 3.1040570735931396
      vertex 39.61810302734375 -19.053157806396484 3.1041901111602783
    endloop
  endfacet
  facet normal -0.000024092653318189386 -0.977611586684439 0.21041764422186077
    outer loop
      vertex -50.22789001464844 -19.029987335205078 3.2015540599823
      vertex 39.61810302734375 -19.053157806396484 3.1041901111602783
      vertex 39.61810302734375 -19.018470764160156 3.265347957611084
    endloop
  endfacet
  facet normal -0.5917384913771255 -0.33619330518424845 0.7326797522601634
    outer loop
      vertex -50.21961975097656 -20.294750213623047 1.5253591537475586
      vertex -50.14422607421875 -20.487789154052734 1.4976730346679688
      vertex -49.93170928955078 -20.25428009033203 1.7764558792114258
    endloop
  endfacet
  facet normal -0.5505409506779297 -0.44919331102094867 0.703654766885494
    outer loop
      vertex -50.21961975097656 -20.294750213623047 1.5253591537475586
      vertex -49.93170928955078 -20.25428009033203 1.7764558792114258
      vertex -50.075035095214844 -19.927837371826172 1.8727092742919922
    endloop
  endfacet
  facet normal -0.591756397440755 0.33595191202030733 0.7327760086805781
    outer loop
      vertex -50.219139099121094 20.295997619628906 1.5251188278198242
      vertex -49.93122863769531 20.25537109375 1.7762479782104492
      vertex -50.14411926269531 20.488052368164062 1.4976511001586914
    endloop
  endfacet
  facet normal -0.000005468557055439873 -0.9600212438177979 0.27992715371793275
    outer loop
      vertex -50.217079162597656 -19.053199768066406 3.1040570735931396
      vertex -50.21061706542969 -19.06705093383789 3.056554079055786
      vertex 39.61810302734375 -19.07341766357422 3.0364739894866943
    endloop
  endfacet
  facet normal 2.301823501403797e-8 -0.9580401041536228 0.286634189923873
    outer loop
      vertex -50.217079162597656 -19.053199768066406 3.1040570735931396
      vertex 39.61810302734375 -19.07341766357422 3.0364739894866943
      vertex 39.61810302734375 -19.053157806396484 3.1041901111602783
    endloop
  endfacet
  facet normal -1.1560290572143767e-7 0.952258709011457 0.30529223886600815
    outer loop
      vertex -50.217063903808594 19.05323028564453 3.1039419174194336
      vertex 39.61810302734375 19.05316162109375 3.1041901111602783
      vertex -50.198638916015625 19.09265899658203 2.98095703125
    endloop
  endfacet
  facet normal 0.000010144380076072753 -0.9392656189990982 0.3431910500921205
    outer loop
      vertex -50.21061706542969 -19.06705093383789 3.056554079055786
      vertex -50.186378479003906 -19.118778228759766 2.914983034133911
      vertex 39.61810302734375 -19.07341766357422 3.0364739894866943
    endloop
  endfacet
  facet normal 0.000028101059539308387 0.9580549232415505 0.28658465287408064
    outer loop
      vertex -50.198638916015625 19.09265899658203 2.98095703125
      vertex 39.61810302734375 19.05316162109375 3.1041901111602783
      vertex 39.61810302734375 19.07341766357422 3.0364739894866943
    endloop
  endfacet
  facet normal -0.000028718542091184806 0.9295732233933471 0.36863752050672716
    outer loop
      vertex -50.198638916015625 19.09265899658203 2.98095703125
      vertex 39.61810302734375 19.07341766357422 3.0364739894866943
      vertex -50.186134338378906 19.119293212890625 2.9137959480285645
    endloop
  endfacet
  facet normal 3.546756087369221e-8 -0.9129422534210603 0.40808876720448367
    outer loop
      vertex -50.186378479003906 -19.118778228759766 2.914983034133911
      vertex -50.17509460449219 -19.142799377441406 2.8612449169158936
      vertex 39.61810302734375 -19.142757415771484 2.861330986022949
    endloop
  endfacet
  facet normal -0.000028349197619854616 -0.9297842411649387 0.3681049633972111
    outer loop
      vertex -50.186378479003906 -19.118778228759766 2.914983034133911
      vertex 39.61810302734375 -19.142757415771484 2.861330986022949
      vertex 39.61810302734375 -19.07341766357422 3.0364739894866943
    endloop
  endfacet
  facet normal -0.000027910696753801802 0.9297773099448052 0.3681224702905198
    outer loop
      vertex -50.186134338378906 19.119293212890625 2.9137959480285645
      vertex 39.61810302734375 19.07341766357422 3.0364739894866943
      vertex 39.61810302734375 19.14276123046875 2.861330986022949
    endloop
  endfacet
  facet normal 6.445022422419069e-8 0.9127975543719299 0.4084123219647264
    outer loop
      vertex -50.186134338378906 19.119293212890625 2.9137959480285645
      vertex 39.61810302734375 19.14276123046875 2.861330986022949
      vertex -50.175025939941406 19.142929077148438 2.8609700202941895
    endloop
  endfacet
  facet normal -0.7102544815395576 0.19598287778333093 0.6761133655451119
    outer loop
      vertex -50.18446350097656 17.458969116210938 10.848719596862793
      vertex -49.793853759765625 17.446563720703125 11.262649536132812
      vertex -49.58392333984375 18.20732879638672 11.262660026550293
    endloop
  endfacet
  facet normal -0.5725110428390011 -0.632840662328483 0.5212905158652384
    outer loop
      vertex -50.18446350097656 17.458969116210938 10.848719596862793
      vertex -49.59169006347656 16.5 10.335559844970703
      vertex -49.793853759765625 17.446563720703125 11.262649536132812
    endloop
  endfacet
  facet normal -0.7090305375319104 0.19397054952277026 0.67797575381797
    outer loop
      vertex -50.18446350097656 17.458969116210938 10.848719596862793
      vertex -49.58392333984375 18.20732879638672 11.262660026550293
      vertex -49.966468811035156 18.226593017578125 10.857080459594727
    endloop
  endfacet
  facet normal -0.7131402251493715 -0.19583885392229686 0.6731108100218751
    outer loop
      vertex -50.18046569824219 -17.458839416503906 10.85338020324707
      vertex -49.970359802246094 -18.226787567138672 10.85254955291748
      vertex -49.83494567871094 -17.44786834716797 11.222640037536621
    endloop
  endfacet
  facet normal -0.5745994028285832 0.6329513839098567 0.5188526494831004
    outer loop
      vertex -50.18046569824219 -17.458839416503906 10.85338020324707
      vertex -49.83494567871094 -17.44786834716797 11.222640037536621
      vertex -49.58818817138672 -16.5 10.339599609375
    endloop
  endfacet
  facet normal -0.0000051692940840934836 -0.9023076692736013 0.4310926465892448
    outer loop
      vertex -50.17509460449219 -19.142799377441406 2.8612449169158936
      vertex -50.17139434814453 -19.150638580322266 2.844836950302124
      vertex 39.61810302734375 -19.163490295410156 2.819014072418213
    endloop
  endfacet
  facet normal -2.073129320590093e-9 -0.8980104921173885 0.43997404019678915
    outer loop
      vertex -50.17509460449219 -19.142799377441406 2.8612449169158936
      vertex 39.61810302734375 -19.163490295410156 2.819014072418213
      vertex 39.61810302734375 -19.142757415771484 2.861330986022949
    endloop
  endfacet
  facet normal -1.8385324720198045e-7 0.8884979225834309 0.45888063977999083
    outer loop
      vertex -50.175025939941406 19.142929077148438 2.8609700202941895
      vertex 39.61810302734375 19.14276123046875 2.861330986022949
      vertex -50.15122985839844 19.193374633789062 2.763295888900757
    endloop
  endfacet
  facet normal 0.00002132387700818529 -0.8637035999250087 0.5040000902994689
    outer loop
      vertex -50.17139434814453 -19.150638580322266 2.844836950302124
      vertex -50.116844177246094 -19.265758514404297 2.6475539207458496
      vertex 39.61810302734375 -19.163490295410156 2.819014072418213
    endloop
  endfacet
  facet normal 0.00002591629432356385 0.8980424748169082 0.43990875503116383
    outer loop
      vertex -50.15122985839844 19.193374633789062 2.763295888900757
      vertex 39.61810302734375 19.14276123046875 2.861330986022949
      vertex 39.61810302734375 19.163490295410156 2.819014072418213
    endloop
  endfacet
  facet normal -0.00004987706257690218 0.8455635082587486 0.5338748458332119
    outer loop
      vertex -50.15122985839844 19.193374633789062 2.763295888900757
      vertex 39.61810302734375 19.163490295410156 2.819014072418213
      vertex -50.113365173339844 19.2730712890625 2.6370739936828613
    endloop
  endfacet
  facet normal -0.5910062321532772 -0.27003447122580293 0.7601269748573507
    outer loop
      vertex -50.14422607421875 -20.487789154052734 1.4976730346679688
      vertex -50.06702423095703 -20.682838439941406 1.4884071350097656
      vertex -49.77980041503906 -20.591419219970703 1.7442030906677246
    endloop
  endfacet
  facet normal -0.5914171050615813 -0.3365823490580576 0.7327606226750579
    outer loop
      vertex -50.14422607421875 -20.487789154052734 1.4976730346679688
      vertex -49.77980041503906 -20.591419219970703 1.7442030906677246
      vertex -49.93170928955078 -20.25428009033203 1.7764558792114258
    endloop
  endfacet
  facet normal -0.5914063709862988 0.33637700773104884 0.7328635705414223
    outer loop
      vertex -50.14411926269531 20.488052368164062 1.4976511001586914
      vertex -49.93122863769531 20.25537109375 1.7762479782104492
      vertex -49.77980041503906 20.59142303466797 1.7442030906677246
    endloop
  endfacet
  facet normal -0.5910226864357326 0.26999624164010333 0.760127761378644
    outer loop
      vertex -50.14411926269531 20.488052368164062 1.4976511001586914
      vertex -49.77980041503906 20.59142303466797 1.7442030906677246
      vertex -50.06702423095703 20.682838439941406 1.4884071350097656
    endloop
  endfacet
  facet normal -8.720918022797447e-8 -0.8205277912824916 0.5716066337378077
    outer loop
      vertex -50.116844177246094 -19.265758514404297 2.6475539207458496
      vertex -50.11347961425781 -19.2728271484375 2.637407064437866
      vertex 39.61810302734375 -19.272777557373047 2.6374919414520264
    endloop
  endfacet
  facet normal -0.000009176007760888894 -0.8567132428578614 0.5157930005610467
    outer loop
      vertex -50.116844177246094 -19.265758514404297 2.6475539207458496
      vertex 39.61810302734375 -19.272777557373047 2.6374919414520264
      vertex 39.61810302734375 -19.163490295410156 2.819014072418213
    endloop
  endfacet
  facet normal 0.00001742302923763509 -0.7729886368564678 0.6344198664821411
    outer loop
      vertex -50.11347961425781 -19.2728271484375 2.637407064437866
      vertex -50.04541778564453 -19.41457748413086 2.464694023132324
      vertex 39.61810302734375 -19.286468505859375 2.6183218955993652
    endloop
  endfacet
  facet normal -1.0000145166867984e-7 -0.8137724485898827 0.5811836215139037
    outer loop
      vertex -50.11347961425781 -19.2728271484375 2.637407064437866
      vertex 39.61810302734375 -19.286468505859375 2.6183218955993652
      vertex 39.61810302734375 -19.272777557373047 2.6374919414520264
    endloop
  endfacet
  facet normal 3.6546112583340265e-7 0.8567052871932581 0.5158062144788327
    outer loop
      vertex -50.113365173339844 19.2730712890625 2.6370739936828613
      vertex 39.61810302734375 19.163490295410156 2.819014072418213
      vertex 39.61810302734375 19.272781372070312 2.6374919414520264
    endloop
  endfacet
  facet normal -2.2387407289635004e-7 0.7985179080392073 0.601971054570432
    outer loop
      vertex -50.113365173339844 19.2730712890625 2.6370739936828613
      vertex 39.61810302734375 19.272781372070312 2.6374919414520264
      vertex -50.08484649658203 19.332687377929688 2.557992935180664
    endloop
  endfacet
  facet normal 0.000028532520047696513 0.8138490356109582 0.5810763688371854
    outer loop
      vertex -50.08484649658203 19.332687377929688 2.557992935180664
      vertex 39.61810302734375 19.272781372070312 2.6374919414520264
      vertex 39.61810302734375 19.286468505859375 2.6183218955993652
    endloop
  endfacet
  facet normal -0.00006651990381083264 0.7436180938514352 0.6686046111655679
    outer loop
      vertex -50.08484649658203 19.332687377929688 2.557992935180664
      vertex 39.61810302734375 19.286468505859375 2.6183218955993652
      vertex -50.03326416015625 19.439674377441406 2.4390077590942383
    endloop
  endfacet
  facet normal -0.5507209791994351 -0.44922486891140684 0.7034937243651465
    outer loop
      vertex -50.075035095214844 -19.927837371826172 1.8727092742919922
      vertex -49.93170928955078 -20.25428009033203 1.7764558792114258
      vertex -49.700469970703125 -20.104618072509766 2.0530471801757812
    endloop
  endfacet
  facet normal -0.5206292346896922 -0.58090464242738 0.6256956100155593
    outer loop
      vertex -50.075035095214844 -19.927837371826172 1.8727092742919922
      vertex -49.824440002441406 -19.861797332763672 2.1425371170043945
      vertex -49.86779022216797 -19.775550842285156 2.1865386962890625
    endloop
  endfacet
  facet normal -0.5472425603667 -0.5391473391369085 0.6401919452983537
    outer loop
      vertex -50.075035095214844 -19.927837371826172 1.8727092742919922
      vertex -49.75053405761719 -20.007198333740234 2.083261013031006
      vertex -49.824440002441406 -19.861797332763672 2.1425371170043945
    endloop
  endfacet
  facet normal -0.555193649777729 -0.4930529695103227 0.6698199612608878
    outer loop
      vertex -50.075035095214844 -19.927837371826172 1.8727092742919922
      vertex -49.700469970703125 -20.104618072509766 2.0530471801757812
      vertex -49.75053405761719 -20.007198333740234 2.083261013031006
    endloop
  endfacet
  facet normal -0.5241496671113228 0.5751488987706695 0.6280691607697163
    outer loop
      vertex -50.074424743652344 19.92925262451172 1.8721437454223633
      vertex -49.85236358642578 19.806320190429688 2.170037269592285
      vertex -49.82439422607422 19.86187744140625 2.142502784729004
    endloop
  endfacet
  facet normal -0.5412105494022555 0.5486464696721757 0.6372426480799657
    outer loop
      vertex -50.074424743652344 19.92925262451172 1.8721437454223633
      vertex -49.82439422607422 19.86187744140625 2.142502784729004
      vertex -49.77830505371094 19.952789306640625 2.1033740043640137
    endloop
  endfacet
  facet normal -0.5709875229606562 0.45219859732830187 0.6851931677983735
    outer loop
      vertex -50.074424743652344 19.92925262451172 1.8721437454223633
      vertex -49.77830505371094 19.952789306640625 2.1033740043640137
      vertex -49.93122863769531 20.25537109375 1.7762479782104492
    endloop
  endfacet
  facet normal -0.6121197382749112 -0.2099876196183567 0.7623743343143645
    outer loop
      vertex -50.06702423095703 -20.682838439941406 1.4884071350097656
      vertex -49.643653869628906 -23.774349212646484 0.976813793182373
      vertex -49.77980041503906 -20.591419219970703 1.7442030906677246
    endloop
  endfacet
  facet normal -0.6121171530255383 0.2100004354458747 0.7623728799507842
    outer loop
      vertex -50.06702423095703 20.682838439941406 1.4884071350097656
      vertex -49.77980041503906 20.59142303466797 1.7442030906677246
      vertex -48.512184143066406 23.357688903808594 2
    endloop
  endfacet
  facet normal -0.6121002138532045 0.2099872955984262 0.7623900995475483
    outer loop
      vertex -50.06702423095703 20.682838439941406 1.4884071350097656
      vertex -48.512184143066406 23.357688903808594 2
      vertex -49.643653869628906 23.77435302734375 0.976813793182373
    endloop
  endfacet
  facet normal 2.8114685119214656e-8 -0.7153699587096731 0.698745892421358
    outer loop
      vertex -50.04541778564453 -19.41457748413086 2.464694023132324
      vertex -50.03334045410156 -19.439510345458984 2.4391679763793945
      vertex 39.61810302734375 -19.43933868408203 2.439340114593506
    endloop
  endfacet
  facet normal -0.00002634195865004968 -0.7603948538055516 0.6494610578103471
    outer loop
      vertex -50.04541778564453 -19.41457748413086 2.464694023132324
      vertex 39.61810302734375 -19.43933868408203 2.439340114593506
      vertex 39.61810302734375 -19.286468505859375 2.6183218955993652
    endloop
  endfacet
  facet normal -0.00005496905448792179 -0.6651830880936381 0.7466802905478451
    outer loop
      vertex -50.03334045410156 -19.439510345458984 2.4391679763793945
      vertex -49.970550537109375 -19.568260192871094 2.3244752883911133
      vertex 39.61810302734375 -19.61832046508789 2.2864742279052734
    endloop
  endfacet
  facet normal -2.164939186911457e-7 -0.6494505158903924 0.7604038580975615
    outer loop
      vertex -50.03334045410156 -19.439510345458984 2.4391679763793945
      vertex 39.61810302734375 -19.61832046508789 2.2864742279052734
      vertex 39.61810302734375 -19.43933868408203 2.439340114593506
    endloop
  endfacet
  facet normal 4.395643931819868e-7 0.7603948540692967 0.6494610580356145
    outer loop
      vertex -50.03326416015625 19.439674377441406 2.4390077590942383
      vertex 39.61810302734375 19.286468505859375 2.6183218955993652
      vertex 39.61810302734375 19.43933868408203 2.439340114593506
    endloop
  endfacet
  facet normal -1.097964115504522e-7 0.6886044281605341 0.7251371880669836
    outer loop
      vertex -50.03326416015625 19.439674377441406 2.4390077590942383
      vertex 39.61810302734375 19.43933868408203 2.439340114593506
      vertex -50.00621795654297 19.49530792236328 2.3861770629882812
    endloop
  endfacet
  facet normal -0.00004548932901794805 0.6494425116706842 0.7604106929584789
    outer loop
      vertex -50.00621795654297 19.49530792236328 2.3861770629882812
      vertex 39.61810302734375 19.43933868408203 2.439340114593506
      vertex 39.61810302734375 19.618324279785156 2.2864742279052734
    endloop
  endfacet
  facet normal 0.000014217645250336256 0.623376843425623 0.7819215503351757
    outer loop
      vertex -50.00621795654297 19.49530792236328 2.3861770629882812
      vertex 39.61810302734375 19.618324279785156 2.2864742279052734
      vertex -49.93621063232422 19.637977600097656 2.2724342346191406
    endloop
  endfacet
  facet normal 2.1613337040158484e-7 -0.5981803367783727 0.8013615193479569
    outer loop
      vertex -49.970550537109375 -19.568260192871094 2.3244752883911133
      vertex -49.93623352050781 -19.637939453125 2.272462844848633
      vertex 39.61810302734375 -19.637489318847656 2.2727746963500977
    endloop
  endfacet
  facet normal 0.00002019825354402845 -0.5814487627234456 0.8135830233721724
    outer loop
      vertex -49.970550537109375 -19.568260192871094 2.3244752883911133
      vertex 39.61810302734375 -19.637489318847656 2.2727746963500977
      vertex 39.61810302734375 -19.61832046508789 2.2864742279052734
    endloop
  endfacet
  facet normal -0.7121780175080878 -0.1964107424795011 0.6739623814553012
    outer loop
      vertex -49.970359802246094 -18.226787567138672 10.85254955291748
      vertex -49.62492370605469 -18.209400177001953 11.222640037536621
      vertex -49.83494567871094 -17.44786834716797 11.222640037536621
    endloop
  endfacet
  facet normal -0.38171705777789694 -0.8353706344428842 0.3955350691302591
    outer loop
      vertex -49.970359802246094 -18.226787567138672 10.85254955291748
      vertex -49.0804443359375 -19 10.078350067138672
      vertex -49.62492370605469 -18.209400177001953 11.222640037536621
    endloop
  endfacet
  facet normal -0.37969752687790753 0.8352134498976964 0.39780432525651216
    outer loop
      vertex -49.966468811035156 18.226593017578125 10.857080459594727
      vertex -49.58392333984375 18.20732879638672 11.262660026550293
      vertex -49.077293395996094 19 10.08197021484375
    endloop
  endfacet
  facet normal -0.000038740158538273464 -0.5296449902770719 0.8482194190028901
    outer loop
      vertex -49.93623352050781 -19.637939453125 2.272462844848633
      vertex -49.86779022216797 -19.775550842285156 2.1865386962890625
      vertex 39.61810302734375 -19.819007873535156 2.1634902954101562
    endloop
  endfacet
  facet normal -3.9074339783568933e-7 -0.515790548410994 0.8567147192442379
    outer loop
      vertex -49.93623352050781 -19.637939453125 2.272462844848633
      vertex 39.61810302734375 -19.819007873535156 2.1634902954101562
      vertex 39.61810302734375 -19.637489318847656 2.2727746963500977
    endloop
  endfacet
  facet normal 7.785985489275467e-8 0.5815253616018077 0.8135282747476456
    outer loop
      vertex -49.93621063232422 19.637977600097656 2.2724342346191406
      vertex 39.61810302734375 19.618324279785156 2.2864742279052734
      vertex 39.61810302734375 19.637489318847656 2.2727746963500977
    endloop
  endfacet
  facet normal -1.6500633729716448e-7 0.5514165748276159 0.8342300408192893
    outer loop
      vertex -49.93621063232422 19.637977600097656 2.2724342346191406
      vertex 39.61810302734375 19.637489318847656 2.2727746963500977
      vertex -49.90123748779297 19.708518981933594 2.2258071899414062
    endloop
  endfacet
  facet normal -0.5703716577039649 -0.32899943165797174 0.7526191241635855
    outer loop
      vertex -49.93170928955078 -20.25428009033203 1.7764558792114258
      vertex -49.77980041503906 -20.591419219970703 1.7442030906677246
      vertex -49.56755065917969 -20.359050750732422 2.006633758544922
    endloop
  endfacet
  facet normal -0.5502778365899679 -0.4498326613752764 0.7034521158671004
    outer loop
      vertex -49.93170928955078 -20.25428009033203 1.7764558792114258
      vertex -49.643798828125 -20.213809967041016 2.0275540351867676
      vertex -49.700469970703125 -20.104618072509766 2.0530471801757812
    endloop
  endfacet
  facet normal -0.5623515000742276 -0.4197401893000602 0.7124457620413048
    outer loop
      vertex -49.93170928955078 -20.25428009033203 1.7764558792114258
      vertex -49.616943359375 -20.265159606933594 2.0184988975524902
      vertex -49.643798828125 -20.213809967041016 2.0275540351867676
    endloop
  endfacet
  facet normal -0.5695104019018926 -0.39097116726303144 0.7230487179260656
    outer loop
      vertex -49.93170928955078 -20.25428009033203 1.7764558792114258
      vertex -49.56755065917969 -20.359050750732422 2.006633758544922
      vertex -49.616943359375 -20.265159606933594 2.0184988975524902
    endloop
  endfacet
  facet normal -0.5149452675076596 0.4957818962057186 0.699308002861491
    outer loop
      vertex -49.93122863769531 20.25537109375 1.7762479782104492
      vertex -49.77830505371094 19.952789306640625 2.1033740043640137
      vertex -49.70042419433594 20.104698181152344 2.053025245666504
    endloop
  endfacet
  facet normal -0.5512440522731121 0.4482532856023843 0.7037037635114548
    outer loop
      vertex -49.93122863769531 20.25537109375 1.7762479782104492
      vertex -49.70042419433594 20.104698181152344 2.053025245666504
      vertex -49.639244079589844 20.22254180908203 2.0258851051330566
    endloop
  endfacet
  facet normal -0.5899870228260504 0.3358686356882488 0.7342394517170594
    outer loop
      vertex -49.93122863769531 20.25537109375 1.7762479782104492
      vertex -49.639244079589844 20.22254180908203 2.0258851051330566
      vertex -49.77980041503906 20.59142303466797 1.7442030906677246
    endloop
  endfacet
  facet normal -0.00004022957683046456 0.5157905479936509 0.8567147185510418
    outer loop
      vertex -49.90123748779297 19.708518981933594 2.2258071899414062
      vertex 39.61810302734375 19.637489318847656 2.2727746963500977
      vertex 39.61810302734375 19.819007873535156 2.1634902954101562
    endloop
  endfacet
  facet normal -0.000006680590455607244 0.4953613003152088 0.8686870449738474
    outer loop
      vertex -49.90123748779297 19.708518981933594 2.2258071899414062
      vertex 39.61810302734375 19.819007873535156 2.1634902954101562
      vertex -49.85236358642578 19.806320190429688 2.170037269592285
    endloop
  endfacet
  facet normal 1.6156144590932296e-7 -0.45445608201368015 0.8907691449083479
    outer loop
      vertex -49.86779022216797 -19.775550842285156 2.1865386962890625
      vertex -49.824440002441406 -19.861797332763672 2.1425371170043945
      vertex 39.61810302734375 -19.861328125 2.1427602767944336
    endloop
  endfacet
  facet normal 0.000017678237396272012 -0.4398970939989467 0.8980481871140111
    outer loop
      vertex -49.86779022216797 -19.775550842285156 2.1865386962890625
      vertex 39.61810302734375 -19.861328125 2.1427602767944336
      vertex 39.61810302734375 -19.819007873535156 2.1634902954101562
    endloop
  endfacet
  facet normal 0.0000025927983323127625 0.44405988246240824 0.8959971098060248
    outer loop
      vertex -49.85236358642578 19.806320190429688 2.170037269592285
      vertex 39.61810302734375 19.819007873535156 2.1634902954101562
      vertex -49.82439422607422 19.86187744140625 2.142502784729004
    endloop
  endfacet
  facet normal -0.5455215985053091 0.6392462525512379 0.5420059170926192
    outer loop
      vertex -49.83494567871094 -17.44786834716797 11.222640037536621
      vertex -49.77093505859375 -17.445819854736328 11.284649848937988
      vertex -49.230224609375 -16.5 10.713359832763672
    endloop
  endfacet
  facet normal -0.680331164416606 -0.18762773611373315 0.7084810084712082
    outer loop
      vertex -49.83494567871094 -17.44786834716797 11.222640037536621
      vertex -49.62492370605469 -18.209400177001953 11.222640037536621
      vertex -49.77093505859375 -17.445819854736328 11.284649848937988
    endloop
  endfacet
  facet normal -0.5550711972705604 0.6397539322530229 0.5316115801291588
    outer loop
      vertex -49.83494567871094 -17.44786834716797 11.222640037536621
      vertex -49.230224609375 -16.5 10.713359832763672
      vertex -49.58818817138672 -16.5 10.339599609375
    endloop
  endfacet
  facet normal -0.000021622639614207668 -0.3775174595410392 0.9260024661274618
    outer loop
      vertex -49.824440002441406 -19.861797332763672 2.1425371170043945
      vertex -49.75053405761719 -20.007198333740234 2.083261013031006
      vertex 39.61810302734375 -20.036468505859375 2.0734148025512695
    endloop
  endfacet
  facet normal -3.8857851646861115e-7 -0.36813598916559565 0.929771957783691
    outer loop
      vertex -49.824440002441406 -19.861797332763672 2.1425371170043945
      vertex 39.61810302734375 -20.036468505859375 2.0734148025512695
      vertex 39.61810302734375 -19.861328125 2.1427602767944336
    endloop
  endfacet
  facet normal 1.1630274825733973e-7 0.43989709406768207 0.8980481872543341
    outer loop
      vertex -49.82439422607422 19.86187744140625 2.142502784729004
      vertex 39.61810302734375 19.819007873535156 2.1634902954101562
      vertex 39.61810302734375 19.861328125 2.1427602767944336
    endloop
  endfacet
  facet normal -2.163212249404488e-7 0.3953405741287602 0.9185346103699605
    outer loop
      vertex -49.82439422607422 19.86187744140625 2.142502784729004
      vertex 39.61810302734375 19.861328125 2.1427602767944336
      vertex -49.77830505371094 19.952789306640625 2.1033740043640137
    endloop
  endfacet
  facet normal -0.6774289829708894 0.18701776560517264 0.7114171268525065
    outer loop
      vertex -49.793853759765625 17.446563720703125 11.262649536132812
      vertex -49.774200439453125 17.44593048095703 11.281530380249023
      vertex -49.55744934082031 18.20599365234375 11.28812026977539
    endloop
  endfacet
  facet normal -0.5558639122441226 -0.6392162068529047 0.5314301007293837
    outer loop
      vertex -49.793853759765625 17.446563720703125 11.262649536132812
      vertex -49.59169006347656 16.5 10.335559844970703
      vertex -49.23307800292969 16.5 10.710659980773926
    endloop
  endfacet
  facet normal -0.6760986994996188 0.18655720515894736 0.7128021869622783
    outer loop
      vertex -49.793853759765625 17.446563720703125 11.262649536132812
      vertex -49.55744934082031 18.20599365234375 11.28812026977539
      vertex -49.58392333984375 18.20732879638672 11.262660026550293
    endloop
  endfacet
  facet normal -0.5433729056961911 -0.6392422913401402 0.5441646610332991
    outer loop
      vertex -49.793853759765625 17.446563720703125 11.262649536132812
      vertex -49.23307800292969 16.5 10.710659980773926
      vertex -49.774200439453125 17.44593048095703 11.281530380249023
    endloop
  endfacet
  facet normal -0.6120996997650955 -0.2099904532391428 0.7623896425686143
    outer loop
      vertex -49.77980041503906 -20.591419219970703 1.7442030906677246
      vertex -49.643653869628906 -23.774349212646484 0.976813793182373
      vertex -48.512184143066406 -23.357690811157227 2
    endloop
  endfacet
  facet normal -0.5645377891302099 -0.33586805183398394 0.7539825836192897
    outer loop
      vertex -49.77980041503906 -20.591419219970703 1.7442030906677246
      vertex -49.4925537109375 -20.5 2
      vertex -49.56755065917969 -20.359050750732422 2.006633758544922
    endloop
  endfacet
  facet normal -0.6120930387096047 -0.20998681365869584 0.7623959929411424
    outer loop
      vertex -49.77980041503906 -20.591419219970703 1.7442030906677246
      vertex -48.512184143066406 -23.357690811157227 2
      vertex -49.4925537109375 -20.5 2
    endloop
  endfacet
  facet normal -0.5232923142904354 0.3822009957683864 0.7616347895403768
    outer loop
      vertex -49.77980041503906 20.59142303466797 1.7442030906677246
      vertex -49.639244079589844 20.22254180908203 2.0258851051330566
      vertex -49.56748962402344 20.359161376953125 2.006627082824707
    endloop
  endfacet
  facet normal -0.5645413359382939 0.33585354441172094 0.7539863902770996
    outer loop
      vertex -49.77980041503906 20.59142303466797 1.7442030906677246
      vertex -49.56748962402344 20.359161376953125 2.006627082824707
      vertex -49.4925537109375 20.5 2
    endloop
  endfacet
  facet normal -0.6120915359699636 0.20998643827768454 0.7623973028109312
    outer loop
      vertex -49.77980041503906 20.59142303466797 1.7442030906677246
      vertex -49.4925537109375 20.5 2
      vertex -48.512184143066406 23.357688903808594 2
    endloop
  endfacet
  facet normal -0.00003300019671513758 0.368135988965171 0.9297719572774944
    outer loop
      vertex -49.77830505371094 19.952789306640625 2.1033740043640137
      vertex 39.61810302734375 19.861328125 2.1427602767944336
      vertex 39.61810302734375 20.036468505859375 2.0734148025512695
    endloop
  endfacet
  facet normal 0.00002363166374904382 0.31459937513973457 0.9492245427733277
    outer loop
      vertex -49.77830505371094 19.952789306640625 2.1033740043640137
      vertex 39.61810302734375 20.036468505859375 2.0734148025512695
      vertex -49.70042419433594 20.104698181152344 2.053025245666504
    endloop
  endfacet
  facet normal -0.6411182281120715 0.1789913357364188 0.7462771062505739
    outer loop
      vertex -49.774200439453125 17.44593048095703 11.281530380249023
      vertex -49.32501983642578 17.431488037109375 11.670880317687988
      vertex -49.10478973388672 18.182960510253906 11.679840087890625
    endloop
  endfacet
  facet normal -0.5153139347738968 -0.6392587486559086 0.5707887533008387
    outer loop
      vertex -49.774200439453125 17.44593048095703 11.281530380249023
      vertex -49.23307800292969 16.5 10.710659980773926
      vertex -49.32501983642578 17.431488037109375 11.670880317687988
    endloop
  endfacet
  facet normal -0.6390578468099306 0.1757510681944815 0.7488101431331937
    outer loop
      vertex -49.774200439453125 17.44593048095703 11.281530380249023
      vertex -49.10478973388672 18.182960510253906 11.679840087890625
      vertex -49.55744934082031 18.20599365234375 11.28812026977539
    endloop
  endfacet
  facet normal -0.6793693510247792 -0.18752101329034024 0.7094315713743885
    outer loop
      vertex -49.77093505859375 -17.445819854736328 11.284649848937988
      vertex -49.62492370605469 -18.209400177001953 11.222640037536621
      vertex -49.560699462890625 -18.206157684326172 11.28499984741211
    endloop
  endfacet
  facet normal -0.6405564202469873 -0.1767717003271343 0.7472879220513463
    outer loop
      vertex -49.77093505859375 -17.445819854736328 11.284649848937988
      vertex -49.560699462890625 -18.206157684326172 11.28499984741211
      vertex -49.317535400390625 -17.43124771118164 11.676739692687988
    endloop
  endfacet
  facet normal -0.5113623467772527 0.6454779569361329 0.5673330216090162
    outer loop
      vertex -49.77093505859375 -17.445819854736328 11.284649848937988
      vertex -49.317535400390625 -17.43124771118164 11.676739692687988
      vertex -48.83386993408203 -16.5 11.053170204162598
    endloop
  endfacet
  facet normal -0.5006766900061187 0.6389676079649655 0.5839890821377116
    outer loop
      vertex -49.77093505859375 -17.445819854736328 11.284649848937988
      vertex -48.83386993408203 -16.5 11.053170204162598
      vertex -49.230224609375 -16.5 10.713359832763672
    endloop
  endfacet
  facet normal 1.676863267834163e-7 -0.2962213547175727 0.9551193166349731
    outer loop
      vertex -49.75053405761719 -20.007198333740234 2.083261013031006
      vertex -49.700469970703125 -20.104618072509766 2.0530471801757812
      vertex 39.61810302734375 -20.104190826416016 2.053164005279541
    endloop
  endfacet
  facet normal 0.000011724451131980209 -0.2864924626344526 0.958082495777991
    outer loop
      vertex -49.75053405761719 -20.007198333740234 2.083261013031006
      vertex 39.61810302734375 -20.104190826416016 2.053164005279541
      vertex 39.61810302734375 -20.036468505859375 2.0734148025512695
    endloop
  endfacet
  facet normal -1.8616834991129593e-7 -0.22735688001354912 0.9738115059447953
    outer loop
      vertex -49.700469970703125 -20.104618072509766 2.0530471801757812
      vertex -49.643798828125 -20.213809967041016 2.0275540351867676
      vertex 39.61810302734375 -20.104190826416016 2.053164005279541
    endloop
  endfacet
  facet normal 1.2661646549522183e-7 0.2864776502412962 0.9580869250293573
    outer loop
      vertex -49.70042419433594 20.104698181152344 2.053025245666504
      vertex 39.61810302734375 20.036468505859375 2.0734148025512695
      vertex 39.61810302734375 20.10419464111328 2.053164005279541
    endloop
  endfacet
  facet normal -2.4865675841456407e-7 0.2244313789853569 0.9744898953435429
    outer loop
      vertex -49.70042419433594 20.104698181152344 2.053025245666504
      vertex 39.61810302734375 20.10419464111328 2.053164005279541
      vertex -49.639244079589844 20.22254180908203 2.0258851051330566
    endloop
  endfacet
  facet normal -0.00006923450940707415 -0.1736983728005415 0.9847988985031546
    outer loop
      vertex -49.643798828125 -20.213809967041016 2.0275540351867676
      vertex -49.616943359375 -20.265159606933594 2.0184988975524902
      vertex 39.61810302734375 -20.104190826416016 2.053164005279541
    endloop
  endfacet
  facet normal -0.5991292193927311 -0.23521997307823503 0.7653206796728615
    outer loop
      vertex -49.643653869628906 -23.774349212646484 0.976813793182373
      vertex -48.57355499267578 -26.5 0.976813793182373
      vertex -48.28845977783203 -26.5 1.1999998092651367
    endloop
  endfacet
  facet normal -0.6021663887608129 -0.23696990018915748 0.7623915704223797
    outer loop
      vertex -49.643653869628906 -23.774349212646484 0.976813793182373
      vertex -48.28845977783203 -26.5 1.1999998092651367
      vertex -48.512184143066406 -23.357690811157227 2
    endloop
  endfacet
  facet normal -0.9308317838374803 0.3654479308984174 0
    outer loop
      vertex -49.643653869628906 23.77435302734375 0.976813793182373
      vertex -48.57355499267578 26.5 0.976813793182373
      vertex -48.57355499267578 26.5 0
    endloop
  endfacet
  facet normal -0.6021657091850168 0.2369698486941813 0.7623921231830525
    outer loop
      vertex -49.643653869628906 23.77435302734375 0.976813793182373
      vertex -48.512184143066406 23.357688903808594 2
      vertex -48.28845977783203 26.5 1.1999998092651367
    endloop
  endfacet
  facet normal -0.5991291729989662 0.2352202840675454 0.7653206204100071
    outer loop
      vertex -49.643653869628906 23.77435302734375 0.976813793182373
      vertex -48.28845977783203 26.5 1.1999998092651367
      vertex -48.57355499267578 26.5 0.976813793182373
    endloop
  endfacet
  facet normal -0.0000196991346025659 0.21047837607629977 0.9775985131004586
    outer loop
      vertex -49.639244079589844 20.22254180908203 2.0258851051330566
      vertex 39.61810302734375 20.10419464111328 2.053164005279541
      vertex 39.61810302734375 20.265350341796875 2.0184669494628906
    endloop
  endfacet
  facet normal 0.000015355876985734553 0.13957311361008884 0.9902117681190132
    outer loop
      vertex -49.639244079589844 20.22254180908203 2.0258851051330566
      vertex 39.61810302734375 20.265350341796875 2.0184669494628906
      vertex -49.56748962402344 20.359161376953125 2.006627082824707
    endloop
  endfacet
  facet normal -0.4001185092505052 -0.8319448970476258 0.38441236560699865
    outer loop
      vertex -49.62492370605469 -18.209400177001953 11.222640037536621
      vertex -49.0804443359375 -19 10.078350067138672
      vertex -48.74845886230469 -19 10.42389965057373
    endloop
  endfacet
  facet normal -0.36606299635934914 -0.8303283686865364 0.42018172598385406
    outer loop
      vertex -49.62492370605469 -18.209400177001953 11.222640037536621
      vertex -48.74845886230469 -19 10.42389965057373
      vertex -49.560699462890625 -18.206157684326172 11.28499984741211
    endloop
  endfacet
  facet normal 8.721687104194654e-8 -0.1253740540566422 0.9921095436338644
    outer loop
      vertex -49.616943359375 -20.265159606933594 2.0184988975524902
      vertex -49.56755065917969 -20.359050750732422 2.006633758544922
      vertex 39.61810302734375 -20.265350341796875 2.0184669494628906
    endloop
  endfacet
  facet normal -9.987352329936884e-8 -0.21047361473149878 0.9775995384112284
    outer loop
      vertex -49.616943359375 -20.265159606933594 2.0184988975524902
      vertex 39.61810302734375 -20.265350341796875 2.0184669494628906
      vertex 39.61810302734375 -20.104190826416016 2.053164005279541
    endloop
  endfacet
  facet normal -0.36406191847330094 0.8302373566101374 0.4220957843979858
    outer loop
      vertex -49.58392333984375 18.20732879638672 11.262660026550293
      vertex -49.55744934082031 18.20599365234375 11.28812026977539
      vertex -48.745826721191406 19 10.426389694213867
    endloop
  endfacet
  facet normal -0.400898758454313 0.8309161485347744 0.38582190136632605
    outer loop
      vertex -49.58392333984375 18.20732879638672 11.262660026550293
      vertex -48.745826721191406 19 10.426389694213867
      vertex -49.077293395996094 19 10.08197021484375
    endloop
  endfacet
  facet normal 0 -0.047012832889429666 0.9988942854695438
    outer loop
      vertex -49.56755065917969 -20.359050750732422 2.006633758544922
      vertex -49.4925537109375 -20.5 2
      vertex -46.887229919433594 -20.5 2
    endloop
  endfacet
  facet normal 0 -0.047012832889429666 0.9988942854695438
    outer loop
      vertex -49.56755065917969 -20.359050750732422 2.006633758544922
      vertex -46.887229919433594 -20.5 2
      vertex -21.88189697265625 -20.5 2
    endloop
  endfacet
  facet normal -0.00006886842898439821 -0.06050597579104448 0.9981678326567698
    outer loop
      vertex -49.56755065917969 -20.359050750732422 2.006633758544922
      vertex -21.88189697265625 -20.5 2
      vertex 39.61810302734375 -20.265350341796875 2.0184669494628906
    endloop
  endfacet
  facet normal 0 0.047002436278454914 0.9988947747304967
    outer loop
      vertex -49.56748962402344 20.359161376953125 2.006627082824707
      vertex -46.887229919433594 20.5 2
      vertex -49.4925537109375 20.5 2
    endloop
  endfacet
  facet normal 0 0.047002436278454914 0.9988947747304967
    outer loop
      vertex -49.56748962402344 20.359161376953125 2.006627082824707
      vertex -21.88189697265625 20.5 2
      vertex -46.887229919433594 20.5 2
    endloop
  endfacet
  facet normal -0.00006886802830731295 0.060506080307048876 0.9981678263213414
    outer loop
      vertex -49.56748962402344 20.359161376953125 2.006627082824707
      vertex 39.61810302734375 20.265350341796875 2.0184669494628906
      vertex -21.88189697265625 20.5 2
    endloop
  endfacet
  facet normal -0.6397106882798833 -0.17733565906868726 0.7478785324657691
    outer loop
      vertex -49.560699462890625 -18.206157684326172 11.28499984741211
      vertex -49.1123046875 -18.183349609375 11.6739501953125
      vertex -49.317535400390625 -17.43124771118164 11.676739692687988
    endloop
  endfacet
  facet normal -0.3415254455733455 -0.8292687761916476 0.4423501631734015
    outer loop
      vertex -49.560699462890625 -18.206157684326172 11.28499984741211
      vertex -48.74845886230469 -19 10.42389965057373
      vertex -49.1123046875 -18.183349609375 11.6739501953125
    endloop
  endfacet
  facet normal -0.3462583238210647 0.8239458624982132 0.4485737273366579
    outer loop
      vertex -49.55744934082031 18.20599365234375 11.28812026977539
      vertex -49.10478973388672 18.182960510253906 11.679840087890625
      vertex -48.378929138183594 19 10.73939037322998
    endloop
  endfacet
  facet normal -0.3618314093738852 0.8301723350714166 0.42413668230015117
    outer loop
      vertex -49.55744934082031 18.20599365234375 11.28812026977539
      vertex -48.378929138183594 19 10.73939037322998
      vertex -48.745826721191406 19 10.426389694213867
    endloop
  endfacet
  facet normal 0 0 1
    outer loop
      vertex -49.4925537109375 -20.5 2
      vertex -48.512184143066406 -23.357690811157227 2
      vertex -46.887229919433594 -20.5 2
    endloop
  endfacet
  facet normal 0 0 1
    outer loop
      vertex -49.4925537109375 20.5 2
      vertex -46.887229919433594 20.5 2
      vertex -48.512184143066406 23.357688903808594 2
    endloop
  endfacet
  facet normal -0.4975230763373657 -0.6459490705950159 0.5789823716739905
    outer loop
      vertex -49.32501983642578 17.431488037109375 11.670880317687988
      vertex -49.23307800292969 16.5 10.710659980773926
      vertex -48.84040069580078 16.5 11.048089981079102
    endloop
  endfacet
  facet normal -0.5778746481261272 0.1611960735766542 0.8000479466360592
    outer loop
      vertex -49.32501983642578 17.431488037109375 11.670880317687988
      vertex -48.971153259277344 17.420013427734375 11.928790092468262
      vertex -48.76323699951172 18.165428161621094 11.928779602050781
    endloop
  endfacet
  facet normal -0.462992237372747 -0.646377661024914 0.6064932872345241
    outer loop
      vertex -49.32501983642578 17.431488037109375 11.670880317687988
      vertex -48.84040069580078 16.5 11.048089981079102
      vertex -48.971153259277344 17.420013427734375 11.928790092468262
    endloop
  endfacet
  facet normal -0.5761304305157109 0.15928505305859467 0.8016869706474606
    outer loop
      vertex -49.32501983642578 17.431488037109375 11.670880317687988
      vertex -48.76323699951172 18.165428161621094 11.928779602050781
      vertex -49.10478973388672 18.182960510253906 11.679840087890625
    endloop
  endfacet
  facet normal -0.5809835911570526 -0.1614953371541867 0.7977326136517863
    outer loop
      vertex -49.317535400390625 -17.43124771118164 11.676739692687988
      vertex -49.1123046875 -18.183349609375 11.6739501953125
      vertex -49.01878356933594 -17.421558380126953 11.896280288696289
    endloop
  endfacet
  facet normal -0.46527271667870634 0.6465025269040005 0.6046120920236033
    outer loop
      vertex -49.317535400390625 -17.43124771118164 11.676739692687988
      vertex -49.01878356933594 -17.421558380126953 11.896280288696289
      vertex -48.83386993408203 -16.5 11.053170204162598
    endloop
  endfacet
  facet normal -0.5801996204643707 -0.1617433881955838 0.7982527649736095
    outer loop
      vertex -49.1123046875 -18.183349609375 11.6739501953125
      vertex -48.81074523925781 -18.167877197265625 11.896269798278809
      vertex -49.01878356933594 -17.421558380126953 11.896280288696289
    endloop
  endfacet
  facet normal -0.36847367907166934 -0.8237442687339395 0.43089735153441805
    outer loop
      vertex -49.1123046875 -18.183349609375 11.6739501953125
      vertex -48.74845886230469 -19 10.42389965057373
      vertex -48.38501739501953 -19 10.734689712524414
    endloop
  endfacet
  facet normal -0.30899793429959027 -0.8231318690622254 0.47641809656300166
    outer loop
      vertex -49.1123046875 -18.183349609375 11.6739501953125
      vertex -48.38501739501953 -19 10.734689712524414
      vertex -48.81074523925781 -18.167877197265625 11.896269798278809
    endloop
  endfacet
  facet normal -0.3064487746705962 0.8229269521937767 0.47841444361134416
    outer loop
      vertex -49.10478973388672 18.182960510253906 11.679840087890625
      vertex -48.76323699951172 18.165428161621094 11.928779602050781
      vertex -48.378929138183594 19 10.73939037322998
    endloop
  endfacet
  facet normal -0.432755782949365 0.6537185890931476 0.6207853401925231
    outer loop
      vertex -49.01878356933594 -17.421558380126953 11.896280288696289
      vertex -48.8306884765625 -17.415420532226562 12.020939826965332
      vertex -48.40819549560547 -16.5 11.351479530334473
    endloop
  endfacet
  facet normal -0.542644260502378 -0.15127512621619366 0.8262282025760812
    outer loop
      vertex -49.01878356933594 -17.421558380126953 11.896280288696289
      vertex -48.81074523925781 -18.167877197265625 11.896269798278809
      vertex -48.8306884765625 -17.415420532226562 12.020939826965332
    endloop
  endfacet
  facet normal -0.43418141806684646 0.6539375912482979 0.6195580061284305
    outer loop
      vertex -49.01878356933594 -17.421558380126953 11.896280288696289
      vertex -48.40819549560547 -16.5 11.351479530334473
      vertex -48.83386993408203 -16.5 11.053170204162598
    endloop
  endfacet
  facet normal -0.4349353714322439 -0.6541625965330194 0.6187911763868922
    outer loop
      vertex -48.971153259277344 17.420013427734375 11.928790092468262
      vertex -48.84040069580078 16.5 11.048089981079102
      vertex -48.41382598876953 16.5 11.347920417785645
    endloop
  endfacet
  facet normal -0.5392906114629719 0.15094603609975402 0.8284810985011459
    outer loop
      vertex -48.971153259277344 17.420013427734375 11.928790092468262
      vertex -48.837127685546875 17.415634155273438 12.016830444335938
      vertex -48.61927795410156 18.158004760742188 12.023380279541016
    endloop
  endfacet
  facet normal -0.537552841788288 0.14994965360491674 0.8297903612775346
    outer loop
      vertex -48.971153259277344 17.420013427734375 11.928790092468262
      vertex -48.61927795410156 18.158004760742188 12.023380279541016
      vertex -48.76323699951172 18.165428161621094 11.928779602050781
    endloop
  endfacet
  facet normal -0.430287100383453 -0.653700061423386 0.6225184663434986
    outer loop
      vertex -48.971153259277344 17.420013427734375 11.928790092468262
      vertex -48.41382598876953 16.5 11.347920417785645
      vertex -48.837127685546875 17.415634155273438 12.016830444335938
    endloop
  endfacet
  facet normal -0.39204931792209796 -0.6539377338543261 0.6470415539656525
    outer loop
      vertex -48.837127685546875 17.415634155273438 12.016830444335938
      vertex -48.41382598876953 16.5 11.347920417785645
      vertex -48.31953430175781 17.398590087890625 12.313220024108887
    endloop
  endfacet
  facet normal -0.48894275641903856 0.13587858016280918 0.8616681451685979
    outer loop
      vertex -48.837127685546875 17.415634155273438 12.016830444335938
      vertex -48.31953430175781 17.398590087890625 12.313220024108887
      vertex -48.61927795410156 18.158004760742188 12.023380279541016
    endloop
  endfacet
  facet normal -0.5417767948804003 -0.1513443234657125 0.8267846154131233
    outer loop
      vertex -48.8306884765625 -17.415420532226562 12.020939826965332
      vertex -48.81074523925781 -18.167877197265625 11.896269798278809
      vertex -48.62543487548828 -18.15831756591797 12.019450187683105
    endloop
  endfacet
  facet normal -0.48807924228983124 -0.13657903636814714 0.8620468781165747
    outer loop
      vertex -48.8306884765625 -17.415420532226562 12.020939826965332
      vertex -48.62543487548828 -18.15831756591797 12.019450187683105
      vertex -48.316253662109375 -17.398479461669922 12.314889907836914
    endloop
  endfacet
  facet normal -0.38855017115381685 0.6610608548439909 0.6418935353228536
    outer loop
      vertex -48.8306884765625 -17.415420532226562 12.020939826965332
      vertex -48.316253662109375 -17.398479461669922 12.314889907836914
      vertex -47.95832824707031 -16.5 11.606240272521973
    endloop
  endfacet
  facet normal -0.3729135094140667 0.6536855974805021 0.6585063812470185
    outer loop
      vertex -48.8306884765625 -17.415420532226562 12.020939826965332
      vertex -47.95832824707031 -16.5 11.606240272521973
      vertex -48.40819549560547 -16.5 11.351479530334473
    endloop
  endfacet
  facet normal -0.32735384501324216 -0.8208363588173212 0.4680460791402575
    outer loop
      vertex -48.81074523925781 -18.167877197265625 11.896269798278809
      vertex -48.38501739501953 -19 10.734689712524414
      vertex -47.99029541015625 -19 11.010760307312012
    endloop
  endfacet
  facet normal -0.28963728702615843 -0.8167023270948623 0.49910675299174534
    outer loop
      vertex -48.81074523925781 -18.167877197265625 11.896269798278809
      vertex -47.99029541015625 -19 11.010760307312012
      vertex -48.62543487548828 -18.15831756591797 12.019450187683105
    endloop
  endfacet
  facet normal -0.2870120719994872 0.8165687055587992 0.500838915848787
    outer loop
      vertex -48.76323699951172 18.165428161621094 11.928779602050781
      vertex -48.61927795410156 18.158004760742188 12.023380279541016
      vertex -47.98529815673828 19 11.013899803161621
    endloop
  endfacet
  facet normal -0.3274458404938097 0.8199466686442134 0.46953879724955516
    outer loop
      vertex -48.76323699951172 18.165428161621094 11.928779602050781
      vertex -47.98529815673828 19 11.013899803161621
      vertex -48.378929138183594 19 10.73939037322998
    endloop
  endfacet
  facet normal -0.48716213040071804 -0.13712045861142091 0.8624795873141737
    outer loop
      vertex -48.62543487548828 -18.15831756591797 12.019450187683105
      vertex -48.10955047607422 -18.1314697265625 12.315110206604004
      vertex -48.316253662109375 -17.398479461669922 12.314889907836914
    endloop
  endfacet
  facet normal -0.25534766509236667 -0.8153698528354841 0.5195859630695555
    outer loop
      vertex -48.62543487548828 -18.15831756591797 12.019450187683105
      vertex -47.99029541015625 -19 11.010760307312012
      vertex -48.10955047607422 -18.1314697265625 12.315110206604004
    endloop
  endfacet
  facet normal -0.4863761925177075 0.13735624664125298 0.8628855433141787
    outer loop
      vertex -48.61927795410156 18.158004760742188 12.023380279541016
      vertex -48.31953430175781 17.398590087890625 12.313220024108887
      vertex -48.10639953613281 18.131309509277344 12.316720008850098
    endloop
  endfacet
  facet normal -0.2595094953059649 0.8090430239718859 0.5273558639177816
    outer loop
      vertex -48.61927795410156 18.158004760742188 12.023380279541016
      vertex -48.10639953613281 18.131309509277344 12.316720008850098
      vertex -47.569366455078125 19 11.248290061950684
    endloop
  endfacet
  facet normal -0.28345602652237334 0.8164823807502357 0.5030002017420815
    outer loop
      vertex -48.61927795410156 18.158004760742188 12.023380279541016
      vertex -47.569366455078125 19 11.248290061950684
      vertex -47.98529815673828 19 11.013899803161621
    endloop
  endfacet
  facet normal 0 -1 0
    outer loop
      vertex -48.57355499267578 -26.5 0
      vertex -48.28845977783203 -26.5 1.1999998092651367
      vertex -48.57355499267578 -26.5 0.976813793182373
    endloop
  endfacet
  facet normal 0 -1 0
    outer loop
      vertex -48.57355499267578 -26.5 0
      vertex -47.94999694824219 -26.5 0
      vertex -48.28845977783203 -26.5 1.1999998092651367
    endloop
  endfacet
  facet normal 0 0 -1
    outer loop
      vertex -48.57355499267578 -26.5 0
      vertex -47.94999694824219 -16.5 0
      vertex -47.94999694824219 -26.5 0
    endloop
  endfacet
  facet normal 0 1 0
    outer loop
      vertex -48.57355499267578 26.5 0
      vertex -48.57355499267578 26.5 0.976813793182373
      vertex -47.94999694824219 26.5 0
    endloop
  endfacet
  facet normal 0 0 -1
    outer loop
      vertex -48.57355499267578 26.5 0
      vertex -47.94999694824219 26.5 0
      vertex -47.94999694824219 24.45000457763672 0
    endloop
  endfacet
  facet normal 0 1 0
    outer loop
      vertex -48.57355499267578 26.5 0.976813793182373
      vertex -48.28845977783203 26.5 1.1999998092651367
      vertex -47.94999694824219 26.5 0
    endloop
  endfacet
  facet normal -0.6069095353205305 -0.23639347435216032 0.7588009892064796
    outer loop
      vertex -48.512184143066406 -23.357690811157227 2
      vertex -48.28845977783203 -26.5 1.1999998092651367
      vertex -47.59984588623047 -25.700000762939453 2
    endloop
  endfacet
  facet normal 0 0 1
    outer loop
      vertex -48.512184143066406 -23.357690811157227 2
      vertex -47.59984588623047 -25.700000762939453 2
      vertex -46.887229919433594 -24.049999237060547 2
    endloop
  endfacet
  facet normal 0 0 1
    outer loop
      vertex -48.512184143066406 -23.357690811157227 2
      vertex -46.887229919433594 -24.049999237060547 2
      vertex -46.887229919433594 -20.5 2
    endloop
  endfacet
  facet normal -0.6069104032247999 0.23639323491729325 0.7588003696248757
    outer loop
      vertex -48.512184143066406 23.357688903808594 2
      vertex -47.59984588623047 25.70000457763672 2
      vertex -48.28845977783203 26.5 1.1999998092651367
    endloop
  endfacet
  facet normal 0 0 1
    outer loop
      vertex -48.512184143066406 23.357688903808594 2
      vertex -46.887229919433594 20.5 2
      vertex -47.59984588623047 25.70000457763672 2
    endloop
  endfacet
  facet normal -0.3700637691182829 -0.6616785876903745 0.6520998799095439
    outer loop
      vertex -48.41382598876953 16.5 11.347920417785645
      vertex -47.96118927001953 16.5 11.604789733886719
      vertex -48.31953430175781 17.398590087890625 12.313220024108887
    endloop
  endfacet
  facet normal -0.42614062218644244 0.11967326119104435 0.8967064629400481
    outer loop
      vertex -48.31953430175781 17.398590087890625 12.313220024108887
      vertex -48.0421142578125 17.389358520507812 12.446290016174316
      vertex -48.10639953613281 18.131309509277344 12.316720008850098
    endloop
  endfacet
  facet normal -0.34191156687120383 -0.6620994368689382 0.666873913223117
    outer loop
      vertex -48.31953430175781 17.398590087890625 12.313220024108887
      vertex -47.96118927001953 16.5 11.604789733886719
      vertex -48.0421142578125 17.389358520507812 12.446290016174316
    endloop
  endfacet
  facet normal -0.42994007999707506 -0.12097415715812665 0.8947160336732486
    outer loop
      vertex -48.316253662109375 -17.398479461669922 12.314889907836914
      vertex -48.10955047607422 -18.1314697265625 12.315110206604004
      vertex -48.09486389160156 -17.39112091064453 12.422269821166992
    endloop
  endfacet
  facet normal -0.3447366604391248 0.6621339915434609 0.6653835076044518
    outer loop
      vertex -48.316253662109375 -17.398479461669922 12.314889907836914
      vertex -48.09486389160156 -17.39112091064453 12.422269821166992
      vertex -47.95832824707031 -16.5 11.606240272521973
    endloop
  endfacet
  facet normal 0 -1 0
    outer loop
      vertex -48.28845977783203 -26.5 1.1999998092651367
      vertex -47.94999694824219 -26.5 0
      vertex -21.88189697265625 -26.5 0
    endloop
  endfacet
  facet normal 0 -0.7071072026550577 0.707106359717786
    outer loop
      vertex -48.28845977783203 -26.5 1.1999998092651367
      vertex -46.887229919433594 -25.700000762939453 2
      vertex -47.59984588623047 -25.700000762939453 2
    endloop
  endfacet
  facet normal 0 -1 0
    outer loop
      vertex -48.28845977783203 -26.5 1.1999998092651367
      vertex -21.88189697265625 -26.5 0
      vertex 39.61810302734375 -26.5 1.1999998092651367
    endloop
  endfacet
  facet normal 0 -0.7071072026550578 0.7071063597177861
    outer loop
      vertex -48.28845977783203 -26.5 1.1999998092651367
      vertex -21.88189697265625 -25.700000762939453 2
      vertex -46.887229919433594 -25.700000762939453 2
    endloop
  endfacet
  facet normal 0 -0.7071072026550579 0.7071063597177861
    outer loop
      vertex -48.28845977783203 -26.5 1.1999998092651367
      vertex 39.61810302734375 -26.5 1.1999998092651367
      vertex -21.88189697265625 -25.700000762939453 2
    endloop
  endfacet
  facet normal 0 0.7071088885316108 0.7071046738352038
    outer loop
      vertex -48.28845977783203 26.5 1.1999998092651367
      vertex -47.59984588623047 25.70000457763672 2
      vertex -46.887229919433594 25.70000457763672 2
    endloop
  endfacet
  facet normal 0 0.7071088885316108 0.7071046738352038
    outer loop
      vertex -48.28845977783203 26.5 1.1999998092651367
      vertex -46.887229919433594 25.70000457763672 2
      vertex -21.88189697265625 25.70000457763672 2
    endloop
  endfacet
  facet normal 0 0.7071088885316108 0.7071046738352038
    outer loop
      vertex -48.28845977783203 26.5 1.1999998092651367
      vertex -21.88189697265625 25.70000457763672 2
      vertex 39.61810302734375 26.5 1.1999998092651367
    endloop
  endfacet
  facet normal 0 1 0
    outer loop
      vertex -48.28845977783203 26.5 1.1999998092651367
      vertex -21.88189697265625 26.5 0
      vertex -47.94999694824219 26.5 0
    endloop
  endfacet
  facet normal 0 1 0
    outer loop
      vertex -48.28845977783203 26.5 1.1999998092651367
      vertex 39.61810302734375 26.5 1.1999998092651367
      vertex -21.88189697265625 26.5 0
    endloop
  endfacet
  facet normal -0.28917218586595667 -0.8087810379221781 0.512106121442645
    outer loop
      vertex -48.10955047607422 -18.1314697265625 12.315110206604004
      vertex -47.99029541015625 -19 11.010760307312012
      vertex -47.571929931640625 -19 11.246999740600586
    endloop
  endfacet
  facet normal -0.4289648270180149 -0.12105956970537769 0.8951724737524905
    outer loop
      vertex -48.10955047607422 -18.1314697265625 12.315110206604004
      vertex -47.889190673828125 -18.11990737915039 12.422269821166992
      vertex -48.09486389160156 -17.39112091064453 12.422269821166992
    endloop
  endfacet
  facet normal -0.2226844644512633 -0.8082363501035204 0.5451290046066105
    outer loop
      vertex -48.10955047607422 -18.1314697265625 12.315110206604004
      vertex -47.571929931640625 -19 11.246999740600586
      vertex -47.889190673828125 -18.11990737915039 12.422269821166992
    endloop
  endfacet
  facet normal -0.4246157805045469 0.11992576348392635 0.8973958157910655
    outer loop
      vertex -48.10639953613281 18.131309509277344 12.316720008850098
      vertex -48.0421142578125 17.389358520507812 12.446290016174316
      vertex -47.836585998535156 18.117141723632812 12.446279525756836
    endloop
  endfacet
  facet normal -0.21996510730026583 0.8080860485355751 0.5464542887859356
    outer loop
      vertex -48.10639953613281 18.131309509277344 12.316720008850098
      vertex -47.836585998535156 18.117141723632812 12.446279525756836
      vertex -47.569366455078125 19 11.248290061950684
    endloop
  endfacet
  facet normal -0.3876384025077286 -0.109396704002715 0.9152971266504656
    outer loop
      vertex -48.09486389160156 -17.39112091064453 12.422269821166992
      vertex -47.889190673828125 -18.11990737915039 12.422269821166992
      vertex -47.77458953857422 -17.380409240722656 12.559189796447754
    endloop
  endfacet
  facet normal -0.31065369293431033 0.6699903855884087 0.6742456275611809
    outer loop
      vertex -48.09486389160156 -17.39112091064453 12.422269821166992
      vertex -47.77458953857422 -17.380409240722656 12.559189796447754
      vertex -47.48455047607422 -16.5 11.817970275878906
    endloop
  endfacet
  facet normal -0.30348698603253665 0.6683724815795663 0.6790978391778751
    outer loop
      vertex -48.09486389160156 -17.39112091064453 12.422269821166992
      vertex -47.48455047607422 -16.5 11.817970275878906
      vertex -47.95832824707031 -16.5 11.606240272521973
    endloop
  endfacet
  facet normal -0.30364405194932137 -0.6692752084099207 0.6781378806140053
    outer loop
      vertex -48.0421142578125 17.389358520507812 12.446290016174316
      vertex -47.96118927001953 16.5 11.604789733886719
      vertex -47.48888397216797 16.5 11.816269874572754
    endloop
  endfacet
  facet normal -0.3837659622381275 0.10907056170141899 0.9169663564153164
    outer loop
      vertex -48.0421142578125 17.389358520507812 12.446290016174316
      vertex -47.77953338623047 17.380569458007812 12.557229995727539
      vertex -47.566505432128906 18.102874755859375 12.560469627380371
    endloop
  endfacet
  facet normal -0.3823026903243661 0.10797670686674884 0.9177067525876467
    outer loop
      vertex -48.0421142578125 17.389358520507812 12.446290016174316
      vertex -47.566505432128906 18.102874755859375 12.560469627380371
      vertex -47.836585998535156 18.117141723632812 12.446279525756836
    endloop
  endfacet
  facet normal -0.30782938974644936 -0.6700184726948953 0.6755118896480863
    outer loop
      vertex -48.0421142578125 17.389358520507812 12.446290016174316
      vertex -47.48888397216797 16.5 11.816269874572754
      vertex -47.77953338623047 17.380569458007812 12.557229995727539
    endloop
  endfacet
  facet normal 0 -1 0
    outer loop
      vertex -47.96118927001953 16.5 11.604789733886719
      vertex -47.94999694824219 16.5 0
      vertex -47.48888397216797 16.5 11.816269874572754
    endloop
  endfacet
  facet normal 0 1 0
    outer loop
      vertex -47.95832824707031 -16.5 11.606240272521973
      vertex -47.48455047607422 -16.5 11.817970275878906
      vertex -47.94999694824219 -16.5 0
    endloop
  endfacet
  facet normal 0 0 -1
    outer loop
      vertex -47.94999694824219 -26.5 0
      vertex -47.94999694824219 -16.5 0
      vertex -44.99657631324233 -22.614493896173727 0
    endloop
  endfacet
  facet normal 0 0 -1
    outer loop
      vertex -47.94999694824219 -26.5 0
      vertex -44.99657631324233 -22.614493896173727 0
      vertex -44.982917248528096 -22.759886142390187 0
    endloop
  endfacet
  facet normal 0 0 -1
    outer loop
      vertex -47.94999694824219 -26.5 0
      vertex -44.982917248528096 -22.759886142390187 0
      vertex -44.957956020024156 -22.906722067161347 0
    endloop
  endfacet
  facet normal 0 0 -1
    outer loop
      vertex -47.94999694824219 -26.5 0
      vertex -44.957956020024156 -22.906722067161347 0
      vertex -44.92295729189857 -23.04931924159766 0
    endloop
  endfacet
  facet normal 0 0 -1
    outer loop
      vertex -47.94999694824219 -26.5 0
      vertex -44.92295729189857 -23.04931924159766 0
      vertex -44.87976395892939 -23.182762279865155 0
    endloop
  endfacet
  facet normal 0 0 -1
    outer loop
      vertex -47.94999694824219 -26.5 0
      vertex -44.87976395892939 -23.182762279865155 0
      vertex -44.831276302772295 -23.303670723210818 0
    endloop
  endfacet
  facet normal 0 0 -1
    outer loop
      vertex -47.94999694824219 -26.5 0
      vertex -44.831276302772295 -23.303670723210818 0
      vertex -44.781016410857994 -23.40986332019873 0
    endloop
  endfacet
  facet normal 0 0 -1
    outer loop
      vertex -47.94999694824219 -26.5 0
      vertex -44.781016410857994 -23.40986332019873 0
      vertex -44.73206416933579 -23.49953391473785 0
    endloop
  endfacet
  facet normal 0 0 -1
    outer loop
      vertex -47.94999694824219 -26.5 0
      vertex -44.73206416933579 -23.49953391473785 0
      vertex -44.688160730024684 -23.572407339612354 0
    endloop
  endfacet
  facet normal 0 0 -1
    outer loop
      vertex -47.94999694824219 -26.5 0
      vertex -44.688160730024684 -23.572407339612354 0
      vertex -44.65152650055501 -23.627915480614586 0
    endloop
  endfacet
  facet normal 0 0 -1
    outer loop
      vertex -47.94999694824219 -26.5 0
      vertex -44.65152650055501 -23.627915480614586 0
      vertex -21.88189697265625 -26.5 0
    endloop
  endfacet
  facet normal 0 1 0
    outer loop
      vertex -47.94999694824219 -16.5 0
      vertex -47.48455047607422 -16.5 11.817970275878906
      vertex -46.98950958251953 -16.5 11.98511028289795
    endloop
  endfacet
  facet normal 0 1 0
    outer loop
      vertex -47.94999694824219 -16.5 0
      vertex -46.98950958251953 -16.5 11.98511028289795
      vertex -46.485015869140625 -16.5 12.104180335998535
    endloop
  endfacet
  facet normal 0 1 0
    outer loop
      vertex -47.94999694824219 -16.5 0
      vertex -46.485015869140625 -16.5 12.104180335998535
      vertex -45.97251892089844 -16.5 12.175849914550781
    endloop
  endfacet
  facet normal 0 1 0
    outer loop
      vertex -47.94999694824219 -16.5 0
      vertex -45.97251892089844 -16.5 12.175849914550781
      vertex -21.88189697265625 -16.5 0
    endloop
  endfacet
  facet normal 0 0 -1
    outer loop
      vertex -47.94999694824219 -16.5 0
      vertex -44.99764348415993 -22.475634917435137 0
      vertex -44.99657631324233 -22.614493896173727 0
    endloop
  endfacet
  facet normal 0 0 -1
    outer loop
      vertex -47.94999694824219 -16.5 0
      vertex -44.541026485551576 -21.853218418983705 0
      vertex -44.99764348415993 -22.475634917435137 0
    endloop
  endfacet
  facet normal 0 0 -1
    outer loop
      vertex -47.94999694824219 -16.5 0
      vertex -44.500607035332145 -21.20187749893346 0
      vertex -44.541026485551576 -21.853218418983705 0
    endloop
  endfacet
  facet normal 0 0 -1
    outer loop
      vertex -47.94999694824219 -16.5 0
      vertex -44.415227429625894 -21.150325922911865 0
      vertex -44.500607035332145 -21.20187749893346 0
    endloop
  endfacet
  facet normal 0 0 -1
    outer loop
      vertex -47.94999694824219 -16.5 0
      vertex -44.323743007894294 -21.071027402740228 0
      vertex -44.415227429625894 -21.150325922911865 0
    endloop
  endfacet
  facet normal 0 0 -1
    outer loop
      vertex -47.94999694824219 -16.5 0
      vertex -44.226628975329895 -20.971561818130656 0
      vertex -44.323743007894294 -21.071027402740228 0
    endloop
  endfacet
  facet normal 0 0 -1
    outer loop
      vertex -47.94999694824219 -16.5 0
      vertex -44.124404807975786 -20.86099248328248 0
      vertex -44.226628975329895 -20.971561818130656 0
    endloop
  endfacet
  facet normal 0 0 -1
    outer loop
      vertex -47.94999694824219 -16.5 0
      vertex -44.01808283150074 -20.868237708209726 0
      vertex -44.124404807975786 -20.86099248328248 0
    endloop
  endfacet
  facet normal 0 0 -1
    outer loop
      vertex -47.94999694824219 -16.5 0
      vertex -43.96443136206665 -20.806206351234344 0
      vertex -44.01808283150074 -20.868237708209726 0
    endloop
  endfacet
  facet normal 0 0 -1
    outer loop
      vertex -47.94999694824219 -16.5 0
      vertex -43.90886836858114 -20.774473976868038 0
      vertex -43.96443136206665 -20.806206351234344 0
    endloop
  endfacet
  facet normal 0 0 -1
    outer loop
      vertex -47.94999694824219 -16.5 0
      vertex -43.90798099947909 -20.773852649915444 0
      vertex -43.90886836858114 -20.774473976868038 0
    endloop
  endfacet
  facet normal 0 0 -1
    outer loop
      vertex -47.94999694824219 -16.5 0
      vertex -43.85171438240701 -20.70026356930892 0
      vertex -43.90798099947909 -20.773852649915444 0
    endloop
  endfacet
  facet normal 0 0 -1
    outer loop
      vertex -47.94999694824219 -16.5 0
      vertex -43.794905897082934 -20.703328733043268 0
      vertex -43.85171438240701 -20.70026356930892 0
    endloop
  endfacet
  facet normal 0 0 -1
    outer loop
      vertex -47.94999694824219 -16.5 0
      vertex -43.73624910536935 -20.675975498807098 0
      vertex -43.794905897082934 -20.703328733043268 0
    endloop
  endfacet
  facet normal 0 0 -1
    outer loop
      vertex -47.94999694824219 -16.5 0
      vertex -43.71293736276174 -20.63163825473746 0
      vertex -43.73624910536935 -20.675975498807098 0
    endloop
  endfacet
  facet normal 0 0 -1
    outer loop
      vertex -47.94999694824219 -16.5 0
      vertex -43.677992625107876 -20.651135286711803 0
      vertex -43.71293736276174 -20.63163825473746 0
    endloop
  endfacet
  facet normal 0 0 -1
    outer loop
      vertex -47.94999694824219 -16.5 0
      vertex -43.61803398874989 -20.635068738757546 0
      vertex -43.677992625107876 -20.651135286711803 0
    endloop
  endfacet
  facet normal 0 0 -1
    outer loop
      vertex -47.94999694824219 -16.5 0
      vertex -43.55822670192706 -20.594976055655895 0
      vertex -43.61803398874989 -20.635068738757546 0
    endloop
  endfacet
  facet normal 0 0 -1
    outer loop
      vertex -47.94999694824219 -16.5 0
      vertex -43.49812333449745 -20.610166294879704 0
      vertex -43.55822670192706 -20.594976055655895 0
    endloop
  endfacet
  facet normal 0 0 -1
    outer loop
      vertex -47.94999694824219 -16.5 0
      vertex -43.49737977432971 -20.610101246069874 0
      vertex -43.49812333449745 -20.610166294879704 0
    endloop
  endfacet
  facet normal 0 0 -1
    outer loop
      vertex -47.94999694824219 -16.5 0
      vertex -43.43633320131043 -20.551140424688754 0
      vertex -43.49737977432971 -20.610101246069874 0
    endloop
  endfacet
  facet normal 0 0 -1
    outer loop
      vertex -47.94999694824219 -16.5 0
      vertex -43.37476262917145 -20.600622607275007 0
      vertex -43.43633320131043 -20.551140424688754 0
    endloop
  endfacet
  facet normal 0 0 -1
    outer loop
      vertex -47.94999694824219 -16.5 0
      vertex -43.313071533525694 -20.537520393881383 0
      vertex -43.37476262917145 -20.600622607275007 0
    endloop
  endfacet
  facet normal 0 0 -1
    outer loop
      vertex -47.94999694824219 -16.5 0
      vertex -43.188963071846985 -20.556392340316126 0
      vertex -43.313071533525694 -20.537520393881383 0
    endloop
  endfacet
  facet normal 0 0 -1
    outer loop
      vertex -47.94999694824219 -16.5 0
      vertex -21.88189697265625 -16.5 0
      vertex -43.188963071846985 -20.556392340316126 0
    endloop
  endfacet
  facet normal 0 0 -1
    outer loop
      vertex -47.94999694824219 16.5 0
      vertex -47.94999694824219 24.45000457763672 0
      vertex -44.94441626972641 22.03281843019671 0
    endloop
  endfacet
  facet normal 0 -1 0
    outer loop
      vertex -47.94999694824219 16.5 0
      vertex -46.997154235839844 16.5 11.982919692993164
      vertex -47.48888397216797 16.5 11.816269874572754
    endloop
  endfacet
  facet normal 0 -1 0
    outer loop
      vertex -47.94999694824219 16.5 0
      vertex -46.48865509033203 16.5 12.103489875793457
      vertex -46.997154235839844 16.5 11.982919692993164
    endloop
  endfacet
  facet normal 0 -1 0
    outer loop
      vertex -47.94999694824219 16.5 0
      vertex -45.973304748535156 16.5 12.175780296325684
      vertex -46.48865509033203 16.5 12.103489875793457
    endloop
  endfacet
  facet normal 0 -1 0
    outer loop
      vertex -47.94999694824219 16.5 0
      vertex -45.452003479003906 16.5 12.199999809265137
      vertex -45.973304748535156 16.5 12.175780296325684
    endloop
  endfacet
  facet normal 0 0 -1
    outer loop
      vertex -47.94999694824219 16.5 0
      vertex -44.94441626972641 22.03281843019671 0
      vertex -44.53352974540927 21.70237006730677 0
    endloop
  endfacet
  facet normal 0 0 -1
    outer loop
      vertex -47.94999694824219 16.5 0
      vertex -44.53352974540927 21.70237006730677 0
      vertex -44.51009835894929 21.188939836889656 0
    endloop
  endfacet
  facet normal 0 0 -1
    outer loop
      vertex -47.94999694824219 16.5 0
      vertex -44.51009835894929 21.188939836889656 0
      vertex -44.44227443488595 21.114743011767143 0
    endloop
  endfacet
  facet normal 0 0 -1
    outer loop
      vertex -47.94999694824219 16.5 0
      vertex -44.44227443488595 21.114743011767143 0
      vertex -44.356102292898555 21.03024100849257 0
    endloop
  endfacet
  facet normal 0 0 -1
    outer loop
      vertex -47.94999694824219 16.5 0
      vertex -44.356102292898555 21.03024100849257 0
      vertex -44.25221352292493 20.940839895333887 0
    endloop
  endfacet
  facet normal 0 0 -1
    outer loop
      vertex -47.94999694824219 16.5 0
      vertex -44.25221352292493 20.940839895333887 0
      vertex -44.13253937104351 20.851723224067364 0
    endloop
  endfacet
  facet normal 0 0 -1
    outer loop
      vertex -47.94999694824219 16.5 0
      vertex -44.13253937104351 20.851723224067364 0
      vertex -43.999744551014324 20.768055975475136 0
    endloop
  endfacet
  facet normal 0 0 -1
    outer loop
      vertex -47.94999694824219 16.5 0
      vertex -43.999744551014324 20.768055975475136 0
      vertex -43.907112879884224 20.773248615972133 0
    endloop
  endfacet
  facet normal 0 0 -1
    outer loop
      vertex -47.94999694824219 16.5 0
      vertex -43.907112879884224 20.773248615972133 0
      vertex -43.85821377319812 20.693606239040427 0
    endloop
  endfacet
  facet normal 0 0 -1
    outer loop
      vertex -47.94999694824219 16.5 0
      vertex -43.85821377319812 20.693606239040427 0
      vertex -43.79429578126956 20.70304803438297 0
    endloop
  endfacet
  facet normal 0 0 -1
    outer loop
      vertex -47.94999694824219 16.5 0
      vertex -43.79429578126956 20.70304803438297 0
      vertex -43.735694978962 20.67572090950759 0
    endloop
  endfacet
  facet normal 0 0 -1
    outer loop
      vertex -47.94999694824219 16.5 0
      vertex -43.735694978962 20.67572090950759 0
      vertex -43.712940166856505 20.631639314316573 0
    endloop
  endfacet
  facet normal 0 0 -1
    outer loop
      vertex -47.94999694824219 16.5 0
      vertex -43.712940166856505 20.631639314316573 0
      vertex -43.67747584049059 20.65100031531018 0
    endloop
  endfacet
  facet normal 0 0 -1
    outer loop
      vertex -47.94999694824219 16.5 0
      vertex -43.67747584049059 20.65100031531018 0
      vertex -43.61745230802393 20.634914866822033 0
    endloop
  endfacet
  facet normal 0 0 -1
    outer loop
      vertex -47.94999694824219 16.5 0
      vertex -43.61745230802393 20.634914866822033 0
      vertex -43.57071658573982 20.583330233519806 0
    endloop
  endfacet
  facet normal 0 0 -1
    outer loop
      vertex -47.94999694824219 16.5 0
      vertex -43.57071658573982 20.583330233519806 0
      vertex -43.49737977432971 20.610101246069874 0
    endloop
  endfacet
  facet normal 0 0 -1
    outer loop
      vertex -47.94999694824219 16.5 0
      vertex -43.49737977432971 20.610101246069874 0
      vertex -43.496638255093856 20.61003637580671 0
    endloop
  endfacet
  facet normal 0 0 -1
    outer loop
      vertex -47.94999694824219 16.5 0
      vertex -43.496638255093856 20.61003637580671 0
      vertex -43.438937556409826 20.548802942586644 0
    endloop
  endfacet
  facet normal 0 0 -1
    outer loop
      vertex -47.94999694824219 16.5 0
      vertex -43.438937556409826 20.548802942586644 0
      vertex -43.32537633143794 20.52680620978957 0
    endloop
  endfacet
  facet normal 0 0 -1
    outer loop
      vertex -47.94999694824219 16.5 0
      vertex -43.32537633143794 20.52680620978957 0
      vertex -21.88189697265625 16.5 0
    endloop
  endfacet
  facet normal 0 -1 0
    outer loop
      vertex -47.94999694824219 16.5 0
      vertex -21.88189697265625 16.5 0
      vertex -45.452003479003906 16.5 12.199999809265137
    endloop
  endfacet
  facet normal 0 0 -1
    outer loop
      vertex -47.94999694824219 24.45000457763672 0
      vertex -47.94999694824219 26.5 0
      vertex -21.88189697265625 26.5 0
    endloop
  endfacet
  facet normal 0 0 -1
    outer loop
      vertex -47.94999694824219 24.45000457763672 0
      vertex -44.996053456856544 22.500814696130348 0
      vertex -44.99428961012132 22.35200716320037 0
    endloop
  endfacet
  facet normal 0 0 -1
    outer loop
      vertex -47.94999694824219 24.45000457763672 0
      vertex -44.99428961012132 22.35200716320037 0
      vertex -44.97629159517734 22.193559590660684 0
    endloop
  endfacet
  facet normal 0 0 -1
    outer loop
      vertex -47.94999694824219 24.45000457763672 0
      vertex -44.99186030230447 22.641341514918974 0
      vertex -44.996053456856544 22.500814696130348 0
    endloop
  endfacet
  facet normal 0 0 -1
    outer loop
      vertex -47.94999694824219 24.45000457763672 0
      vertex -44.97629159517734 22.193559590660684 0
      vertex -44.94441626972641 22.03281843019671 0
    endloop
  endfacet
  facet normal 0 0 -1
    outer loop
      vertex -47.94999694824219 24.45000457763672 0
      vertex -44.97612922969651 22.764964144606438 0
      vertex -44.99186030230447 22.641341514918974 0
    endloop
  endfacet
  facet normal 0 0 -1
    outer loop
      vertex -47.94999694824219 24.45000457763672 0
      vertex -44.952870630196934 22.87026767425818 0
      vertex -44.97612922969651 22.764964144606438 0
    endloop
  endfacet
  facet normal 0 0 -1
    outer loop
      vertex -47.94999694824219 24.45000457763672 0
      vertex -44.9377198325338 22.962145113925246 0
      vertex -44.952870630196934 22.87026767425818 0
    endloop
  endfacet
  facet normal 0 0 -1
    outer loop
      vertex -47.94999694824219 24.45000457763672 0
      vertex -44.9209774844513 23.033148883612174 0
      vertex -44.9377198325338 22.962145113925246 0
    endloop
  endfacet
  facet normal 0 0 -1
    outer loop
      vertex -47.94999694824219 24.45000457763672 0
      vertex -44.90267168684639 23.08247187937112 0
      vertex -44.9209774844513 23.033148883612174 0
    endloop
  endfacet
  facet normal 0 0 -1
    outer loop
      vertex -47.94999694824219 24.45000457763672 0
      vertex -44.88281810352724 23.110218316373697 0
      vertex -44.90267168684639 23.08247187937112 0
    endloop
  endfacet
  facet normal 0 0 -1
    outer loop
      vertex -47.94999694824219 24.45000457763672 0
      vertex -43.43631521417655 24.45000457763672 0
      vertex -44.88281810352724 23.110218316373697 0
    endloop
  endfacet
  facet normal 0 0 -1
    outer loop
      vertex -47.94999694824219 24.45000457763672 0
      vertex -21.88189697265625 26.5 0
      vertex -43.43631521417655 24.45000457763672 0
    endloop
  endfacet
  facet normal -0.24035265540454262 -0.806997063797578 0.5394314970986335
    outer loop
      vertex -47.889190673828125 -18.11990737915039 12.422269821166992
      vertex -47.571929931640625 -19 11.246999740600586
      vertex -47.13538360595703 -19 11.441510200500488
    endloop
  endfacet
  facet normal -0.3868396505623255 -0.1095790089268342 0.9156131964729597
    outer loop
      vertex -47.889190673828125 -18.11990737915039 12.422269821166992
      vertex -47.57140350341797 -18.103130340576172 12.558540344238281
      vertex -47.77458953857422 -17.380409240722656 12.559189796447754
    endloop
  endfacet
  facet normal -0.1999245934061815 -0.8006426748369366 0.5648021460487984
    outer loop
      vertex -47.889190673828125 -18.11990737915039 12.422269821166992
      vertex -47.13538360595703 -19 11.441510200500488
      vertex -47.57140350341797 -18.103130340576172 12.558540344238281
    endloop
  endfacet
  facet normal -0.19701421905609404 0.8005234294200365 0.5659926116472734
    outer loop
      vertex -47.836585998535156 18.117141723632812 12.446279525756836
      vertex -47.566505432128906 18.102874755859375 12.560469627380371
      vertex -47.13141632080078 19 11.443050384521484
    endloop
  endfacet
  facet normal -0.24038397432235067 0.8062441073116765 0.540542305758013
    outer loop
      vertex -47.836585998535156 18.117141723632812 12.446279525756836
      vertex -47.13141632080078 19 11.443050384521484
      vertex -47.569366455078125 19 11.248290061950684
    endloop
  endfacet
  facet normal -0.2603583738853268 -0.6705093644348428 0.6947162797523688
    outer loop
      vertex -47.77953338623047 17.380569458007812 12.557229995727539
      vertex -47.48888397216797 16.5 11.816269874572754
      vertex -47.21746063232422 17.361549377441406 12.749520301818848
    endloop
  endfacet
  facet normal -0.3196471726270499 0.09004226485218686 0.9432486817228114
    outer loop
      vertex -47.77953338623047 17.380569458007812 12.557229995727539
      vertex -47.21746063232422 17.361549377441406 12.749520301818848
      vertex -47.566505432128906 18.102874755859375 12.560469627380371
    endloop
  endfacet
  facet normal -0.31853150012769904 -0.09039997640942628 0.9435918226074095
    outer loop
      vertex -47.77458953857422 -17.380409240722656 12.559189796447754
      vertex -47.57140350341797 -18.103130340576172 12.558540344238281
      vertex -47.208709716796875 -17.36125946044922 12.752050399780273
    endloop
  endfacet
  facet normal -0.2574908756697513 0.6783317967943363 0.6881601720563258
    outer loop
      vertex -47.77458953857422 -17.380409240722656 12.559189796447754
      vertex -47.208709716796875 -17.36125946044922 12.752050399780273
      vertex -46.98950958251953 -16.5 11.98511028289795
    endloop
  endfacet
  facet normal -0.23741071660623497 0.6702138718562607 0.7031710443497755
    outer loop
      vertex -47.77458953857422 -17.380409240722656 12.559189796447754
      vertex -46.98950958251953 -16.5 11.98511028289795
      vertex -47.48455047607422 -16.5 11.817970275878906
    endloop
  endfacet
  facet normal 0 0 1
    outer loop
      vertex -47.59984588623047 -25.700000762939453 2
      vertex -46.887229919433594 -25.700000762939453 2
      vertex -46.887229919433594 -24.049999237060547 2
    endloop
  endfacet
  facet normal 0 0 1
    outer loop
      vertex -47.59984588623047 25.70000457763672 2
      vertex -46.887229919433594 20.5 2
      vertex -46.887229919433594 25.70000457763672 2
    endloop
  endfacet
  facet normal -0.15618781128180234 -0.7990631581798656 0.5806060943932806
    outer loop
      vertex -47.57140350341797 -18.103130340576172 12.558540344238281
      vertex -47.13538360595703 -19 11.441510200500488
      vertex -47.01130676269531 -18.073238372802734 12.750349998474121
    endloop
  endfacet
  facet normal -0.3183295979369507 -0.09051361492660671 0.9436490621996174
    outer loop
      vertex -47.57140350341797 -18.103130340576172 12.558540344238281
      vertex -47.01130676269531 -18.073238372802734 12.750349998474121
      vertex -47.208709716796875 -17.36125946044922 12.752050399780273
    endloop
  endfacet
  facet normal -0.3172110351755332 0.0913664827736468 0.9439434967138869
    outer loop
      vertex -47.566505432128906 18.102874755859375 12.560469627380371
      vertex -47.21746063232422 17.361549377441406 12.749520301818848
      vertex -47.00281524658203 18.072784423828125 12.752809524536133
    endloop
  endfacet
  facet normal -0.15898337081607053 0.7917479566722928 0.5897961180859101
    outer loop
      vertex -47.566505432128906 18.102874755859375 12.560469627380371
      vertex -47.00281524658203 18.072784423828125 12.752809524536133
      vertex -46.67400360107422 19 11.596739768981934
    endloop
  endfacet
  facet normal -0.19093250097831369 0.8003934063650452 0.5682562583179581
    outer loop
      vertex -47.566505432128906 18.102874755859375 12.560469627380371
      vertex -46.67400360107422 19 11.596739768981934
      vertex -47.13141632080078 19 11.443050384521484
    endloop
  endfacet
  facet normal -0.23565112735753632 -0.6789582702419575 0.6953302909015047
    outer loop
      vertex -47.48888397216797 16.5 11.816269874572754
      vertex -46.997154235839844 16.5 11.982919692993164
      vertex -47.21746063232422 17.361549377441406 12.749520301818848
    endloop
  endfacet
  facet normal -0.2610580809278677 0.07433432588689504 0.9624567971484225
    outer loop
      vertex -47.21746063232422 17.361549377441406 12.749520301818848
      vertex -47.034568786621094 17.355308532714844 12.799610137939453
      vertex -47.00281524658203 18.072784423828125 12.752809524536133
    endloop
  endfacet
  facet normal -0.2153207657794048 -0.6793021759817282 0.701559349970236
    outer loop
      vertex -47.21746063232422 17.361549377441406 12.749520301818848
      vertex -46.997154235839844 16.5 11.982919692993164
      vertex -47.034568786621094 17.355308532714844 12.799610137939453
    endloop
  endfacet
  facet normal -0.2180571215777306 0.6793944877562408 0.7006241658233535
    outer loop
      vertex -47.208709716796875 -17.36125946044922 12.752050399780273
      vertex -47.090858459472656 -17.357227325439453 12.784819602966309
      vertex -46.98950958251953 -16.5 11.98511028289795
    endloop
  endfacet
  facet normal -0.26471915512785027 -0.07569188313884834 0.9613503563921386
    outer loop
      vertex -47.208709716796875 -17.36125946044922 12.752050399780273
      vertex -47.01130676269531 -18.073238372802734 12.750349998474121
      vertex -47.090858459472656 -17.357227325439453 12.784819602966309
    endloop
  endfacet
  facet normal -0.19526759401785654 -0.7915869041080238 0.5790170463562812
    outer loop
      vertex -47.13538360595703 -19 11.441510200500488
      vertex -46.68090057373047 -19 11.594779968261719
      vertex -47.01130676269531 -18.073238372802734 12.750349998474121
    endloop
  endfacet
  facet normal -0.2644888622137803 -0.07566943313811475 0.9614155078078449
    outer loop
      vertex -47.090858459472656 -17.357227325439453 12.784819602966309
      vertex -47.01130676269531 -18.073238372802734 12.750349998474121
      vertex -46.887908935546875 -18.066600799560547 12.784819602966309
    endloop
  endfacet
  facet normal -0.21985227384619901 -0.06289904533908452 0.9735033065070132
    outer loop
      vertex -47.090858459472656 -17.357227325439453 12.784819602966309
      vertex -46.887908935546875 -18.066600799560547 12.784819602966309
      vertex -46.63215637207031 -17.34145736694336 12.889430046081543
    endloop
  endfacet
  facet normal -0.18382894188365173 0.6876301142715845 0.7024042611436697
    outer loop
      vertex -47.090858459472656 -17.357227325439453 12.784819602966309
      vertex -46.63215637207031 -17.34145736694336 12.889430046081543
      vertex -46.485015869140625 -16.5 12.104180335998535
    endloop
  endfacet
  facet normal -0.167779891777377 0.6830131194028013 0.710874803772666
    outer loop
      vertex -47.090858459472656 -17.357227325439453 12.784819602966309
      vertex -46.485015869140625 -16.5 12.104180335998535
      vertex -46.98950958251953 -16.5 11.98511028289795
    endloop
  endfacet
  facet normal -0.16817266133656625 -0.6845930605425836 0.7092603876122753
    outer loop
      vertex -47.034568786621094 17.355308532714844 12.799610137939453
      vertex -46.997154235839844 16.5 11.982919692993164
      vertex -46.48865509033203 16.5 12.103489875793457
    endloop
  endfacet
  facet normal -0.2594391331976766 0.07429144018359271 0.9628977713553428
    outer loop
      vertex -47.034568786621094 17.355308532714844 12.799610137939453
      vertex -46.83179473876953 18.063568115234375 12.799599647521973
      vertex -47.00281524658203 18.072784423828125 12.752809524536133
    endloop
  endfacet
  facet normal -0.21572495278662757 0.062397464801956695 0.9744584655753656
    outer loop
      vertex -47.034568786621094 17.355308532714844 12.799610137939453
      vertex -46.636329650878906 17.341598510742188 12.888649940490723
      vertex -46.42871856689453 18.041717529296875 12.889780044555664
    endloop
  endfacet
  facet normal -0.18087828168283676 -0.6876944489700075 0.7031069563525183
    outer loop
      vertex -47.034568786621094 17.355308532714844 12.799610137939453
      vertex -46.48865509033203 16.5 12.103489875793457
      vertex -46.636329650878906 17.341598510742188 12.888649940490723
    endloop
  endfacet
  facet normal -0.21474366892156693 0.061495346372602545 0.9747325166591181
    outer loop
      vertex -47.034568786621094 17.355308532714844 12.799610137939453
      vertex -46.42871856689453 18.041717529296875 12.889780044555664
      vertex -46.83179473876953 18.063568115234375 12.799599647521973
    endloop
  endfacet
  facet normal -0.12471661236664647 -0.7911182944124296 0.59881350255798
    outer loop
      vertex -47.01130676269531 -18.073238372802734 12.750349998474121
      vertex -46.68090057373047 -19 11.594779968261719
      vertex -46.887908935546875 -18.066600799560547 12.784819602966309
    endloop
  endfacet
  facet normal -0.12147423236678649 0.7908920673284132 0.5997780828839018
    outer loop
      vertex -47.00281524658203 18.072784423828125 12.752809524536133
      vertex -46.83179473876953 18.063568115234375 12.799599647521973
      vertex -46.67400360107422 19 11.596739768981934
    endloop
  endfacet
  facet normal -0.1405463666363707 -0.7907571660451299 0.5957766554453017
    outer loop
      vertex -46.887908935546875 -18.066600799560547 12.784819602966309
      vertex -46.68090057373047 -19 11.594779968261719
      vertex -46.211219787597656 -19 11.70557975769043
    endloop
  endfacet
  facet normal -0.21944491611569797 -0.06305452503222608 0.9735851558358595
    outer loop
      vertex -46.887908935546875 -18.066600799560547 12.784819602966309
      vertex -46.432655334472656 -18.04193878173828 12.889030456542969
      vertex -46.63215637207031 -17.34145736694336 12.889430046081543
    endloop
  endfacet
  facet normal -0.09838790624674926 -0.7823873360723212 0.6149714434492365
    outer loop
      vertex -46.887908935546875 -18.066600799560547 12.784819602966309
      vertex -46.211219787597656 -19 11.70557975769043
      vertex -46.432655334472656 -18.04193878173828 12.889030456542969
    endloop
  endfacet
  facet normal 0 0 1
    outer loop
      vertex -46.887229919433594 -25.700000762939453 2
      vertex -21.88189697265625 -25.700000762939453 2
      vertex -46.887229919433594 -24.049999237060547 2
    endloop
  endfacet
  facet normal 0 0 1
    outer loop
      vertex -46.887229919433594 -24.049999237060547 2
      vertex -44.27484797949738 -21.66233230977707 2
      vertex -46.887229919433594 -20.5 2
    endloop
  endfacet
  facet normal 0 0 1
    outer loop
      vertex -46.887229919433594 -24.049999237060547 2
      vertex -44.26107037659767 -21.836010816079934 2
      vertex -44.27484797949738 -21.66233230977707 2
    endloop
  endfacet
  facet normal 0 0 1
    outer loop
      vertex -46.887229919433594 -24.049999237060547 2
      vertex -44.22581410730595 -21.999689087339604 2
      vertex -44.26107037659767 -21.836010816079934 2
    endloop
  endfacet
  facet normal 0 0 1
    outer loop
      vertex -46.887229919433594 -24.049999237060547 2
      vertex -44.155844208748505 -22.137677719412846 2
      vertex -44.22581410730595 -21.999689087339604 2
    endloop
  endfacet
  facet normal 0 0 1
    outer loop
      vertex -46.887229919433594 -24.049999237060547 2
      vertex -44.049118829474615 -22.245833564253587 2
      vertex -44.155844208748505 -22.137677719412846 2
    endloop
  endfacet
  facet normal 0 0 1
    outer loop
      vertex -46.887229919433594 -24.049999237060547 2
      vertex -43.93847003727606 -22.341180261030228 2
      vertex -44.049118829474615 -22.245833564253587 2
    endloop
  endfacet
  facet normal 0 0 1
    outer loop
      vertex -46.887229919433594 -24.049999237060547 2
      vertex -43.82442601204841 -22.41751694950095 2
      vertex -43.93847003727606 -22.341180261030228 2
    endloop
  endfacet
  facet normal 0 0 1
    outer loop
      vertex -46.887229919433594 -24.049999237060547 2
      vertex -43.67747584049058 -22.455527262330435 2
      vertex -43.82442601204841 -22.41751694950095 2
    endloop
  endfacet
  facet normal 0 0 1
    outer loop
      vertex -46.887229919433594 -24.049999237060547 2
      vertex -43.52829959734342 -22.46891115187166 2
      vertex -43.67747584049058 -22.455527262330435 2
    endloop
  endfacet
  facet normal 0 0 1
    outer loop
      vertex -46.887229919433594 -24.049999237060547 2
      vertex -43.37476262917145 -22.45409484678226 2
      vertex -43.52829959734342 -22.46891115187166 2
    endloop
  endfacet
  facet normal 0 0 1
    outer loop
      vertex -46.887229919433594 -24.049999237060547 2
      vertex -43.2212760626246 -22.386667969554946 2
      vertex -43.37476262917145 -22.45409484678226 2
    endloop
  endfacet
  facet normal 0 0 1
    outer loop
      vertex -46.887229919433594 -24.049999237060547 2
      vertex -43.09585130705357 -22.39644439823082 2
      vertex -43.2212760626246 -22.386667969554946 2
    endloop
  endfacet
  facet normal 0 0 1
    outer loop
      vertex -46.887229919433594 -24.049999237060547 2
      vertex -21.88189697265625 -25.700000762939453 2
      vertex -21.88189697265625 -24.049999237060547 2
    endloop
  endfacet
  facet normal 0 0 1
    outer loop
      vertex -46.887229919433594 -24.049999237060547 2
      vertex -21.88189697265625 -24.049999237060547 2
      vertex -43.09585130705357 -22.39644439823082 2
    endloop
  endfacet
  facet normal 0 0 1
    outer loop
      vertex -46.887229919433594 -20.5 2
      vertex -44.314964992968875 -21.48730814276891 2
      vertex -44.27484797949738 -21.341586393458556 2
    endloop
  endfacet
  facet normal 0 0 1
    outer loop
      vertex -46.887229919433594 -20.5 2
      vertex -44.27484797949738 -21.66233230977707 2
      vertex -44.27484797949738 -21.653357212780815 2
    endloop
  endfacet
  facet normal 0 0 1
    outer loop
      vertex -46.887229919433594 -20.5 2
      vertex -44.27484797949738 -21.653357212780815 2
      vertex -44.314964992968875 -21.48730814276891 2
    endloop
  endfacet
  facet normal 0 0 1
    outer loop
      vertex -46.887229919433594 -20.5 2
      vertex -44.27484797949738 -21.341586393458556 2
      vertex -44.27136326814298 -21.180798883162794 2
    endloop
  endfacet
  facet normal 0 0 1
    outer loop
      vertex -46.887229919433594 -20.5 2
      vertex -44.27136326814298 -21.180798883162794 2
      vertex -44.22581410730595 -21.036985636885273 2
    endloop
  endfacet
  facet normal 0 0 1
    outer loop
      vertex -46.887229919433594 -20.5 2
      vertex -44.22581410730595 -21.036985636885273 2
      vertex -44.12416675570426 -20.91358171156186 2
    endloop
  endfacet
  facet normal 0 0 1
    outer loop
      vertex -46.887229919433594 -20.5 2
      vertex -44.12416675570426 -20.91358171156186 2
      vertex -44.06994511663125 -20.920099993340237 2
    endloop
  endfacet
  facet normal 0 0 1
    outer loop
      vertex -46.887229919433594 -20.5 2
      vertex -44.06994511663125 -20.920099993340237 2
      vertex -44.01808283150074 -20.804438101760447 2
    endloop
  endfacet
  facet normal 0 0 1
    outer loop
      vertex -46.887229919433594 -20.5 2
      vertex -44.01808283150074 -20.804438101760447 2
      vertex -43.907112939158296 -20.773244842777977 2
    endloop
  endfacet
  facet normal 0 0 1
    outer loop
      vertex -46.887229919433594 -20.5 2
      vertex -43.907112939158296 -20.773244842777977 2
      vertex -43.85155858313014 -20.719157567351125 2
    endloop
  endfacet
  facet normal 0 0 1
    outer loop
      vertex -46.887229919433594 -20.5 2
      vertex -43.85155858313014 -20.719157567351125 2
      vertex -43.79369453943451 -20.702763844502094 2
    endloop
  endfacet
  facet normal 0 0 1
    outer loop
      vertex -46.887229919433594 -20.5 2
      vertex -43.79369453943451 -20.702763844502094 2
      vertex -43.73624910536935 -20.652032809354242 2
    endloop
  endfacet
  facet normal 0 0 1
    outer loop
      vertex -46.887229919433594 -20.5 2
      vertex -43.73624910536935 -20.652032809354242 2
      vertex -43.6769633884044 -20.650859491899627 2
    endloop
  endfacet
  facet normal 0 0 1
    outer loop
      vertex -46.887229919433594 -20.5 2
      vertex -43.6769633884044 -20.650859491899627 2
      vertex -43.61803398874989 -20.610959935875034 2
    endloop
  endfacet
  facet normal 0 0 1
    outer loop
      vertex -46.887229919433594 -20.5 2
      vertex -43.61803398874989 -20.610959935875034 2
      vertex -43.49737977432971 -20.59670403558133 2
    endloop
  endfacet
  facet normal 0 0 1
    outer loop
      vertex -46.887229919433594 -20.5 2
      vertex -43.49737977432971 -20.59670403558133 2
      vertex -43.37476262917145 -20.599965291634472 2
    endloop
  endfacet
  facet normal 0 0 1
    outer loop
      vertex -46.887229919433594 -20.5 2
      vertex -43.37476262917145 -20.599965291634472 2
      vertex -21.88189697265625 -20.5 2
    endloop
  endfacet
  facet normal 0 0 1
    outer loop
      vertex -46.887229919433594 20.5 2
      vertex -44.28333842046019 21.499447317176816 2
      vertex -44.27484797949738 21.653357212780815 2
    endloop
  endfacet
  facet normal 0 0 1
    outer loop
      vertex -46.887229919433594 20.5 2
      vertex -44.27484797949738 21.341586393458556 2
      vertex -44.28333842046019 21.499447317176816 2
    endloop
  endfacet
  facet normal 0 0 1
    outer loop
      vertex -46.887229919433594 20.5 2
      vertex -44.27484797949738 21.653357212780815 2
      vertex -44.27484797949738 21.66650384813162 2
    endloop
  endfacet
  facet normal 0 0 1
    outer loop
      vertex -46.887229919433594 20.5 2
      vertex -44.27484797949738 21.66650384813162 2
      vertex -46.887229919433594 25.70000457763672 2
    endloop
  endfacet
  facet normal 0 0 1
    outer loop
      vertex -46.887229919433594 20.5 2
      vertex -44.23008475885446 21.191545735468843 2
      vertex -44.27484797949738 21.341586393458556 2
    endloop
  endfacet
  facet normal 0 0 1
    outer loop
      vertex -46.887229919433594 20.5 2
      vertex -44.22581410730595 21.03698936132251 2
      vertex -44.23008475885446 21.191545735468843 2
    endloop
  endfacet
  facet normal 0 0 1
    outer loop
      vertex -46.887229919433594 20.5 2
      vertex -44.12522850776773 20.91342652773451 2
      vertex -44.22581410730595 21.03698936132251 2
    endloop
  endfacet
  facet normal 0 0 1
    outer loop
      vertex -46.887229919433594 20.5 2
      vertex -44.018489430253645 20.804398697562878 2
      vertex -44.12522850776773 20.91342652773451 2
    endloop
  endfacet
  facet normal 0 0 1
    outer loop
      vertex -46.887229919433594 20.5 2
      vertex -43.90798099947909 20.77385646461271 2
      vertex -44.018489430253645 20.804398697562878 2
    endloop
  endfacet
  facet normal 0 0 1
    outer loop
      vertex -46.887229919433594 20.5 2
      vertex -43.85201073977993 20.719128713888335 2
      vertex -43.90798099947909 20.77385646461271 2
    endloop
  endfacet
  facet normal 0 0 1
    outer loop
      vertex -46.887229919433594 20.5 2
      vertex -43.79429578126956 20.70304803438297 2
      vertex -43.85201073977993 20.719128713888335 2
    endloop
  endfacet
  facet normal 0 0 1
    outer loop
      vertex -46.887229919433594 20.5 2
      vertex -43.736431030521615 20.65202779055217 2
      vertex -43.79429578126956 20.70304803438297 2
    endloop
  endfacet
  facet normal 0 0 1
    outer loop
      vertex -46.887229919433594 20.5 2
      vertex -43.67747584049059 20.65100031531018 2
      vertex -43.736431030521615 20.65202779055217 2
    endloop
  endfacet
  facet normal 0 0 1
    outer loop
      vertex -46.887229919433594 20.5 2
      vertex -43.618239245908576 20.610952969231967 2
      vertex -43.67747584049059 20.65100031531018 2
    endloop
  endfacet
  facet normal 0 0 1
    outer loop
      vertex -46.887229919433594 20.5 2
      vertex -43.497911614086945 20.59668886350923 2
      vertex -43.618239245908576 20.610952969231967 2
    endloop
  endfacet
  facet normal 0 0 1
    outer loop
      vertex -46.887229919433594 20.5 2
      vertex -43.375776575343835 20.59997000759122 2
      vertex -43.497911614086945 20.59668886350923 2
    endloop
  endfacet
  facet normal 0 0 1
    outer loop
      vertex -46.887229919433594 20.5 2
      vertex -43.25066646712861 20.599388108990354 2
      vertex -43.375776575343835 20.59997000759122 2
    endloop
  endfacet
  facet normal 0 0 1
    outer loop
      vertex -46.887229919433594 20.5 2
      vertex -21.88189697265625 20.5 2
      vertex -43.25066646712861 20.599388108990354 2
    endloop
  endfacet
  facet normal 0 0 1
    outer loop
      vertex -46.887229919433594 25.70000457763672 2
      vertex -44.27484797949738 21.66650384813162 2
      vertex -44.24005157211653 21.826000587510855 2
    endloop
  endfacet
  facet normal 0 0 1
    outer loop
      vertex -46.887229919433594 25.70000457763672 2
      vertex -44.24005157211653 21.826000587510855 2
      vertex -44.22581410730595 22.03873379282272 2
    endloop
  endfacet
  facet normal 0 0 1
    outer loop
      vertex -46.887229919433594 25.70000457763672 2
      vertex -44.22581410730595 22.03873379282272 2
      vertex -44.14501986077859 22.17327956360981 2
    endloop
  endfacet
  facet normal 0 0 1
    outer loop
      vertex -46.887229919433594 25.70000457763672 2
      vertex -44.14501986077859 22.17327956360981 2
      vertex -44.041780705845895 22.287045399291713 2
    endloop
  endfacet
  facet normal 0 0 1
    outer loop
      vertex -46.887229919433594 25.70000457763672 2
      vertex -44.041780705845895 22.287045399291713 2
      vertex -43.9343111675403 22.394079644670384 2
    endloop
  endfacet
  facet normal 0 0 1
    outer loop
      vertex -46.887229919433594 25.70000457763672 2
      vertex -43.9343111675403 22.394079644670384 2
      vertex -43.822901374374844 22.485429584745418 2
    endloop
  endfacet
  facet normal 0 0 1
    outer loop
      vertex -46.887229919433594 25.70000457763672 2
      vertex -43.822901374374844 22.485429584745418 2
      vertex -43.67747584049058 22.524156531867177 2
    endloop
  endfacet
  facet normal 0 0 1
    outer loop
      vertex -46.887229919433594 25.70000457763672 2
      vertex -43.67747584049058 22.524156531867177 2
      vertex -43.52840706007165 22.537929575204043 2
    endloop
  endfacet
  facet normal 0 0 1
    outer loop
      vertex -46.887229919433594 25.70000457763672 2
      vertex -43.52840706007165 22.537929575204043 2
      vertex -43.37476262917145 22.521303465653727 2
    endloop
  endfacet
  facet normal 0 0 1
    outer loop
      vertex -46.887229919433594 25.70000457763672 2
      vertex -43.37476262917145 22.521303465653727 2
      vertex -43.21772926042605 22.387554160935956 2
    endloop
  endfacet
  facet normal 0 0 1
    outer loop
      vertex -46.887229919433594 25.70000457763672 2
      vertex -43.21772926042605 22.387554160935956 2
      vertex -21.88189697265625 25.70000457763672 2
    endloop
  endfacet
  facet normal -0.09531849308143854 0.7822826308076195 0.615587743878477
    outer loop
      vertex -46.83179473876953 18.063568115234375 12.799599647521973
      vertex -46.42871856689453 18.041717529296875 12.889780044555664
      vertex -46.2080078125 19 11.70617961883545
    endloop
  endfacet
  facet normal -0.14014156387029958 0.7901144724982518 0.5967239415548836
    outer loop
      vertex -46.83179473876953 18.063568115234375 12.799599647521973
      vertex -46.2080078125 19 11.70617961883545
      vertex -46.67400360107422 19 11.596739768981934
    endloop
  endfacet
  facet normal -0.1251837807904018 -0.6884533526394087 0.7143955502846996
    outer loop
      vertex -46.636329650878906 17.341598510742188 12.888649940490723
      vertex -46.48865509033203 16.5 12.103489875793457
      vertex -46.04750061035156 17.321083068847656 12.972060203552246
    endloop
  endfacet
  facet normal -0.1387595151847542 0.040405936501198884 0.9895014690444645
    outer loop
      vertex -46.636329650878906 17.341598510742188 12.888649940490723
      vertex -46.04750061035156 17.321083068847656 12.972060203552246
      vertex -45.84575653076172 18.009742736816406 12.972229957580566
    endloop
  endfacet
  facet normal -0.13781898323380962 0.039270906759571365 0.9896785961829628
    outer loop
      vertex -46.636329650878906 17.341598510742188 12.888649940490723
      vertex -45.84575653076172 18.009742736816406 12.972229957580566
      vertex -46.42871856689453 18.041717529296875 12.889780044555664
    endloop
  endfacet
  facet normal -0.13838442677421844 -0.03997716216412571 0.9895714107287429
    outer loop
      vertex -46.63215637207031 -17.34145736694336 12.889430046081543
      vertex -46.432655334472656 -18.04193878173828 12.889030456542969
      vertex -46.046600341796875 -17.321048736572266 12.972140312194824
    endloop
  endfacet
  facet normal -0.12409670872401082 0.6965664167778151 0.7066790175894452
    outer loop
      vertex -46.63215637207031 -17.34145736694336 12.889430046081543
      vertex -46.046600341796875 -17.321048736572266 12.972140312194824
      vertex -45.97251892089844 -16.5 12.175849914550781
    endloop
  endfacet
  facet normal -0.10048860056074357 0.6881492056743691 0.7185768656776239
    outer loop
      vertex -46.63215637207031 -17.34145736694336 12.889430046081543
      vertex -45.97251892089844 -16.5 12.175849914550781
      vertex -46.485015869140625 -16.5 12.104180335998535
    endloop
  endfacet
  facet normal -0.09956499869868915 -0.6973436297300944 0.7097877662435349
    outer loop
      vertex -46.48865509033203 16.5 12.103489875793457
      vertex -45.973304748535156 16.5 12.175780296325684
      vertex -46.04750061035156 17.321083068847656 12.972060203552246
    endloop
  endfacet
  facet normal -0.04559163399217798 -0.7805818970122337 0.6233885665992807
    outer loop
      vertex -46.432655334472656 -18.04193878173828 12.889030456542969
      vertex -46.211219787597656 -19 11.70557975769043
      vertex -45.846588134765625 -18.009788513183594 12.972149848937988
    endloop
  endfacet
  facet normal -0.1381504593750707 -0.04010562721862583 0.9895989032127398
    outer loop
      vertex -46.432655334472656 -18.04193878173828 12.889030456542969
      vertex -45.846588134765625 -18.009788513183594 12.972149848937988
      vertex -46.046600341796875 -17.321048736572266 12.972140312194824
    endloop
  endfacet
  facet normal -0.047166502223737625 0.7726167623229857 0.6331182035335308
    outer loop
      vertex -46.42871856689453 18.041717529296875 12.889780044555664
      vertex -45.84575653076172 18.009742736816406 12.972229957580566
      vertex -45.734657287597656 19 11.77206039428711
    endloop
  endfacet
  facet normal -0.08590155633770764 0.7821037996789811 0.6171989704677575
    outer loop
      vertex -46.42871856689453 18.041717529296875 12.889780044555664
      vertex -45.734657287597656 19 11.77206039428711
      vertex -46.2080078125 19 11.70617961883545
    endloop
  endfacet
  facet normal -0.08780448114345409 -0.772346913259122 0.62910302707127
    outer loop
      vertex -46.211219787597656 -19 11.70557975769043
      vertex -45.735328674316406 -19 11.772000312805176
      vertex -45.846588134765625 -18.009788513183594 12.972149848937988
    endloop
  endfacet
  facet normal -0.05819863933595437 -0.6977062101935736 0.7140160800967752
    outer loop
      vertex -46.04750061035156 17.321083068847656 12.972060203552246
      vertex -45.973304748535156 16.5 12.175780296325684
      vertex -45.452003479003906 17.300003051757812 13
    endloop
  endfacet
  facet normal -0.046391370364162465 0.013344223006298625 0.9988342066970342
    outer loop
      vertex -46.04750061035156 17.321083068847656 12.972060203552246
      vertex -45.452003479003906 17.300003051757812 13
      vertex -45.84575653076172 18.009742736816406 12.972229957580566
    endloop
  endfacet
  facet normal -0.046192408209689007 -0.013400590646127525 0.9988426730942789
    outer loop
      vertex -46.046600341796875 -17.321048736572266 12.972140312194824
      vertex -45.846588134765625 -18.009788513183594 12.972149848937988
      vertex -45.253936767578125 -17.976810455322266 13
    endloop
  endfacet
  facet normal -0.05806566762981911 0.7059141471583982 0.7059133056433592
    outer loop
      vertex -46.046600341796875 -17.321048736572266 12.972140312194824
      vertex -45.452003479003906 -17.299999237060547 13
      vertex -45.452003479003906 -16.5 12.199999809265137
    endloop
  endfacet
  facet normal -0.03321736628846979 0.6973593984021269 0.715951448100415
    outer loop
      vertex -46.046600341796875 -17.321048736572266 12.972140312194824
      vertex -45.452003479003906 -16.5 12.199999809265137
      vertex -45.97251892089844 -16.5 12.175849914550781
    endloop
  endfacet
  facet normal -0.0463202674551324 -0.013555483123881957 0.9988346618435722
    outer loop
      vertex -46.046600341796875 -17.321048736572266 12.972140312194824
      vertex -45.253936767578125 -17.976810455322266 13
      vertex -45.452003479003906 -17.299999237060547 13
    endloop
  endfacet
  facet normal -0.03283433085429745 -0.7067242511409474 0.7067267785832213
    outer loop
      vertex -45.973304748535156 16.5 12.175780296325684
      vertex -45.452003479003906 16.5 12.199999809265137
      vertex -45.452003479003906 17.300003051757812 13
    endloop
  endfacet
  facet normal 0 1 0
    outer loop
      vertex -45.97251892089844 -16.5 12.175849914550781
      vertex -45.452003479003906 -16.5 12.199999809265137
      vertex -21.88189697265625 -16.5 0
    endloop
  endfacet
  facet normal 0.012947251673522687 -0.7706912827437361 0.6370771659515959
    outer loop
      vertex -45.846588134765625 -18.009788513183594 12.972149848937988
      vertex -45.735328674316406 -19 11.772000312805176
      vertex -45.253936767578125 -17.976810455322266 13
    endloop
  endfacet
  facet normal -0.04611801181185636 0.013496293634922423 0.9988448223045668
    outer loop
      vertex -45.84575653076172 18.009742736816406 12.972229957580566
      vertex -45.452003479003906 17.300003051757812 13
      vertex -45.253936767578125 17.97681427001953 13
    endloop
  endfacet
  facet normal 0.012061795788416775 0.76241197975686 0.6469795098807872
    outer loop
      vertex -45.84575653076172 18.009742736816406 12.972229957580566
      vertex -45.253936767578125 17.97681427001953 13
      vertex -45.253936767578125 19 11.794260025024414
    endloop
  endfacet
  facet normal -0.029302967404350216 0.7723349253027499 0.6345392810999924
    outer loop
      vertex -45.84575653076172 18.009742736816406 12.972229957580566
      vertex -45.253936767578125 19 11.794260025024414
      vertex -45.734657287597656 19 11.77206039428711
    endloop
  endfacet
  facet normal -0.02990539439596244 -0.7621252307433023 0.6467385871049371
    outer loop
      vertex -45.735328674316406 -19 11.772000312805176
      vertex -45.253936767578125 -19 11.794260025024414
      vertex -45.253936767578125 -17.976810455322266 13
    endloop
  endfacet
  facet normal 0 0 1
    outer loop
      vertex -45.452003479003906 -17.299999237060547 13
      vertex -45.253936767578125 -17.976810455322266 13
      vertex 39.61810302734375 -17.299999237060547 13
    endloop
  endfacet
  facet normal 0 0.7071072026550578 0.7071063597177861
    outer loop
      vertex -45.452003479003906 -17.299999237060547 13
      vertex 39.61810302734375 -17.299999237060547 13
      vertex 39.61810302734375 -16.5 12.199999809265137
    endloop
  endfacet
  facet normal 0 0.7071072026550578 0.7071063597177861
    outer loop
      vertex -45.452003479003906 -17.299999237060547 13
      vertex 39.61810302734375 -16.5 12.199999809265137
      vertex -45.452003479003906 -16.5 12.199999809265137
    endloop
  endfacet
  facet normal 0 1 0
    outer loop
      vertex -45.452003479003906 -16.5 12.199999809265137
      vertex 21.11810302734375 -16.5 0
      vertex -21.88189697265625 -16.5 0
    endloop
  endfacet
  facet normal 0 1 0
    outer loop
      vertex -45.452003479003906 -16.5 12.199999809265137
      vertex 39.61810302734375 -16.5 12.199999809265137
      vertex 21.11810302734375 -16.5 0
    endloop
  endfacet
  facet normal 0 -1 0
    outer loop
      vertex -45.452003479003906 16.5 12.199999809265137
      vertex -21.88189697265625 16.5 0
      vertex 39.61810302734375 16.5 12.199999809265137
    endloop
  endfacet
  facet normal 0 -0.7071055167825241 0.70710804558831
    outer loop
      vertex -45.452003479003906 16.5 12.199999809265137
      vertex 39.61810302734375 16.5 12.199999809265137
      vertex 39.61810302734375 17.300003051757812 13
    endloop
  endfacet
  facet normal 0 -0.7071055167825241 0.70710804558831
    outer loop
      vertex -45.452003479003906 16.5 12.199999809265137
      vertex 39.61810302734375 17.300003051757812 13
      vertex -45.452003479003906 17.300003051757812 13
    endloop
  endfacet
  facet normal 0 0 1
    outer loop
      vertex -45.452003479003906 17.300003051757812 13
      vertex 39.61810302734375 17.300003051757812 13
      vertex 39.61810302734375 17.97681427001953 13
    endloop
  endfacet
  facet normal 0 0 1
    outer loop
      vertex -45.452003479003906 17.300003051757812 13
      vertex 39.61810302734375 17.97681427001953 13
      vertex -45.253936767578125 17.97681427001953 13
    endloop
  endfacet
  facet normal 0 -0.762466256227912 0.6470279809357491
    outer loop
      vertex -45.253936767578125 -19 11.794260025024414
      vertex 39.61810302734375 -19 11.794260025024414
      vertex 39.61810302734375 -17.976810455322266 13
    endloop
  endfacet
  facet normal 0 -0.762466256227912 0.6470279809357491
    outer loop
      vertex -45.253936767578125 -19 11.794260025024414
      vertex 39.61810302734375 -17.976810455322266 13
      vertex -45.253936767578125 -17.976810455322266 13
    endloop
  endfacet
  facet normal 0 0 1
    outer loop
      vertex -45.253936767578125 -17.976810455322266 13
      vertex 39.61810302734375 -17.976810455322266 13
      vertex 39.61810302734375 -17.299999237060547 13
    endloop
  endfacet
  facet normal 0 0.762467446293629 0.6470265785440904
    outer loop
      vertex -45.253936767578125 17.97681427001953 13
      vertex 39.61810302734375 17.97681427001953 13
      vertex 39.61810302734375 19 11.794260025024414
    endloop
  endfacet
  facet normal 0 0.762467446293629 0.6470265785440904
    outer loop
      vertex -45.253936767578125 17.97681427001953 13
      vertex 39.61810302734375 19 11.794260025024414
      vertex -45.253936767578125 19 11.794260025024414
    endloop
  endfacet
  facet normal 0 1 0
    outer loop
      vertex -45.253936767578125 19 11.794260025024414
      vertex 39.61810302734375 19 11.794260025024414
      vertex 39.61810302734375 19 3.5
    endloop
  endfacet
  facet normal 0 0 -1
    outer loop
      vertex -44.99764348415993 -22.475634917435137 0
      vertex -44.98178453086082 -22.5950338978082 0
      vertex -44.99657631324233 -22.614493896173727 0
    endloop
  endfacet
  facet normal 0 0 -1
    outer loop
      vertex -44.99764348415993 -22.475634917435137 0
      vertex -44.96236285732312 -22.733976570972928 0
      vertex -44.98178453086082 -22.5950338978082 0
    endloop
  endfacet
  facet normal 0 0 -1
    outer loop
      vertex -44.99764348415993 -22.475634917435137 0
      vertex -44.935315012883294 -22.8795314526984 0
      vertex -44.96236285732312 -22.733976570972928 0
    endloop
  endfacet
  facet normal 0 0 -1
    outer loop
      vertex -44.99764348415993 -22.475634917435137 0
      vertex -44.87896040567315 -22.99916489082478 0
      vertex -44.935315012883294 -22.8795314526984 0
    endloop
  endfacet
  facet normal 0 0 -1
    outer loop
      vertex -44.99764348415993 -22.475634917435137 0
      vertex -44.83296278263958 -23.13219588054769 0
      vertex -44.87896040567315 -22.99916489082478 0
    endloop
  endfacet
  facet normal 0 0 -1
    outer loop
      vertex -44.99764348415993 -22.475634917435137 0
      vertex -44.541026485551576 -21.853218418983705 0
      vertex -44.83296278263958 -23.13219588054769 0
    endloop
  endfacet
  facet normal 0 0 -1
    outer loop
      vertex -44.99657631324233 -22.614493896173727 0
      vertex -44.98178453086082 -22.5950338978082 0
      vertex -44.982917248528096 -22.759886142390187 0
    endloop
  endfacet
  facet normal 0 0 -1
    outer loop
      vertex -44.996053456856544 22.500814696130348 0
      vertex -44.99408824519395 22.499517931077488 0
      vertex -44.99428961012132 22.35200716320037 0
    endloop
  endfacet
  facet normal 0 0 -1
    outer loop
      vertex -44.996053456856544 22.500814696130348 0
      vertex -44.99186030230447 22.641341514918974 0
      vertex -44.99408824519395 22.499517931077488 0
    endloop
  endfacet
  facet normal 0 0 -1
    outer loop
      vertex -44.99428961012132 22.35200716320037 0
      vertex -44.99408824519395 22.499517931077488 0
      vertex -44.98274520367457 22.343812801544832 0
    endloop
  endfacet
  facet normal 0 0 -1
    outer loop
      vertex -44.99428961012132 22.35200716320037 0
      vertex -44.98274520367457 22.343812801544832 0
      vertex -44.97629159517734 22.193559590660684 0
    endloop
  endfacet
  facet normal 0 0 -1
    outer loop
      vertex -44.99408824519395 22.499517931077488 0
      vertex -44.99186030230447 22.641341514918974 0
      vertex -44.98274520367457 22.343812801544832 0
    endloop
  endfacet
  facet normal 0 0 -1
    outer loop
      vertex -44.99186030230447 22.641341514918974 0
      vertex -44.984229402628955 22.636675832420043 0
      vertex -44.98274520367457 22.343812801544832 0
    endloop
  endfacet
  facet normal 0 0 -1
    outer loop
      vertex -44.99186030230447 22.641341514918974 0
      vertex -44.97612922969651 22.764964144606438 0
      vertex -44.984229402628955 22.636675832420043 0
    endloop
  endfacet
  facet normal 0 0 -1
    outer loop
      vertex -44.984229402628955 22.636675832420043 0
      vertex -44.97612922969651 22.764964144606438 0
      vertex -44.98274520367457 22.343812801544832 0
    endloop
  endfacet
  facet normal 0 0 -1
    outer loop
      vertex -44.982917248528096 -22.759886142390187 0
      vertex -44.98178453086082 -22.5950338978082 0
      vertex -44.96236285732312 -22.733976570972928 0
    endloop
  endfacet
  facet normal 0 0 -1
    outer loop
      vertex -44.982917248528096 -22.759886142390187 0
      vertex -44.96236285732312 -22.733976570972928 0
      vertex -44.957956020024156 -22.906722067161347 0
    endloop
  endfacet
  facet normal 0 0 -1
    outer loop
      vertex -44.98274520367457 22.343812801544832 0
      vertex -44.97612922969651 22.764964144606438 0
      vertex -44.950105876944086 22.173689890867834 0
    endloop
  endfacet
  facet normal 0 0 -1
    outer loop
      vertex -44.98274520367457 22.343812801544832 0
      vertex -44.950105876944086 22.173689890867834 0
      vertex -44.97629159517734 22.193559590660684 0
    endloop
  endfacet
  facet normal 0 0 -1
    outer loop
      vertex -44.97629159517734 22.193559590660684 0
      vertex -44.950105876944086 22.173689890867834 0
      vertex -44.94441626972641 22.03281843019671 0
    endloop
  endfacet
  facet normal 0 0 -1
    outer loop
      vertex -44.97612922969651 22.764964144606438 0
      vertex -44.96457450145738 22.758417053034677 0
      vertex -44.950105876944086 22.173689890867834 0
    endloop
  endfacet
  facet normal 0 0 -1
    outer loop
      vertex -44.97612922969651 22.764964144606438 0
      vertex -44.952870630196934 22.87026767425818 0
      vertex -44.96457450145738 22.758417053034677 0
    endloop
  endfacet
  facet normal 0 0 -1
    outer loop
      vertex -44.96457450145738 22.758417053034677 0
      vertex -44.952870630196934 22.87026767425818 0
      vertex -44.950105876944086 22.173689890867834 0
    endloop
  endfacet
  facet normal 0 0 -1
    outer loop
      vertex -44.96236285732312 -22.733976570972928 0
      vertex -44.935315012883294 -22.8795314526984 0
      vertex -44.957956020024156 -22.906722067161347 0
    endloop
  endfacet
  facet normal 0 0 -1
    outer loop
      vertex -44.957956020024156 -22.906722067161347 0
      vertex -44.935315012883294 -22.8795314526984 0
      vertex -44.92295729189857 -23.04931924159766 0
    endloop
  endfacet
  facet normal 0 0 -1
    outer loop
      vertex -44.952870630196934 22.87026767425818 0
      vertex -44.9518335238775 22.869721032257914 0
      vertex -44.950105876944086 22.173689890867834 0
    endloop
  endfacet
  facet normal 0 0 -1
    outer loop
      vertex -44.952870630196934 22.87026767425818 0
      vertex -44.9377198325338 22.962145113925246 0
      vertex -44.9518335238775 22.869721032257914 0
    endloop
  endfacet
  facet normal 0 0 -1
    outer loop
      vertex -44.9518335238775 22.869721032257914 0
      vertex -44.9377198325338 22.962145113925246 0
      vertex -44.950105876944086 22.173689890867834 0
    endloop
  endfacet
  facet normal 0 0 -1
    outer loop
      vertex -44.950105876944086 22.173689890867834 0
      vertex -44.9377198325338 22.962145113925246 0
      vertex -44.93716632225726 22.961871717596964 0
    endloop
  endfacet
  facet normal 0 0 -1
    outer loop
      vertex -44.950105876944086 22.173689890867834 0
      vertex -44.93716632225726 22.961871717596964 0
      vertex -44.53352974540927 21.70237006730677 0
    endloop
  endfacet
  facet normal 0 0 -1
    outer loop
      vertex -44.950105876944086 22.173689890867834 0
      vertex -44.53352974540927 21.70237006730677 0
      vertex -44.94441626972641 22.03281843019671 0
    endloop
  endfacet
  facet normal 0 0 -1
    outer loop
      vertex -44.9377198325338 22.962145113925246 0
      vertex -44.9209774844513 23.033148883612174 0
      vertex -44.93716632225726 22.961871717596964 0
    endloop
  endfacet
  facet normal 0 0 -1
    outer loop
      vertex -44.93716632225726 22.961871717596964 0
      vertex -44.9209774844513 23.033148883612174 0
      vertex -44.53352974540927 21.70237006730677 0
    endloop
  endfacet
  facet normal 0 0 -1
    outer loop
      vertex -44.935315012883294 -22.8795314526984 0
      vertex -44.87896040567315 -22.99916489082478 0
      vertex -44.92295729189857 -23.04931924159766 0
    endloop
  endfacet
  facet normal 0 0 -1
    outer loop
      vertex -44.92295729189857 -23.04931924159766 0
      vertex -44.87896040567315 -22.99916489082478 0
      vertex -44.87976395892939 -23.182762279865155 0
    endloop
  endfacet
  facet normal 0 0 -1
    outer loop
      vertex -44.9209774844513 23.033148883612174 0
      vertex -44.92058737135389 23.032966404110148 0
      vertex -44.53352974540927 21.70237006730677 0
    endloop
  endfacet
  facet normal 0 0 -1
    outer loop
      vertex -44.9209774844513 23.033148883612174 0
      vertex -44.90267168684639 23.08247187937112 0
      vertex -44.92058737135389 23.032966404110148 0
    endloop
  endfacet
  facet normal 0 0 -1
    outer loop
      vertex -44.92058737135389 23.032966404110148 0
      vertex -44.90267168684639 23.08247187937112 0
      vertex -44.53352974540927 21.70237006730677 0
    endloop
  endfacet
  facet normal 0 0 -1
    outer loop
      vertex -44.90267168684639 23.08247187937112 0
      vertex -44.90211303259031 23.08222117493471 0
      vertex -44.53352974540927 21.70237006730677 0
    endloop
  endfacet
  facet normal 0 0 -1
    outer loop
      vertex -44.90267168684639 23.08247187937112 0
      vertex -44.88281810352724 23.110218316373697 0
      vertex -44.90211303259031 23.08222117493471 0
    endloop
  endfacet
  facet normal 0 0 -1
    outer loop
      vertex -44.90211303259031 23.08222117493471 0
      vertex -44.88281810352724 23.110218316373697 0
      vertex -44.53352974540927 21.70237006730677 0
    endloop
  endfacet
  facet normal 0 0 -1
    outer loop
      vertex -44.88281810352724 23.110218316373697 0
      vertex -43.49737977432971 22.505039638095955 0
      vertex -44.53352974540927 21.70237006730677 0
    endloop
  endfacet
  facet normal 0 0 -1
    outer loop
      vertex -44.88281810352724 23.110218316373697 0
      vertex -43.43631521417655 24.45000457763672 0
      vertex -43.49737977432971 22.505039638095955 0
    endloop
  endfacet
  facet normal 0 0 -1
    outer loop
      vertex -44.87976395892939 -23.182762279865155 0
      vertex -44.87896040567315 -22.99916489082478 0
      vertex -44.83296278263958 -23.13219588054769 0
    endloop
  endfacet
  facet normal 0 0 -1
    outer loop
      vertex -44.87976395892939 -23.182762279865155 0
      vertex -44.83296278263958 -23.13219588054769 0
      vertex -44.831276302772295 -23.303670723210818 0
    endloop
  endfacet
  facet normal 0 0 -1
    outer loop
      vertex -44.83296278263958 -23.13219588054769 0
      vertex -44.77954147170487 -23.250648483014103 0
      vertex -44.831276302772295 -23.303670723210818 0
    endloop
  endfacet
  facet normal 0 0 -1
    outer loop
      vertex -44.83296278263958 -23.13219588054769 0
      vertex -44.541026485551576 -21.853218418983705 0
      vertex -44.77954147170487 -23.250648483014103 0
    endloop
  endfacet
  facet normal 0 0 -1
    outer loop
      vertex -44.831276302772295 -23.303670723210818 0
      vertex -44.77954147170487 -23.250648483014103 0
      vertex -44.781016410857994 -23.40986332019873 0
    endloop
  endfacet
  facet normal 0 0 -1
    outer loop
      vertex -44.781016410857994 -23.40986332019873 0
      vertex -44.77954147170487 -23.250648483014103 0
      vertex -44.75131568442288 -23.38090154429283 0
    endloop
  endfacet
  facet normal 0 0 -1
    outer loop
      vertex -44.781016410857994 -23.40986332019873 0
      vertex -44.75131568442288 -23.38090154429283 0
      vertex -44.73206416933579 -23.49953391473785 0
    endloop
  endfacet
  facet normal 0 0 -1
    outer loop
      vertex -44.77954147170487 -23.250648483014103 0
      vertex -44.541026485551576 -21.853218418983705 0
      vertex -44.75131568442288 -23.38090154429283 0
    endloop
  endfacet
  facet normal 0 0 -1
    outer loop
      vertex -44.75131568442288 -23.38090154429283 0
      vertex -44.68686078213412 -23.457385355536534 0
      vertex -44.73206416933579 -23.49953391473785 0
    endloop
  endfacet
  facet normal 0 0 -1
    outer loop
      vertex -44.75131568442288 -23.38090154429283 0
      vertex -44.541026485551576 -21.853218418983705 0
      vertex -44.68686078213412 -23.457385355536534 0
    endloop
  endfacet
  facet normal 0 0 -1
    outer loop
      vertex -44.73206416933579 -23.49953391473785 0
      vertex -44.68686078213412 -23.457385355536534 0
      vertex -44.688160730024684 -23.572407339612354 0
    endloop
  endfacet
  facet normal 0 0 -1
    outer loop
      vertex -44.688160730024684 -23.572407339612354 0
      vertex -44.68686078213412 -23.457385355536534 0
      vertex -44.65285018519757 -23.540715100960764 0
    endloop
  endfacet
  facet normal 0 0 -1
    outer loop
      vertex -44.688160730024684 -23.572407339612354 0
      vertex -44.65285018519757 -23.540715100960764 0
      vertex -44.65152650055501 -23.627915480614586 0
    endloop
  endfacet
  facet normal 0 0 -1
    outer loop
      vertex -44.68686078213412 -23.457385355536534 0
      vertex -44.541026485551576 -21.853218418983705 0
      vertex -44.65285018519757 -23.540715100960764 0
    endloop
  endfacet
  facet normal 0 0 -1
    outer loop
      vertex -44.65285018519757 -23.540715100960764 0
      vertex -44.541026485551576 -21.853218418983705 0
      vertex -43.49737977432971 -22.62296273113177 0
    endloop
  endfacet
  facet normal 0 0 -1
    outer loop
      vertex -44.65285018519757 -23.540715100960764 0
      vertex -43.49737977432971 -22.62296273113177 0
      vertex -44.65152650055501 -23.627915480614586 0
    endloop
  endfacet
  facet normal 0 0 -1
    outer loop
      vertex -44.65152650055501 -23.627915480614586 0
      vertex -43.49737977432971 -22.62296273113177 0
      vertex -21.88189697265625 -26.5 0
    endloop
  endfacet
  facet normal 0 0 -1
    outer loop
      vertex -44.541026485551576 -21.853218418983705 0
      vertex -44.500607035332145 -21.20187749893346 0
      vertex -43.49737977432971 -22.62296273113177 0
    endloop
  endfacet
  facet normal 0 0 -1
    outer loop
      vertex -44.53352974540927 21.70237006730677 0
      vertex -44.45586424916887 21.262866573758938 0
      vertex -44.51009835894929 21.188939836889656 0
    endloop
  endfacet
  facet normal 0 0 -1
    outer loop
      vertex -44.53352974540927 21.70237006730677 0
      vertex -43.49737977432971 22.505039638095955 0
      vertex -44.45586424916887 21.262866573758938 0
    endloop
  endfacet
  facet normal 0 0 -1
    outer loop
      vertex -44.51009835894929 21.188939836889656 0
      vertex -44.45586424916887 21.262866573758938 0
      vertex -44.44227443488595 21.114743011767143 0
    endloop
  endfacet
  facet normal 0 0 -1
    outer loop
      vertex -44.500607035332145 -21.20187749893346 0
      vertex -44.457937254842825 -21.260040851245787 0
      vertex -43.49737977432971 -22.62296273113177 0
    endloop
  endfacet
  facet normal 0 0 -1
    outer loop
      vertex -44.500607035332145 -21.20187749893346 0
      vertex -44.415227429625894 -21.150325922911865 0
      vertex -44.457937254842825 -21.260040851245787 0
    endloop
  endfacet
  facet normal 0 0 -1
    outer loop
      vertex -44.457937254842825 -21.260040851245787 0
      vertex -44.415227429625894 -21.150325922911865 0
      vertex -43.49737977432971 -22.62296273113177 0
    endloop
  endfacet
  facet normal 0 0 -1
    outer loop
      vertex -44.45586424916887 21.262866573758938 0
      vertex -44.366384030378725 21.214584066048495 0
      vertex -44.44227443488595 21.114743011767143 0
    endloop
  endfacet
  facet normal 0 0 -1
    outer loop
      vertex -44.45586424916887 21.262866573758938 0
      vertex -43.49737977432971 22.505039638095955 0
      vertex -44.366384030378725 21.214584066048495 0
    endloop
  endfacet
  facet normal 0 0 -1
    outer loop
      vertex -44.44227443488595 21.114743011767143 0
      vertex -44.366384030378725 21.214584066048495 0
      vertex -44.356102292898555 21.03024100849257 0
    endloop
  endfacet
  facet normal 0 0 -1
    outer loop
      vertex -44.415227429625894 -21.150325922911865 0
      vertex -44.36909421185738 -21.21101856421885 0
      vertex -43.49737977432971 -22.62296273113177 0
    endloop
  endfacet
  facet normal 0 0 -1
    outer loop
      vertex -44.415227429625894 -21.150325922911865 0
      vertex -44.323743007894294 -21.071027402740228 0
      vertex -44.36909421185738 -21.21101856421885 0
    endloop
  endfacet
  facet normal 0 0 -1
    outer loop
      vertex -44.36909421185738 -21.21101856421885 0
      vertex -44.323743007894294 -21.071027402740228 0
      vertex -43.49737977432971 -22.62296273113177 0
    endloop
  endfacet
  facet normal 0 0 -1
    outer loop
      vertex -44.366384030378725 21.214584066048495 0
      vertex -44.27206429010181 21.136174109780214 0
      vertex -44.356102292898555 21.03024100849257 0
    endloop
  endfacet
  facet normal 0 0 -1
    outer loop
      vertex -44.366384030378725 21.214584066048495 0
      vertex -43.49737977432971 22.505039638095955 0
      vertex -44.27206429010181 21.136174109780214 0
    endloop
  endfacet
  facet normal 0 0 -1
    outer loop
      vertex -44.356102292898555 21.03024100849257 0
      vertex -44.27206429010181 21.136174109780214 0
      vertex -44.25221352292493 20.940839895333887 0
    endloop
  endfacet
  facet normal 0 0 -1
    outer loop
      vertex -44.323743007894294 -21.071027402740228 0
      vertex -44.27484797949738 -21.13266139703203 0
      vertex -43.49737977432971 -22.62296273113177 0
    endloop
  endfacet
  facet normal 0 0 -1
    outer loop
      vertex -44.323743007894294 -21.071027402740228 0
      vertex -44.226628975329895 -20.971561818130656 0
      vertex -44.27484797949738 -21.13266139703203 0
    endloop
  endfacet
  facet normal 0 0 1
    outer loop
      vertex -44.314964992968875 -21.48730814276891 2
      vertex -44.27484797949738 -21.653357212780815 2
      vertex -44.27484797949738 -21.341586393458556 2
    endloop
  endfacet
  facet normal 0 0 1
    outer loop
      vertex -44.28333842046019 21.499447317176816 2
      vertex -44.27484797949738 21.341586393458556 2
      vertex -44.27484797949738 21.653357212780815 2
    endloop
  endfacet
  facet normal 0 0 1
    outer loop
      vertex -44.27484797949738 -21.66233230977707 2
      vertex -44.268806843217064 -21.34353256297413 2
      vertex -44.27484797949738 -21.653357212780815 2
    endloop
  endfacet
  facet normal 0 0 1
    outer loop
      vertex -44.27484797949738 -21.66233230977707 2
      vertex -44.26107037659767 -21.836010816079934 2
      vertex -44.268806843217064 -21.34353256297413 2
    endloop
  endfacet
  facet normal 0 0 1
    outer loop
      vertex -44.27484797949738 -21.653357212780815 2
      vertex -44.268806843217064 -21.34353256297413 2
      vertex -44.27484797949738 -21.341586393458556 2
    endloop
  endfacet
  facet normal 0 0 1
    outer loop
      vertex -44.27484797949738 -21.341586393458556 2
      vertex -44.268806843217064 -21.34353256297413 2
      vertex -44.27136326814298 -21.180798883162794 2
    endloop
  endfacet
  facet normal 0 0 -1
    outer loop
      vertex -44.27484797949738 -21.13266139703203 0
      vertex -44.226628975329895 -20.971561818130656 0
      vertex -43.49737977432971 -22.62296273113177 0
    endloop
  endfacet
  facet normal 0 0 1
    outer loop
      vertex -44.27484797949738 21.341586393458556 2
      vertex -44.23008475885446 21.191545735468843 2
      vertex -44.27484797949738 21.653357212780815 2
    endloop
  endfacet
  facet normal 0 0 1
    outer loop
      vertex -44.27484797949738 21.653357212780815 2
      vertex -44.23008475885446 21.191545735468843 2
      vertex -44.27484797949738 21.66650384813162 2
    endloop
  endfacet
  facet normal 0 0 1
    outer loop
      vertex -44.27484797949738 21.66650384813162 2
      vertex -44.23008475885446 21.191545735468843 2
      vertex -44.24005157211653 21.826000587510855 2
    endloop
  endfacet
  facet normal 0 0 -1
    outer loop
      vertex -44.27206429010181 21.136174109780214 0
      vertex -44.17315410677988 21.03578602087357 0
      vertex -44.25221352292493 20.940839895333887 0
    endloop
  endfacet
  facet normal 0 0 -1
    outer loop
      vertex -44.27206429010181 21.136174109780214 0
      vertex -43.49737977432971 22.505039638095955 0
      vertex -44.17315410677988 21.03578602087357 0
    endloop
  endfacet
  facet normal 0 0 1
    outer loop
      vertex -44.27136326814298 -21.180798883162794 2
      vertex -44.268806843217064 -21.34353256297413 2
      vertex -44.22581410730595 -21.999689087339604 2
    endloop
  endfacet
  facet normal 0 0 1
    outer loop
      vertex -44.27136326814298 -21.180798883162794 2
      vertex -44.22581410730595 -21.999689087339604 2
      vertex -44.22581410730595 -21.036985636885273 2
    endloop
  endfacet
  facet normal 0 0 1
    outer loop
      vertex -44.268806843217064 -21.34353256297413 2
      vertex -44.26107037659767 -21.836010816079934 2
      vertex -44.22581410730595 -21.999689087339604 2
    endloop
  endfacet
  facet normal 0 0 -1
    outer loop
      vertex -44.25221352292493 20.940839895333887 0
      vertex -44.17315410677988 21.03578602087357 0
      vertex -44.13253937104351 20.851723224067364 0
    endloop
  endfacet
  facet normal 0 0 1
    outer loop
      vertex -44.24005157211653 21.826000587510855 2
      vertex -44.23008475885446 21.191545735468843 2
      vertex -44.22581410730595 21.03698936132251 2
    endloop
  endfacet
  facet normal 0 0 1
    outer loop
      vertex -44.24005157211653 21.826000587510855 2
      vertex -44.22581410730595 21.03698936132251 2
      vertex -44.22581410730595 22.03873379282272 2
    endloop
  endfacet
  facet normal 0 0 -1
    outer loop
      vertex -44.226628975329895 -20.971561818130656 0
      vertex -44.17557050458495 -21.032880256151344 0
      vertex -43.49737977432971 -22.62296273113177 0
    endloop
  endfacet
  facet normal 0 0 -1
    outer loop
      vertex -44.226628975329895 -20.971561818130656 0
      vertex -44.124404807975786 -20.86099248328248 0
      vertex -44.17557050458495 -21.032880256151344 0
    endloop
  endfacet
  facet normal 0 0 1
    outer loop
      vertex -44.22581410730595 -21.999689087339604 2
      vertex -44.17557050458495 -21.9609822576334 2
      vertex -44.17296775950634 -21.047648281031638 2
    endloop
  endfacet
  facet normal 0 0 1
    outer loop
      vertex -44.22581410730595 -21.999689087339604 2
      vertex -44.17296775950634 -21.047648281031638 2
      vertex -44.22581410730595 -21.036985636885273 2
    endloop
  endfacet
  facet normal 0 0 1
    outer loop
      vertex -44.22581410730595 -21.999689087339604 2
      vertex -44.155844208748505 -22.137677719412846 2
      vertex -44.17557050458495 -21.9609822576334 2
    endloop
  endfacet
  facet normal 0 0 1
    outer loop
      vertex -44.22581410730595 -21.036985636885273 2
      vertex -44.17296775950634 -21.047648281031638 2
      vertex -44.12416675570426 -20.91358171156186 2
    endloop
  endfacet
  facet normal 0 0 1
    outer loop
      vertex -44.22581410730595 21.03698936132251 2
      vertex -44.17557050458495 21.047126927956313 2
      vertex -44.17557050458495 21.96961440383887 2
    endloop
  endfacet
  facet normal 0 0 1
    outer loop
      vertex -44.22581410730595 21.03698936132251 2
      vertex -44.17557050458495 21.96961440383887 2
      vertex -44.22581410730595 22.03873379282272 2
    endloop
  endfacet
  facet normal 0 0 1
    outer loop
      vertex -44.22581410730595 21.03698936132251 2
      vertex -44.12522850776773 20.91342652773451 2
      vertex -44.17557050458495 21.047126927956313 2
    endloop
  endfacet
  facet normal 0 0 1
    outer loop
      vertex -44.22581410730595 22.03873379282272 2
      vertex -44.17557050458495 21.96961440383887 2
      vertex -44.14501986077859 22.17327956360981 2
    endloop
  endfacet
  facet normal 0 0 1
    outer loop
      vertex -44.17557050458495 -21.9609822576334 2
      vertex -44.155844208748505 -22.137677719412846 2
      vertex -44.17296775950634 -21.047648281031638 2
    endloop
  endfacet
  facet normal 0 0 -1
    outer loop
      vertex -44.17557050458495 -21.032880256151344 0
      vertex -44.124404807975786 -20.86099248328248 0
      vertex -43.49737977432971 -22.62296273113177 0
    endloop
  endfacet
  facet normal 0 0 1
    outer loop
      vertex -44.17557050458495 21.047126927956313 2
      vertex -44.12522850776773 20.91342652773451 2
      vertex -44.17557050458495 21.96961440383887 2
    endloop
  endfacet
  facet normal 0 0 1
    outer loop
      vertex -44.17557050458495 21.96961440383887 2
      vertex -44.12522850776773 20.91342652773451 2
      vertex -44.14501986077859 22.17327956360981 2
    endloop
  endfacet
  facet normal 0 0 -1
    outer loop
      vertex -44.17315410677988 21.03578602087357 0
      vertex -44.071653589958 20.92113016892717 0
      vertex -44.13253937104351 20.851723224067364 0
    endloop
  endfacet
  facet normal 0 0 -1
    outer loop
      vertex -44.17315410677988 21.03578602087357 0
      vertex -43.49737977432971 22.505039638095955 0
      vertex -44.071653589958 20.92113016892717 0
    endloop
  endfacet
  facet normal 0 0 1
    outer loop
      vertex -44.17296775950634 -21.047648281031638 2
      vertex -44.155844208748505 -22.137677719412846 2
      vertex -44.12416675570426 -20.91358171156186 2
    endloop
  endfacet
  facet normal 0 0 1
    outer loop
      vertex -44.155844208748505 -22.137677719412846 2
      vertex -44.071653589958 -22.07873345120959 2
      vertex -44.071653589958 -20.9214420041726 2
    endloop
  endfacet
  facet normal 0 0 1
    outer loop
      vertex -44.155844208748505 -22.137677719412846 2
      vertex -44.071653589958 -20.9214420041726 2
      vertex -44.12416675570426 -20.91358171156186 2
    endloop
  endfacet
  facet normal 0 0 1
    outer loop
      vertex -44.155844208748505 -22.137677719412846 2
      vertex -44.049118829474615 -22.245833564253587 2
      vertex -44.071653589958 -22.07873345120959 2
    endloop
  endfacet
  facet normal 0 0 1
    outer loop
      vertex -44.14501986077859 22.17327956360981 2
      vertex -44.12522850776773 20.91342652773451 2
      vertex -44.071653589958 22.07892404125578 2
    endloop
  endfacet
  facet normal 0 0 1
    outer loop
      vertex -44.14501986077859 22.17327956360981 2
      vertex -44.071653589958 22.07892404125578 2
      vertex -44.041780705845895 22.287045399291713 2
    endloop
  endfacet
  facet normal 0 0 -1
    outer loop
      vertex -44.13253937104351 20.851723224067364 0
      vertex -44.071653589958 20.92113016892717 0
      vertex -43.999744551014324 20.768055975475136 0
    endloop
  endfacet
  facet normal 0 0 1
    outer loop
      vertex -44.12522850776773 20.91342652773451 2
      vertex -44.071653589958 20.921445818438052 2
      vertex -44.071653589958 22.07892404125578 2
    endloop
  endfacet
  facet normal 0 0 1
    outer loop
      vertex -44.12522850776773 20.91342652773451 2
      vertex -44.018489430253645 20.804398697562878 2
      vertex -44.071653589958 20.921445818438052 2
    endloop
  endfacet
  facet normal 0 0 -1
    outer loop
      vertex -44.124404807975786 -20.86099248328248 0
      vertex -44.071653589958 -20.9211263545434 0
      vertex -43.49737977432971 -22.62296273113177 0
    endloop
  endfacet
  facet normal 0 0 -1
    outer loop
      vertex -44.124404807975786 -20.86099248328248 0
      vertex -44.01951478855041 -20.869669665259398 0
      vertex -44.071653589958 -20.9211263545434 0
    endloop
  endfacet
  facet normal 0 0 -1
    outer loop
      vertex -44.124404807975786 -20.86099248328248 0
      vertex -44.01808283150074 -20.868237708209726 0
      vertex -44.01951478855041 -20.869669665259398 0
    endloop
  endfacet
  facet normal 0 0 1
    outer loop
      vertex -44.12416675570426 -20.91358171156186 2
      vertex -44.071653589958 -20.9214420041726 2
      vertex -44.06994511663125 -20.920099993340237 2
    endloop
  endfacet
  facet normal 0 0 1
    outer loop
      vertex -44.071653589958 -22.07873345120959 2
      vertex -44.06994511663125 -20.920099993340237 2
      vertex -44.071653589958 -20.9214420041726 2
    endloop
  endfacet
  facet normal 0 0 1
    outer loop
      vertex -44.071653589958 -22.07873345120959 2
      vertex -44.049118829474615 -22.245833564253587 2
      vertex -44.06994511663125 -20.920099993340237 2
    endloop
  endfacet
  facet normal 0 0 -1
    outer loop
      vertex -44.071653589958 -20.9211263545434 0
      vertex -44.01951478855041 -20.869669665259398 0
      vertex -43.49737977432971 -22.62296273113177 0
    endloop
  endfacet
  facet normal 0 0 -1
    outer loop
      vertex -44.071653589958 20.92113016892717 0
      vertex -44.06994505763203 20.920103749038283 0
      vertex -44.01669510958187 20.866853800988114 0
    endloop
  endfacet
  facet normal 0 0 -1
    outer loop
      vertex -44.071653589958 20.92113016892717 0
      vertex -44.01669510958187 20.866853800988114 0
      vertex -43.999744551014324 20.768055975475136 0
    endloop
  endfacet
  facet normal 0 0 -1
    outer loop
      vertex -44.071653589958 20.92113016892717 0
      vertex -43.49737977432971 22.505039638095955 0
      vertex -44.06994505763203 20.920103749038283 0
    endloop
  endfacet
  facet normal 0 0 1
    outer loop
      vertex -44.071653589958 20.921445818438052 2
      vertex -44.018489430253645 20.804398697562878 2
      vertex -44.071653589958 22.07892404125578 2
    endloop
  endfacet
  facet normal 0 0 1
    outer loop
      vertex -44.071653589958 22.07892404125578 2
      vertex -44.018489430253645 20.804398697562878 2
      vertex -44.041780705845895 22.287045399291713 2
    endloop
  endfacet
  facet normal 0 0 1
    outer loop
      vertex -44.06994511663125 -20.920099993340237 2
      vertex -44.049118829474615 -22.245833564253587 2
      vertex -44.01808283150074 -20.804438101760447 2
    endloop
  endfacet
  facet normal 0 0 -1
    outer loop
      vertex -44.06994505763203 20.920103749038283 0
      vertex -43.49737977432971 22.505039638095955 0
      vertex -44.01669510958187 20.866853800988114 0
    endloop
  endfacet
  facet normal 0 0 1
    outer loop
      vertex -44.049118829474615 -22.245833564253587 2
      vertex -43.96350734820343 -22.191410995576096 2
      vertex -43.96251849368202 -20.81033389622921 2
    endloop
  endfacet
  facet normal 0 0 1
    outer loop
      vertex -44.049118829474615 -22.245833564253587 2
      vertex -43.96251849368202 -20.81033389622921 2
      vertex -44.01808283150074 -20.804438101760447 2
    endloop
  endfacet
  facet normal 0 0 1
    outer loop
      vertex -44.049118829474615 -22.245833564253587 2
      vertex -43.93847003727606 -22.341180261030228 2
      vertex -43.96350734820343 -22.191410995576096 2
    endloop
  endfacet
  facet normal 0 0 1
    outer loop
      vertex -44.041780705845895 22.287045399291713 2
      vertex -44.018489430253645 20.804398697562878 2
      vertex -43.96350734820343 22.19316082981493 2
    endloop
  endfacet
  facet normal 0 0 1
    outer loop
      vertex -44.041780705845895 22.287045399291713 2
      vertex -43.96350734820343 22.19316082981493 2
      vertex -43.9343111675403 22.394079644670384 2
    endloop
  endfacet
  facet normal 0 0 -1
    outer loop
      vertex -44.01951478855041 -20.869669665259398 0
      vertex -44.01808283150074 -20.868237708209726 0
      vertex -43.49737977432971 -22.62296273113177 0
    endloop
  endfacet
  facet normal 0 0 1
    outer loop
      vertex -44.018489430253645 20.804398697562878 2
      vertex -43.96350734820343 20.81023278197327 2
      vertex -43.96350734820343 22.19316082981493 2
    endloop
  endfacet
  facet normal 0 0 1
    outer loop
      vertex -44.018489430253645 20.804398697562878 2
      vertex -43.90798099947909 20.77385646461271 2
      vertex -43.96350734820343 20.81023278197327 2
    endloop
  endfacet
  facet normal 0 0 -1
    outer loop
      vertex -44.01808283150074 -20.868237708209726 0
      vertex -43.96443136206665 -20.806206351234344 0
      vertex -43.49737977432971 -22.62296273113177 0
    endloop
  endfacet
  facet normal 0 0 1
    outer loop
      vertex -44.01808283150074 -20.804438101760447 2
      vertex -43.96251849368202 -20.81033389622921 2
      vertex -43.907112939158296 -20.773244842777977 2
    endloop
  endfacet
  facet normal 0 0 -1
    outer loop
      vertex -44.01669510958187 20.866853800988114 0
      vertex -43.9625513651213 20.80824140752729 0
      vertex -43.999744551014324 20.768055975475136 0
    endloop
  endfacet
  facet normal 0 0 -1
    outer loop
      vertex -44.01669510958187 20.866853800988114 0
      vertex -43.49737977432971 22.505039638095955 0
      vertex -43.9625513651213 20.80824140752729 0
    endloop
  endfacet
  facet normal 0 0 -1
    outer loop
      vertex -43.999744551014324 20.768055975475136 0
      vertex -43.9625513651213 20.80824140752729 0
      vertex -43.90798099947909 20.77385646461271 0
    endloop
  endfacet
  facet normal 0 0 -1
    outer loop
      vertex -43.999744551014324 20.768055975475136 0
      vertex -43.90798099947909 20.77385646461271 0
      vertex -43.907112879884224 20.773248615972133 0
    endloop
  endfacet
  facet normal 0 0 -1
    outer loop
      vertex -43.96443136206665 -20.806206351234344 0
      vertex -43.96350734820343 -20.80720470247971 0
      vertex -43.49737977432971 -22.62296273113177 0
    endloop
  endfacet
  facet normal 0 0 -1
    outer loop
      vertex -43.96443136206665 -20.806206351234344 0
      vertex -43.90886836858114 -20.774473976868038 0
      vertex -43.96350734820343 -20.80720470247971 0
    endloop
  endfacet
  facet normal 0 0 1
    outer loop
      vertex -43.96350734820343 -22.191410995576096 2
      vertex -43.93847003727606 -22.341180261030228 2
      vertex -43.96251849368202 -20.81033389622921 2
    endloop
  endfacet
  facet normal 0 0 -1
    outer loop
      vertex -43.96350734820343 -20.80720470247971 0
      vertex -43.90886836858114 -20.774473976868038 0
      vertex -43.49737977432971 -22.62296273113177 0
    endloop
  endfacet
  facet normal 0 0 1
    outer loop
      vertex -43.96350734820343 20.81023278197327 2
      vertex -43.90886842917368 20.774477833991593 2
      vertex -43.96350734820343 22.19316082981493 2
    endloop
  endfacet
  facet normal 0 0 1
    outer loop
      vertex -43.96350734820343 20.81023278197327 2
      vertex -43.90798099947909 20.77385646461271 2
      vertex -43.90886842917368 20.774477833991593 2
    endloop
  endfacet
  facet normal 0 0 1
    outer loop
      vertex -43.96350734820343 22.19316082981493 2
      vertex -43.90886842917368 20.774477833991593 2
      vertex -43.9343111675403 22.394079644670384 2
    endloop
  endfacet
  facet normal 0 0 -1
    outer loop
      vertex -43.9625513651213 20.80824140752729 0
      vertex -43.49737977432971 22.505039638095955 0
      vertex -43.90798099947909 20.77385646461271 0
    endloop
  endfacet
  facet normal 0 0 1
    outer loop
      vertex -43.96251849368202 -20.81033389622921 2
      vertex -43.93847003727606 -22.341180261030228 2
      vertex -43.90798099947909 -20.773852649915444 2
    endloop
  endfacet
  facet normal 0 0 1
    outer loop
      vertex -43.96251849368202 -20.81033389622921 2
      vertex -43.90798099947909 -20.773852649915444 2
      vertex -43.907112939158296 -20.773244842777977 2
    endloop
  endfacet
  facet normal 0 0 1
    outer loop
      vertex -43.93847003727606 -22.341180261030228 2
      vertex -43.907112939158296 -20.773244842777977 2
      vertex -43.90798099947909 -20.773852649915444 2
    endloop
  endfacet
  facet normal 0 0 1
    outer loop
      vertex -43.93847003727606 -22.341180261030228 2
      vertex -43.85155858313014 -22.29081470126472 2
      vertex -43.907112939158296 -20.773244842777977 2
    endloop
  endfacet
  facet normal 0 0 1
    outer loop
      vertex -43.93847003727606 -22.341180261030228 2
      vertex -43.82442601204841 -22.41751694950095 2
      vertex -43.85155858313014 -22.29081470126472 2
    endloop
  endfacet
  facet normal 0 0 1
    outer loop
      vertex -43.9343111675403 22.394079644670384 2
      vertex -43.90886842917368 20.774477833991593 2
      vertex -43.85155858313014 22.301434416320117 2
    endloop
  endfacet
  facet normal 0 0 1
    outer loop
      vertex -43.9343111675403 22.394079644670384 2
      vertex -43.85155858313014 22.301434416320117 2
      vertex -43.822901374374844 22.485429584745418 2
    endloop
  endfacet
  facet normal 0 0 1
    outer loop
      vertex -43.90886842917368 20.774477833991593 2
      vertex -43.90798099947909 20.77385646461271 2
      vertex -43.85155858313014 22.301434416320117 2
    endloop
  endfacet
  facet normal 0 0 -1
    outer loop
      vertex -43.90886836858114 -20.774473976868038 0
      vertex -43.90798099947909 -20.773852649915444 0
      vertex -43.49737977432971 -22.62296273113177 0
    endloop
  endfacet
  facet normal 0 0 -1
    outer loop
      vertex -43.90798099947909 -20.773852649915444 0
      vertex -43.85171438240701 -20.70026356930892 0
      vertex -43.49737977432971 -22.62296273113177 0
    endloop
  endfacet
  facet normal 0 0 -1
    outer loop
      vertex -43.90798099947909 20.77385646461271 0
      vertex -43.49737977432971 22.505039638095955 0
      vertex -43.907112879884224 20.773248615972133 0
    endloop
  endfacet
  facet normal 0 0 1
    outer loop
      vertex -43.90798099947909 20.77385646461271 2
      vertex -43.85201073977993 20.719128713888335 2
      vertex -43.85155858313014 22.301434416320117 2
    endloop
  endfacet
  facet normal 0 0 1
    outer loop
      vertex -43.907112939158296 -20.773244842777977 2
      vertex -43.85155858313014 -22.29081470126472 2
      vertex -43.85155858313014 -20.719157567351125 2
    endloop
  endfacet
  facet normal 0 0 -1
    outer loop
      vertex -43.907112879884224 20.773248615972133 0
      vertex -43.851397624355116 20.70059200614769 0
      vertex -43.85821377319812 20.693606239040427 0
    endloop
  endfacet
  facet normal 0 0 -1
    outer loop
      vertex -43.907112879884224 20.773248615972133 0
      vertex -43.49737977432971 22.505039638095955 0
      vertex -43.851397624355116 20.70059200614769 0
    endloop
  endfacet
  facet normal 0 0 -1
    outer loop
      vertex -43.85821377319812 20.693606239040427 0
      vertex -43.851397624355116 20.70059200614769 0
      vertex -43.79429578126956 20.70304803438297 0
    endloop
  endfacet
  facet normal 0 0 1
    outer loop
      vertex -43.85201073977993 20.719128713888335 2
      vertex -43.85155858313014 20.71916135749635 2
      vertex -43.85155858313014 22.301434416320117 2
    endloop
  endfacet
  facet normal 0 0 1
    outer loop
      vertex -43.85201073977993 20.719128713888335 2
      vertex -43.79429578126956 20.70304803438297 2
      vertex -43.85155858313014 20.71916135749635 2
    endloop
  endfacet
  facet normal 0 0 -1
    outer loop
      vertex -43.85171438240701 -20.70026356930892 0
      vertex -43.85155858313014 -20.700423245469906 0
      vertex -43.49737977432971 -22.62296273113177 0
    endloop
  endfacet
  facet normal 0 0 -1
    outer loop
      vertex -43.85171438240701 -20.70026356930892 0
      vertex -43.794905897082934 -20.703328733043268 0
      vertex -43.85155858313014 -20.700423245469906 0
    endloop
  endfacet
  facet normal 0 0 1
    outer loop
      vertex -43.85155858313014 -22.29081470126472 2
      vertex -43.851105459319164 -20.71919028021794 2
      vertex -43.85155858313014 -20.719157567351125 2
    endloop
  endfacet
  facet normal 0 0 1
    outer loop
      vertex -43.85155858313014 -22.29081470126472 2
      vertex -43.82442601204841 -22.41751694950095 2
      vertex -43.851105459319164 -20.71919028021794 2
    endloop
  endfacet
  facet normal 0 0 1
    outer loop
      vertex -43.85155858313014 -20.719157567351125 2
      vertex -43.851105459319164 -20.71919028021794 2
      vertex -43.79369453943451 -20.702763844502094 2
    endloop
  endfacet
  facet normal 0 0 -1
    outer loop
      vertex -43.85155858313014 -20.700423245469906 0
      vertex -43.794905897082934 -20.703328733043268 0
      vertex -43.49737977432971 -22.62296273113177 0
    endloop
  endfacet
  facet normal 0 0 1
    outer loop
      vertex -43.85155858313014 20.71916135749635 2
      vertex -43.79490595745122 20.703332575891885 2
      vertex -43.85155858313014 22.301434416320117 2
    endloop
  endfacet
  facet normal 0 0 1
    outer loop
      vertex -43.85155858313014 20.71916135749635 2
      vertex -43.79429578126956 20.70304803438297 2
      vertex -43.79490595745122 20.703332575891885 2
    endloop
  endfacet
  facet normal 0 0 1
    outer loop
      vertex -43.85155858313014 22.301434416320117 2
      vertex -43.79490595745122 20.703332575891885 2
      vertex -43.822901374374844 22.485429584745418 2
    endloop
  endfacet
  facet normal 0 0 -1
    outer loop
      vertex -43.851397624355116 20.70059200614769 0
      vertex -43.49737977432971 22.505039638095955 0
      vertex -43.79429578126956 20.70304803438297 0
    endloop
  endfacet
  facet normal 0 0 1
    outer loop
      vertex -43.851105459319164 -20.71919028021794 2
      vertex -43.82442601204841 -22.41751694950095 2
      vertex -43.79429578126956 -20.703044219685705 2
    endloop
  endfacet
  facet normal 0 0 1
    outer loop
      vertex -43.851105459319164 -20.71919028021794 2
      vertex -43.79429578126956 -20.703044219685705 2
      vertex -43.79369453943451 -20.702763844502094 2
    endloop
  endfacet
  facet normal 0 0 1
    outer loop
      vertex -43.82442601204841 -22.41751694950095 2
      vertex -43.79369453943451 -20.702763844502094 2
      vertex -43.79429578126956 -20.703044219685705 2
    endloop
  endfacet
  facet normal 0 0 1
    outer loop
      vertex -43.82442601204841 -22.41751694950095 2
      vertex -43.73624910536935 -20.652032809354242 2
      vertex -43.79369453943451 -20.702763844502094 2
    endloop
  endfacet
  facet normal 0 0 1
    outer loop
      vertex -43.82442601204841 -22.41751694950095 2
      vertex -43.70929664684106 -22.35615270446202 2
      vertex -43.73624910536935 -20.652032809354242 2
    endloop
  endfacet
  facet normal 0 0 1
    outer loop
      vertex -43.82442601204841 -22.41751694950095 2
      vertex -43.67747584049058 -22.455527262330435 2
      vertex -43.70929664684106 -22.35615270446202 2
    endloop
  endfacet
  facet normal 0 0 1
    outer loop
      vertex -43.822901374374844 22.485429584745418 2
      vertex -43.79490595745122 20.703332575891885 2
      vertex -43.70486280688506 22.361603493100898 2
    endloop
  endfacet
  facet normal 0 0 1
    outer loop
      vertex -43.822901374374844 22.485429584745418 2
      vertex -43.70486280688506 22.361603493100898 2
      vertex -43.67747584049058 22.524156531867177 2
    endloop
  endfacet
  facet normal 0 0 1
    outer loop
      vertex -43.79490595745122 20.703332575891885 2
      vertex -43.79429578126956 20.70304803438297 2
      vertex -43.70486280688506 22.361603493100898 2
    endloop
  endfacet
  facet normal 0 0 -1
    outer loop
      vertex -43.794905897082934 -20.703328733043268 0
      vertex -43.73624910536935 -20.675975498807098 0
      vertex -43.49737977432971 -22.62296273113177 0
    endloop
  endfacet
  facet normal 0 0 -1
    outer loop
      vertex -43.79429578126956 20.70304803438297 0
      vertex -43.49737977432971 22.505039638095955 0
      vertex -43.735694978962 20.67572090950759 0
    endloop
  endfacet
  facet normal 0 0 1
    outer loop
      vertex -43.79429578126956 20.70304803438297 2
      vertex -43.736431030521615 20.65202779055217 2
      vertex -43.70486280688506 22.361603493100898 2
    endloop
  endfacet
  facet normal 0 0 1
    outer loop
      vertex -43.736431030521615 20.65202779055217 2
      vertex -43.73624910536935 20.652036568541476 2
      vertex -43.70486280688506 22.361603493100898 2
    endloop
  endfacet
  facet normal 0 0 1
    outer loop
      vertex -43.736431030521615 20.65202779055217 2
      vertex -43.67747584049059 20.65100031531018 2
      vertex -43.73624910536935 20.652036568541476 2
    endloop
  endfacet
  facet normal 0 0 -1
    outer loop
      vertex -43.73624910536935 -20.675975498807098 0
      vertex -43.71293736276174 -20.63163825473746 0
      vertex -43.677992625107876 -20.651135286711803 0
    endloop
  endfacet
  facet normal 0 0 -1
    outer loop
      vertex -43.73624910536935 -20.675975498807098 0
      vertex -43.677992625107876 -20.651135286711803 0
      vertex -43.49737977432971 -22.62296273113177 0
    endloop
  endfacet
  facet normal 0 0 1
    outer loop
      vertex -43.73624910536935 -20.652032809354242 2
      vertex -43.73606696331878 -20.65204159759171 2
      vertex -43.6769633884044 -20.650859491899627 2
    endloop
  endfacet
  facet normal 0 0 1
    outer loop
      vertex -43.73624910536935 -20.652032809354242 2
      vertex -43.70929664684106 -22.35615270446202 2
      vertex -43.73606696331878 -20.65204159759171 2
    endloop
  endfacet
  facet normal 0 0 1
    outer loop
      vertex -43.73624910536935 20.652036568541476 2
      vertex -43.67799268063014 20.651138821077833 2
      vertex -43.70486280688506 22.361603493100898 2
    endloop
  endfacet
  facet normal 0 0 1
    outer loop
      vertex -43.73624910536935 20.652036568541476 2
      vertex -43.67747584049059 20.65100031531018 2
      vertex -43.67799268063014 20.651138821077833 2
    endloop
  endfacet
  facet normal 0 0 1
    outer loop
      vertex -43.73606696331878 -20.65204159759171 2
      vertex -43.70929664684106 -22.35615270446202 2
      vertex -43.67747584049058 -20.650996808832048 2
    endloop
  endfacet
  facet normal 0 0 1
    outer loop
      vertex -43.73606696331878 -20.65204159759171 2
      vertex -43.67747584049058 -20.650996808832048 2
      vertex -43.6769633884044 -20.650859491899627 2
    endloop
  endfacet
  facet normal 0 0 -1
    outer loop
      vertex -43.735694978962 20.67572090950759 0
      vertex -43.67747584049059 20.65100031531018 0
      vertex -43.712940166856505 20.631639314316573 0
    endloop
  endfacet
  facet normal 0 0 -1
    outer loop
      vertex -43.735694978962 20.67572090950759 0
      vertex -43.49737977432971 22.505039638095955 0
      vertex -43.67747584049059 20.65100031531018 0
    endloop
  endfacet
  facet normal 0 0 1
    outer loop
      vertex -43.70929664684106 -22.35615270446202 2
      vertex -43.67747584049058 -22.455527262330435 2
      vertex -43.67747584049058 -20.650996808832048 2
    endloop
  endfacet
  facet normal 0 0 1
    outer loop
      vertex -43.70486280688506 22.361603493100898 2
      vertex -43.67799268063014 20.651138821077833 2
      vertex -43.67747584049059 20.65100031531018 2
    endloop
  endfacet
  facet normal 0 0 1
    outer loop
      vertex -43.70486280688506 22.361603493100898 2
      vertex -43.67747584049059 20.65100031531018 2
      vertex -43.67747584049058 22.524156531867177 2
    endloop
  endfacet
  facet normal 0 0 -1
    outer loop
      vertex -43.677992625107876 -20.651135286711803 0
      vertex -43.61803398874989 -20.635068738757546 0
      vertex -43.49737977432971 -22.62296273113177 0
    endloop
  endfacet
  facet normal 0 0 -1
    outer loop
      vertex -43.67747584049059 20.65100031531018 0
      vertex -43.49737977432971 22.505039638095955 0
      vertex -43.61745230802393 20.634914866822033 0
    endloop
  endfacet
  facet normal 0 0 1
    outer loop
      vertex -43.67747584049059 20.65100031531018 2
      vertex -43.618239245908576 20.610952969231967 2
      vertex -43.55798221207846 22.405925166802746 2
    endloop
  endfacet
  facet normal 0 0 1
    outer loop
      vertex -43.67747584049059 20.65100031531018 2
      vertex -43.55798221207846 22.405925166802746 2
      vertex -43.67747584049058 22.524156531867177 2
    endloop
  endfacet
  facet normal 0 0 1
    outer loop
      vertex -43.67747584049058 -22.455527262330435 2
      vertex -43.6769633884044 -20.650859491899627 2
      vertex -43.67747584049058 -20.650996808832048 2
    endloop
  endfacet
  facet normal 0 0 1
    outer loop
      vertex -43.67747584049058 -22.455527262330435 2
      vertex -43.61803398874989 -20.610959935875034 2
      vertex -43.6769633884044 -20.650859491899627 2
    endloop
  endfacet
  facet normal 0 0 1
    outer loop
      vertex -43.67747584049058 -22.455527262330435 2
      vertex -43.55798221207846 -22.396167810803643 2
      vertex -43.55745432699009 -20.613016073080246 2
    endloop
  endfacet
  facet normal 0 0 1
    outer loop
      vertex -43.67747584049058 -22.455527262330435 2
      vertex -43.55745432699009 -20.613016073080246 2
      vertex -43.61803398874989 -20.610959935875034 2
    endloop
  endfacet
  facet normal 0 0 1
    outer loop
      vertex -43.67747584049058 -22.455527262330435 2
      vertex -43.52829959734342 -22.46891115187166 2
      vertex -43.55798221207846 -22.396167810803643 2
    endloop
  endfacet
  facet normal 0 0 1
    outer loop
      vertex -43.67747584049058 22.524156531867177 2
      vertex -43.55798221207846 22.405925166802746 2
      vertex -43.52840706007165 22.537929575204043 2
    endloop
  endfacet
  facet normal 0 0 1
    outer loop
      vertex -43.618239245908576 20.610952969231967 2
      vertex -43.55798221207846 20.612998156107142 2
      vertex -43.55798221207846 22.405925166802746 2
    endloop
  endfacet
  facet normal 0 0 1
    outer loop
      vertex -43.618239245908576 20.610952969231967 2
      vertex -43.497911614086945 20.59668886350923 2
      vertex -43.55798221207846 20.612998156107142 2
    endloop
  endfacet
  facet normal 0 0 -1
    outer loop
      vertex -43.61803398874989 -20.635068738757546 0
      vertex -43.55822670192706 -20.594976055655895 0
      vertex -43.49737977432971 -22.62296273113177 0
    endloop
  endfacet
  facet normal 0 0 1
    outer loop
      vertex -43.61803398874989 -20.610959935875034 2
      vertex -43.55745432699009 -20.613016073080246 2
      vertex -43.49737977432971 -20.59670403558133 2
    endloop
  endfacet
  facet normal 0 0 -1
    outer loop
      vertex -43.61745230802393 20.634914866822033 0
      vertex -43.557730453364655 20.595438767926062 0
      vertex -43.57071658573982 20.583330233519806 0
    endloop
  endfacet
  facet normal 0 0 -1
    outer loop
      vertex -43.61745230802393 20.634914866822033 0
      vertex -43.49737977432971 22.505039638095955 0
      vertex -43.557730453364655 20.595438767926062 0
    endloop
  endfacet
  facet normal 0 0 -1
    outer loop
      vertex -43.57071658573982 20.583330233519806 0
      vertex -43.557730453364655 20.595438767926062 0
      vertex -43.49737977432971 20.610101246069874 0
    endloop
  endfacet
  facet normal 0 0 -1
    outer loop
      vertex -43.55822670192706 -20.594976055655895 0
      vertex -43.55798221207846 -20.595204022971977 0
      vertex -43.49737977432971 -22.62296273113177 0
    endloop
  endfacet
  facet normal 0 0 -1
    outer loop
      vertex -43.55822670192706 -20.594976055655895 0
      vertex -43.49812333449745 -20.610166294879704 0
      vertex -43.55798221207846 -20.595204022971977 0
    endloop
  endfacet
  facet normal 0 0 1
    outer loop
      vertex -43.55798221207846 -22.396167810803643 2
      vertex -43.52829959734342 -22.46891115187166 2
      vertex -43.55745432699009 -20.613016073080246 2
    endloop
  endfacet
  facet normal 0 0 -1
    outer loop
      vertex -43.55798221207846 -20.595204022971977 0
      vertex -43.49812333449745 -20.610166294879704 0
      vertex -43.49737977432971 -22.62296273113177 0
    endloop
  endfacet
  facet normal 0 0 1
    outer loop
      vertex -43.55798221207846 20.612998156107142 2
      vertex -43.497911614086945 20.59668886350923 2
      vertex -43.55798221207846 22.405925166802746 2
    endloop
  endfacet
  facet normal 0 0 1
    outer loop
      vertex -43.55798221207846 22.405925166802746 2
      vertex -43.497911614086945 20.59668886350923 2
      vertex -43.52840706007165 22.537929575204043 2
    endloop
  endfacet
  facet normal 0 0 -1
    outer loop
      vertex -43.557730453364655 20.595438767926062 0
      vertex -43.49737977432971 22.505039638095955 0
      vertex -43.49737977432971 20.610101246069874 0
    endloop
  endfacet
  facet normal 0 0 1
    outer loop
      vertex -43.55745432699009 -20.613016073080246 2
      vertex -43.52829959734342 -22.46891115187166 2
      vertex -43.49737977432971 -20.59670403558133 2
    endloop
  endfacet
  facet normal 0 0 1
    outer loop
      vertex -43.52840706007165 22.537929575204043 2
      vertex -43.497911614086945 20.59668886350923 2
      vertex -43.40438632653119 22.421173533658532 2
    endloop
  endfacet
  facet normal 0 0 1
    outer loop
      vertex -43.52840706007165 22.537929575204043 2
      vertex -43.40438632653119 22.421173533658532 2
      vertex -43.37476262917145 22.521303465653727 2
    endloop
  endfacet
  facet normal 0 0 1
    outer loop
      vertex -43.52829959734342 -22.46891115187166 2
      vertex -43.435496261018805 -20.598469419069374 2
      vertex -43.49737977432971 -20.59670403558133 2
    endloop
  endfacet
  facet normal 0 0 1
    outer loop
      vertex -43.52829959734342 -22.46891115187166 2
      vertex -43.4070098948087 -22.411818659576547 2
      vertex -43.435496261018805 -20.598469419069374 2
    endloop
  endfacet
  facet normal 0 0 1
    outer loop
      vertex -43.52829959734342 -22.46891115187166 2
      vertex -43.37476262917145 -22.45409484678226 2
      vertex -43.4070098948087 -22.411818659576547 2
    endloop
  endfacet
  facet normal 0 0 -1
    outer loop
      vertex -43.49812333449745 -20.610166294879704 0
      vertex -43.49737977432971 -20.610101246069874 0
      vertex -43.49737977432971 -22.62296273113177 0
    endloop
  endfacet
  facet normal 0 0 1
    outer loop
      vertex -43.497911614086945 20.59668886350923 2
      vertex -43.436286482793086 20.598446875997762 2
      vertex -43.40438632653119 22.421173533658532 2
    endloop
  endfacet
  facet normal 0 0 1
    outer loop
      vertex -43.497911614086945 20.59668886350923 2
      vertex -43.375776575343835 20.59997000759122 2
      vertex -43.436286482793086 20.598446875997762 2
    endloop
  endfacet
  facet normal 0 0 -1
    outer loop
      vertex -43.49737977432971 -22.62296273113177 0
      vertex -43.49737977432971 -20.610101246069874 0
      vertex -43.25066646712861 -22.408141503663902 0
    endloop
  endfacet
  facet normal 0 0 -1
    outer loop
      vertex -43.49737977432971 -22.62296273113177 0
      vertex -43.25066646712861 -22.408141503663902 0
      vertex -21.88189697265625 -26.5 0
    endloop
  endfacet
  facet normal 0 0 -1
    outer loop
      vertex -43.49737977432971 -20.610101246069874 0
      vertex -43.43633320131043 -20.551140424688754 0
      vertex -43.25066646712861 -22.408141503663902 0
    endloop
  endfacet
  facet normal 0 0 1
    outer loop
      vertex -43.49737977432971 -20.59670403558133 2
      vertex -43.435496261018805 -20.598469419069374 2
      vertex -43.37476262917145 -20.599965291634472 2
    endloop
  endfacet
  facet normal 0 0 -1
    outer loop
      vertex -43.49737977432971 20.610101246069874 0
      vertex -43.49737977432971 22.505039638095955 0
      vertex -43.496638255093856 20.61003637580671 0
    endloop
  endfacet
  facet normal 0 0 -1
    outer loop
      vertex -43.49737977432971 22.505039638095955 0
      vertex -43.43631521417655 24.45000457763672 0
      vertex -43.496638255093856 20.61003637580671 0
    endloop
  endfacet
  facet normal 0 0 -1
    outer loop
      vertex -43.496638255093856 20.61003637580671 0
      vertex -43.43631521417655 24.45000457763672 0
      vertex -43.436238428019784 20.551225486388173 0
    endloop
  endfacet
  facet normal 0 0 -1
    outer loop
      vertex -43.496638255093856 20.61003637580671 0
      vertex -43.436238428019784 20.551225486388173 0
      vertex -43.438937556409826 20.548802942586644 0
    endloop
  endfacet
  facet normal 0 0 -1
    outer loop
      vertex -43.438937556409826 20.548802942586644 0
      vertex -43.436238428019784 20.551225486388173 0
      vertex -43.32537633143794 20.52680620978957 0
    endloop
  endfacet
  facet normal 0 0 -1
    outer loop
      vertex -43.43633320131043 -20.551140424688754 0
      vertex -43.436286482793086 -20.551182355874772 0
      vertex -43.25066646712861 -22.408141503663902 0
    endloop
  endfacet
  facet normal 0 0 -1
    outer loop
      vertex -43.43633320131043 -20.551140424688754 0
      vertex -43.37578542158405 -20.600533130414853 0
      vertex -43.436286482793086 -20.551182355874772 0
    endloop
  endfacet
  facet normal 0 0 -1
    outer loop
      vertex -43.43633320131043 -20.551140424688754 0
      vertex -43.37476262917145 -20.600622607275007 0
      vertex -43.37578542158405 -20.600533130414853 0
    endloop
  endfacet
  facet normal 0 0 -1
    outer loop
      vertex -43.43631521417655 24.45000457763672 0
      vertex -43.37476262917145 20.600622607275007 0
      vertex -43.436238428019784 20.551225486388173 0
    endloop
  endfacet
  facet normal 0 0 -1
    outer loop
      vertex -43.43631521417655 24.45000457763672 0
      vertex -43.3737370216604 20.600712330408175 0
      vertex -43.37476262917145 20.600622607275007 0
    endloop
  endfacet
  facet normal 0 0 -1
    outer loop
      vertex -43.43631521417655 24.45000457763672 0
      vertex -43.24945460639316 20.59291370253338 0
      vertex -43.3737370216604 20.600712330408175 0
    endloop
  endfacet
  facet normal 0 0 -1
    outer loop
      vertex -43.43631521417655 24.45000457763672 0
      vertex -43.18821662663703 20.606462113206682 0
      vertex -43.24945460639316 20.59291370253338 0
    endloop
  endfacet
  facet normal 0 0 -1
    outer loop
      vertex -43.43631521417655 24.45000457763672 0
      vertex -42.731116798755764 20.518363222566176 0
      vertex -43.18821662663703 20.606462113206682 0
    endloop
  endfacet
  facet normal 0 0 -1
    outer loop
      vertex -43.43631521417655 24.45000457763672 0
      vertex -42.68713106991954 20.57842961438284 0
      vertex -42.731116798755764 20.518363222566176 0
    endloop
  endfacet
  facet normal 0 0 -1
    outer loop
      vertex -43.43631521417655 24.45000457763672 0
      vertex -42.5560954078507 24.45000457763672 0
      vertex -42.53378652790001 22.453221088215965 0
    endloop
  endfacet
  facet normal 0 0 -1
    outer loop
      vertex -43.43631521417655 24.45000457763672 0
      vertex -42.549795589382946 20.551507874963452 0
      vertex -42.68713106991954 20.57842961438284 0
    endloop
  endfacet
  facet normal 0 0 -1
    outer loop
      vertex -43.43631521417655 24.45000457763672 0
      vertex -42.53378652790001 22.453221088215965 0
      vertex -42.549795589382946 20.551507874963452 0
    endloop
  endfacet
  facet normal 0 0 -1
    outer loop
      vertex -43.43631521417655 24.45000457763672 0
      vertex -21.88189697265625 26.5 0
      vertex -42.5560954078507 24.45000457763672 0
    endloop
  endfacet
  facet normal 0 0 -1
    outer loop
      vertex -43.436286482793086 -20.551182355874772 0
      vertex -43.37578542158405 -20.600533130414853 0
      vertex -43.25066646712861 -22.408141503663902 0
    endloop
  endfacet
  facet normal 0 0 1
    outer loop
      vertex -43.436286482793086 20.598446875997762 2
      vertex -43.375776575343835 20.59997000759122 2
      vertex -43.40438632653119 22.421173533658532 2
    endloop
  endfacet
  facet normal 0 0 -1
    outer loop
      vertex -43.436238428019784 20.551225486388173 0
      vertex -43.37476262917145 20.600622607275007 0
      vertex -43.32537633143794 20.52680620978957 0
    endloop
  endfacet
  facet normal 0 0 1
    outer loop
      vertex -43.435496261018805 -20.598469419069374 2
      vertex -43.4070098948087 -22.411818659576547 2
      vertex -43.37476262917145 -20.600622607275007 2
    endloop
  endfacet
  facet normal 0 0 1
    outer loop
      vertex -43.435496261018805 -20.598469419069374 2
      vertex -43.37476262917145 -20.600622607275007 2
      vertex -43.37476262917145 -20.599965291634472 2
    endloop
  endfacet
  facet normal 0 0 1
    outer loop
      vertex -43.4070098948087 -22.411818659576547 2
      vertex -43.37476262917145 -22.45409484678226 2
      vertex -43.37476262917145 -20.600622607275007 2
    endloop
  endfacet
  facet normal 0 0 1
    outer loop
      vertex -43.40438632653119 22.421173533658532 2
      vertex -43.375776575343835 20.59997000759122 2
      vertex -43.37476262917145 22.521303465653727 2
    endloop
  endfacet
  facet normal 0 0 -1
    outer loop
      vertex -43.37578542158405 -20.600533130414853 0
      vertex -43.37476262917145 -20.600622607275007 0
      vertex -43.25066646712861 -22.408141503663902 0
    endloop
  endfacet
  facet normal 0 0 1
    outer loop
      vertex -43.375776575343835 20.59997000759122 2
      vertex -43.25066646712861 20.599388108990354 2
      vertex -43.25066646712861 22.408999328510017 2
    endloop
  endfacet
  facet normal 0 0 1
    outer loop
      vertex -43.375776575343835 20.59997000759122 2
      vertex -43.25066646712861 22.408999328510017 2
      vertex -43.37476262917145 22.521303465653727 2
    endloop
  endfacet
  facet normal 0 0 1
    outer loop
      vertex -43.37476262917145 -22.45409484678226 2
      vertex -43.25066646712861 -22.397711229952602 2
      vertex -43.2491608918498 -20.611610613195744 2
    endloop
  endfacet
  facet normal 0 0 1
    outer loop
      vertex -43.37476262917145 -22.45409484678226 2
      vertex -43.2491608918498 -20.611610613195744 2
      vertex -43.37476262917145 -20.600622607275007 2
    endloop
  endfacet
  facet normal 0 0 1
    outer loop
      vertex -43.37476262917145 -22.45409484678226 2
      vertex -43.2212760626246 -22.386667969554946 2
      vertex -43.25066646712861 -22.397711229952602 2
    endloop
  endfacet
  facet normal 0 0 -1
    outer loop
      vertex -43.37476262917145 -20.600622607275007 0
      vertex -43.313071533525694 -20.537520393881383 0
      vertex -43.25066646712861 -22.408141503663902 0
    endloop
  endfacet
  facet normal 0 0 1
    outer loop
      vertex -43.37476262917145 -20.600622607275007 2
      vertex -43.2491608918498 -20.611610613195744 2
      vertex -21.88189697265625 -20.5 2
    endloop
  endfacet
  facet normal 0 0 1
    outer loop
      vertex -43.37476262917145 -20.600622607275007 2
      vertex -21.88189697265625 -20.5 2
      vertex -43.37476262917145 -20.599965291634472 2
    endloop
  endfacet
  facet normal 0 0 -1
    outer loop
      vertex -43.37476262917145 20.600622607275007 0
      vertex -43.3737370216604 20.600712330408175 0
      vertex -43.32537633143794 20.52680620978957 0
    endloop
  endfacet
  facet normal 0 0 1
    outer loop
      vertex -43.37476262917145 22.521303465653727 2
      vertex -43.25066646712861 22.408999328510017 2
      vertex -43.21772926042605 22.387554160935956 2
    endloop
  endfacet
  facet normal 0 0 -1
    outer loop
      vertex -43.3737370216604 20.600712330408175 0
      vertex -43.24945460639316 20.59291370253338 0
      vertex -43.32537633143794 20.52680620978957 0
    endloop
  endfacet
  facet normal 0 0 -1
    outer loop
      vertex -43.32537633143794 20.52680620978957 0
      vertex -43.24945460639316 20.59291370253338 0
      vertex -21.88189697265625 16.5 0
    endloop
  endfacet
  facet normal 0 0 -1
    outer loop
      vertex -43.313071533525694 -20.537520393881383 0
      vertex -43.25066646712861 -20.591858496336098 0
      vertex -43.25066646712861 -22.408141503663902 0
    endloop
  endfacet
  facet normal 0 0 -1
    outer loop
      vertex -43.313071533525694 -20.537520393881383 0
      vertex -43.188963071846985 -20.556392340316126 0
      vertex -43.25066646712861 -20.591858496336098 0
    endloop
  endfacet
  facet normal 0 0 -1
    outer loop
      vertex -43.25066646712861 -22.408141503663902 0
      vertex -43.25066646712861 -20.591858496336098 0
      vertex -43.217733890443434 -22.387848892754224 0
    endloop
  endfacet
  facet normal 0 0 -1
    outer loop
      vertex -43.25066646712861 -22.408141503663902 0
      vertex -43.217733890443434 -22.387848892754224 0
      vertex -41.02430028061195 -22.810599145396957 0
    endloop
  endfacet
  facet normal 0 0 -1
    outer loop
      vertex -43.25066646712861 -22.408141503663902 0
      vertex -41.02430028061195 -22.810599145396957 0
      vertex -21.88189697265625 -26.5 0
    endloop
  endfacet
  facet normal 0 0 1
    outer loop
      vertex -43.25066646712861 -22.397711229952602 2
      vertex -43.2212760626246 -22.386667969554946 2
      vertex -43.2491608918498 -20.611610613195744 2
    endloop
  endfacet
  facet normal 0 0 -1
    outer loop
      vertex -43.25066646712861 -20.591858496336098 0
      vertex -43.188963071846985 -20.556392340316126 0
      vertex -43.217733890443434 -22.387848892754224 0
    endloop
  endfacet
  facet normal 0 0 1
    outer loop
      vertex -43.25066646712861 20.599388108990354 2
      vertex -43.21772926042605 22.387554160935956 2
      vertex -43.25066646712861 22.408999328510017 2
    endloop
  endfacet
  facet normal 0 0 1
    outer loop
      vertex -43.25066646712861 20.599388108990354 2
      vertex -43.21767659863408 22.3842018828755 2
      vertex -43.21772926042605 22.387554160935956 2
    endloop
  endfacet
  facet normal 0 0 1
    outer loop
      vertex -43.25066646712861 20.599388108990354 2
      vertex -43.189859875214125 20.613479920132377 2
      vertex -43.21767659863408 22.3842018828755 2
    endloop
  endfacet
  facet normal 0 0 1
    outer loop
      vertex -43.25066646712861 20.599388108990354 2
      vertex -43.12558103905863 20.613137590026653 2
      vertex -43.189859875214125 20.613479920132377 2
    endloop
  endfacet
  facet normal 0 0 1
    outer loop
      vertex -43.25066646712861 20.599388108990354 2
      vertex -21.88189697265625 20.5 2
      vertex -43.12558103905863 20.613137590026653 2
    endloop
  endfacet
  facet normal 0 0 -1
    outer loop
      vertex -43.24945460639316 20.59291370253338 0
      vertex -43.18821662663703 20.606462113206682 0
      vertex -42.731116798755764 20.518363222566176 0
    endloop
  endfacet
  facet normal 0 0 -1
    outer loop
      vertex -43.24945460639316 20.59291370253338 0
      vertex -42.731116798755764 20.518363222566176 0
      vertex -21.88189697265625 16.5 0
    endloop
  endfacet
  facet normal 0 0 1
    outer loop
      vertex -43.2491608918498 -20.611610613195744 2
      vertex -43.2212760626246 -22.386667969554946 2
      vertex -43.18821662663703 -20.623692026958164 2
    endloop
  endfacet
  facet normal 0 0 1
    outer loop
      vertex -43.2491608918498 -20.611610613195744 2
      vertex -43.18821662663703 -20.623692026958164 2
      vertex -43.18821662663703 -20.613471168675556 2
    endloop
  endfacet
  facet normal 0 0 1
    outer loop
      vertex -43.2491608918498 -20.611610613195744 2
      vertex -43.18821662663703 -20.613471168675556 2
      vertex -21.88189697265625 -20.5 2
    endloop
  endfacet
  facet normal 0 0 1
    outer loop
      vertex -43.2212760626246 -22.386667969554946 2
      vertex -43.123427198147475 -20.64105303653052 2
      vertex -43.18821662663703 -20.623692026958164 2
    endloop
  endfacet
  facet normal 0 0 1
    outer loop
      vertex -43.2212760626246 -22.386667969554946 2
      vertex -43.09585130705357 -22.39644439823082 2
      vertex -43.123427198147475 -20.64105303653052 2
    endloop
  endfacet
  facet normal 0 0 -1
    outer loop
      vertex -43.217733890443434 -22.387848892754224 0
      vertex -43.188963071846985 -20.556392340316126 0
      vertex -43.12558103905862 -20.610393718796345 0
    endloop
  endfacet
  facet normal 0 0 -1
    outer loop
      vertex -43.217733890443434 -22.387848892754224 0
      vertex -43.12558103905862 -20.610393718796345 0
      vertex -43.06520228488009 -20.65253873037679 0
    endloop
  endfacet
  facet normal 0 0 -1
    outer loop
      vertex -43.217733890443434 -22.387848892754224 0
      vertex -43.06520228488009 -20.65253873037679 0
      vertex -42.503749695540975 -20.63473204895188 0
    endloop
  endfacet
  facet normal 0 0 -1
    outer loop
      vertex -43.217733890443434 -22.387848892754224 0
      vertex -42.503749695540975 -20.63473204895188 0
      vertex -42.32399371914468 -20.711785839416763 0
    endloop
  endfacet
  facet normal 0 0 -1
    outer loop
      vertex -43.217733890443434 -22.387848892754224 0
      vertex -42.32399371914468 -20.711785839416763 0
      vertex -42.15026285445376 -20.806292675890624 0
    endloop
  endfacet
  facet normal 0 0 -1
    outer loop
      vertex -43.217733890443434 -22.387848892754224 0
      vertex -42.15026285445376 -20.806292675890624 0
      vertex -41.984048653271145 -20.914199320408613 0
    endloop
  endfacet
  facet normal 0 0 -1
    outer loop
      vertex -43.217733890443434 -22.387848892754224 0
      vertex -41.984048653271145 -20.914199320408613 0
      vertex -41.826771013930696 -21.031019449328547 0
    endloop
  endfacet
  facet normal 0 0 -1
    outer loop
      vertex -43.217733890443434 -22.387848892754224 0
      vertex -41.826771013930696 -21.031019449328547 0
      vertex -41.67976797658652 -21.152026149059907 0
    endloop
  endfacet
  facet normal 0 0 -1
    outer loop
      vertex -43.217733890443434 -22.387848892754224 0
      vertex -41.67976797658652 -21.152026149059907 0
      vertex -41.54428590425604 -21.272424851463175 0
    endloop
  endfacet
  facet normal 0 0 -1
    outer loop
      vertex -43.217733890443434 -22.387848892754224 0
      vertex -41.54428590425604 -21.272424851463175 0
      vertex -41.421471743407324 -21.387607447185193 0
    endloop
  endfacet
  facet normal 0 0 -1
    outer loop
      vertex -43.217733890443434 -22.387848892754224 0
      vertex -41.421471743407324 -21.387607447185193 0
      vertex -41.35445665024688 -21.924414231646534 0
    endloop
  endfacet
  facet normal 0 0 -1
    outer loop
      vertex -43.217733890443434 -22.387848892754224 0
      vertex -41.35445665024688 -21.924414231646534 0
      vertex -41.02430028061195 -22.810599145396957 0
    endloop
  endfacet
  facet normal 0 0 1
    outer loop
      vertex -43.21772926042605 22.387554160935956 2
      vertex -43.21767659863408 22.3842018828755 2
      vertex -21.88189697265625 25.70000457763672 2
    endloop
  endfacet
  facet normal 0 0 1
    outer loop
      vertex -43.21767659863408 22.3842018828755 2
      vertex -43.189859875214125 20.613479920132377 2
      vertex -43.09187582033902 22.350489072984516 2
    endloop
  endfacet
  facet normal 0 0 1
    outer loop
      vertex -43.21767659863408 22.3842018828755 2
      vertex -43.09187582033902 22.350489072984516 2
      vertex -21.88189697265625 25.70000457763672 2
    endloop
  endfacet
  facet normal 0 0 1
    outer loop
      vertex -43.189859875214125 20.613479920132377 2
      vertex -43.12558103905863 20.613137590026653 2
      vertex -43.09187582033902 22.350489072984516 2
    endloop
  endfacet
  facet normal 0 0 -1
    outer loop
      vertex -43.188963071846985 -20.556392340316126 0
      vertex -21.88189697265625 -16.5 0
      vertex -43.12558103905862 -20.610393718796345 0
    endloop
  endfacet
  facet normal 0 0 1
    outer loop
      vertex -43.18821662663703 -20.623692026958164 2
      vertex -43.123427198147475 -20.64105303653052 2
      vertex -21.88189697265625 -20.5 2
    endloop
  endfacet
  facet normal 0 0 1
    outer loop
      vertex -43.18821662663703 -20.623692026958164 2
      vertex -21.88189697265625 -20.5 2
      vertex -43.18821662663703 -20.613471168675556 2
    endloop
  endfacet
  facet normal 0 0 1
    outer loop
      vertex -43.12558103905863 20.613137590026653 2
      vertex -43.06522865274186 20.65421722252852 2
      vertex -43.09187582033902 22.350489072984516 2
    endloop
  endfacet
  facet normal 0 0 1
    outer loop
      vertex -43.12558103905863 20.613137590026653 2
      vertex -42.937178481843745 20.653285001761812 2
      vertex -43.06522865274186 20.65421722252852 2
    endloop
  endfacet
  facet normal 0 0 1
    outer loop
      vertex -43.12558103905863 20.613137590026653 2
      vertex -21.88189697265625 20.5 2
      vertex -42.937178481843745 20.653285001761812 2
    endloop
  endfacet
  facet normal 0 0 -1
    outer loop
      vertex -43.12558103905862 -20.610393718796345 0
      vertex -42.549804120132244 -20.551505826911743 0
      vertex -43.06520228488009 -20.65253873037679 0
    endloop
  endfacet
  facet normal 0 0 -1
    outer loop
      vertex -43.12558103905862 -20.610393718796345 0
      vertex -21.88189697265625 -16.5 0
      vertex -42.549804120132244 -20.551505826911743 0
    endloop
  endfacet
  facet normal 0 0 1
    outer loop
      vertex -43.123427198147475 -20.64105303653052 2
      vertex -43.09585130705357 -22.39644439823082 2
      vertex -43.062821518156255 -22.34662329479401 2
    endloop
  endfacet
  facet normal 0 0 1
    outer loop
      vertex -43.123427198147475 -20.64105303653052 2
      vertex -43.062821518156255 -22.34662329479401 2
      vertex -43.062821518156255 -20.65952503818612 2
    endloop
  endfacet
  facet normal 0 0 1
    outer loop
      vertex -43.123427198147475 -20.64105303653052 2
      vertex -43.062821518156255 -20.65952503818612 2
      vertex -43.062821518156255 -20.654195885625136 2
    endloop
  endfacet
  facet normal 0 0 1
    outer loop
      vertex -43.123427198147475 -20.64105303653052 2
      vertex -43.062821518156255 -20.654195885625136 2
      vertex -21.88189697265625 -20.5 2
    endloop
  endfacet
  facet normal 0 0 1
    outer loop
      vertex -43.09585130705357 -22.39644439823082 2
      vertex -42.937178481843745 -22.3567275433082 2
      vertex -43.062821518156255 -22.34662329479401 2
    endloop
  endfacet
  facet normal 0 0 1
    outer loop
      vertex -43.09585130705357 -22.39644439823082 2
      vertex -21.88189697265625 -24.049999237060547 2
      vertex -42.937178481843745 -22.3567275433082 2
    endloop
  endfacet
  facet normal 0 0 1
    outer loop
      vertex -43.09187582033902 22.350489072984516 2
      vertex -43.06522865274186 20.65421722252852 2
      vertex -43.062821518156255 22.347499387480287 2
    endloop
  endfacet
  facet normal 0 0 1
    outer loop
      vertex -43.09187582033902 22.350489072984516 2
      vertex -43.062821518156255 22.347499387480287 2
      vertex -21.88189697265625 25.70000457763672 2
    endloop
  endfacet
  facet normal 0 0 1
    outer loop
      vertex -43.06522865274186 20.65421722252852 2
      vertex -43.062821518156255 22.340471147116613 2
      vertex -43.062821518156255 22.347499387480287 2
    endloop
  endfacet
  facet normal 0 0 1
    outer loop
      vertex -43.06522865274186 20.65421722252852 2
      vertex -42.937178481843745 20.653285001761812 2
      vertex -42.937178481843745 22.281880431497846 2
    endloop
  endfacet
  facet normal 0 0 1
    outer loop
      vertex -43.06522865274186 20.65421722252852 2
      vertex -42.937178481843745 22.281880431497846 2
      vertex -43.062821518156255 22.340471147116613 2
    endloop
  endfacet
  facet normal 0 0 -1
    outer loop
      vertex -43.06520228488009 -20.65253873037679 0
      vertex -42.549804120132244 -20.551505826911743 0
      vertex -42.503749695540975 -20.63473204895188 0
    endloop
  endfacet
  facet normal 0 0 1
    outer loop
      vertex -43.062821518156255 -22.34662329479401 2
      vertex -42.937178481843745 -22.3567275433082 2
      vertex -42.9337423772266 -20.719718101490585 2
    endloop
  endfacet
  facet normal 0 0 1
    outer loop
      vertex -43.062821518156255 -22.34662329479401 2
      vertex -42.9337423772266 -20.719718101490585 2
      vertex -43.062821518156255 -20.65952503818612 2
    endloop
  endfacet
  facet normal 0 0 1
    outer loop
      vertex -43.062821518156255 -20.65952503818612 2
      vertex -42.9337423772266 -20.719718101490585 2
      vertex -21.88189697265625 -20.5 2
    endloop
  endfacet
  facet normal 0 0 1
    outer loop
      vertex -43.062821518156255 -20.65952503818612 2
      vertex -21.88189697265625 -20.5 2
      vertex -43.062821518156255 -20.654195885625136 2
    endloop
  endfacet
  facet normal 0 0 1
    outer loop
      vertex -43.062821518156255 22.340471147116613 2
      vertex -42.937178481843745 22.281880431497846 2
      vertex -21.88189697265625 25.70000457763672 2
    endloop
  endfacet
  facet normal 0 0 1
    outer loop
      vertex -43.062821518156255 22.340471147116613 2
      vertex -21.88189697265625 25.70000457763672 2
      vertex -43.062821518156255 22.347499387480287 2
    endloop
  endfacet
  facet normal 0 0 1
    outer loop
      vertex -42.937178481843745 -22.3567275433082 2
      vertex -42.909210657765556 -22.28132741750233 2
      vertex -42.9337423772266 -20.719718101490585 2
    endloop
  endfacet
  facet normal 0 0 1
    outer loop
      vertex -42.937178481843745 -22.3567275433082 2
      vertex -42.81178337336297 -22.289522325085837 2
      vertex -42.909210657765556 -22.28132741750233 2
    endloop
  endfacet
  facet normal 0 0 1
    outer loop
      vertex -42.937178481843745 -22.3567275433082 2
      vertex -21.88189697265625 -24.049999237060547 2
      vertex -42.81178337336297 -22.289522325085837 2
    endloop
  endfacet
  facet normal 0 0 1
    outer loop
      vertex -42.937178481843745 20.653285001761812 2
      vertex -42.877813224250644 20.720014284060657 2
      vertex -42.937178481843745 22.281880431497846 2
    endloop
  endfacet
  facet normal 0 0 1
    outer loop
      vertex -42.937178481843745 20.653285001761812 2
      vertex -42.81178337336297 20.71932236329875 2
      vertex -42.877813224250644 20.720014284060657 2
    endloop
  endfacet
  facet normal 0 0 1
    outer loop
      vertex -42.937178481843745 20.653285001761812 2
      vertex -21.88189697265625 20.5 2
      vertex -42.81178337336297 20.71932236329875 2
    endloop
  endfacet
  facet normal 0 0 1
    outer loop
      vertex -42.937178481843745 22.281880431497846 2
      vertex -42.90238565228036 22.284214974891185 2
      vertex -21.88189697265625 25.70000457763672 2
    endloop
  endfacet
  facet normal 0 0 1
    outer loop
      vertex -42.937178481843745 22.281880431497846 2
      vertex -42.90198121943432 22.258470097893177 2
      vertex -42.90238565228036 22.284214974891185 2
    endloop
  endfacet
  facet normal 0 0 1
    outer loop
      vertex -42.937178481843745 22.281880431497846 2
      vertex -42.877813224250644 20.720014284060657 2
      vertex -42.90198121943432 22.258470097893177 2
    endloop
  endfacet
  facet normal 0 0 1
    outer loop
      vertex -42.9337423772266 -20.719718101490585 2
      vertex -42.909210657765556 -22.28132741750233 2
      vertex -42.87441896094138 -20.760824904594656 2
    endloop
  endfacet
  facet normal 0 0 1
    outer loop
      vertex -42.9337423772266 -20.719718101490585 2
      vertex -42.87441896094138 -20.760824904594656 2
      vertex -42.87441896094138 -20.719974911605703 2
    endloop
  endfacet
  facet normal 0 0 1
    outer loop
      vertex -42.9337423772266 -20.719718101490585 2
      vertex -42.87441896094138 -20.719974911605703 2
      vertex -21.88189697265625 -20.5 2
    endloop
  endfacet
  facet normal 0 0 1
    outer loop
      vertex -42.909210657765556 -22.28132741750233 2
      vertex -42.81178337336297 -22.289522325085837 2
      vertex -42.80708480523997 -20.80797160563612 2
    endloop
  endfacet
  facet normal 0 0 1
    outer loop
      vertex -42.909210657765556 -22.28132741750233 2
      vertex -42.80708480523997 -20.80797160563612 2
      vertex -42.87441896094138 -20.760824904594656 2
    endloop
  endfacet
  facet normal 0 0 1
    outer loop
      vertex -42.90238565228036 22.284214974891185 2
      vertex -42.90198121943432 22.258470097893177 2
      vertex -21.88189697265625 25.70000457763672 2
    endloop
  endfacet
  facet normal 0 0 1
    outer loop
      vertex -42.90198121943432 22.258470097893177 2
      vertex -42.877813224250644 20.720014284060657 2
      vertex -42.81178337336297 22.19531446998024 2
    endloop
  endfacet
  facet normal 0 0 1
    outer loop
      vertex -42.90198121943432 22.258470097893177 2
      vertex -42.81178337336297 22.19531446998024 2
      vertex -21.88189697265625 25.70000457763672 2
    endloop
  endfacet
  facet normal 0 0 1
    outer loop
      vertex -42.877813224250644 20.720014284060657 2
      vertex -42.81178337336297 20.71932236329875 2
      vertex -42.81178337336297 22.19531446998024 2
    endloop
  endfacet
  facet normal 0 0 1
    outer loop
      vertex -42.87441896094138 -20.760824904594656 2
      vertex -42.80708480523997 -20.80797160563612 2
      vertex -21.88189697265625 -20.5 2
    endloop
  endfacet
  facet normal 0 0 1
    outer loop
      vertex -42.87441896094138 -20.760824904594656 2
      vertex -21.88189697265625 -20.5 2
      vertex -42.87441896094138 -20.719974911605703 2
    endloop
  endfacet
  facet normal 0 0 1
    outer loop
      vertex -42.81178337336297 -22.289522325085837 2
      vertex -42.78535780674548 -22.191041525045524 2
      vertex -42.80708480523997 -20.80797160563612 2
    endloop
  endfacet
  facet normal 0 0 1
    outer loop
      vertex -42.81178337336297 -22.289522325085837 2
      vertex -42.7229290590616 -22.19659335222283 2
      vertex -42.78535780674548 -22.191041525045524 2
    endloop
  endfacet
  facet normal 0 0 1
    outer loop
      vertex -42.81178337336297 -22.289522325085837 2
      vertex -21.88189697265625 -24.049999237060547 2
      vertex -42.7229290590616 -22.19659335222283 2
    endloop
  endfacet
  facet normal 0 0 1
    outer loop
      vertex -42.81178337336297 20.71932236329875 2
      vertex -42.75395296000396 20.809828274669584 2
      vertex -42.81178337336297 22.19531446998024 2
    endloop
  endfacet
  facet normal 0 0 1
    outer loop
      vertex -42.81178337336297 20.71932236329875 2
      vertex -42.69159688652794 20.808902650731437 2
      vertex -42.75395296000396 20.809828274669584 2
    endloop
  endfacet
  facet normal 0 0 1
    outer loop
      vertex -42.81178337336297 20.71932236329875 2
      vertex -21.88189697265625 20.5 2
      vertex -42.69159688652794 20.808902650731437 2
    endloop
  endfacet
  facet normal 0 0 1
    outer loop
      vertex -42.81178337336297 22.19531446998024 2
      vertex -42.77569859431121 22.19408448918894 2
      vertex -21.88189697265625 25.70000457763672 2
    endloop
  endfacet
  facet normal 0 0 1
    outer loop
      vertex -42.81178337336297 22.19531446998024 2
      vertex -42.77518250312982 22.161231806438565 2
      vertex -42.77569859431121 22.19408448918894 2
    endloop
  endfacet
  facet normal 0 0 1
    outer loop
      vertex -42.81178337336297 22.19531446998024 2
      vertex -42.75395296000396 20.809828274669584 2
      vertex -42.77518250312982 22.161231806438565 2
    endloop
  endfacet
  facet normal 0 0 1
    outer loop
      vertex -42.80708480523997 -20.80797160563612 2
      vertex -42.78535780674548 -22.191041525045524 2
      vertex -42.74933353287139 -20.864615289150095 2
    endloop
  endfacet
  facet normal 0 0 1
    outer loop
      vertex -42.80708480523997 -20.80797160563612 2
      vertex -42.74933353287139 -20.864615289150095 2
      vertex -42.74933353287139 -20.809755898283157 2
    endloop
  endfacet
  facet normal 0 0 1
    outer loop
      vertex -42.80708480523997 -20.80797160563612 2
      vertex -42.74933353287139 -20.809755898283157 2
      vertex -21.88189697265625 -20.5 2
    endloop
  endfacet
  facet normal 0 0 1
    outer loop
      vertex -42.78535780674548 -22.191041525045524 2
      vertex -42.74376598043721 -20.870182841584274 2
      vertex -42.74933353287139 -20.864615289150095 2
    endloop
  endfacet
  facet normal 0 0 1
    outer loop
      vertex -42.78535780674548 -22.191041525045524 2
      vertex -42.7229290590616 -22.19659335222283 2
      vertex -42.74376598043721 -20.870182841584274 2
    endloop
  endfacet
  facet normal 0 0 1
    outer loop
      vertex -42.77569859431121 22.19408448918894 2
      vertex -42.77518250312982 22.161231806438565 2
      vertex -21.88189697265625 25.70000457763672 2
    endloop
  endfacet
  facet normal 0 0 1
    outer loop
      vertex -42.77518250312982 22.161231806438565 2
      vertex -42.75395296000396 20.809828274669584 2
      vertex -42.711846070758895 22.097899730080872 2
    endloop
  endfacet
  facet normal 0 0 1
    outer loop
      vertex -42.77518250312982 22.161231806438565 2
      vertex -42.711846070758895 22.097899730080872 2
      vertex -21.88189697265625 25.70000457763672 2
    endloop
  endfacet
  facet normal 0 0 1
    outer loop
      vertex -42.75395296000396 20.809828274669584 2
      vertex -42.69159688652794 20.808902650731437 2
      vertex -42.711846070758895 22.097899730080872 2
    endloop
  endfacet
  facet normal 0 0 1
    outer loop
      vertex -42.74933353287139 -20.864615289150095 2
      vertex -42.74376598043721 -20.870182841584274 2
      vertex -21.88189697265625 -20.5 2
    endloop
  endfacet
  facet normal 0 0 1
    outer loop
      vertex -42.74933353287139 -20.864615289150095 2
      vertex -21.88189697265625 -20.5 2
      vertex -42.74933353287139 -20.809755898283157 2
    endloop
  endfacet
  facet normal 0 0 1
    outer loop
      vertex -42.74376598043721 -20.870182841584274 2
      vertex -42.7229290590616 -22.19659335222283 2
      vertex -42.68713106991954 -22.079015036053423 2
    endloop
  endfacet
  facet normal 0 0 1
    outer loop
      vertex -42.74376598043721 -20.870182841584274 2
      vertex -42.68713106991954 -22.079015036053423 2
      vertex -42.68713106991954 -20.929099131146813 2
    endloop
  endfacet
  facet normal 0 0 1
    outer loop
      vertex -42.74376598043721 -20.870182841584274 2
      vertex -42.68713106991954 -20.929099131146813 2
      vertex -42.68713106991954 -20.921381803421497 2
    endloop
  endfacet
  facet normal 0 0 1
    outer loop
      vertex -42.74376598043721 -20.870182841584274 2
      vertex -42.68713106991954 -20.921381803421497 2
      vertex -21.88189697265625 -20.5 2
    endloop
  endfacet
  facet normal 0 0 -1
    outer loop
      vertex -42.731116798755764 20.518363222566176 0
      vertex -42.68713106991954 20.57842961438284 0
      vertex -42.549795589382946 20.551507874963452 0
    endloop
  endfacet
  facet normal 0 0 -1
    outer loop
      vertex -42.731116798755764 20.518363222566176 0
      vertex -42.549795589382946 20.551507874963452 0
      vertex -21.88189697265625 16.5 0
    endloop
  endfacet
  facet normal 0 0 1
    outer loop
      vertex -42.7229290590616 -22.19659335222283 2
      vertex -42.60086033913811 -22.087187895180342 2
      vertex -42.68713106991954 -22.079015036053423 2
    endloop
  endfacet
  facet normal 0 0 1
    outer loop
      vertex -42.7229290590616 -22.19659335222283 2
      vertex -21.88189697265625 -24.049999237060547 2
      vertex -42.60086033913811 -22.087187895180342 2
    endloop
  endfacet
  facet normal 0 0 1
    outer loop
      vertex -42.711846070758895 22.097899730080872 2
      vertex -42.69159688652794 20.808902650731437 2
      vertex -42.68713106991954 20.921385617142104 2
    endloop
  endfacet
  facet normal 0 0 1
    outer loop
      vertex -42.711846070758895 22.097899730080872 2
      vertex -42.68713106991954 20.921385617142104 2
      vertex -42.68713106991954 22.070904683550452 2
    endloop
  endfacet
  facet normal 0 0 1
    outer loop
      vertex -42.711846070758895 22.097899730080872 2
      vertex -42.68713106991954 22.070904683550452 2
      vertex -42.68713106991954 22.079441293370976 2
    endloop
  endfacet
  facet normal 0 0 1
    outer loop
      vertex -42.711846070758895 22.097899730080872 2
      vertex -42.68713106991954 22.079441293370976 2
      vertex -21.88189697265625 25.70000457763672 2
    endloop
  endfacet
  facet normal 0 0 1
    outer loop
      vertex -42.69159688652794 20.808902650731437 2
      vertex -42.62523737082855 20.920132032853328 2
      vertex -42.68713106991954 20.921385617142104 2
    endloop
  endfacet
  facet normal 0 0 1
    outer loop
      vertex -42.69159688652794 20.808902650731437 2
      vertex -21.88189697265625 20.5 2
      vertex -42.62523737082855 20.920132032853328 2
    endloop
  endfacet
  facet normal 0 0 1
    outer loop
      vertex -42.68713106991954 -22.079015036053423 2
      vertex -42.61749061864677 -21.02855849703103 2
      vertex -42.68713106991954 -20.929099131146813 2
    endloop
  endfacet
  facet normal 0 0 1
    outer loop
      vertex -42.68713106991954 -22.079015036053423 2
      vertex -42.60086033913811 -22.087187895180342 2
      vertex -42.61749061864677 -21.02855849703103 2
    endloop
  endfacet
  facet normal 0 0 1
    outer loop
      vertex -42.68713106991954 -20.929099131146813 2
      vertex -42.61749061864677 -21.02855849703103 2
      vertex -21.88189697265625 -20.5 2
    endloop
  endfacet
  facet normal 0 0 1
    outer loop
      vertex -42.68713106991954 -20.929099131146813 2
      vertex -21.88189697265625 -20.5 2
      vertex -42.68713106991954 -20.921381803421497 2
    endloop
  endfacet
  facet normal 0 0 1
    outer loop
      vertex -42.68713106991954 20.921385617142104 2
      vertex -42.62523737082855 20.920132032853328 2
      vertex -42.62523737082855 21.98250910380748 2
    endloop
  endfacet
  facet normal 0 0 1
    outer loop
      vertex -42.68713106991954 20.921385617142104 2
      vertex -42.62523737082855 21.98250910380748 2
      vertex -42.68713106991954 22.070904683550452 2
    endloop
  endfacet
  facet normal 0 0 1
    outer loop
      vertex -42.68713106991954 22.070904683550452 2
      vertex -42.62523737082855 21.98250910380748 2
      vertex -21.88189697265625 25.70000457763672 2
    endloop
  endfacet
  facet normal 0 0 1
    outer loop
      vertex -42.68713106991954 22.070904683550452 2
      vertex -21.88189697265625 25.70000457763672 2
      vertex -42.68713106991954 22.079441293370976 2
    endloop
  endfacet
  facet normal 0 0 1
    outer loop
      vertex -42.62523737082855 20.920132032853328 2
      vertex -42.57158411385519 21.04918300975925 2
      vertex -42.62523737082855 21.98250910380748 2
    endloop
  endfacet
  facet normal 0 0 1
    outer loop
      vertex -42.62523737082855 20.920132032853328 2
      vertex -42.563713517206914 21.048974094180856 2
      vertex -42.57158411385519 21.04918300975925 2
    endloop
  endfacet
  facet normal 0 0 1
    outer loop
      vertex -42.62523737082855 20.920132032853328 2
      vertex -21.88189697265625 20.5 2
      vertex -42.563713517206914 21.048974094180856 2
    endloop
  endfacet
  facet normal 0 0 1
    outer loop
      vertex -42.62523737082855 21.98250910380748 2
      vertex -42.58578281523676 21.953026068454758 2
      vertex -21.88189697265625 25.70000457763672 2
    endloop
  endfacet
  facet normal 0 0 1
    outer loop
      vertex -42.62523737082855 21.98250910380748 2
      vertex -42.58515164068309 21.912847553262942 2
      vertex -42.58578281523676 21.953026068454758 2
    endloop
  endfacet
  facet normal 0 0 1
    outer loop
      vertex -42.62523737082855 21.98250910380748 2
      vertex -42.57158411385519 21.04918300975925 2
      vertex -42.58515164068309 21.912847553262942 2
    endloop
  endfacet
  facet normal 0 0 1
    outer loop
      vertex -42.61749061864677 -21.02855849703103 2
      vertex -42.60086033913811 -22.087187895180342 2
      vertex -42.563713517206914 -21.953929485397698 2
    endloop
  endfacet
  facet normal 0 0 1
    outer loop
      vertex -42.61749061864677 -21.02855849703103 2
      vertex -42.563713517206914 -21.953929485397698 2
      vertex -42.563713517206914 -21.13313104499036 2
    endloop
  endfacet
  facet normal 0 0 1
    outer loop
      vertex -42.61749061864677 -21.02855849703103 2
      vertex -42.563713517206914 -21.13313104499036 2
      vertex -42.563713517206914 -21.048970286620207 2
    endloop
  endfacet
  facet normal 0 0 1
    outer loop
      vertex -42.61749061864677 -21.02855849703103 2
      vertex -42.563713517206914 -21.048970286620207 2
      vertex -21.88189697265625 -20.5 2
    endloop
  endfacet
  facet normal 0 0 1
    outer loop
      vertex -42.60086033913811 -22.087187895180342 2
      vertex -42.541594811791825 -21.956171181588484 2
      vertex -42.563713517206914 -21.953929485397698 2
    endloop
  endfacet
  facet normal 0 0 1
    outer loop
      vertex -42.60086033913811 -22.087187895180342 2
      vertex -21.88189697265625 -24.049999237060547 2
      vertex -42.541594811791825 -21.956171181588484 2
    endloop
  endfacet
  facet normal 0 0 1
    outer loop
      vertex -42.58578281523676 21.953026068454758 2
      vertex -42.58515164068309 21.912847553262942 2
      vertex -21.88189697265625 25.70000457763672 2
    endloop
  endfacet
  facet normal 0 0 1
    outer loop
      vertex -42.58515164068309 21.912847553262942 2
      vertex -42.57158411385519 21.04918300975925 2
      vertex -42.563713517206914 21.866872769706905 2
    endloop
  endfacet
  facet normal 0 0 1
    outer loop
      vertex -42.58515164068309 21.912847553262942 2
      vertex -42.563713517206914 21.866872769706905 2
      vertex -21.88189697265625 25.70000457763672 2
    endloop
  endfacet
  facet normal 0 0 1
    outer loop
      vertex -42.57158411385519 21.04918300975925 2
      vertex -42.563713517206914 21.048974094180856 2
      vertex -42.563713517206914 21.866872769706905 2
    endloop
  endfacet
  facet normal 0 0 1
    outer loop
      vertex -42.563713517206914 -21.953929485397698 2
      vertex -42.55420378580001 -21.15352498681993 2
      vertex -42.563713517206914 -21.13313104499036 2
    endloop
  endfacet
  facet normal 0 0 1
    outer loop
      vertex -42.563713517206914 -21.953929485397698 2
      vertex -42.541594811791825 -21.956171181588484 2
      vertex -42.55420378580001 -21.15352498681993 2
    endloop
  endfacet
  facet normal 0 0 1
    outer loop
      vertex -42.563713517206914 -21.13313104499036 2
      vertex -42.55420378580001 -21.15352498681993 2
      vertex -21.88189697265625 -20.5 2
    endloop
  endfacet
  facet normal 0 0 1
    outer loop
      vertex -42.563713517206914 -21.13313104499036 2
      vertex -21.88189697265625 -20.5 2
      vertex -42.563713517206914 -21.048970286620207 2
    endloop
  endfacet
  facet normal 0 0 1
    outer loop
      vertex -42.563713517206914 21.048974094180856 2
      vertex -42.51249438877189 21.19139072250146 2
      vertex -42.563713517206914 21.866872769706905 2
    endloop
  endfacet
  facet normal 0 0 1
    outer loop
      vertex -42.563713517206914 21.048974094180856 2
      vertex -42.50262022567029 21.191059810864573 2
      vertex -42.51249438877189 21.19139072250146 2
    endloop
  endfacet
  facet normal 0 0 1
    outer loop
      vertex -42.563713517206914 21.048974094180856 2
      vertex -21.88189697265625 20.5 2
      vertex -42.50262022567029 21.191059810864573 2
    endloop
  endfacet
  facet normal 0 0 1
    outer loop
      vertex -42.563713517206914 21.866872769706905 2
      vertex -42.522219407291175 21.810453709187637 2
      vertex -21.88189697265625 25.70000457763672 2
    endloop
  endfacet
  facet normal 0 0 1
    outer loop
      vertex -42.563713517206914 21.866872769706905 2
      vertex -42.52130627214036 21.752326501245342 2
      vertex -42.522219407291175 21.810453709187637 2
    endloop
  endfacet
  facet normal 0 0 1
    outer loop
      vertex -42.563713517206914 21.866872769706905 2
      vertex -42.51249438877189 21.19139072250146 2
      vertex -42.52130627214036 21.752326501245342 2
    endloop
  endfacet
  facet normal 0 0 -1
    outer loop
      vertex -42.5560954078507 24.45000457763672 0
      vertex -41.00279906054976 22.60124872942223 0
      vertex -42.53378652790001 22.453221088215965 0
    endloop
  endfacet
  facet normal 0 0 -1
    outer loop
      vertex -42.5560954078507 24.45000457763672 0
      vertex -21.88189697265625 24.45000457763672 0
      vertex -41.00279906054976 22.60124872942223 0
    endloop
  endfacet
  facet normal 0 0 -1
    outer loop
      vertex -42.5560954078507 24.45000457763672 0
      vertex -21.88189697265625 26.5 0
      vertex -21.88189697265625 24.45000457763672 0
    endloop
  endfacet
  facet normal 0 0 1
    outer loop
      vertex -42.55420378580001 -21.15352498681993 2
      vertex -42.541594811791825 -21.956171181588484 2
      vertex -42.50262022567029 -21.317401935254175 2
    endloop
  endfacet
  facet normal 0 0 1
    outer loop
      vertex -42.55420378580001 -21.15352498681993 2
      vertex -42.50262022567029 -21.317401935254175 2
      vertex -42.50262022567029 -21.191056002365297 2
    endloop
  endfacet
  facet normal 0 0 1
    outer loop
      vertex -42.55420378580001 -21.15352498681993 2
      vertex -42.50262022567029 -21.191056002365297 2
      vertex -21.88189697265625 -20.5 2
    endloop
  endfacet
  facet normal 0 0 -1
    outer loop
      vertex -42.549804120132244 -20.551505826911743 0
      vertex -42.359074805944196 -20.605724378752075 0
      vertex -42.503749695540975 -20.63473204895188 0
    endloop
  endfacet
  facet normal 0 0 -1
    outer loop
      vertex -42.549804120132244 -20.551505826911743 0
      vertex -21.88189697265625 -16.5 0
      vertex -42.359074805944196 -20.605724378752075 0
    endloop
  endfacet
  facet normal 0 0 -1
    outer loop
      vertex -42.549795589382946 20.551507874963452 0
      vertex -42.53378652790001 22.453221088215965 0
      vertex -42.50262022567029 20.634509324375482 0
    endloop
  endfacet
  facet normal 0 0 -1
    outer loop
      vertex -42.549795589382946 20.551507874963452 0
      vertex -42.50262022567029 20.634509324375482 0
      vertex -42.359067970372436 20.605726719091383 0
    endloop
  endfacet
  facet normal 0 0 -1
    outer loop
      vertex -42.549795589382946 20.551507874963452 0
      vertex -42.359067970372436 20.605726719091383 0
      vertex -21.88189697265625 16.5 0
    endloop
  endfacet
  facet normal 0 0 1
    outer loop
      vertex -42.541594811791825 -21.956171181588484 2
      vertex -42.50262022567029 -21.81146238284503 2
      vertex -42.50262022567029 -21.317401935254175 2
    endloop
  endfacet
  facet normal 0 0 1
    outer loop
      vertex -42.541594811791825 -21.956171181588484 2
      vertex -21.88189697265625 -24.049999237060547 2
      vertex -42.50262022567029 -21.81146238284503 2
    endloop
  endfacet
  facet normal 0 0 -1
    outer loop
      vertex -42.53378652790001 22.453221088215965 0
      vertex -42.359067970372436 20.605726719091383 0
      vertex -42.50262022567029 20.634509324375482 0
    endloop
  endfacet
  facet normal 0 0 -1
    outer loop
      vertex -42.53378652790001 22.453221088215965 0
      vertex -42.32252415950941 20.71148678582876 0
      vertex -42.359067970372436 20.605726719091383 0
    endloop
  endfacet
  facet normal 0 0 -1
    outer loop
      vertex -42.53378652790001 22.453221088215965 0
      vertex -42.17083699343471 20.680233904512363 0
      vertex -42.32252415950941 20.71148678582876 0
    endloop
  endfacet
  facet normal 0 0 -1
    outer loop
      vertex -42.53378652790001 22.453221088215965 0
      vertex -42.14844141686986 20.805909401437884 0
      vertex -42.17083699343471 20.680233904512363 0
    endloop
  endfacet
  facet normal 0 0 -1
    outer loop
      vertex -42.53378652790001 22.453221088215965 0
      vertex -41.992119505186956 20.772696635886312 0
      vertex -42.14844141686986 20.805909401437884 0
    endloop
  endfacet
  facet normal 0 0 -1
    outer loop
      vertex -42.53378652790001 22.453221088215965 0
      vertex -41.98191716849926 20.913734971529188 0
      vertex -41.992119505186956 20.772696635886312 0
    endloop
  endfacet
  facet normal 0 0 -1
    outer loop
      vertex -42.53378652790001 22.453221088215965 0
      vertex -41.8274797271526 20.87982227247995 0
      vertex -41.98191716849926 20.913734971529188 0
    endloop
  endfacet
  facet normal 0 0 -1
    outer loop
      vertex -42.53378652790001 22.453221088215965 0
      vertex -41.82442949541505 21.030491193090413 0
      vertex -41.8274797271526 20.87982227247995 0
    endloop
  endfacet
  facet normal 0 0 -1
    outer loop
      vertex -42.53378652790001 22.453221088215965 0
      vertex -41.67986765083444 20.997650019935403 0
      vertex -41.82442949541505 21.030491193090413 0
    endloop
  endfacet
  facet normal 0 0 -1
    outer loop
      vertex -42.53378652790001 22.453221088215965 0
      vertex -41.6773762693527 21.151464155066186 0
      vertex -41.67986765083444 20.997650019935403 0
    endloop
  endfacet
  facet normal 0 0 -1
    outer loop
      vertex -42.53378652790001 22.453221088215965 0
      vertex -41.55093251385433 21.12175289687853 0
      vertex -41.6773762693527 21.151464155066186 0
    endloop
  endfacet
  facet normal 0 0 -1
    outer loop
      vertex -42.53378652790001 22.453221088215965 0
      vertex -41.542062745157175 21.48740360099034 0
      vertex -41.55093251385433 21.12175289687853 0
    endloop
  endfacet
  facet normal 0 0 -1
    outer loop
      vertex -42.53378652790001 22.453221088215965 0
      vertex -41.2503096733612 21.531368028627632 0
      vertex -41.542062745157175 21.48740360099034 0
    endloop
  endfacet
  facet normal 0 0 -1
    outer loop
      vertex -42.53378652790001 22.453221088215965 0
      vertex -41.24738663991227 21.676786742773785 0
      vertex -41.2503096733612 21.531368028627632 0
    endloop
  endfacet
  facet normal 0 0 -1
    outer loop
      vertex -42.53378652790001 22.453221088215965 0
      vertex -41.17271958209501 21.687479372806564 0
      vertex -41.24738663991227 21.676786742773785 0
    endloop
  endfacet
  facet normal 0 0 -1
    outer loop
      vertex -42.53378652790001 22.453221088215965 0
      vertex -41.16449074863204 21.83667831113918 0
      vertex -41.17271958209501 21.687479372806564 0
    endloop
  endfacet
  facet normal 0 0 -1
    outer loop
      vertex -42.53378652790001 22.453221088215965 0
      vertex -41.110905999271274 21.84394053087036 0
      vertex -41.16449074863204 21.83667831113918 0
    endloop
  endfacet
  facet normal 0 0 -1
    outer loop
      vertex -42.53378652790001 22.453221088215965 0
      vertex -41.09788696740969 21.99181541266872 0
      vertex -41.110905999271274 21.84394053087036 0
    endloop
  endfacet
  facet normal 0 0 -1
    outer loop
      vertex -42.53378652790001 22.453221088215965 0
      vertex -41.064625519574186 21.9960703550736 0
      vertex -41.09788696740969 21.99181541266872 0
    endloop
  endfacet
  facet normal 0 0 -1
    outer loop
      vertex -42.53378652790001 22.453221088215965 0
      vertex -41.06283367774274 22.135767267584633 0
      vertex -41.064625519574186 21.9960703550736 0
    endloop
  endfacet
  facet normal 0 0 -1
    outer loop
      vertex -42.53378652790001 22.453221088215965 0
      vertex -41.032958649418084 22.13937177899358 0
      vertex -41.06283367774274 22.135767267584633 0
    endloop
  endfacet
  facet normal 0 0 -1
    outer loop
      vertex -42.53378652790001 22.453221088215965 0
      vertex -41.024623318809724 22.268574159232756 0
      vertex -41.032958649418084 22.13937177899358 0
    endloop
  endfacet
  facet normal 0 0 -1
    outer loop
      vertex -42.53378652790001 22.453221088215965 0
      vertex -41.0135065538653 22.269840982399188 0
      vertex -41.024623318809724 22.268574159232756 0
    endloop
  endfacet
  facet normal 0 0 -1
    outer loop
      vertex -42.53378652790001 22.453221088215965 0
      vertex -41.00887607079384 22.38333509360484 0
      vertex -41.0135065538653 22.269840982399188 0
    endloop
  endfacet
  facet normal 0 0 -1
    outer loop
      vertex -42.53378652790001 22.453221088215965 0
      vertex -41.00349866840843 22.38391612176178 0
      vertex -41.00887607079384 22.38333509360484 0
    endloop
  endfacet
  facet normal 0 0 -1
    outer loop
      vertex -42.53378652790001 22.453221088215965 0
      vertex -41.00279906054976 22.60124872942223 0
      vertex -41.00116396456842 22.55154884505777 0
    endloop
  endfacet
  facet normal 0 0 -1
    outer loop
      vertex -42.53378652790001 22.453221088215965 0
      vertex -41.00116396456842 22.55154884505777 0
      vertex -41.00349866840843 22.38391612176178 0
    endloop
  endfacet
  facet normal 0 0 1
    outer loop
      vertex -42.522219407291175 21.810453709187637 2
      vertex -42.52130627214036 21.752326501245342 2
      vertex -21.88189697265625 25.70000457763672 2
    endloop
  endfacet
  facet normal 0 0 1
    outer loop
      vertex -42.52130627214036 21.752326501245342 2
      vertex -42.51249438877189 21.19139072250146 2
      vertex -42.50262022567029 21.68259872723915 2
    endloop
  endfacet
  facet normal 0 0 1
    outer loop
      vertex -42.52130627214036 21.752326501245342 2
      vertex -42.50262022567029 21.68259872723915 2
      vertex -21.88189697265625 25.70000457763672 2
    endloop
  endfacet
  facet normal 0 0 1
    outer loop
      vertex -42.51249438877189 21.19139072250146 2
      vertex -42.50262022567029 21.191059810864573 2
      vertex -42.50262022567029 21.68259872723915 2
    endloop
  endfacet
  facet normal 0 0 -1
    outer loop
      vertex -42.503749695540975 -20.63473204895188 0
      vertex -42.359074805944196 -20.605724378752075 0
      vertex -42.32399371914468 -20.711785839416763 0
    endloop
  endfacet
  facet normal 0 0 1
    outer loop
      vertex -42.50262022567029 -21.81146238284503 2
      vertex -42.48542448748224 -21.65745833268381 2
      vertex -42.50262022567029 -21.317401935254175 2
    endloop
  endfacet
  facet normal 0 0 1
    outer loop
      vertex -42.50262022567029 -21.81146238284503 2
      vertex -21.88189697265625 -24.049999237060547 2
      vertex -42.48542448748224 -21.65745833268381 2
    endloop
  endfacet
  facet normal 0 0 1
    outer loop
      vertex -42.50262022567029 -21.317401935254175 2
      vertex -42.49035644168447 -21.343506200605464 2
      vertex -42.50262022567029 -21.191056002365297 2
    endloop
  endfacet
  facet normal 0 0 1
    outer loop
      vertex -42.50262022567029 -21.317401935254175 2
      vertex -42.48921184129338 -21.416367731436114 2
      vertex -42.49035644168447 -21.343506200605464 2
    endloop
  endfacet
  facet normal 0 0 1
    outer loop
      vertex -42.50262022567029 -21.317401935254175 2
      vertex -42.48542448748224 -21.65745833268381 2
      vertex -42.48921184129338 -21.416367731436114 2
    endloop
  endfacet
  facet normal 0 0 1
    outer loop
      vertex -42.50262022567029 -21.191056002365297 2
      vertex -42.49035644168447 -21.343506200605464 2
      vertex -21.88189697265625 -20.5 2
    endloop
  endfacet
  facet normal 0 0 1
    outer loop
      vertex -42.50262022567029 21.191059810864573 2
      vertex -42.45399775097603 21.342018035946456 2
      vertex -42.50262022567029 21.68259872723915 2
    endloop
  endfacet
  facet normal 0 0 1
    outer loop
      vertex -42.50262022567029 21.191059810864573 2
      vertex -21.88189697265625 20.5 2
      vertex -42.45399775097603 21.342018035946456 2
    endloop
  endfacet
  facet normal 0 0 1
    outer loop
      vertex -42.50262022567029 21.68259872723915 2
      vertex -42.45904712261439 21.663444579364903 2
      vertex -21.88189697265625 25.70000457763672 2
    endloop
  endfacet
  facet normal 0 0 1
    outer loop
      vertex -42.50262022567029 21.68259872723915 2
      vertex -42.45399775097603 21.342018035946456 2
      vertex -42.45904712261439 21.663444579364903 2
    endloop
  endfacet
  facet normal 0 0 1
    outer loop
      vertex -42.49035644168447 -21.343506200605464 2
      vertex -42.48921184129338 -21.416367731436114 2
      vertex -42.44201778792154 -21.49806419117429 2
    endloop
  endfacet
  facet normal 0 0 1
    outer loop
      vertex -42.49035644168447 -21.343506200605464 2
      vertex -42.44201778792154 -21.49806419117429 2
      vertex -21.88189697265625 -20.5 2
    endloop
  endfacet
  facet normal 0 0 1
    outer loop
      vertex -42.48921184129338 -21.416367731436114 2
      vertex -42.48542448748224 -21.65745833268381 2
      vertex -42.44201778792154 -21.504936311028654 2
    endloop
  endfacet
  facet normal 0 0 1
    outer loop
      vertex -42.48921184129338 -21.416367731436114 2
      vertex -42.44201778792154 -21.504936311028654 2
      vertex -42.44201778792154 -21.49806419117429 2
    endloop
  endfacet
  facet normal 0 0 1
    outer loop
      vertex -42.48542448748224 -21.65745833268381 2
      vertex -21.88189697265625 -24.049999237060547 2
      vertex -42.44201778792154 -21.504936311028654 2
    endloop
  endfacet
  facet normal 0 0 1
    outer loop
      vertex -42.45904712261439 21.663444579364903 2
      vertex -42.45399775097603 21.342018035946456 2
      vertex -21.88189697265625 20.5 2
    endloop
  endfacet
  facet normal 0 0 1
    outer loop
      vertex -42.45904712261439 21.663444579364903 2
      vertex -21.88189697265625 20.5 2
      vertex -21.88189697265625 25.70000457763672 2
    endloop
  endfacet
  facet normal 0 0 1
    outer loop
      vertex -42.44201778792154 -21.504936311028654 2
      vertex -21.88189697265625 -24.049999237060547 2
      vertex -21.88189697265625 -20.5 2
    endloop
  endfacet
  facet normal 0 0 1
    outer loop
      vertex -42.44201778792154 -21.504936311028654 2
      vertex -21.88189697265625 -20.5 2
      vertex -42.44201778792154 -21.49806419117429 2
    endloop
  endfacet
  facet normal 0 0 -1
    outer loop
      vertex -42.359074805944196 -20.605724378752075 0
      vertex -42.17084261939279 -20.680231364294887 0
      vertex -42.32399371914468 -20.711785839416763 0
    endloop
  endfacet
  facet normal 0 0 -1
    outer loop
      vertex -42.359074805944196 -20.605724378752075 0
      vertex -21.88189697265625 -16.5 0
      vertex -42.17084261939279 -20.680231364294887 0
    endloop
  endfacet
  facet normal 0 0 -1
    outer loop
      vertex -42.359067970372436 20.605726719091383 0
      vertex -42.32252415950941 20.71148678582876 0
      vertex -42.17083699343471 20.680233904512363 0
    endloop
  endfacet
  facet normal 0 0 -1
    outer loop
      vertex -42.359067970372436 20.605726719091383 0
      vertex -42.17083699343471 20.680233904512363 0
      vertex -21.88189697265625 16.5 0
    endloop
  endfacet
  facet normal 0 0 -1
    outer loop
      vertex -42.32399371914468 -20.711785839416763 0
      vertex -42.17084261939279 -20.680231364294887 0
      vertex -42.15026285445376 -20.806292675890624 0
    endloop
  endfacet
  facet normal 0 0 -1
    outer loop
      vertex -42.17084261939279 -20.680231364294887 0
      vertex -41.99212421401201 -20.772693950019924 0
      vertex -42.15026285445376 -20.806292675890624 0
    endloop
  endfacet
  facet normal 0 0 -1
    outer loop
      vertex -42.17084261939279 -20.680231364294887 0
      vertex -21.88189697265625 -16.5 0
      vertex -41.99212421401201 -20.772693950019924 0
    endloop
  endfacet
  facet normal 0 0 -1
    outer loop
      vertex -42.17083699343471 20.680233904512363 0
      vertex -42.14844141686986 20.805909401437884 0
      vertex -41.992119505186956 20.772696635886312 0
    endloop
  endfacet
  facet normal 0 0 -1
    outer loop
      vertex -42.17083699343471 20.680233904512363 0
      vertex -41.992119505186956 20.772696635886312 0
      vertex -21.88189697265625 16.5 0
    endloop
  endfacet
  facet normal 0 0 -1
    outer loop
      vertex -42.15026285445376 -20.806292675890624 0
      vertex -41.99212421401201 -20.772693950019924 0
      vertex -41.984048653271145 -20.914199320408613 0
    endloop
  endfacet
  facet normal 0 0 -1
    outer loop
      vertex -41.99212421401201 -20.772693950019924 0
      vertex -41.827483708091414 -20.879819474629286 0
      vertex -41.984048653271145 -20.914199320408613 0
    endloop
  endfacet
  facet normal 0 0 -1
    outer loop
      vertex -41.99212421401201 -20.772693950019924 0
      vertex -21.88189697265625 -16.5 0
      vertex -41.827483708091414 -20.879819474629286 0
    endloop
  endfacet
  facet normal 0 0 -1
    outer loop
      vertex -41.992119505186956 20.772696635886312 0
      vertex -41.98191716849926 20.913734971529188 0
      vertex -41.8274797271526 20.87982227247995 0
    endloop
  endfacet
  facet normal 0 0 -1
    outer loop
      vertex -41.992119505186956 20.772696635886312 0
      vertex -41.8274797271526 20.87982227247995 0
      vertex -21.88189697265625 16.5 0
    endloop
  endfacet
  facet normal 0 0 -1
    outer loop
      vertex -41.984048653271145 -20.914199320408613 0
      vertex -41.827483708091414 -20.879819474629286 0
      vertex -41.826771013930696 -21.031019449328547 0
    endloop
  endfacet
  facet normal 0 0 -1
    outer loop
      vertex -41.827483708091414 -20.879819474629286 0
      vertex -41.67987103258365 -20.997647131648723 0
      vertex -41.826771013930696 -21.031019449328547 0
    endloop
  endfacet
  facet normal 0 0 -1
    outer loop
      vertex -41.827483708091414 -20.879819474629286 0
      vertex -21.88189697265625 -16.5 0
      vertex -41.67987103258365 -20.997647131648723 0
    endloop
  endfacet
  facet normal 0 0 -1
    outer loop
      vertex -41.8274797271526 20.87982227247995 0
      vertex -41.82442949541505 21.030491193090413 0
      vertex -41.67986765083444 20.997650019935403 0
    endloop
  endfacet
  facet normal 0 0 -1
    outer loop
      vertex -41.8274797271526 20.87982227247995 0
      vertex -41.67986765083444 20.997650019935403 0
      vertex -21.88189697265625 16.5 0
    endloop
  endfacet
  facet normal 0 0 -1
    outer loop
      vertex -41.826771013930696 -21.031019449328547 0
      vertex -41.67987103258365 -20.997647131648723 0
      vertex -41.67976797658652 -21.152026149059907 0
    endloop
  endfacet
  facet normal 0 0 -1
    outer loop
      vertex -41.67987103258365 -20.997647131648723 0
      vertex -41.55093251385433 -21.12175289687853 0
      vertex -41.67976797658652 -21.152026149059907 0
    endloop
  endfacet
  facet normal 0 0 -1
    outer loop
      vertex -41.67987103258365 -20.997647131648723 0
      vertex -21.88189697265625 -16.5 0
      vertex -41.55093251385433 -21.12175289687853 0
    endloop
  endfacet
  facet normal 0 0 -1
    outer loop
      vertex -41.67986765083444 20.997650019935403 0
      vertex -41.6773762693527 21.151464155066186 0
      vertex -41.55093251385433 21.12175289687853 0
    endloop
  endfacet
  facet normal 0 0 -1
    outer loop
      vertex -41.67986765083444 20.997650019935403 0
      vertex -41.55093251385433 21.12175289687853 0
      vertex -21.88189697265625 16.5 0
    endloop
  endfacet
  facet normal 0 0 -1
    outer loop
      vertex -41.67976797658652 -21.152026149059907 0
      vertex -41.55093251385433 -21.12175289687853 0
      vertex -41.54428590425604 -21.272424851463175 0
    endloop
  endfacet
  facet normal 0 0 -1
    outer loop
      vertex -41.55093251385433 -21.12175289687853 0
      vertex -41.44115505729849 -21.247393090638745 0
      vertex -41.54428590425604 -21.272424851463175 0
    endloop
  endfacet
  facet normal 0 0 -1
    outer loop
      vertex -41.55093251385433 -21.12175289687853 0
      vertex -21.88189697265625 -16.5 0
      vertex -41.44115505729849 -21.247393090638745 0
    endloop
  endfacet
  facet normal 0 0 -1
    outer loop
      vertex -41.55093251385433 21.12175289687853 0
      vertex -41.542062745157175 21.48740360099034 0
      vertex -41.2503096733612 21.531368028627632 0
    endloop
  endfacet
  facet normal 0 0 -1
    outer loop
      vertex -41.55093251385433 21.12175289687853 0
      vertex -41.2503096733612 21.531368028627632 0
      vertex -21.88189697265625 16.5 0
    endloop
  endfacet
  facet normal 0 0 -1
    outer loop
      vertex -41.54428590425604 -21.272424851463175 0
      vertex -41.44115505729849 -21.247393090638745 0
      vertex -41.421471743407324 -21.387607447185193 0
    endloop
  endfacet
  facet normal 0 0 -1
    outer loop
      vertex -41.44115505729849 -21.247393090638745 0
      vertex -41.35010935108578 -21.369756937936554 0
      vertex -41.421471743407324 -21.387607447185193 0
    endloop
  endfacet
  facet normal 0 0 -1
    outer loop
      vertex -41.44115505729849 -21.247393090638745 0
      vertex -21.88189697265625 -16.5 0
      vertex -41.35010935108578 -21.369756937936554 0
    endloop
  endfacet
  facet normal 0 0 -1
    outer loop
      vertex -41.421471743407324 -21.387607447185193 0
      vertex -41.35010935108578 -21.369756937936554 0
      vertex -41.35445665024688 -21.924414231646534 0
    endloop
  endfacet
  facet normal 0 0 -1
    outer loop
      vertex -41.35445665024688 -21.924414231646534 0
      vertex -41.35010935108578 -21.369756937936554 0
      vertex -21.88189697265625 -16.5 0
    endloop
  endfacet
  facet normal 0 0 -1
    outer loop
      vertex -41.35445665024688 -21.924414231646534 0
      vertex -41.06566420846242 -21.99227354796218 0
      vertex -41.06502373477365 -22.142032119219394 0
    endloop
  endfacet
  facet normal 0 0 -1
    outer loop
      vertex -41.35445665024688 -21.924414231646534 0
      vertex -41.06502373477365 -22.142032119219394 0
      vertex -41.02430028061195 -22.810599145396957 0
    endloop
  endfacet
  facet normal 0 0 -1
    outer loop
      vertex -41.35445665024688 -21.924414231646534 0
      vertex -21.88189697265625 -16.5 0
      vertex -41.06566420846242 -21.99227354796218 0
    endloop
  endfacet
  facet normal 0 0 -1
    outer loop
      vertex -41.2503096733612 21.531368028627632 0
      vertex -41.24738663991227 21.676786742773785 0
      vertex -41.17271958209501 21.687479372806564 0
    endloop
  endfacet
  facet normal 0 0 -1
    outer loop
      vertex -41.2503096733612 21.531368028627632 0
      vertex -41.17271958209501 21.687479372806564 0
      vertex -21.88189697265625 24.45000457763672 0
    endloop
  endfacet
  facet normal 0 0 -1
    outer loop
      vertex -41.2503096733612 21.531368028627632 0
      vertex -21.88189697265625 24.45000457763672 0
      vertex -21.88189697265625 16.5 0
    endloop
  endfacet
  facet normal 0 0 -1
    outer loop
      vertex -41.17271958209501 21.687479372806564 0
      vertex -41.16449074863204 21.83667831113918 0
      vertex -41.110905999271274 21.84394053087036 0
    endloop
  endfacet
  facet normal 0 0 -1
    outer loop
      vertex -41.17271958209501 21.687479372806564 0
      vertex -41.110905999271274 21.84394053087036 0
      vertex -21.88189697265625 24.45000457763672 0
    endloop
  endfacet
  facet normal 0 0 -1
    outer loop
      vertex -41.110905999271274 21.84394053087036 0
      vertex -41.09788696740969 21.99181541266872 0
      vertex -41.064625519574186 21.9960703550736 0
    endloop
  endfacet
  facet normal 0 0 -1
    outer loop
      vertex -41.110905999271274 21.84394053087036 0
      vertex -41.064625519574186 21.9960703550736 0
      vertex -21.88189697265625 24.45000457763672 0
    endloop
  endfacet
  facet normal 0 0 -1
    outer loop
      vertex -41.06566420846242 -21.99227354796218 0
      vertex -41.031151347638996 -22.14972715126546 0
      vertex -41.06502373477365 -22.142032119219394 0
    endloop
  endfacet
  facet normal 0 0 -1
    outer loop
      vertex -41.06566420846242 -21.99227354796218 0
      vertex -21.88189697265625 -26.5 0
      vertex -41.031151347638996 -22.14972715126546 0
    endloop
  endfacet
  facet normal 0 0 -1
    outer loop
      vertex -41.06566420846242 -21.99227354796218 0
      vertex -21.88189697265625 -16.5 0
      vertex -21.88189697265625 -26.5 0
    endloop
  endfacet
  facet normal 0 0 -1
    outer loop
      vertex -41.06502373477365 -22.142032119219394 0
      vertex -41.031151347638996 -22.14972715126546 0
      vertex -41.02633519368353 -22.29610344566466 0
    endloop
  endfacet
  facet normal 0 0 -1
    outer loop
      vertex -41.06502373477365 -22.142032119219394 0
      vertex -41.02633519368353 -22.29610344566466 0
      vertex -41.02430028061195 -22.810599145396957 0
    endloop
  endfacet
  facet normal 0 0 -1
    outer loop
      vertex -41.064625519574186 21.9960703550736 0
      vertex -41.06283367774274 22.135767267584633 0
      vertex -41.032958649418084 22.13937177899358 0
    endloop
  endfacet
  facet normal 0 0 -1
    outer loop
      vertex -41.064625519574186 21.9960703550736 0
      vertex -41.032958649418084 22.13937177899358 0
      vertex -21.88189697265625 24.45000457763672 0
    endloop
  endfacet
  facet normal 0 0 -1
    outer loop
      vertex -41.032958649418084 22.13937177899358 0
      vertex -41.024623318809724 22.268574159232756 0
      vertex -41.0135065538653 22.269840982399188 0
    endloop
  endfacet
  facet normal 0 0 -1
    outer loop
      vertex -41.032958649418084 22.13937177899358 0
      vertex -41.0135065538653 22.269840982399188 0
      vertex -21.88189697265625 24.45000457763672 0
    endloop
  endfacet
  facet normal 0 0 -1
    outer loop
      vertex -41.031151347638996 -22.14972715126546 0
      vertex -41.01021638614153 -22.299642948819756 0
      vertex -41.02633519368353 -22.29610344566466 0
    endloop
  endfacet
  facet normal 0 0 -1
    outer loop
      vertex -41.031151347638996 -22.14972715126546 0
      vertex -21.88189697265625 -26.5 0
      vertex -41.01021638614153 -22.299642948819756 0
    endloop
  endfacet
  facet normal 0 0 -1
    outer loop
      vertex -41.02633519368353 -22.29610344566466 0
      vertex -41.015770597371045 -22.74920553817943 0
      vertex -41.02430028061195 -22.810599145396957 0
    endloop
  endfacet
  facet normal 0 0 -1
    outer loop
      vertex -41.02633519368353 -22.29610344566466 0
      vertex -41.01082422793368 -22.435796708158676 0
      vertex -41.015770597371045 -22.74920553817943 0
    endloop
  endfacet
  facet normal 0 0 -1
    outer loop
      vertex -41.02633519368353 -22.29610344566466 0
      vertex -41.01021638614153 -22.299642948819756 0
      vertex -41.01082422793368 -22.435796708158676 0
    endloop
  endfacet
  facet normal 0 0 -1
    outer loop
      vertex -41.02430028061195 -22.810599145396957 0
      vertex -41.015770597371045 -22.74920553817943 0
      vertex -41.01561272593631 -22.74923648556179 0
    endloop
  endfacet
  facet normal 0 0 -1
    outer loop
      vertex -41.02430028061195 -22.810599145396957 0
      vertex -41.01561272593631 -22.74923648556179 0
      vertex -21.88189697265625 -26.5 0
    endloop
  endfacet
  facet normal 0 0 -1
    outer loop
      vertex -41.015770597371045 -22.74920553817943 0
      vertex -41.01082422793368 -22.435796708158676 0
      vertex -41.01561272593631 -22.74923648556179 0
    endloop
  endfacet
  facet normal 0 0 -1
    outer loop
      vertex -41.01561272593631 -22.74923648556179 0
      vertex -41.01082422793368 -22.435796708158676 0
      vertex -41.00887607079384 -22.664990312993705 0
    endloop
  endfacet
  facet normal 0 0 -1
    outer loop
      vertex -41.01561272593631 -22.74923648556179 0
      vertex -41.00887607079384 -22.664990312993705 0
      vertex -41.0070765170442 -22.665351128260287 0
    endloop
  endfacet
  facet normal 0 0 -1
    outer loop
      vertex -41.01561272593631 -22.74923648556179 0
      vertex -41.0070765170442 -22.665351128260287 0
      vertex -21.88189697265625 -26.5 0
    endloop
  endfacet
  facet normal 0 0 -1
    outer loop
      vertex -41.0135065538653 22.269840982399188 0
      vertex -41.00887607079384 22.38333509360484 0
      vertex -41.00349866840843 22.38391612176178 0
    endloop
  endfacet
  facet normal 0 0 -1
    outer loop
      vertex -41.0135065538653 22.269840982399188 0
      vertex -41.00349866840843 22.38391612176178 0
      vertex -21.88189697265625 24.45000457763672 0
    endloop
  endfacet
  facet normal 0 0 -1
    outer loop
      vertex -41.01082422793368 -22.435796708158676 0
      vertex -41.01021638614153 -22.299642948819756 0
      vertex -41.00097571504438 -22.437889159971068 0
    endloop
  endfacet
  facet normal 0 0 -1
    outer loop
      vertex -41.01082422793368 -22.435796708158676 0
      vertex -41.0070765170442 -22.665351128260287 0
      vertex -41.00887607079384 -22.664990312993705 0
    endloop
  endfacet
  facet normal 0 0 -1
    outer loop
      vertex -41.01082422793368 -22.435796708158676 0
      vertex -41.003946543143456 -22.560186492914195 0
      vertex -41.0070765170442 -22.665351128260287 0
    endloop
  endfacet
  facet normal 0 0 -1
    outer loop
      vertex -41.01082422793368 -22.435796708158676 0
      vertex -41.00097571504438 -22.437889159971068 0
      vertex -41.00095516704585 -22.560802821405066 0
    endloop
  endfacet
  facet normal 0 0 -1
    outer loop
      vertex -41.01082422793368 -22.435796708158676 0
      vertex -41.00095516704585 -22.560802821405066 0
      vertex -41.003946543143456 -22.560186492914195 0
    endloop
  endfacet
  facet normal 0 0 -1
    outer loop
      vertex -41.01021638614153 -22.299642948819756 0
      vertex -21.88189697265625 -26.5 0
      vertex -41.00097571504438 -22.437889159971068 0
    endloop
  endfacet
  facet normal 0 0 -1
    outer loop
      vertex -41.0070765170442 -22.665351128260287 0
      vertex -41.003946543143456 -22.560186492914195 0
      vertex -41.00095516704585 -22.560802821405066 0
    endloop
  endfacet
  facet normal 0 0 -1
    outer loop
      vertex -41.0070765170442 -22.665351128260287 0
      vertex -41.00095516704585 -22.560802821405066 0
      vertex -21.88189697265625 -26.5 0
    endloop
  endfacet
  facet normal 0 0 -1
    outer loop
      vertex -41.00349866840843 22.38391612176178 0
      vertex -41.00116396456842 22.55154884505777 0
      vertex -41.00098687926854 22.478526390561484 0
    endloop
  endfacet
  facet normal 0 0 -1
    outer loop
      vertex -41.00349866840843 22.38391612176178 0
      vertex -41.00098687926854 22.478526390561484 0
      vertex -41.00033628052753 22.478593477500908 0
    endloop
  endfacet
  facet normal 0 0 -1
    outer loop
      vertex -41.00349866840843 22.38391612176178 0
      vertex -41.00033628052753 22.478593477500908 0
      vertex -21.88189697265625 24.45000457763672 0
    endloop
  endfacet
  facet normal 0 0 -1
    outer loop
      vertex -41.00279906054976 22.60124872942223 0
      vertex -41.00081034556379 22.551583957806955 0
      vertex -41.00116396456842 22.55154884505777 0
    endloop
  endfacet
  facet normal 0 0 -1
    outer loop
      vertex -41.00279906054976 22.60124872942223 0
      vertex -21.88189697265625 24.45000457763672 0
      vertex -41.00081034556379 22.551583957806955 0
    endloop
  endfacet
  facet normal 0 0 -1
    outer loop
      vertex -41.00116396456842 22.55154884505777 0
      vertex -41.00081034556379 22.551583957806955 0
      vertex -41.00033628052753 22.478593477500908 0
    endloop
  endfacet
  facet normal 0 0 -1
    outer loop
      vertex -41.00116396456842 22.55154884505777 0
      vertex -41.00033628052753 22.478593477500908 0
      vertex -41.00098687926854 22.478526390561484 0
    endloop
  endfacet
  facet normal 0 0 -1
    outer loop
      vertex -41.00097571504438 -22.437889159971068 0
      vertex -21.88189697265625 -26.5 0
      vertex -41.00095516704585 -22.560802821405066 0
    endloop
  endfacet
  facet normal 0 0 -1
    outer loop
      vertex -41.00081034556379 22.551583957806955 0
      vertex -21.88189697265625 24.45000457763672 0
      vertex -41.00033628052753 22.478593477500908 0
    endloop
  endfacet
  facet normal 0 0 -1
    outer loop
      vertex -21.88189697265625 -26.5 0
      vertex -21.88189697265625 -16.5 0
      vertex -1.6889797726436795 -21.448966206014234 0
    endloop
  endfacet
  facet normal 0 0 -1
    outer loop
      vertex -21.88189697265625 -26.5 0
      vertex -1.9990131207314632 -22.513427974011197 0
      vertex -1.9971647808619046 -22.602015470436186 0
    endloop
  endfacet
  facet normal 0 0 -1
    outer loop
      vertex -21.88189697265625 -26.5 0
      vertex -1.9971647808619046 -22.602015470436186 0
      vertex -1.9928181864832017 -22.666689046799185 0
    endloop
  endfacet
  facet normal 0 0 -1
    outer loop
      vertex -21.88189697265625 -26.5 0
      vertex -1.996501011711325 -22.40290884448842 0
      vertex -1.9990131207314632 -22.513427974011197 0
    endloop
  endfacet
  facet normal 0 0 -1
    outer loop
      vertex -21.88189697265625 -26.5 0
      vertex -1.9928181864832017 -22.666689046799185 0
      vertex -1.9891066373546675 -22.70648902764092 0
    endloop
  endfacet
  facet normal 0 0 -1
    outer loop
      vertex -21.88189697265625 -26.5 0
      vertex -1.9891066373546675 -22.70648902764092 0
      vertex -0.37476262917144937 -22.401358214652195 0
    endloop
  endfacet
  facet normal 0 0 -1
    outer loop
      vertex -21.88189697265625 -26.5 0
      vertex -1.9845940090119787 -22.272543187021817 0
      vertex -1.996501011711325 -22.40290884448842 0
    endloop
  endfacet
  facet normal 0 0 -1
    outer loop
      vertex -21.88189697265625 -26.5 0
      vertex -1.9645926242615657 -22.126391009483914 0
      vertex -1.9845940090119787 -22.272543187021817 0
    endloop
  endfacet
  facet normal 0 0 -1
    outer loop
      vertex -21.88189697265625 -26.5 0
      vertex -1.9209535882683597 -21.965329963255645 0
      vertex -1.9645926242615657 -22.126391009483914 0
    endloop
  endfacet
  facet normal 0 0 -1
    outer loop
      vertex -21.88189697265625 -26.5 0
      vertex -1.8600492867412493 -21.795344687876764 0
      vertex -1.9209535882683597 -21.965329963255645 0
    endloop
  endfacet
  facet normal 0 0 -1
    outer loop
      vertex -21.88189697265625 -26.5 0
      vertex -1.7824761641653486 -21.621499442405067 0
      vertex -1.8600492867412493 -21.795344687876764 0
    endloop
  endfacet
  facet normal 0 0 -1
    outer loop
      vertex -21.88189697265625 -26.5 0
      vertex -1.6889797726436795 -21.448966206014234 0
      vertex -1.7824761641653486 -21.621499442405067 0
    endloop
  endfacet
  facet normal 0 0 -1
    outer loop
      vertex -21.88189697265625 -26.5 0
      vertex -0.37476262917144937 -22.401358214652195 0
      vertex 1.9691853103885444 -22.848343885213453 0
    endloop
  endfacet
  facet normal 0 0 -1
    outer loop
      vertex -21.88189697265625 -26.5 0
      vertex 1.9691853103885444 -22.848343885213453 0
      vertex 21.11810302734375 -26.5 0
    endloop
  endfacet
  facet normal 0 -1 0
    outer loop
      vertex -21.88189697265625 -26.5 0
      vertex 21.11810302734375 -26.5 0
      vertex 39.61810302734375 -26.5 1.1999998092651367
    endloop
  endfacet
  facet normal 0 0 1
    outer loop
      vertex -21.88189697265625 -25.700000762939453 2
      vertex 21.11810302734375 -25.700000762939453 2
      vertex -21.88189697265625 -24.049999237060547 2
    endloop
  endfacet
  facet normal 0 -0.7071072026550577 0.707106359717786
    outer loop
      vertex -21.88189697265625 -25.700000762939453 2
      vertex 39.61810302734375 -26.5 1.1999998092651367
      vertex 21.11810302734375 -25.700000762939453 2
    endloop
  endfacet
  facet normal 0 0 1
    outer loop
      vertex -21.88189697265625 -24.049999237060547 2
      vertex -1.2748479794973793 -21.65704940848628 2
      vertex -21.88189697265625 -20.5 2
    endloop
  endfacet
  facet normal 0 0 1
    outer loop
      vertex -21.88189697265625 -24.049999237060547 2
      vertex -1.2614555336090199 -21.81149297590149 2
      vertex -1.2748479794973793 -21.65704940848628 2
    endloop
  endfacet
  facet normal 0 0 1
    outer loop
      vertex -21.88189697265625 -24.049999237060547 2
      vertex -1.225814107305953 -21.95653755352627 2
      vertex -1.2614555336090199 -21.81149297590149 2
    endloop
  endfacet
  facet normal 0 0 1
    outer loop
      vertex -21.88189697265625 -24.049999237060547 2
      vertex -1.1566467338238504 -22.086591588414695 2
      vertex -1.225814107305953 -21.95653755352627 2
    endloop
  endfacet
  facet normal 0 0 1
    outer loop
      vertex -21.88189697265625 -24.049999237060547 2
      vertex -1.049879773048976 -22.197394376101045 2
      vertex -1.1566467338238504 -22.086591588414695 2
    endloop
  endfacet
  facet normal 0 0 1
    outer loop
      vertex -21.88189697265625 -24.049999237060547 2
      vertex -0.9392983523484714 -22.288452422864435 2
      vertex -1.049879773048976 -22.197394376101045 2
    endloop
  endfacet
  facet normal 0 0 1
    outer loop
      vertex -21.88189697265625 -24.049999237060547 2
      vertex -0.8253825259739226 -22.356628390126172 2
      vertex -0.9392983523484714 -22.288452422864435 2
    endloop
  endfacet
  facet normal 0 0 1
    outer loop
      vertex -21.88189697265625 -24.049999237060547 2
      vertex -0.6774758404905828 -22.397187478584026 2
      vertex -0.8253825259739226 -22.356628390126172 2
    endloop
  endfacet
  facet normal 0 0 1
    outer loop
      vertex -21.88189697265625 -24.049999237060547 2
      vertex -0.5292045828412791 -22.411302724278332 2
      vertex -0.6774758404905828 -22.397187478584026 2
    endloop
  endfacet
  facet normal 0 0 1
    outer loop
      vertex -21.88189697265625 -24.049999237060547 2
      vertex -0.37476262917144937 -22.40054523107169 2
      vertex -0.5292045828412791 -22.411302724278332 2
    endloop
  endfacet
  facet normal 0 0 1
    outer loop
      vertex -21.88189697265625 -24.049999237060547 2
      vertex -0.25066646712860835 -22.410068898826406 2
      vertex -0.37476262917144937 -22.40054523107169 2
    endloop
  endfacet
  facet normal 0 0 1
    outer loop
      vertex -21.88189697265625 -24.049999237060547 2
      vertex 21.11810302734375 -25.700000762939453 2
      vertex 21.11810302734375 -24.049999237060547 2
    endloop
  endfacet
  facet normal 0 0 1
    outer loop
      vertex -21.88189697265625 -24.049999237060547 2
      vertex 21.11810302734375 -24.049999237060547 2
      vertex -0.25066646712860835 -22.410068898826406 2
    endloop
  endfacet
  facet normal 0 0 1
    outer loop
      vertex -21.88189697265625 -20.5 2
      vertex -1.3147906964486116 -21.498403291245154 2
      vertex -1.2748479794973793 -21.343448469694362 2
    endloop
  endfacet
  facet normal 0 0 1
    outer loop
      vertex -21.88189697265625 -20.5 2
      vertex -1.2748479794973793 -21.65704940848628 2
      vertex -1.2748479794973793 -21.655909106530533 2
    endloop
  endfacet
  facet normal 0 0 1
    outer loop
      vertex -21.88189697265625 -20.5 2
      vertex -1.2748479794973793 -21.655909106530533 2
      vertex -1.3147906964486116 -21.498403291245154 2
    endloop
  endfacet
  facet normal 0 0 1
    outer loop
      vertex -21.88189697265625 -20.5 2
      vertex -1.2748479794973793 -21.343448469694362 2
      vertex -1.2712074187745417 -21.19071974606981 2
    endloop
  endfacet
  facet normal 0 0 1
    outer loop
      vertex -21.88189697265625 -20.5 2
      vertex -1.2712074187745417 -21.19071974606981 2
      vertex -1.2258141073059527 -21.048287221609165 2
    endloop
  endfacet
  facet normal 0 0 1
    outer loop
      vertex -21.88189697265625 -20.5 2
      vertex -1.2258141073059527 -21.048287221609165 2
      vertex -1.1241667557042612 -20.92041983087488 2
    endloop
  endfacet
  facet normal 0 0 1
    outer loop
      vertex -21.88189697265625 -20.5 2
      vertex -1.1241667557042612 -20.92041983087488 2
      vertex -1.0699452346296876 -20.920092481944142 2
    endloop
  endfacet
  facet normal 0 0 1
    outer loop
      vertex -21.88189697265625 -20.5 2
      vertex -1.0699452346296876 -20.920092481944142 2
      vertex -1.0180828315007424 -20.809702240090353 2
    endloop
  endfacet
  facet normal 0 0 1
    outer loop
      vertex -21.88189697265625 -20.5 2
      vertex -1.0180828315007424 -20.809702240090353 2
      vertex -0.9079809994790936 -20.71978002390611 2
    endloop
  endfacet
  facet normal 0 0 1
    outer loop
      vertex -21.88189697265625 -20.5 2
      vertex -0.9079809994790936 -20.71978002390611 2
      vertex -0.7942957812695615 -20.70304160290001 2
    endloop
  endfacet
  facet normal 0 0 1
    outer loop
      vertex -21.88189697265625 -20.5 2
      vertex -0.7942957812695615 -20.70304160290001 2
      vertex -0.7936945800087071 -20.702761261681037 2
    endloop
  endfacet
  facet normal 0 0 1
    outer loop
      vertex -21.88189697265625 -20.5 2
      vertex -0.7936945800087071 -20.702761261681037 2
      vertex -0.7362491053693557 -20.653939073481393 2
    endloop
  endfacet
  facet normal 0 0 1
    outer loop
      vertex -21.88189697265625 -20.5 2
      vertex -0.7362491053693557 -20.653939073481393 2
      vertex -0.6774758404905826 -20.650996808832048 2
    endloop
  endfacet
  facet normal 0 0 1
    outer loop
      vertex -21.88189697265625 -20.5 2
      vertex -0.6774758404905826 -20.650996808832048 2
      vertex -0.6769633884044066 -20.650859491899627 2
    endloop
  endfacet
  facet normal 0 0 1
    outer loop
      vertex -21.88189697265625 -20.5 2
      vertex -0.6769633884044066 -20.650859491899627 2
      vertex -0.6180339887498948 -20.613245056984297 2
    endloop
  endfacet
  facet normal 0 0 1
    outer loop
      vertex -21.88189697265625 -20.5 2
      vertex -0.6180339887498948 -20.613245056984297 2
      vertex -0.4973797743297097 -20.599461353006927 2
    endloop
  endfacet
  facet normal 0 0 1
    outer loop
      vertex -21.88189697265625 -20.5 2
      vertex -0.4973797743297097 -20.599461353006927 2
      vertex -0.37476262917144915 -20.599965291634472 2
    endloop
  endfacet
  facet normal 0 0 1
    outer loop
      vertex -21.88189697265625 -20.5 2
      vertex -0.37476262917144915 -20.599965291634472 2
      vertex 21.11810302734375 -20.5 2
    endloop
  endfacet
  facet normal 0 -0.07845749483883567 0.996917459724532
    outer loop
      vertex -21.88189697265625 -20.5 2
      vertex 21.11810302734375 -20.5 2
      vertex 39.61810302734375 -20.265350341796875 2.0184669494628906
    endloop
  endfacet
  facet normal 0 0 -1
    outer loop
      vertex -21.88189697265625 -16.5 0
      vertex -1.5803100247513804 -21.421783676439578 0
      vertex -1.6889797726436795 -21.448966206014234 0
    endloop
  endfacet
  facet normal 0 0 -1
    outer loop
      vertex -21.88189697265625 -16.5 0
      vertex -1.5418789594195312 -21.27941772886298 0
      vertex -1.5803100247513804 -21.421783676439578 0
    endloop
  endfacet
  facet normal 0 0 -1
    outer loop
      vertex -21.88189697265625 -16.5 0
      vertex -1.4580773679636558 -21.13982493280898 0
      vertex -1.5418789594195312 -21.27941772886298 0
    endloop
  endfacet
  facet normal 0 0 -1
    outer loop
      vertex -21.88189697265625 -16.5 0
      vertex -1.3228554291803734 -21.0145270342865 0
      vertex -1.4580773679636558 -21.13982493280898 0
    endloop
  endfacet
  facet normal 0 0 -1
    outer loop
      vertex -21.88189697265625 -16.5 0
      vertex -1.1758426078394055 -20.89928721768879 0
      vertex -1.3228554291803734 -21.0145270342865 0
    endloop
  endfacet
  facet normal 0 0 -1
    outer loop
      vertex -21.88189697265625 -16.5 0
      vertex -1.0183985079146936 -20.79861087776622 0
      vertex -1.1758426078394055 -20.89928721768879 0
    endloop
  endfacet
  facet normal 0 0 -1
    outer loop
      vertex -21.88189697265625 -16.5 0
      vertex -0.9088682837285613 -20.774468575429523 0
      vertex -1.0183985079146936 -20.79861087776622 0
    endloop
  endfacet
  facet normal 0 0 -1
    outer loop
      vertex -21.88189697265625 -16.5 0
      vertex -0.9079809994790936 -20.773847307889852 0
      vertex -0.9088682837285613 -20.774468575429523 0
    endloop
  endfacet
  facet normal 0 0 -1
    outer loop
      vertex -21.88189697265625 -16.5 0
      vertex -0.8519702836464823 -20.71655340827304 0
      vertex -0.9079809994790936 -20.773847307889852 0
    endloop
  endfacet
  facet normal 0 0 -1
    outer loop
      vertex -21.88189697265625 -16.5 0
      vertex -0.7949058554302317 -20.70332608156798 0
      vertex -0.8519702836464823 -20.71655340827304 0
    endloop
  endfacet
  facet normal 0 0 -1
    outer loop
      vertex -21.88189697265625 -16.5 0
      vertex -0.7942957812695615 -20.70304160290001 0
      vertex -0.7949058554302317 -20.70332608156798 0
    endloop
  endfacet
  facet normal 0 0 -1
    outer loop
      vertex -21.88189697265625 -16.5 0
      vertex -0.7363228650037654 -20.645142326179382 0
      vertex -0.7942957812695615 -20.70304160290001 0
    endloop
  endfacet
  facet normal 0 0 -1
    outer loop
      vertex -21.88189697265625 -16.5 0
      vertex -0.6779926251078799 -20.651135286711803 0
      vertex -0.7363228650037654 -20.645142326179382 0
    endloop
  endfacet
  facet normal 0 0 -1
    outer loop
      vertex -21.88189697265625 -16.5 0
      vertex -0.6774758404905826 -20.650996808832048 0
      vertex -0.6779926251078799 -20.651135286711803 0
    endloop
  endfacet
  facet normal 0 0 -1
    outer loop
      vertex -21.88189697265625 -16.5 0
      vertex -0.6180401326095499 -20.5982780654935 0
      vertex -0.6774758404905826 -20.650996808832048 0
    endloop
  endfacet
  facet normal 0 0 -1
    outer loop
      vertex -21.88189697265625 -16.5 0
      vertex -0.49761694128820344 -20.57793095343196 0
      vertex -0.6180401326095499 -20.5982780654935 0
    endloop
  endfacet
  facet normal 0 0 -1
    outer loop
      vertex -21.88189697265625 -16.5 0
      vertex -0.37575863380366736 -20.59882790761276 0
      vertex -0.49761694128820344 -20.57793095343196 0
    endloop
  endfacet
  facet normal 0 0 -1
    outer loop
      vertex -21.88189697265625 -16.5 0
      vertex 0.12254176982111845 -20.503803214844595 0
      vertex -0.37575863380366736 -20.59882790761276 0
    endloop
  endfacet
  facet normal 0 0 -1
    outer loop
      vertex -21.88189697265625 -16.5 0
      vertex 21.11810302734375 -16.5 0
      vertex 0.12254176982111845 -20.503803214844595 0
    endloop
  endfacet
  facet normal 0 0 -1
    outer loop
      vertex -21.88189697265625 16.5 0
      vertex -21.88189697265625 24.45000457763672 0
      vertex -1.7703253248507582 21.569944732048484 0
    endloop
  endfacet
  facet normal 0 0 -1
    outer loop
      vertex -21.88189697265625 16.5 0
      vertex -1.7703253248507582 21.569944732048484 0
      vertex -1.6866197533772114 21.557957749654733 0
    endloop
  endfacet
  facet normal 0 0 -1
    outer loop
      vertex -21.88189697265625 16.5 0
      vertex -1.6866197533772114 21.557957749654733 0
      vertex -1.6733171479999025 21.404995466393732 0
    endloop
  endfacet
  facet normal 0 0 -1
    outer loop
      vertex -21.88189697265625 16.5 0
      vertex -1.6733171479999025 21.404995466393732 0
      vertex -1.5777489433815624 21.27098914059081 0
    endloop
  endfacet
  facet normal 0 0 -1
    outer loop
      vertex -21.88189697265625 16.5 0
      vertex -1.5777489433815624 21.27098914059081 0
      vertex -1.4646896280336337 21.138326549386388 0
    endloop
  endfacet
  facet normal 0 0 -1
    outer loop
      vertex -21.88189697265625 16.5 0
      vertex -1.4646896280336337 21.138326549386388 0
      vertex -1.3357300550791942 21.011703698374443 0
    endloop
  endfacet
  facet normal 0 0 -1
    outer loop
      vertex -21.88189697265625 16.5 0
      vertex -1.3357300550791942 21.011703698374443 0
      vertex -1.1936158493530815 20.895514839349755 0
    endloop
  endfacet
  facet normal 0 0 -1
    outer loop
      vertex -21.88189697265625 16.5 0
      vertex -1.1936158493530815 20.895514839349755 0
      vertex -1.069945175630468 20.920096237642188 0
    endloop
  endfacet
  facet normal 0 0 -1
    outer loop
      vertex -21.88189697265625 16.5 0
      vertex -1.069945175630468 20.920096237642188 0
      vertex -1.0427077589660567 20.793606120950745 0
    endloop
  endfacet
  facet normal 0 0 -1
    outer loop
      vertex -21.88189697265625 16.5 0
      vertex -1.0427077589660567 20.793606120950745 0
      vertex -0.9079809994790936 20.773851122587118 0
    endloop
  endfacet
  facet normal 0 0 -1
    outer loop
      vertex -21.88189697265625 16.5 0
      vertex -0.9079809994790936 20.773851122587118 0
      vertex -0.9071129628904466 20.773243332066667 0
    endloop
  endfacet
  facet normal 0 0 -1
    outer loop
      vertex -21.88189697265625 16.5 0
      vertex -0.9071129628904466 20.773243332066667 0
      vertex -0.8896436943324308 20.70900359852658 0
    endloop
  endfacet
  facet normal 0 0 -1
    outer loop
      vertex -21.88189697265625 16.5 0
      vertex -0.8896436943324308 20.70900359852658 0
      vertex -0.7942957812695615 20.703045417597277 0
    endloop
  endfacet
  facet normal 0 0 -1
    outer loop
      vertex -21.88189697265625 16.5 0
      vertex -0.7942957812695615 20.703045417597277 0
      vertex -0.7936945205184351 20.702765048637882 0
    endloop
  endfacet
  facet normal 0 0 -1
    outer loop
      vertex -21.88189697265625 16.5 0
      vertex -0.7936945205184351 20.702765048637882 0
      vertex -0.7439731866492952 20.64364644744652 0
    endloop
  endfacet
  facet normal 0 0 -1
    outer loop
      vertex -21.88189697265625 16.5 0
      vertex -0.7439731866492952 20.64364644744652 0
      vertex -0.6774758404905832 20.651000315310178 0
    endloop
  endfacet
  facet normal 0 0 -1
    outer loop
      vertex -21.88189697265625 16.5 0
      vertex -0.6774758404905832 20.651000315310178 0
      vertex -0.6769633337529658 20.650862970832286 0
    endloop
  endfacet
  facet normal 0 0 -1
    outer loop
      vertex -21.88189697265625 16.5 0
      vertex -0.6769633337529658 20.650862970832286 0
      vertex -0.6187670744542186 20.5981379587462 0
    endloop
  endfacet
  facet normal 0 0 -1
    outer loop
      vertex -21.88189697265625 16.5 0
      vertex -0.6187670744542186 20.5981379587462 0
      vertex -0.5299957353792707 20.571756394996275 0
    endloop
  endfacet
  facet normal 0 0 -1
    outer loop
      vertex -21.88189697265625 16.5 0
      vertex -0.5299957353792707 20.571756394996275 0
      vertex -0.37476262917144965 20.59863797191637 0
    endloop
  endfacet
  facet normal 0 0 -1
    outer loop
      vertex -21.88189697265625 16.5 0
      vertex -0.37476262917144965 20.59863797191637 0
      vertex 0.1225417698211194 20.503803214844595 0
    endloop
  endfacet
  facet normal 0 0 -1
    outer loop
      vertex -21.88189697265625 16.5 0
      vertex 0.1225417698211194 20.503803214844595 0
      vertex 21.11810302734375 16.5 0
    endloop
  endfacet
  facet normal 0 -1 0
    outer loop
      vertex -21.88189697265625 16.5 0
      vertex 21.11810302734375 16.5 0
      vertex 39.61810302734375 16.5 12.199999809265137
    endloop
  endfacet
  facet normal 0 0 1
    outer loop
      vertex -21.88189697265625 20.5 2
      vertex -1.2833517572824247 21.500296295817627 2
      vertex -21.88189697265625 25.70000457763672 2
    endloop
  endfacet
  facet normal 0 0 1
    outer loop
      vertex -21.88189697265625 20.5 2
      vertex -1.2833459988533584 21.499929732989056 2
      vertex -1.2833517572824247 21.500296295817627 2
    endloop
  endfacet
  facet normal 0 0 1
    outer loop
      vertex -21.88189697265625 20.5 2
      vertex -1.2748479794973793 21.343448469694362 2
      vertex -1.2833459988533584 21.499929732989056 2
    endloop
  endfacet
  facet normal 0 0 1
    outer loop
      vertex -21.88189697265625 20.5 2
      vertex -1.2300934879135095 21.192101398921235 2
      vertex -1.2748479794973793 21.343448469694362 2
    endloop
  endfacet
  facet normal 0 0 1
    outer loop
      vertex -21.88189697265625 20.5 2
      vertex -1.2258141073059534 21.048291024432196 2
      vertex -1.2300934879135095 21.192101398921235 2
    endloop
  endfacet
  facet normal 0 0 1
    outer loop
      vertex -21.88189697265625 20.5 2
      vertex -1.125338054451024 20.920399912597976 2
      vertex -1.2258141073059534 21.048291024432196 2
    endloop
  endfacet
  facet normal 0 0 1
    outer loop
      vertex -21.88189697265625 20.5 2
      vertex -1.0185726904875414 20.809698772721074 2
      vertex -1.125338054451024 20.920399912597976 2
    endloop
  endfacet
  facet normal 0 0 1
    outer loop
      vertex -21.88189697265625 20.5 2
      vertex -0.9080092223729284 20.71978352907097 2
      vertex -1.0185726904875414 20.809698772721074 2
    endloop
  endfacet
  facet normal 0 0 1
    outer loop
      vertex -21.88189697265625 20.5 2
      vertex -0.7949059157984979 20.703329924415073 2
      vertex -0.9080092223729284 20.71978352907097 2
    endloop
  endfacet
  facet normal 0 0 1
    outer loop
      vertex -21.88189697265625 20.5 2
      vertex -0.7942957812695615 20.703045417597277 2
      vertex -0.7949059157984979 20.703329924415073 2
    endloop
  endfacet
  facet normal 0 0 1
    outer loop
      vertex -21.88189697265625 20.5 2
      vertex -0.7364610909038461 20.65394133652283 2
      vertex -0.7942957812695615 20.703045417597277 2
    endloop
  endfacet
  facet normal 0 0 1
    outer loop
      vertex -21.88189697265625 20.5 2
      vertex -0.6779926806301388 20.65113882107783 2
      vertex -0.7364610909038461 20.65394133652283 2
    endloop
  endfacet
  facet normal 0 0 1
    outer loop
      vertex -21.88189697265625 20.5 2
      vertex -0.6774758404905832 20.651000315310178 2
      vertex -0.6779926806301388 20.65113882107783 2
    endloop
  endfacet
  facet normal 0 0 1
    outer loop
      vertex -21.88189697265625 20.5 2
      vertex -0.6182752327171466 20.613243772190145 2
      vertex -0.6774758404905832 20.651000315310178 2
    endloop
  endfacet
  facet normal 0 0 1
    outer loop
      vertex -21.88189697265625 20.5 2
      vertex -0.49795512579418366 20.599458676994438 2
      vertex -0.6182752327171466 20.613243772190145 2
    endloop
  endfacet
  facet normal 0 0 1
    outer loop
      vertex -21.88189697265625 20.5 2
      vertex -0.3757765753438347 20.59997000759122 2
      vertex -0.49795512579418366 20.599458676994438 2
    endloop
  endfacet
  facet normal 0 0 1
    outer loop
      vertex -21.88189697265625 20.5 2
      vertex -0.25066646712860813 20.599388108990354 2
      vertex -0.3757765753438347 20.59997000759122 2
    endloop
  endfacet
  facet normal 0 0 1
    outer loop
      vertex -21.88189697265625 20.5 2
      vertex 21.11810302734375 20.5 2
      vertex -0.25066646712860813 20.599388108990354 2
    endloop
  endfacet
  facet normal 0 0.07845749483883567 0.996917459724532
    outer loop
      vertex -21.88189697265625 20.5 2
      vertex 39.61810302734375 20.265350341796875 2.0184669494628906
      vertex 21.11810302734375 20.5 2
    endloop
  endfacet
  facet normal 0 0 -1
    outer loop
      vertex -21.88189697265625 24.45000457763672 0
      vertex -21.88189697265625 26.5 0
      vertex 21.11810302734375 26.5 0
    endloop
  endfacet
  facet normal 0 0 -1
    outer loop
      vertex -21.88189697265625 24.45000457763672 0
      vertex -1.999619606761171 22.475785406055753 0
      vertex -1.9972401953405359 22.399583689721194 0
    endloop
  endfacet
  facet normal 0 0 -1
    outer loop
      vertex -21.88189697265625 24.45000457763672 0
      vertex -1.9995659858202952 22.52762792829849 0
      vertex -1.999619606761171 22.475785406055753 0
    endloop
  endfacet
  facet normal 0 0 -1
    outer loop
      vertex -21.88189697265625 24.45000457763672 0
      vertex -1.9991484828563708 22.55420480640775 0
      vertex -1.9995659858202952 22.52762792829849 0
    endloop
  endfacet
  facet normal 0 0 -1
    outer loop
      vertex -21.88189697265625 24.45000457763672 0
      vertex -1.9972401953405359 22.399583689721194 0
      vertex -1.9898974291674871 22.300673874992004 0
    endloop
  endfacet
  facet normal 0 0 -1
    outer loop
      vertex -21.88189697265625 24.45000457763672 0
      vertex -1.9898974291674871 22.300673874992004 0
      vertex -1.9743800760373569 22.18142077986952 0
    endloop
  endfacet
  facet normal 0 0 -1
    outer loop
      vertex -21.88189697265625 24.45000457763672 0
      vertex -1.9743800760373569 22.18142077986952 0
      vertex -1.9473014522291674 22.044836080212104 0
    endloop
  endfacet
  facet normal 0 0 -1
    outer loop
      vertex -21.88189697265625 24.45000457763672 0
      vertex -1.9473014522291674 22.044836080212104 0
      vertex -1.9060013331770276 21.894605129837966 0
    endloop
  endfacet
  facet normal 0 0 -1
    outer loop
      vertex -21.88189697265625 24.45000457763672 0
      vertex -1.9060013331770276 21.894605129837966 0
      vertex -1.8475595429819311 21.734796196175434 0
    endloop
  endfacet
  facet normal 0 0 -1
    outer loop
      vertex -21.88189697265625 24.45000457763672 0
      vertex -1.8475595429819311 21.734796196175434 0
      vertex -1.7703253248507582 21.569944732048484 0
    endloop
  endfacet
  facet normal 0 0 -1
    outer loop
      vertex -21.88189697265625 24.45000457763672 0
      vertex -0.43631521417655456 24.45000457763672 0
      vertex -1.9991484828563708 22.55420480640775 0
    endloop
  endfacet
  facet normal 0 0 -1
    outer loop
      vertex -21.88189697265625 24.45000457763672 0
      vertex 21.11810302734375 26.5 0
      vertex -0.43631521417655456 24.45000457763672 0
    endloop
  endfacet
  facet normal 0 0 1
    outer loop
      vertex -21.88189697265625 25.70000457763672 2
      vertex -1.2833517572824247 21.500296295817627 2
      vertex -1.2748479794973793 21.657579409816197 2
    endloop
  endfacet
  facet normal 0 0 1
    outer loop
      vertex -21.88189697265625 25.70000457763672 2
      vertex -1.2748479794973793 21.657579409816197 2
      vertex -1.2398020952386422 21.810119702469162 2
    endloop
  endfacet
  facet normal 0 0 1
    outer loop
      vertex -21.88189697265625 25.70000457763672 2
      vertex -1.2398020952386422 21.810119702469162 2
      vertex -1.2258141073059532 21.96167742645192 2
    endloop
  endfacet
  facet normal 0 0 1
    outer loop
      vertex -21.88189697265625 25.70000457763672 2
      vertex -1.2258141073059532 21.96167742645192 2
      vertex -1.1437290529537751 22.09111094401435 2
    endloop
  endfacet
  facet normal 0 0 1
    outer loop
      vertex -21.88189697265625 25.70000457763672 2
      vertex -1.1437290529537751 22.09111094401435 2
      vertex -1.0404583663763476 22.202869577949308 2
    endloop
  endfacet
  facet normal 0 0 1
    outer loop
      vertex -21.88189697265625 25.70000457763672 2
      vertex -1.0404583663763476 22.202869577949308 2
      vertex -0.9327674161726983 22.295809463443142 2
    endloop
  endfacet
  facet normal 0 0 1
    outer loop
      vertex -21.88189697265625 25.70000457763672 2
      vertex -0.9327674161726983 22.295809463443142 2
      vertex -0.8210331188804803 22.36650252831461 2
    endloop
  endfacet
  facet normal 0 0 1
    outer loop
      vertex -21.88189697265625 25.70000457763672 2
      vertex -0.8210331188804803 22.36650252831461 2
      vertex -0.677475840490583 22.407956127508854 2
    endloop
  endfacet
  facet normal 0 0 1
    outer loop
      vertex -21.88189697265625 25.70000457763672 2
      vertex -0.677475840490583 22.407956127508854 2
      vertex -0.526589193601805 22.4222101198643 2
    endloop
  endfacet
  facet normal 0 0 1
    outer loop
      vertex -21.88189697265625 25.70000457763672 2
      vertex -0.526589193601805 22.4222101198643 2
      vertex -0.3747626291714494 22.401096565659007 2
    endloop
  endfacet
  facet normal 0 0 1
    outer loop
      vertex -21.88189697265625 25.70000457763672 2
      vertex -0.3747626291714494 22.401096565659007 2
      vertex 21.11810302734375 25.70000457763672 2
    endloop
  endfacet
  facet normal 0 0.7071088885316108 0.7071046738352038
    outer loop
      vertex -21.88189697265625 25.70000457763672 2
      vertex 21.11810302734375 25.70000457763672 2
      vertex 39.61810302734375 26.5 1.1999998092651367
    endloop
  endfacet
  facet normal 0 1 0
    outer loop
      vertex -21.88189697265625 26.5 0
      vertex 39.61810302734375 26.5 1.1999998092651367
      vertex 21.11810302734375 26.5 0
    endloop
  endfacet
  facet normal 0 0 -1
    outer loop
      vertex -1.999619606761171 22.475785406055753 0
      vertex -1.9995659858202952 22.52762792829849 0
      vertex -1.9984085238181752 22.47566515106079 0
    endloop
  endfacet
  facet normal 0 0 -1
    outer loop
      vertex -1.999619606761171 22.475785406055753 0
      vertex -1.9984085238181752 22.47566515106079 0
      vertex -1.9972401953405359 22.399583689721194 0
    endloop
  endfacet
  facet normal 0 0 -1
    outer loop
      vertex -1.9995659858202952 22.52762792829849 0
      vertex -1.9991484828563708 22.55420480640775 0
      vertex -1.9984085238181752 22.47566515106079 0
    endloop
  endfacet
  facet normal 0 0 -1
    outer loop
      vertex -1.9991484828563708 22.55420480640775 0
      vertex -1.9897567737989312 22.39881203125035 0
      vertex -1.9984085238181752 22.47566515106079 0
    endloop
  endfacet
  facet normal 0 0 -1
    outer loop
      vertex -1.9991484828563708 22.55420480640775 0
      vertex -1.9736206362619204 22.298915167394206 0
      vertex -1.9897567737989312 22.39881203125035 0
    endloop
  endfacet
  facet normal 0 0 -1
    outer loop
      vertex -1.9991484828563708 22.55420480640775 0
      vertex -1.9500280246520014 22.178645714073916 0
      vertex -1.9736206362619204 22.298915167394206 0
    endloop
  endfacet
  facet normal 0 0 -1
    outer loop
      vertex -1.9991484828563708 22.55420480640775 0
      vertex -1.9190257653967764 22.04142453413169 0
      vertex -1.9500280246520014 22.178645714073916 0
    endloop
  endfacet
  facet normal 0 0 -1
    outer loop
      vertex -1.9991484828563708 22.55420480640775 0
      vertex -1.8575946269690518 21.88841274314622 0
      vertex -1.9190257653967764 22.04142453413169 0
    endloop
  endfacet
  facet normal 0 0 -1
    outer loop
      vertex -1.9991484828563708 22.55420480640775 0
      vertex -1.7799141447009175 21.725628368538278 0
      vertex -1.8575946269690518 21.88841274314622 0
    endloop
  endfacet
  facet normal 0 0 -1
    outer loop
      vertex -1.9991484828563708 22.55420480640775 0
      vertex -1.6866197533772114 21.557957749654733 0
      vertex -1.7799141447009175 21.725628368538278 0
    endloop
  endfacet
  facet normal 0 0 -1
    outer loop
      vertex -1.9991484828563708 22.55420480640775 0
      vertex -1.57789125184717 21.428157093389142 0
      vertex -1.6866197533772114 21.557957749654733 0
    endloop
  endfacet
  facet normal 0 0 -1
    outer loop
      vertex -1.9991484828563708 22.55420480640775 0
      vertex -1.4984588673662915 21.289620411948764 0
      vertex -1.57789125184717 21.428157093389142 0
    endloop
  endfacet
  facet normal 0 0 -1
    outer loop
      vertex -1.9991484828563708 22.55420480640775 0
      vertex -1.3672341814863014 21.160466217043822 0
      vertex -1.4984588673662915 21.289620411948764 0
    endloop
  endfacet
  facet normal 0 0 -1
    outer loop
      vertex -1.9991484828563708 22.55420480640775 0
      vertex -1.2239831611533372 21.03624204056886 0
      vertex -1.3672341814863014 21.160466217043822 0
    endloop
  endfacet
  facet normal 0 0 -1
    outer loop
      vertex -1.9991484828563708 22.55420480640775 0
      vertex -1.0716535899579933 20.921427428115184 0
      vertex -1.2239831611533372 21.03624204056886 0
    endloop
  endfacet
  facet normal 0 0 -1
    outer loop
      vertex -1.9991484828563708 22.55420480640775 0
      vertex -1.069945175630468 20.920096237642188 0
      vertex -1.0716535899579933 20.921427428115184 0
    endloop
  endfacet
  facet normal 0 0 -1
    outer loop
      vertex -1.9991484828563708 22.55420480640775 0
      vertex -0.9625217397529772 20.81012726193073 0
      vertex -1.069945175630468 20.920096237642188 0
    endloop
  endfacet
  facet normal 0 0 -1
    outer loop
      vertex -1.9991484828563708 22.55420480640775 0
      vertex -0.9079809994790936 20.773851122587118 0
      vertex -0.9625217397529772 20.81012726193073 0
    endloop
  endfacet
  facet normal 0 0 -1
    outer loop
      vertex -1.9991484828563708 22.55420480640775 0
      vertex -0.9071129628904466 20.773243332066667 0
      vertex -0.9079809994790936 20.773851122587118 0
    endloop
  endfacet
  facet normal 0 0 -1
    outer loop
      vertex -1.9991484828563708 22.55420480640775 0
      vertex -0.8511442208550887 20.716722847158874 0
      vertex -0.9071129628904466 20.773243332066667 0
    endloop
  endfacet
  facet normal 0 0 -1
    outer loop
      vertex -1.9991484828563708 22.55420480640775 0
      vertex -0.7942957812695615 20.703045417597277 0
      vertex -0.8511442208550887 20.716722847158874 0
    endloop
  endfacet
  facet normal 0 0 -1
    outer loop
      vertex -1.9991484828563708 22.55420480640775 0
      vertex -0.7936945205184351 20.702765048637882 0
      vertex -0.7942957812695615 20.703045417597277 0
    endloop
  endfacet
  facet normal 0 0 -1
    outer loop
      vertex -1.9991484828563708 22.55420480640775 0
      vertex -0.7361748300715556 20.645175151630358 0
      vertex -0.7936945205184351 20.702765048637882 0
    endloop
  endfacet
  facet normal 0 0 -1
    outer loop
      vertex -1.9991484828563708 22.55420480640775 0
      vertex -0.6774758404905832 20.651000315310178 0
      vertex -0.7361748300715556 20.645175151630358 0
    endloop
  endfacet
  facet normal 0 0 -1
    outer loop
      vertex -1.9991484828563708 22.55420480640775 0
      vertex -0.6769633337529658 20.650862970832286 0
      vertex -0.6774758404905832 20.651000315310178 0
    endloop
  endfacet
  facet normal 0 0 -1
    outer loop
      vertex -1.9991484828563708 22.55420480640775 0
      vertex -0.5575025596014781 20.609945742221363 0
      vertex -0.6769633337529658 20.650862970832286 0
    endloop
  endfacet
  facet normal 0 0 -1
    outer loop
      vertex -1.9991484828563708 22.55420480640775 0
      vertex -0.4973797743297097 22.41101269312803 0
      vertex -0.5575025596014781 20.609945742221363 0
    endloop
  endfacet
  facet normal 0 0 -1
    outer loop
      vertex -1.9991484828563708 22.55420480640775 0
      vertex -0.43631521417655456 24.45000457763672 0
      vertex -0.4973797743297097 22.41101269312803 0
    endloop
  endfacet
  facet normal 0 0 -1
    outer loop
      vertex -1.9990131207314632 -22.513427974011197 0
      vertex -1.9982347332104466 -22.5132719052065 0
      vertex -1.9971647808619046 -22.602015470436186 0
    endloop
  endfacet
  facet normal 0 0 -1
    outer loop
      vertex -1.9990131207314632 -22.513427974011197 0
      vertex -1.996501011711325 -22.40290884448842 0
      vertex -1.9982347332104466 -22.5132719052065 0
    endloop
  endfacet
  facet normal 0 0 -1
    outer loop
      vertex -1.9984085238181752 22.47566515106079 0
      vertex -1.9897567737989312 22.39881203125035 0
      vertex -1.9972401953405359 22.399583689721194 0
    endloop
  endfacet
  facet normal 0 0 -1
    outer loop
      vertex -1.9982347332104466 -22.5132719052065 0
      vertex -1.996501011711325 -22.40290884448842 0
      vertex -1.9956786829283533 -22.60172415211726 0
    endloop
  endfacet
  facet normal 0 0 -1
    outer loop
      vertex -1.9982347332104466 -22.5132719052065 0
      vertex -1.9956786829283533 -22.60172415211726 0
      vertex -1.9971647808619046 -22.602015470436186 0
    endloop
  endfacet
  facet normal 0 0 -1
    outer loop
      vertex -1.9972401953405359 22.399583689721194 0
      vertex -1.9897567737989312 22.39881203125035 0
      vertex -1.9898974291674871 22.300673874992004 0
    endloop
  endfacet
  facet normal 0 0 -1
    outer loop
      vertex -1.9971647808619046 -22.602015470436186 0
      vertex -1.9956786829283533 -22.60172415211726 0
      vertex -1.9928181864832017 -22.666689046799185 0
    endloop
  endfacet
  facet normal 0 0 -1
    outer loop
      vertex -1.996501011711325 -22.40290884448842 0
      vertex -1.99112392920616 -22.40180097632137 0
      vertex -1.9956786829283533 -22.60172415211726 0
    endloop
  endfacet
  facet normal 0 0 -1
    outer loop
      vertex -1.996501011711325 -22.40290884448842 0
      vertex -1.9845940090119787 -22.272543187021817 0
      vertex -1.99112392920616 -22.40180097632137 0
    endloop
  endfacet
  facet normal 0 0 -1
    outer loop
      vertex -1.9956786829283533 -22.60172415211726 0
      vertex -1.99112392920616 -22.40180097632137 0
      vertex -1.9907795746224488 -22.666296136033473 0
    endloop
  endfacet
  facet normal 0 0 -1
    outer loop
      vertex -1.9956786829283533 -22.60172415211726 0
      vertex -1.9907795746224488 -22.666296136033473 0
      vertex -1.9928181864832017 -22.666689046799185 0
    endloop
  endfacet
  facet normal 0 0 -1
    outer loop
      vertex -1.9928181864832017 -22.666689046799185 0
      vertex -1.9907795746224488 -22.666296136033473 0
      vertex -1.9891066373546675 -22.70648902764092 0
    endloop
  endfacet
  facet normal 0 0 -1
    outer loop
      vertex -1.99112392920616 -22.40180097632137 0
      vertex -1.9845940090119787 -22.272543187021817 0
      vertex -1.9907795746224488 -22.666296136033473 0
    endloop
  endfacet
  facet normal 0 0 -1
    outer loop
      vertex -1.9907795746224488 -22.666296136033473 0
      vertex -1.9845940090119787 -22.272543187021817 0
      vertex -0.40412024483300835 -22.404235639869537 0
    endloop
  endfacet
  facet normal 0 0 -1
    outer loop
      vertex -1.9907795746224488 -22.666296136033473 0
      vertex -0.40412024483300835 -22.404235639869537 0
      vertex -1.9891066373546675 -22.70648902764092 0
    endloop
  endfacet
  facet normal 0 0 -1
    outer loop
      vertex -1.9898974291674871 22.300673874992004 0
      vertex -1.9897567737989312 22.39881203125035 0
      vertex -1.9736206362619204 22.298915167394206 0
    endloop
  endfacet
  facet normal 0 0 -1
    outer loop
      vertex -1.9898974291674871 22.300673874992004 0
      vertex -1.9736206362619204 22.298915167394206 0
      vertex -1.9743800760373569 22.18142077986952 0
    endloop
  endfacet
  facet normal 0 0 -1
    outer loop
      vertex -1.9891066373546675 -22.70648902764092 0
      vertex -0.40412024483300835 -22.404235639869537 0
      vertex -0.37476262917144937 -22.401358214652195 0
    endloop
  endfacet
  facet normal 0 0 -1
    outer loop
      vertex -1.9845940090119787 -22.272543187021817 0
      vertex -1.9753766811902755 -22.270584838427112 0
      vertex -0.40412024483300835 -22.404235639869537 0
    endloop
  endfacet
  facet normal 0 0 -1
    outer loop
      vertex -1.9845940090119787 -22.272543187021817 0
      vertex -1.9645926242615657 -22.126391009483914 0
      vertex -1.9753766811902755 -22.270584838427112 0
    endloop
  endfacet
  facet normal 0 0 -1
    outer loop
      vertex -1.9753766811902755 -22.270584838427112 0
      vertex -1.9645926242615657 -22.126391009483914 0
      vertex -0.40412024483300835 -22.404235639869537 0
    endloop
  endfacet
  facet normal 0 0 -1
    outer loop
      vertex -1.9743800760373569 22.18142077986952 0
      vertex -1.9736206362619204 22.298915167394206 0
      vertex -1.9500280246520014 22.178645714073916 0
    endloop
  endfacet
  facet normal 0 0 -1
    outer loop
      vertex -1.9743800760373569 22.18142077986952 0
      vertex -1.9500280246520014 22.178645714073916 0
      vertex -1.9473014522291674 22.044836080212104 0
    endloop
  endfacet
  facet normal 0 0 -1
    outer loop
      vertex -1.9645926242615657 -22.126391009483914 0
      vertex -1.9371663222572622 -22.120368511713913 0
      vertex -0.40412024483300835 -22.404235639869537 0
    endloop
  endfacet
  facet normal 0 0 -1
    outer loop
      vertex -1.9645926242615657 -22.126391009483914 0
      vertex -1.9209535882683597 -21.965329963255645 0
      vertex -1.9371663222572622 -22.120368511713913 0
    endloop
  endfacet
  facet normal 0 0 -1
    outer loop
      vertex -1.9500280246520014 22.178645714073916 0
      vertex -1.9190257653967764 22.04142453413169 0
      vertex -1.9473014522291674 22.044836080212104 0
    endloop
  endfacet
  facet normal 0 0 -1
    outer loop
      vertex -1.9473014522291674 22.044836080212104 0
      vertex -1.9190257653967764 22.04142453413169 0
      vertex -1.9060013331770276 21.894605129837966 0
    endloop
  endfacet
  facet normal 0 0 -1
    outer loop
      vertex -1.9371663222572622 -22.120368511713913 0
      vertex -1.9209535882683597 -21.965329963255645 0
      vertex -0.40412024483300835 -22.404235639869537 0
    endloop
  endfacet
  facet normal 0 0 -1
    outer loop
      vertex -1.9209535882683597 -21.965329963255645 0
      vertex -1.881761537908451 -21.956426425330445 0
      vertex -0.40412024483300835 -22.404235639869537 0
    endloop
  endfacet
  facet normal 0 0 -1
    outer loop
      vertex -1.9209535882683597 -21.965329963255645 0
      vertex -1.8600492867412493 -21.795344687876764 0
      vertex -1.881761537908451 -21.956426425330445 0
    endloop
  endfacet
  facet normal 0 0 -1
    outer loop
      vertex -1.9190257653967764 22.04142453413169 0
      vertex -1.8575946269690518 21.88841274314622 0
      vertex -1.9060013331770276 21.894605129837966 0
    endloop
  endfacet
  facet normal 0 0 -1
    outer loop
      vertex -1.9060013331770276 21.894605129837966 0
      vertex -1.8575946269690518 21.88841274314622 0
      vertex -1.8475595429819311 21.734796196175434 0
    endloop
  endfacet
  facet normal 0 0 -1
    outer loop
      vertex -1.881761537908451 -21.956426425330445 0
      vertex -1.8600492867412493 -21.795344687876764 0
      vertex -0.40412024483300835 -22.404235639869537 0
    endloop
  endfacet
  facet normal 0 0 -1
    outer loop
      vertex -1.8600492867412493 -21.795344687876764 0
      vertex -1.8096541049320392 -21.783503025532536 0
      vertex -0.40412024483300835 -22.404235639869537 0
    endloop
  endfacet
  facet normal 0 0 -1
    outer loop
      vertex -1.8600492867412493 -21.795344687876764 0
      vertex -1.7824761641653486 -21.621499442405067 0
      vertex -1.8096541049320392 -21.783503025532536 0
    endloop
  endfacet
  facet normal 0 0 -1
    outer loop
      vertex -1.8575946269690518 21.88841274314622 0
      vertex -1.7799141447009175 21.725628368538278 0
      vertex -1.8475595429819311 21.734796196175434 0
    endloop
  endfacet
  facet normal 0 0 -1
    outer loop
      vertex -1.8475595429819311 21.734796196175434 0
      vertex -1.7799141447009175 21.725628368538278 0
      vertex -1.7703253248507582 21.569944732048484 0
    endloop
  endfacet
  facet normal 0 0 -1
    outer loop
      vertex -1.8096541049320392 -21.783503025532536 0
      vertex -1.7824761641653486 -21.621499442405067 0
      vertex -0.40412024483300835 -22.404235639869537 0
    endloop
  endfacet
  facet normal 0 0 -1
    outer loop
      vertex -1.7824761641653486 -21.621499442405067 0
      vertex -1.7214840540078875 -21.606695531076124 0
      vertex -0.40412024483300835 -22.404235639869537 0
    endloop
  endfacet
  facet normal 0 0 -1
    outer loop
      vertex -1.7824761641653486 -21.621499442405067 0
      vertex -1.6889797726436795 -21.448966206014234 0
      vertex -1.7214840540078875 -21.606695531076124 0
    endloop
  endfacet
  facet normal 0 0 -1
    outer loop
      vertex -1.7799141447009175 21.725628368538278 0
      vertex -1.6866197533772114 21.557957749654733 0
      vertex -1.7703253248507582 21.569944732048484 0
    endloop
  endfacet
  facet normal 0 0 -1
    outer loop
      vertex -1.7214840540078875 -21.606695531076124 0
      vertex -1.6889797726436795 -21.448966206014234 0
      vertex -0.40412024483300835 -22.404235639869537 0
    endloop
  endfacet
  facet normal 0 0 -1
    outer loop
      vertex -1.6889797726436795 -21.448966206014234 0
      vertex -1.5803100247513804 -21.421783676439578 0
      vertex -0.40412024483300835 -22.404235639869537 0
    endloop
  endfacet
  facet normal 0 0 -1
    outer loop
      vertex -1.6866197533772114 21.557957749654733 0
      vertex -1.57789125184717 21.428157093389142 0
      vertex -1.6733171479999025 21.404995466393732 0
    endloop
  endfacet
  facet normal 0 0 -1
    outer loop
      vertex -1.6733171479999025 21.404995466393732 0
      vertex -1.57789125184717 21.428157093389142 0
      vertex -1.5777489433815624 21.27098914059081 0
    endloop
  endfacet
  facet normal 0 0 -1
    outer loop
      vertex -1.5803100247513804 -21.421783676439578 0
      vertex -1.5418789594195312 -21.27941772886298 0
      vertex -0.40412024483300835 -22.404235639869537 0
    endloop
  endfacet
  facet normal 0 0 -1
    outer loop
      vertex -1.57789125184717 21.428157093389142 0
      vertex -1.4984588673662915 21.289620411948764 0
      vertex -1.5777489433815624 21.27098914059081 0
    endloop
  endfacet
  facet normal 0 0 -1
    outer loop
      vertex -1.5777489433815624 21.27098914059081 0
      vertex -1.4984588673662915 21.289620411948764 0
      vertex -1.4646896280336337 21.138326549386388 0
    endloop
  endfacet
  facet normal 0 0 -1
    outer loop
      vertex -1.5418789594195312 -21.27941772886298 0
      vertex -1.500222139260919 -21.28920608522848 0
      vertex -0.40412024483300835 -22.404235639869537 0
    endloop
  endfacet
  facet normal 0 0 -1
    outer loop
      vertex -1.5418789594195312 -21.27941772886298 0
      vertex -1.4580773679636558 -21.13982493280898 0
      vertex -1.500222139260919 -21.28920608522848 0
    endloop
  endfacet
  facet normal 0 0 -1
    outer loop
      vertex -1.500222139260919 -21.28920608522848 0
      vertex -1.4580773679636558 -21.13982493280898 0
      vertex -0.40412024483300835 -22.404235639869537 0
    endloop
  endfacet
  facet normal 0 0 -1
    outer loop
      vertex -1.4984588673662915 21.289620411948764 0
      vertex -1.3672341814863014 21.160466217043822 0
      vertex -1.4646896280336337 21.138326549386388 0
    endloop
  endfacet
  facet normal 0 0 -1
    outer loop
      vertex -1.4646896280336337 21.138326549386388 0
      vertex -1.3672341814863014 21.160466217043822 0
      vertex -1.3357300550791942 21.011703698374443 0
    endloop
  endfacet
  facet normal 0 0 -1
    outer loop
      vertex -1.4580773679636558 -21.13982493280898 0
      vertex -1.369094211857377 -21.16003987175248 0
      vertex -0.40412024483300835 -22.404235639869537 0
    endloop
  endfacet
  facet normal 0 0 -1
    outer loop
      vertex -1.4580773679636558 -21.13982493280898 0
      vertex -1.3228554291803734 -21.0145270342865 0
      vertex -1.369094211857377 -21.16003987175248 0
    endloop
  endfacet
  facet normal 0 0 -1
    outer loop
      vertex -1.369094211857377 -21.16003987175248 0
      vertex -1.3228554291803734 -21.0145270342865 0
      vertex -0.40412024483300835 -22.404235639869537 0
    endloop
  endfacet
  facet normal 0 0 -1
    outer loop
      vertex -1.3672341814863014 21.160466217043822 0
      vertex -1.2239831611533372 21.03624204056886 0
      vertex -1.3357300550791942 21.011703698374443 0
    endloop
  endfacet
  facet normal 0 0 -1
    outer loop
      vertex -1.3357300550791942 21.011703698374443 0
      vertex -1.2239831611533372 21.03624204056886 0
      vertex -1.1936158493530815 20.895514839349755 0
    endloop
  endfacet
  facet normal 0 0 -1
    outer loop
      vertex -1.3228554291803734 -21.0145270342865 0
      vertex -1.2258141073059527 -21.03583618287295 0
      vertex -0.40412024483300835 -22.404235639869537 0
    endloop
  endfacet
  facet normal 0 0 -1
    outer loop
      vertex -1.3228554291803734 -21.0145270342865 0
      vertex -1.1758426078394055 -20.89928721768879 0
      vertex -1.2258141073059527 -21.03583618287295 0
    endloop
  endfacet
  facet normal 0 0 1
    outer loop
      vertex -1.3147906964486116 -21.498403291245154 2
      vertex -1.2748479794973793 -21.655909106530533 2
      vertex -1.2748479794973793 -21.343448469694362 2
    endloop
  endfacet
  facet normal 0 0 1
    outer loop
      vertex -1.2833517572824247 21.500296295817627 2
      vertex -1.2833459988533584 21.499929732989056 2
      vertex -1.2748479794973793 21.343448469694362 2
    endloop
  endfacet
  facet normal 0 0 1
    outer loop
      vertex -1.2833517572824247 21.500296295817627 2
      vertex -1.2748479794973793 21.343448469694362 2
      vertex -1.2748479794973793 21.657579409816197 2
    endloop
  endfacet
  facet normal 0 0 1
    outer loop
      vertex -1.2748479794973793 -21.65704940848628 2
      vertex -1.2688042782729338 -21.343695838958674 2
      vertex -1.2748479794973793 -21.655909106530533 2
    endloop
  endfacet
  facet normal 0 0 1
    outer loop
      vertex -1.2748479794973793 -21.65704940848628 2
      vertex -1.2614555336090199 -21.81149297590149 2
      vertex -1.2688042782729338 -21.343695838958674 2
    endloop
  endfacet
  facet normal 0 0 1
    outer loop
      vertex -1.2748479794973793 -21.655909106530533 2
      vertex -1.2688042782729338 -21.343695838958674 2
      vertex -1.2748479794973793 -21.343448469694362 2
    endloop
  endfacet
  facet normal 0 0 1
    outer loop
      vertex -1.2748479794973793 -21.343448469694362 2
      vertex -1.2688042782729338 -21.343695838958674 2
      vertex -1.2712074187745417 -21.19071974606981 2
    endloop
  endfacet
  facet normal 0 0 1
    outer loop
      vertex -1.2748479794973793 21.343448469694362 2
      vertex -1.2300934879135095 21.192101398921235 2
      vertex -1.2748479794973793 21.657579409816197 2
    endloop
  endfacet
  facet normal 0 0 1
    outer loop
      vertex -1.2748479794973793 21.657579409816197 2
      vertex -1.2300934879135095 21.192101398921235 2
      vertex -1.2398020952386422 21.810119702469162 2
    endloop
  endfacet
  facet normal 0 0 1
    outer loop
      vertex -1.2712074187745417 -21.19071974606981 2
      vertex -1.2688042782729338 -21.343695838958674 2
      vertex -1.225814107305953 -21.95653755352627 2
    endloop
  endfacet
  facet normal 0 0 1
    outer loop
      vertex -1.2712074187745417 -21.19071974606981 2
      vertex -1.225814107305953 -21.95653755352627 2
      vertex -1.2258141073059527 -21.048287221609165 2
    endloop
  endfacet
  facet normal 0 0 1
    outer loop
      vertex -1.2688042782729338 -21.343695838958674 2
      vertex -1.2614555336090199 -21.81149297590149 2
      vertex -1.225814107305953 -21.95653755352627 2
    endloop
  endfacet
  facet normal 0 0 1
    outer loop
      vertex -1.2398020952386422 21.810119702469162 2
      vertex -1.2300934879135095 21.192101398921235 2
      vertex -1.2258141073059534 21.048291024432196 2
    endloop
  endfacet
  facet normal 0 0 1
    outer loop
      vertex -1.2398020952386422 21.810119702469162 2
      vertex -1.2258141073059534 21.048291024432196 2
      vertex -1.2258141073059532 21.96167742645192 2
    endloop
  endfacet
  facet normal 0 0 1
    outer loop
      vertex -1.2258141073059534 21.048291024432196 2
      vertex -1.1755705045849463 21.04962468079805 2
      vertex -1.1755705045849463 21.952584365320746 2
    endloop
  endfacet
  facet normal 0 0 1
    outer loop
      vertex -1.2258141073059534 21.048291024432196 2
      vertex -1.1755705045849463 21.952584365320746 2
      vertex -1.2258141073059532 21.96167742645192 2
    endloop
  endfacet
  facet normal 0 0 1
    outer loop
      vertex -1.2258141073059534 21.048291024432196 2
      vertex -1.125338054451024 20.920399912597976 2
      vertex -1.1755705045849463 21.04962468079805 2
    endloop
  endfacet
  facet normal 0 0 1
    outer loop
      vertex -1.2258141073059532 21.96167742645192 2
      vertex -1.1755705045849463 21.952584365320746 2
      vertex -1.1437290529537751 22.09111094401435 2
    endloop
  endfacet
  facet normal 0 0 1
    outer loop
      vertex -1.225814107305953 -21.95653755352627 2
      vertex -1.1755705045849463 -21.95144544299279 2
      vertex -1.1729356729491816 -21.049690806695722 2
    endloop
  endfacet
  facet normal 0 0 1
    outer loop
      vertex -1.225814107305953 -21.95653755352627 2
      vertex -1.1729356729491816 -21.049690806695722 2
      vertex -1.2258141073059527 -21.048287221609165 2
    endloop
  endfacet
  facet normal 0 0 1
    outer loop
      vertex -1.225814107305953 -21.95653755352627 2
      vertex -1.1566467338238504 -22.086591588414695 2
      vertex -1.1755705045849463 -21.95144544299279 2
    endloop
  endfacet
  facet normal 0 0 1
    outer loop
      vertex -1.2258141073059527 -21.048287221609165 2
      vertex -1.1729356729491816 -21.049690806695722 2
      vertex -1.1241667557042612 -20.92041983087488 2
    endloop
  endfacet
  facet normal 0 0 -1
    outer loop
      vertex -1.2258141073059527 -21.03583618287295 0
      vertex -1.1758426078394055 -20.89928721768879 0
      vertex -0.40412024483300835 -22.404235639869537 0
    endloop
  endfacet
  facet normal 0 0 -1
    outer loop
      vertex -1.2239831611533372 21.03624204056886 0
      vertex -1.0716535899579933 20.921427428115184 0
      vertex -1.1936158493530815 20.895514839349755 0
    endloop
  endfacet
  facet normal 0 0 -1
    outer loop
      vertex -1.1936158493530815 20.895514839349755 0
      vertex -1.0716535899579933 20.921427428115184 0
      vertex -1.069945175630468 20.920096237642188 0
    endloop
  endfacet
  facet normal 0 0 -1
    outer loop
      vertex -1.1758426078394055 -20.89928721768879 0
      vertex -1.0716535899579933 -20.92142361347495 0
      vertex -0.40412024483300835 -22.404235639869537 0
    endloop
  endfacet
  facet normal 0 0 -1
    outer loop
      vertex -1.1758426078394055 -20.89928721768879 0
      vertex -1.0183985079146936 -20.79861087776622 0
      vertex -1.0716535899579933 -20.92142361347495 0
    endloop
  endfacet
  facet normal 0 0 1
    outer loop
      vertex -1.1755705045849463 -21.95144544299279 2
      vertex -1.1566467338238504 -22.086591588414695 2
      vertex -1.1729356729491816 -21.049690806695722 2
    endloop
  endfacet
  facet normal 0 0 1
    outer loop
      vertex -1.1755705045849463 21.04962468079805 2
      vertex -1.125338054451024 20.920399912597976 2
      vertex -1.1755705045849463 21.952584365320746 2
    endloop
  endfacet
  facet normal 0 0 1
    outer loop
      vertex -1.1755705045849463 21.952584365320746 2
      vertex -1.125338054451024 20.920399912597976 2
      vertex -1.1437290529537751 22.09111094401435 2
    endloop
  endfacet
  facet normal 0 0 1
    outer loop
      vertex -1.1729356729491816 -21.049690806695722 2
      vertex -1.1566467338238504 -22.086591588414695 2
      vertex -1.1241667557042612 -20.92041983087488 2
    endloop
  endfacet
  facet normal 0 0 1
    outer loop
      vertex -1.1566467338238504 -22.086591588414695 2
      vertex -1.0716535899579933 -22.078539758553745 2
      vertex -1.0716535899579933 -20.921483414225804 2
    endloop
  endfacet
  facet normal 0 0 1
    outer loop
      vertex -1.1566467338238504 -22.086591588414695 2
      vertex -1.0716535899579933 -20.921483414225804 2
      vertex -1.1241667557042612 -20.92041983087488 2
    endloop
  endfacet
  facet normal 0 0 1
    outer loop
      vertex -1.1566467338238504 -22.086591588414695 2
      vertex -1.049879773048976 -22.197394376101045 2
      vertex -1.0716535899579933 -22.078539758553745 2
    endloop
  endfacet
  facet normal 0 0 1
    outer loop
      vertex -1.1437290529537751 22.09111094401435 2
      vertex -1.125338054451024 20.920399912597976 2
      vertex -1.0716535899579933 22.078568241083552 2
    endloop
  endfacet
  facet normal 0 0 1
    outer loop
      vertex -1.1437290529537751 22.09111094401435 2
      vertex -1.0716535899579933 22.078568241083552 2
      vertex -1.0404583663763476 22.202869577949308 2
    endloop
  endfacet
  facet normal 0 0 1
    outer loop
      vertex -1.125338054451024 20.920399912597976 2
      vertex -1.0716535899579933 20.921487228866038 2
      vertex -1.0716535899579933 22.078568241083552 2
    endloop
  endfacet
  facet normal 0 0 1
    outer loop
      vertex -1.125338054451024 20.920399912597976 2
      vertex -1.0185726904875414 20.809698772721074 2
      vertex -1.0716535899579933 20.921487228866038 2
    endloop
  endfacet
  facet normal 0 0 1
    outer loop
      vertex -1.1241667557042612 -20.92041983087488 2
      vertex -1.0716535899579933 -20.921483414225804 2
      vertex -1.0699452346296876 -20.920092481944142 2
    endloop
  endfacet
  facet normal 0 0 1
    outer loop
      vertex -1.0716535899579933 -22.078539758553745 2
      vertex -1.0699452346296876 -20.920092481944142 2
      vertex -1.0716535899579933 -20.921483414225804 2
    endloop
  endfacet
  facet normal 0 0 1
    outer loop
      vertex -1.0716535899579933 -22.078539758553745 2
      vertex -1.049879773048976 -22.197394376101045 2
      vertex -1.0699452346296876 -20.920092481944142 2
    endloop
  endfacet
  facet normal 0 0 -1
    outer loop
      vertex -1.0716535899579933 -20.92142361347495 0
      vertex -1.0183985079146936 -20.79861087776622 0
      vertex -0.40412024483300835 -22.404235639869537 0
    endloop
  endfacet
  facet normal 0 0 1
    outer loop
      vertex -1.0716535899579933 20.921487228866038 2
      vertex -1.0185726904875414 20.809698772721074 2
      vertex -1.0716535899579933 22.078568241083552 2
    endloop
  endfacet
  facet normal 0 0 1
    outer loop
      vertex -1.0716535899579933 22.078568241083552 2
      vertex -1.0185726904875414 20.809698772721074 2
      vertex -1.0404583663763476 22.202869577949308 2
    endloop
  endfacet
  facet normal 0 0 1
    outer loop
      vertex -1.0699452346296876 -20.920092481944142 2
      vertex -1.049879773048976 -22.197394376101045 2
      vertex -1.0180828315007424 -20.809702240090353 2
    endloop
  endfacet
  facet normal 0 0 -1
    outer loop
      vertex -1.069945175630468 20.920096237642188 0
      vertex -0.9625217397529772 20.81012726193073 0
      vertex -1.0427077589660567 20.793606120950745 0
    endloop
  endfacet
  facet normal 0 0 1
    outer loop
      vertex -1.049879773048976 -22.197394376101045 2
      vertex -0.9635073482034305 -22.189713220090635 2
      vertex -0.9625154588838428 -20.810527081591477 2
    endloop
  endfacet
  facet normal 0 0 1
    outer loop
      vertex -1.049879773048976 -22.197394376101045 2
      vertex -0.9625154588838428 -20.810527081591477 2
      vertex -1.0180828315007424 -20.809702240090353 2
    endloop
  endfacet
  facet normal 0 0 1
    outer loop
      vertex -1.049879773048976 -22.197394376101045 2
      vertex -0.9392983523484714 -22.288452422864435 2
      vertex -0.9635073482034305 -22.189713220090635 2
    endloop
  endfacet
  facet normal 0 0 -1
    outer loop
      vertex -1.0427077589660567 20.793606120950745 0
      vertex -0.9625217397529772 20.81012726193073 0
      vertex -0.9079809994790936 20.773851122587118 0
    endloop
  endfacet
  facet normal 0 0 1
    outer loop
      vertex -1.0404583663763476 22.202869577949308 2
      vertex -1.0185726904875414 20.809698772721074 2
      vertex -0.9635073482034306 22.18995741271936 2
    endloop
  endfacet
  facet normal 0 0 1
    outer loop
      vertex -1.0404583663763476 22.202869577949308 2
      vertex -0.9635073482034306 22.18995741271936 2
      vertex -0.9327674161726983 22.295809463443142 2
    endloop
  endfacet
  facet normal 0 0 1
    outer loop
      vertex -1.0185726904875414 20.809698772721074 2
      vertex -0.9635073482034308 20.810516172129443 2
      vertex -0.9635073482034306 22.18995741271936 2
    endloop
  endfacet
  facet normal 0 0 1
    outer loop
      vertex -1.0185726904875414 20.809698772721074 2
      vertex -0.9080092223729284 20.71978352907097 2
      vertex -0.9635073482034308 20.810516172129443 2
    endloop
  endfacet
  facet normal 0 0 -1
    outer loop
      vertex -1.0183985079146936 -20.79861087776622 0
      vertex -0.9635073482034304 -20.809920377782564 0
      vertex -0.40412024483300835 -22.404235639869537 0
    endloop
  endfacet
  facet normal 0 0 -1
    outer loop
      vertex -1.0183985079146936 -20.79861087776622 0
      vertex -0.9088682837285613 -20.774468575429523 0
      vertex -0.9635073482034304 -20.809920377782564 0
    endloop
  endfacet
  facet normal 0 0 1
    outer loop
      vertex -1.0180828315007424 -20.809702240090353 2
      vertex -0.9625154588838428 -20.810527081591477 2
      vertex -0.9079809994790936 -20.71978002390611 2
    endloop
  endfacet
  facet normal 0 0 1
    outer loop
      vertex -0.9635073482034308 20.810516172129443 2
      vertex -0.9080092223729284 20.71978352907097 2
      vertex -0.9635073482034306 22.18995741271936 2
    endloop
  endfacet
  facet normal 0 0 1
    outer loop
      vertex -0.9635073482034306 22.18995741271936 2
      vertex -0.9080092223729284 20.71978352907097 2
      vertex -0.9327674161726983 22.295809463443142 2
    endloop
  endfacet
  facet normal 0 0 1
    outer loop
      vertex -0.9635073482034305 -22.189713220090635 2
      vertex -0.9392983523484714 -22.288452422864435 2
      vertex -0.9625154588838428 -20.810527081591477 2
    endloop
  endfacet
  facet normal 0 0 -1
    outer loop
      vertex -0.9635073482034304 -20.809920377782564 0
      vertex -0.9088682837285613 -20.774468575429523 0
      vertex -0.40412024483300835 -22.404235639869537 0
    endloop
  endfacet
  facet normal 0 0 1
    outer loop
      vertex -0.9625154588838428 -20.810527081591477 2
      vertex -0.9392983523484714 -22.288452422864435 2
      vertex -0.9079809994790936 -20.71978002390611 2
    endloop
  endfacet
  facet normal 0 0 1
    outer loop
      vertex -0.9392983523484714 -22.288452422864435 2
      vertex -0.8515585831301452 -22.2810723592082 2
      vertex -0.8510868293614983 -20.72037620261134 2
    endloop
  endfacet
  facet normal 0 0 1
    outer loop
      vertex -0.9392983523484714 -22.288452422864435 2
      vertex -0.8510868293614983 -20.72037620261134 2
      vertex -0.9079809994790936 -20.71978002390611 2
    endloop
  endfacet
  facet normal 0 0 1
    outer loop
      vertex -0.9392983523484714 -22.288452422864435 2
      vertex -0.8253825259739226 -22.356628390126172 2
      vertex -0.8515585831301452 -22.2810723592082 2
    endloop
  endfacet
  facet normal 0 0 1
    outer loop
      vertex -0.9327674161726983 22.295809463443142 2
      vertex -0.9080092223729284 20.71978352907097 2
      vertex -0.8515585831301451 22.282613177080624 2
    endloop
  endfacet
  facet normal 0 0 1
    outer loop
      vertex -0.9327674161726983 22.295809463443142 2
      vertex -0.8515585831301451 22.282613177080624 2
      vertex -0.8210331188804803 22.36650252831461 2
    endloop
  endfacet
  facet normal 0 0 -1
    outer loop
      vertex -0.9088682837285613 -20.774468575429523 0
      vertex -0.9079809994790936 -20.773847307889852 0
      vertex -0.40412024483300835 -22.404235639869537 0
    endloop
  endfacet
  facet normal 0 0 1
    outer loop
      vertex -0.9080092223729284 20.71978352907097 2
      vertex -0.8515585831301449 20.720375070365495 2
      vertex -0.8515585831301451 22.282613177080624 2
    endloop
  endfacet
  facet normal 0 0 1
    outer loop
      vertex -0.9080092223729284 20.71978352907097 2
      vertex -0.7949059157984979 20.703329924415073 2
      vertex -0.8515585831301449 20.720375070365495 2
    endloop
  endfacet
  facet normal 0 0 -1
    outer loop
      vertex -0.9079809994790936 -20.773847307889852 0
      vertex -0.8519702836464823 -20.71655340827304 0
      vertex -0.40412024483300835 -22.404235639869537 0
    endloop
  endfacet
  facet normal 0 0 1
    outer loop
      vertex -0.9079809994790936 -20.71978002390611 2
      vertex -0.8510868293614983 -20.72037620261134 2
      vertex -0.7942957812695615 -20.70304160290001 2
    endloop
  endfacet
  facet normal 0 0 -1
    outer loop
      vertex -0.9071129628904466 20.773243332066667 0
      vertex -0.8511442208550887 20.716722847158874 0
      vertex -0.8896436943324308 20.70900359852658 0
    endloop
  endfacet
  facet normal 0 0 -1
    outer loop
      vertex -0.8896436943324308 20.70900359852658 0
      vertex -0.8511442208550887 20.716722847158874 0
      vertex -0.7942957812695615 20.703045417597277 0
    endloop
  endfacet
  facet normal 0 0 -1
    outer loop
      vertex -0.8519702836464823 -20.71655340827304 0
      vertex -0.8515585831301454 -20.716635955266238 0
      vertex -0.40412024483300835 -22.404235639869537 0
    endloop
  endfacet
  facet normal 0 0 -1
    outer loop
      vertex -0.8519702836464823 -20.71655340827304 0
      vertex -0.7949058554302317 -20.70332608156798 0
      vertex -0.8515585831301454 -20.716635955266238 0
    endloop
  endfacet
  facet normal 0 0 -1
    outer loop
      vertex -0.8515585831301454 -20.716635955266238 0
      vertex -0.7949058554302317 -20.70332608156798 0
      vertex -0.40412024483300835 -22.404235639869537 0
    endloop
  endfacet
  facet normal 0 0 1
    outer loop
      vertex -0.8515585831301452 -22.2810723592082 2
      vertex -0.8253825259739226 -22.356628390126172 2
      vertex -0.8510868293614983 -20.72037620261134 2
    endloop
  endfacet
  facet normal 0 0 1
    outer loop
      vertex -0.8515585831301451 22.282613177080624 2
      vertex -0.8515585831301449 20.720375070365495 2
      vertex -0.7949059157984979 20.703329924415073 2
    endloop
  endfacet
  facet normal 0 0 1
    outer loop
      vertex -0.8515585831301451 22.282613177080624 2
      vertex -0.7949059157984979 20.703329924415073 2
      vertex -0.8210331188804803 22.36650252831461 2
    endloop
  endfacet
  facet normal 0 0 1
    outer loop
      vertex -0.8510868293614983 -20.72037620261134 2
      vertex -0.8253825259739226 -22.356628390126172 2
      vertex -0.7942957812695615 -20.70304160290001 2
    endloop
  endfacet
  facet normal 0 0 1
    outer loop
      vertex -0.8253825259739226 -22.356628390126172 2
      vertex -0.7936945800087071 -20.702761261681037 2
      vertex -0.7942957812695615 -20.70304160290001 2
    endloop
  endfacet
  facet normal 0 0 1
    outer loop
      vertex -0.8253825259739226 -22.356628390126172 2
      vertex -0.7362491053693557 -20.653939073481393 2
      vertex -0.7936945800087071 -20.702761261681037 2
    endloop
  endfacet
  facet normal 0 0 1
    outer loop
      vertex -0.8253825259739226 -22.356628390126172 2
      vertex -0.7094356548132699 -22.34730390995573 2
      vertex -0.7362491053693557 -20.653939073481393 2
    endloop
  endfacet
  facet normal 0 0 1
    outer loop
      vertex -0.8253825259739226 -22.356628390126172 2
      vertex -0.6774758404905828 -22.397187478584026 2
      vertex -0.7094356548132699 -22.34730390995573 2
    endloop
  endfacet
  facet normal 0 0 1
    outer loop
      vertex -0.8210331188804803 22.36650252831461 2
      vertex -0.7949059157984979 20.703329924415073 2
      vertex -0.704650386960619 22.34808153295306 2
    endloop
  endfacet
  facet normal 0 0 1
    outer loop
      vertex -0.8210331188804803 22.36650252831461 2
      vertex -0.704650386960619 22.34808153295306 2
      vertex -0.677475840490583 22.407956127508854 2
    endloop
  endfacet
  facet normal 0 0 1
    outer loop
      vertex -0.7949059157984979 20.703329924415073 2
      vertex -0.7942957812695615 20.703045417597277 2
      vertex -0.704650386960619 22.34808153295306 2
    endloop
  endfacet
  facet normal 0 0 -1
    outer loop
      vertex -0.7949058554302317 -20.70332608156798 0
      vertex -0.7942957812695615 -20.70304160290001 0
      vertex -0.40412024483300835 -22.404235639869537 0
    endloop
  endfacet
  facet normal 0 0 -1
    outer loop
      vertex -0.7942957812695615 -20.70304160290001 0
      vertex -0.7363228650037654 -20.645142326179382 0
      vertex -0.40412024483300835 -22.404235639869537 0
    endloop
  endfacet
  facet normal 0 0 1
    outer loop
      vertex -0.7942957812695615 20.703045417597277 2
      vertex -0.7364610909038461 20.65394133652283 2
      vertex -0.704650386960619 22.34808153295306 2
    endloop
  endfacet
  facet normal 0 0 -1
    outer loop
      vertex -0.7936945205184351 20.702765048637882 0
      vertex -0.7361748300715556 20.645175151630358 0
      vertex -0.7439731866492952 20.64364644744652 0
    endloop
  endfacet
  facet normal 0 0 -1
    outer loop
      vertex -0.7439731866492952 20.64364644744652 0
      vertex -0.7361748300715556 20.645175151630358 0
      vertex -0.6774758404905832 20.651000315310178 0
    endloop
  endfacet
  facet normal 0 0 1
    outer loop
      vertex -0.7364610909038461 20.65394133652283 2
      vertex -0.7362491053693557 20.653942879803218 2
      vertex -0.704650386960619 22.34808153295306 2
    endloop
  endfacet
  facet normal 0 0 1
    outer loop
      vertex -0.7364610909038461 20.65394133652283 2
      vertex -0.6779926806301388 20.65113882107783 2
      vertex -0.7362491053693557 20.653942879803218 2
    endloop
  endfacet
  facet normal 0 0 -1
    outer loop
      vertex -0.7363228650037654 -20.645142326179382 0
      vertex -0.7362491053693557 -20.645156785194825 0
      vertex -0.40412024483300835 -22.404235639869537 0
    endloop
  endfacet
  facet normal 0 0 -1
    outer loop
      vertex -0.7363228650037654 -20.645142326179382 0
      vertex -0.6779926251078799 -20.651135286711803 0
      vertex -0.7362491053693557 -20.645156785194825 0
    endloop
  endfacet
  facet normal 0 0 1
    outer loop
      vertex -0.7362491053693557 -20.653939073481393 2
      vertex -0.7360371311436681 -20.653940616641297 2
      vertex -0.6774758404905826 -20.650996808832048 2
    endloop
  endfacet
  facet normal 0 0 1
    outer loop
      vertex -0.7362491053693557 -20.653939073481393 2
      vertex -0.7094356548132699 -22.34730390995573 2
      vertex -0.7360371311436681 -20.653940616641297 2
    endloop
  endfacet
  facet normal 0 0 -1
    outer loop
      vertex -0.7362491053693557 -20.645156785194825 0
      vertex -0.6779926251078799 -20.651135286711803 0
      vertex -0.40412024483300835 -22.404235639869537 0
    endloop
  endfacet
  facet normal 0 0 1
    outer loop
      vertex -0.7362491053693557 20.653942879803218 2
      vertex -0.6779926806301388 20.65113882107783 2
      vertex -0.704650386960619 22.34808153295306 2
    endloop
  endfacet
  facet normal 0 0 1
    outer loop
      vertex -0.7360371311436681 -20.653940616641297 2
      vertex -0.7094356548132699 -22.34730390995573 2
      vertex -0.6774758404905826 -20.650996808832048 2
    endloop
  endfacet
  facet normal 0 0 1
    outer loop
      vertex -0.7094356548132699 -22.34730390995573 2
      vertex -0.6774758404905828 -22.397187478584026 2
      vertex -0.6774758404905826 -20.650996808832048 2
    endloop
  endfacet
  facet normal 0 0 1
    outer loop
      vertex -0.704650386960619 22.34808153295306 2
      vertex -0.6779926806301388 20.65113882107783 2
      vertex -0.6774758404905832 20.651000315310178 2
    endloop
  endfacet
  facet normal 0 0 1
    outer loop
      vertex -0.704650386960619 22.34808153295306 2
      vertex -0.6774758404905832 20.651000315310178 2
      vertex -0.677475840490583 22.407956127508854 2
    endloop
  endfacet
  facet normal 0 0 -1
    outer loop
      vertex -0.6779926251078799 -20.651135286711803 0
      vertex -0.6774758404905826 -20.650996808832048 0
      vertex -0.40412024483300835 -22.404235639869537 0
    endloop
  endfacet
  facet normal 0 0 1
    outer loop
      vertex -0.6774758404905832 20.651000315310178 2
      vertex -0.6182752327171466 20.613243772190145 2
      vertex -0.5579822120784583 22.389404391917374 2
    endloop
  endfacet
  facet normal 0 0 1
    outer loop
      vertex -0.6774758404905832 20.651000315310178 2
      vertex -0.5579822120784583 22.389404391917374 2
      vertex -0.677475840490583 22.407956127508854 2
    endloop
  endfacet
  facet normal 0 0 1
    outer loop
      vertex -0.677475840490583 22.407956127508854 2
      vertex -0.5579822120784583 22.389404391917374 2
      vertex -0.526589193601805 22.4222101198643 2
    endloop
  endfacet
  facet normal 0 0 1
    outer loop
      vertex -0.6774758404905828 -22.397187478584026 2
      vertex -0.6769633884044066 -20.650859491899627 2
      vertex -0.6774758404905826 -20.650996808832048 2
    endloop
  endfacet
  facet normal 0 0 1
    outer loop
      vertex -0.6774758404905828 -22.397187478584026 2
      vertex -0.6180339887498948 -20.613245056984297 2
      vertex -0.6769633884044066 -20.650859491899627 2
    endloop
  endfacet
  facet normal 0 0 1
    outer loop
      vertex -0.6774758404905828 -22.397187478584026 2
      vertex -0.5579822120784584 -22.38787336088793 2
      vertex -0.5574456608308993 -20.61356773253262 2
    endloop
  endfacet
  facet normal 0 0 1
    outer loop
      vertex -0.6774758404905828 -22.397187478584026 2
      vertex -0.5574456608308993 -20.61356773253262 2
      vertex -0.6180339887498948 -20.613245056984297 2
    endloop
  endfacet
  facet normal 0 0 1
    outer loop
      vertex -0.6774758404905828 -22.397187478584026 2
      vertex -0.5292045828412791 -22.411302724278332 2
      vertex -0.5579822120784584 -22.38787336088793 2
    endloop
  endfacet
  facet normal 0 0 -1
    outer loop
      vertex -0.6774758404905826 -20.650996808832048 0
      vertex -0.6180401326095499 -20.5982780654935 0
      vertex -0.40412024483300835 -22.404235639869537 0
    endloop
  endfacet
  facet normal 0 0 -1
    outer loop
      vertex -0.6769633337529658 20.650862970832286 0
      vertex -0.5575025596014781 20.609945742221363 0
      vertex -0.6187670744542186 20.5981379587462 0
    endloop
  endfacet
  facet normal 0 0 -1
    outer loop
      vertex -0.6187670744542186 20.5981379587462 0
      vertex -0.5575025596014781 20.609945742221363 0
      vertex -0.5299957353792707 20.571756394996275 0
    endloop
  endfacet
  facet normal 0 0 1
    outer loop
      vertex -0.6182752327171466 20.613243772190145 2
      vertex -0.5579822120784581 20.61356487501907 2
      vertex -0.5579822120784583 22.389404391917374 2
    endloop
  endfacet
  facet normal 0 0 1
    outer loop
      vertex -0.6182752327171466 20.613243772190145 2
      vertex -0.49795512579418366 20.599458676994438 2
      vertex -0.5579822120784581 20.61356487501907 2
    endloop
  endfacet
  facet normal 0 0 -1
    outer loop
      vertex -0.6180401326095499 -20.5982780654935 0
      vertex -0.5579822120784587 -20.60985329665797 0
      vertex -0.40412024483300835 -22.404235639869537 0
    endloop
  endfacet
  facet normal 0 0 -1
    outer loop
      vertex -0.6180401326095499 -20.5982780654935 0
      vertex -0.49761694128820344 -20.57793095343196 0
      vertex -0.5579822120784587 -20.60985329665797 0
    endloop
  endfacet
  facet normal 0 0 1
    outer loop
      vertex -0.6180339887498948 -20.613245056984297 2
      vertex -0.5574456608308993 -20.61356773253262 2
      vertex -0.4973797743297097 -20.599461353006927 2
    endloop
  endfacet
  facet normal 0 0 -1
    outer loop
      vertex -0.5579822120784587 -20.60985329665797 0
      vertex -0.49761694128820344 -20.57793095343196 0
      vertex -0.40412024483300835 -22.404235639869537 0
    endloop
  endfacet
  facet normal 0 0 1
    outer loop
      vertex -0.5579822120784584 -22.38787336088793 2
      vertex -0.5292045828412791 -22.411302724278332 2
      vertex -0.5574456608308993 -20.61356773253262 2
    endloop
  endfacet
  facet normal 0 0 1
    outer loop
      vertex -0.5579822120784583 22.389404391917374 2
      vertex -0.5579822120784581 20.61356487501907 2
      vertex -0.49795512579418366 20.599458676994438 2
    endloop
  endfacet
  facet normal 0 0 1
    outer loop
      vertex -0.5579822120784583 22.389404391917374 2
      vertex -0.49795512579418366 20.599458676994438 2
      vertex -0.526589193601805 22.4222101198643 2
    endloop
  endfacet
  facet normal 0 0 -1
    outer loop
      vertex -0.5575025596014781 20.609945742221363 0
      vertex -0.4973797743297097 22.41101269312803 0
      vertex -0.5299957353792707 20.571756394996275 0
    endloop
  endfacet
  facet normal 0 0 1
    outer loop
      vertex -0.5574456608308993 -20.61356773253262 2
      vertex -0.5292045828412791 -22.411302724278332 2
      vertex -0.4973797743297097 -20.599461353006927 2
    endloop
  endfacet
  facet normal 0 0 -1
    outer loop
      vertex -0.5299957353792707 20.571756394996275 0
      vertex -0.4973797743297097 22.41101269312803 0
      vertex -0.4356332193085898 20.589751100666227 0
    endloop
  endfacet
  facet normal 0 0 -1
    outer loop
      vertex -0.5299957353792707 20.571756394996275 0
      vertex -0.4356332193085898 20.589751100666227 0
      vertex -0.37476262917144965 20.59863797191637 0
    endloop
  endfacet
  facet normal 0 0 1
    outer loop
      vertex -0.5292045828412791 -22.411302724278332 2
      vertex -0.4354761554757047 -20.599749272422184 2
      vertex -0.4973797743297097 -20.599461353006927 2
    endloop
  endfacet
  facet normal 0 0 1
    outer loop
      vertex -0.5292045828412791 -22.411302724278332 2
      vertex -0.4071651299378883 -22.401936897138423 2
      vertex -0.4354761554757047 -20.599749272422184 2
    endloop
  endfacet
  facet normal 0 0 1
    outer loop
      vertex -0.5292045828412791 -22.411302724278332 2
      vertex -0.37476262917144937 -22.40054523107169 2
      vertex -0.4071651299378883 -22.401936897138423 2
    endloop
  endfacet
  facet normal 0 0 1
    outer loop
      vertex -0.526589193601805 22.4222101198643 2
      vertex -0.49795512579418366 20.599458676994438 2
      vertex -0.40410728333996826 22.403410553462013 2
    endloop
  endfacet
  facet normal 0 0 1
    outer loop
      vertex -0.526589193601805 22.4222101198643 2
      vertex -0.40410728333996826 22.403410553462013 2
      vertex -0.3747626291714494 22.401096565659007 2
    endloop
  endfacet
  facet normal 0 0 1
    outer loop
      vertex -0.49795512579418366 20.599458676994438 2
      vertex -0.43628648279308585 20.599745503515425 2
      vertex -0.40410728333996826 22.403410553462013 2
    endloop
  endfacet
  facet normal 0 0 1
    outer loop
      vertex -0.49795512579418366 20.599458676994438 2
      vertex -0.3757765753438347 20.59997000759122 2
      vertex -0.43628648279308585 20.599745503515425 2
    endloop
  endfacet
  facet normal 0 0 -1
    outer loop
      vertex -0.49761694128820344 -20.57793095343196 0
      vertex -0.4362864827930849 -20.589626524885315 0
      vertex -0.40412024483300835 -22.404235639869537 0
    endloop
  endfacet
  facet normal 0 0 -1
    outer loop
      vertex -0.49761694128820344 -20.57793095343196 0
      vertex -0.37575863380366736 -20.59882790761276 0
      vertex -0.4362864827930849 -20.589626524885315 0
    endloop
  endfacet
  facet normal 0 0 1
    outer loop
      vertex -0.4973797743297097 -20.599461353006927 2
      vertex -0.4354761554757047 -20.599749272422184 2
      vertex -0.37476262917144915 -20.599965291634472 2
    endloop
  endfacet
  facet normal 0 0 -1
    outer loop
      vertex -0.4973797743297097 22.41101269312803 0
      vertex -0.43631521417655456 24.45000457763672 0
      vertex -0.4356332193085898 20.589751100666227 0
    endloop
  endfacet
  facet normal 0 0 -1
    outer loop
      vertex -0.43631521417655456 24.45000457763672 0
      vertex -0.37476262917144965 20.59863797191637 0
      vertex -0.4356332193085898 20.589751100666227 0
    endloop
  endfacet
  facet normal 0 0 -1
    outer loop
      vertex -0.43631521417655456 24.45000457763672 0
      vertex 0.1225417698211194 20.503803214844595 0
      vertex -0.37476262917144965 20.59863797191637 0
    endloop
  endfacet
  facet normal 0 0 -1
    outer loop
      vertex -0.43631521417655456 24.45000457763672 0
      vertex 0.12558103905862752 20.545982488085166 0
      vertex 0.1225417698211194 20.503803214844595 0
    endloop
  endfacet
  facet normal 0 0 -1
    outer loop
      vertex -0.43631521417655456 24.45000457763672 0
      vertex 0.26888320124423526 20.518363222566176 0
      vertex 0.12558103905862752 20.545982488085166 0
    endloop
  endfacet
  facet normal 0 0 -1
    outer loop
      vertex -0.43631521417655456 24.45000457763672 0
      vertex 0.31286893008046174 20.578428146108127 0
      vertex 0.26888320124423526 20.518363222566176 0
    endloop
  endfacet
  facet normal 0 0 -1
    outer loop
      vertex -0.43631521417655456 24.45000457763672 0
      vertex 0.44390459214930383 24.45000457763672 0
      vertex 0.4666484358701054 22.48090946434561 0
    endloop
  endfacet
  facet normal 0 0 -1
    outer loop
      vertex -0.43631521417655456 24.45000457763672 0
      vertex 0.4502010660702771 20.55150707200881 0
      vertex 0.31286893008046174 20.578428146108127 0
    endloop
  endfacet
  facet normal 0 0 -1
    outer loop
      vertex -0.43631521417655456 24.45000457763672 0
      vertex 0.4666484358701054 22.48090946434561 0
      vertex 0.4502010660702771 20.55150707200881 0
    endloop
  endfacet
  facet normal 0 0 -1
    outer loop
      vertex -0.43631521417655456 24.45000457763672 0
      vertex 21.11810302734375 26.5 0
      vertex 0.44390459214930383 24.45000457763672 0
    endloop
  endfacet
  facet normal 0 0 1
    outer loop
      vertex -0.43628648279308585 20.599745503515425 2
      vertex -0.3757765753438347 20.59997000759122 2
      vertex -0.40410728333996826 22.403410553462013 2
    endloop
  endfacet
  facet normal 0 0 -1
    outer loop
      vertex -0.4362864827930849 -20.589626524885315 0
      vertex -0.37575863380366736 -20.59882790761276 0
      vertex -0.40412024483300835 -22.404235639869537 0
    endloop
  endfacet
  facet normal 0 0 1
    outer loop
      vertex -0.4354761554757047 -20.599749272422184 2
      vertex -0.4071651299378883 -22.401936897138423 2
      vertex -0.37476262917144937 -22.40054523107169 2
    endloop
  endfacet
  facet normal 0 0 1
    outer loop
      vertex -0.4354761554757047 -20.599749272422184 2
      vertex -0.37476262917144937 -22.40054523107169 2
      vertex -0.37476262917144915 -20.600622607275007 2
    endloop
  endfacet
  facet normal 0 0 1
    outer loop
      vertex -0.4354761554757047 -20.599749272422184 2
      vertex -0.37476262917144915 -20.600622607275007 2
      vertex -0.37476262917144915 -20.599965291634472 2
    endloop
  endfacet
  facet normal 0 0 -1
    outer loop
      vertex -0.40412024483300835 -22.404235639869537 0
      vertex -0.37575863380366736 -20.59882790761276 0
      vertex -0.37476262917144937 -22.401358214652195 0
    endloop
  endfacet
  facet normal 0 0 1
    outer loop
      vertex -0.40410728333996826 22.403410553462013 2
      vertex -0.3757765753438347 20.59997000759122 2
      vertex -0.3747626291714494 22.401096565659007 2
    endloop
  endfacet
  facet normal 0 0 1
    outer loop
      vertex -0.3757765753438347 20.59997000759122 2
      vertex -0.3747626291714494 22.399377392724993 2
      vertex -0.3747626291714494 22.401096565659007 2
    endloop
  endfacet
  facet normal 0 0 1
    outer loop
      vertex -0.3757765753438347 20.59997000759122 2
      vertex -0.25066646712860835 22.38852109891613 2
      vertex -0.3747626291714494 22.399377392724993 2
    endloop
  endfacet
  facet normal 0 0 1
    outer loop
      vertex -0.3757765753438347 20.59997000759122 2
      vertex -0.25066646712860813 20.599388108990354 2
      vertex -0.25066646712860835 22.38852109891613 2
    endloop
  endfacet
  facet normal 0 0 -1
    outer loop
      vertex -0.37575863380366736 -20.59882790761276 0
      vertex 0.12254176982111845 -20.503803214844595 0
      vertex 0.1249186802330701 -20.546110147458847 0
    endloop
  endfacet
  facet normal 0 0 -1
    outer loop
      vertex -0.37575863380366736 -20.59882790761276 0
      vertex 0.1249186802330701 -20.546110147458847 0
      vertex -0.37476262917144937 -22.401358214652195 0
    endloop
  endfacet
  facet normal 0 0 1
    outer loop
      vertex -0.3747626291714494 22.399377392724993 2
      vertex -0.25066646712860835 22.38852109891613 2
      vertex -0.3747626291714494 22.401096565659007 2
    endloop
  endfacet
  facet normal 0 0 1
    outer loop
      vertex -0.3747626291714494 22.401096565659007 2
      vertex -0.25066646712860835 22.38852109891613 2
      vertex 21.11810302734375 25.70000457763672 2
    endloop
  endfacet
  facet normal 0 0 -1
    outer loop
      vertex -0.37476262917144937 -22.401358214652195 0
      vertex 0.1249186802330701 -20.546110147458847 0
      vertex 0.2688832012442356 -20.518363222566176 0
    endloop
  endfacet
  facet normal 0 0 -1
    outer loop
      vertex -0.37476262917144937 -22.401358214652195 0
      vertex 0.2688832012442356 -20.518363222566176 0
      vertex 0.31202114441554435 -20.57859059144296 0
    endloop
  endfacet
  facet normal 0 0 -1
    outer loop
      vertex -0.37476262917144937 -22.401358214652195 0
      vertex 0.31202114441554435 -20.57859059144296 0
      vertex 0.4962503044590297 -20.63473204895188 0
    endloop
  endfacet
  facet normal 0 0 -1
    outer loop
      vertex -0.37476262917144937 -22.401358214652195 0
      vertex 0.4962503044590297 -20.63473204895188 0
      vertex 0.6760062808553217 -20.711785839416763 0
    endloop
  endfacet
  facet normal 0 0 -1
    outer loop
      vertex -0.37476262917144937 -22.401358214652195 0
      vertex 0.6760062808553217 -20.711785839416763 0
      vertex 0.8497371455462451 -20.806292675890624 0
    endloop
  endfacet
  facet normal 0 0 -1
    outer loop
      vertex -0.37476262917144937 -22.401358214652195 0
      vertex 0.8497371455462451 -20.806292675890624 0
      vertex 1.0159513467288575 -20.914199320408613 0
    endloop
  endfacet
  facet normal 0 0 -1
    outer loop
      vertex -0.37476262917144937 -22.401358214652195 0
      vertex 1.0159513467288575 -20.914199320408613 0
      vertex 1.173228986069302 -21.031019449328547 0
    endloop
  endfacet
  facet normal 0 0 -1
    outer loop
      vertex -0.37476262917144937 -22.401358214652195 0
      vertex 1.173228986069302 -21.031019449328547 0
      vertex 1.3202320505615164 -21.152024420904436 0
    endloop
  endfacet
  facet normal 0 0 -1
    outer loop
      vertex -0.37476262917144937 -22.401358214652195 0
      vertex 1.3202320505615164 -21.152024420904436 0
      vertex 1.4557141236164928 -21.272423077188225 0
    endloop
  endfacet
  facet normal 0 0 -1
    outer loop
      vertex -0.37476262917144937 -22.401358214652195 0
      vertex 1.4557141236164928 -21.272423077188225 0
      vertex 1.5727413731816495 -21.75598158662039 0
    endloop
  endfacet
  facet normal 0 0 -1
    outer loop
      vertex -0.37476262917144937 -22.401358214652195 0
      vertex 1.5727413731816495 -21.75598158662039 0
      vertex 1.9691853103885444 -22.848343885213453 0
    endloop
  endfacet
  facet normal 0 0 1
    outer loop
      vertex -0.37476262917144937 -22.40054523107169 2
      vertex -0.25066646712860835 -22.410068898826406 2
      vertex -0.24916089184979426 -20.611610613195744 2
    endloop
  endfacet
  facet normal 0 0 1
    outer loop
      vertex -0.37476262917144937 -22.40054523107169 2
      vertex -0.24916089184979426 -20.611610613195744 2
      vertex -0.37476262917144915 -20.600622607275007 2
    endloop
  endfacet
  facet normal 0 0 1
    outer loop
      vertex -0.37476262917144915 -20.600622607275007 2
      vertex -0.24916089184979426 -20.611610613195744 2
      vertex 21.11810302734375 -20.5 2
    endloop
  endfacet
  facet normal 0 0 1
    outer loop
      vertex -0.37476262917144915 -20.600622607275007 2
      vertex 21.11810302734375 -20.5 2
      vertex -0.37476262917144915 -20.599965291634472 2
    endloop
  endfacet
  facet normal 0 0 1
    outer loop
      vertex -0.25066646712860835 -22.410068898826406 2
      vertex -0.2212760626245975 -22.386667969554946 2
      vertex -0.24916089184979426 -20.611610613195744 2
    endloop
  endfacet
  facet normal 0 0 1
    outer loop
      vertex -0.25066646712860835 -22.410068898826406 2
      vertex -0.09585130705357124 -22.39644439823082 2
      vertex -0.2212760626245975 -22.386667969554946 2
    endloop
  endfacet
  facet normal 0 0 1
    outer loop
      vertex -0.25066646712860835 -22.410068898826406 2
      vertex 21.11810302734375 -24.049999237060547 2
      vertex -0.09585130705357124 -22.39644439823082 2
    endloop
  endfacet
  facet normal 0 0 1
    outer loop
      vertex -0.25066646712860835 22.38852109891613 2
      vertex -0.25066646712860813 20.599388108990354 2
      vertex -0.18985987521412515 20.613479920132377 2
    endloop
  endfacet
  facet normal 0 0 1
    outer loop
      vertex -0.25066646712860835 22.38852109891613 2
      vertex -0.2177292604260459 22.387554160935956 2
      vertex 21.11810302734375 25.70000457763672 2
    endloop
  endfacet
  facet normal 0 0 1
    outer loop
      vertex -0.25066646712860835 22.38852109891613 2
      vertex -0.21767659694406874 22.384201775294997 2
      vertex -0.2177292604260459 22.387554160935956 2
    endloop
  endfacet
  facet normal 0 0 1
    outer loop
      vertex -0.25066646712860835 22.38852109891613 2
      vertex -0.18985987521412515 20.613479920132377 2
      vertex -0.21767659694406874 22.384201775294997 2
    endloop
  endfacet
  facet normal 0 0 1
    outer loop
      vertex -0.25066646712860813 20.599388108990354 2
      vertex -0.1255810390586275 20.613137590026653 2
      vertex -0.18985987521412515 20.613479920132377 2
    endloop
  endfacet
  facet normal 0 0 1
    outer loop
      vertex -0.25066646712860813 20.599388108990354 2
      vertex 21.11810302734375 20.5 2
      vertex -0.1255810390586275 20.613137590026653 2
    endloop
  endfacet
  facet normal 0 0 1
    outer loop
      vertex -0.24916089184979426 -20.611610613195744 2
      vertex -0.2212760626245975 -22.386667969554946 2
      vertex -0.18821662663702882 -20.623692531523556 2
    endloop
  endfacet
  facet normal 0 0 1
    outer loop
      vertex -0.24916089184979426 -20.611610613195744 2
      vertex -0.18821662663702882 -20.623692531523556 2
      vertex -0.18821662663702882 -20.613471168675556 2
    endloop
  endfacet
  facet normal 0 0 1
    outer loop
      vertex -0.24916089184979426 -20.611610613195744 2
      vertex -0.18821662663702882 -20.613471168675556 2
      vertex 21.11810302734375 -20.5 2
    endloop
  endfacet
  facet normal 0 0 1
    outer loop
      vertex -0.2212760626245975 -22.386667969554946 2
      vertex -0.1234271763984021 -20.64105442100574 2
      vertex -0.18821662663702882 -20.623692531523556 2
    endloop
  endfacet
  facet normal 0 0 1
    outer loop
      vertex -0.2212760626245975 -22.386667969554946 2
      vertex -0.09585130705357124 -22.39644439823082 2
      vertex -0.1234271763984021 -20.64105442100574 2
    endloop
  endfacet
  facet normal 0 0 1
    outer loop
      vertex -0.2177292604260459 22.387554160935956 2
      vertex -0.21767659694406874 22.384201775294997 2
      vertex 21.11810302734375 25.70000457763672 2
    endloop
  endfacet
  facet normal 0 0 1
    outer loop
      vertex -0.21767659694406874 22.384201775294997 2
      vertex -0.18985987521412515 20.613479920132377 2
      vertex -0.09187579187213787 22.35048726087561 2
    endloop
  endfacet
  facet normal 0 0 1
    outer loop
      vertex -0.21767659694406874 22.384201775294997 2
      vertex -0.09187579187213787 22.35048726087561 2
      vertex 21.11810302734375 25.70000457763672 2
    endloop
  endfacet
  facet normal 0 0 1
    outer loop
      vertex -0.18985987521412515 20.613479920132377 2
      vertex -0.1255810390586275 20.613137590026653 2
      vertex -0.09187579187213787 22.35048726087561 2
    endloop
  endfacet
  facet normal 0 0 1
    outer loop
      vertex -0.18821662663702882 -20.623692531523556 2
      vertex -0.1234271763984021 -20.64105442100574 2
      vertex 21.11810302734375 -20.5 2
    endloop
  endfacet
  facet normal 0 0 1
    outer loop
      vertex -0.18821662663702882 -20.623692531523556 2
      vertex 21.11810302734375 -20.5 2
      vertex -0.18821662663702882 -20.613471168675556 2
    endloop
  endfacet
  facet normal 0 0 1
    outer loop
      vertex -0.1255810390586275 20.613137590026653 2
      vertex -0.06522865186958768 20.654217167002454 2
      vertex -0.09187579187213787 22.35048726087561 2
    endloop
  endfacet
  facet normal 0 0 1
    outer loop
      vertex -0.1255810390586275 20.613137590026653 2
      vertex 0.06282151815625696 20.653284946577706 2
      vertex -0.06522865186958768 20.654217167002454 2
    endloop
  endfacet
  facet normal 0 0 1
    outer loop
      vertex -0.1255810390586275 20.613137590026653 2
      vertex 21.11810302734375 20.5 2
      vertex 0.06282151815625696 20.653284946577706 2
    endloop
  endfacet
  facet normal 0 0 1
    outer loop
      vertex -0.1234271763984021 -20.64105442100574 2
      vertex -0.09585130705357124 -22.39644439823082 2
      vertex -0.06282151815625672 -22.34662390802608 2
    endloop
  endfacet
  facet normal 0 0 1
    outer loop
      vertex -0.1234271763984021 -20.64105442100574 2
      vertex -0.06282151815625672 -22.34662390802608 2
      vertex -0.06282151815625651 -20.65952831422185 2
    endloop
  endfacet
  facet normal 0 0 1
    outer loop
      vertex -0.1234271763984021 -20.64105442100574 2
      vertex -0.06282151815625651 -20.65952831422185 2
      vertex -0.06282151815625651 -20.654195830113103 2
    endloop
  endfacet
  facet normal 0 0 1
    outer loop
      vertex -0.1234271763984021 -20.64105442100574 2
      vertex -0.06282151815625651 -20.654195830113103 2
      vertex 21.11810302734375 -20.5 2
    endloop
  endfacet
  facet normal 0 0 1
    outer loop
      vertex -0.09585130705357124 -22.39644439823082 2
      vertex 0.06282151815625672 -22.35672815290264 2
      vertex -0.06282151815625672 -22.34662390802608 2
    endloop
  endfacet
  facet normal 0 0 1
    outer loop
      vertex -0.09585130705357124 -22.39644439823082 2
      vertex 21.11810302734375 -24.049999237060547 2
      vertex 0.06282151815625672 -22.35672815290264 2
    endloop
  endfacet
  facet normal 0 0 1
    outer loop
      vertex -0.09187579187213787 22.35048726087561 2
      vertex -0.06522865186958768 20.654217167002454 2
      vertex -0.06282151815625675 22.34750059441508 2
    endloop
  endfacet
  facet normal 0 0 1
    outer loop
      vertex -0.09187579187213787 22.35048726087561 2
      vertex -0.06282151815625675 22.34750059441508 2
      vertex 21.11810302734375 25.70000457763672 2
    endloop
  endfacet
  facet normal 0 0 1
    outer loop
      vertex -0.06522865186958768 20.654217167002454 2
      vertex -0.06282151815625675 22.340467871080886 2
      vertex -0.06282151815625675 22.34750059441508 2
    endloop
  endfacet
  facet normal 0 0 1
    outer loop
      vertex -0.06522865186958768 20.654217167002454 2
      vertex 0.06282151815625676 22.281880299415523 2
      vertex -0.06282151815625675 22.340467871080886 2
    endloop
  endfacet
  facet normal 0 0 1
    outer loop
      vertex -0.06522865186958768 20.654217167002454 2
      vertex 0.06282151815625696 20.653284946577706 2
      vertex 0.06282151815625676 22.281880299415523 2
    endloop
  endfacet
  facet normal 0 0 1
    outer loop
      vertex -0.06282151815625675 22.340467871080886 2
      vertex 0.06282151815625676 22.281880299415523 2
      vertex 21.11810302734375 25.70000457763672 2
    endloop
  endfacet
  facet normal 0 0 1
    outer loop
      vertex -0.06282151815625675 22.340467871080886 2
      vertex 21.11810302734375 25.70000457763672 2
      vertex -0.06282151815625675 22.34750059441508 2
    endloop
  endfacet
  facet normal 0 0 1
    outer loop
      vertex -0.06282151815625672 -22.34662390802608 2
      vertex 0.06282151815625672 -22.35672815290264 2
      vertex 0.06625762350295676 -20.719718147931793 2
    endloop
  endfacet
  facet normal 0 0 1
    outer loop
      vertex -0.06282151815625672 -22.34662390802608 2
      vertex 0.06625762350295676 -20.719718147931793 2
      vertex -0.06282151815625651 -20.65952831422185 2
    endloop
  endfacet
  facet normal 0 0 1
    outer loop
      vertex -0.06282151815625651 -20.65952831422185 2
      vertex 0.06625762350295676 -20.719718147931793 2
      vertex 21.11810302734375 -20.5 2
    endloop
  endfacet
  facet normal 0 0 1
    outer loop
      vertex -0.06282151815625651 -20.65952831422185 2
      vertex 21.11810302734375 -20.5 2
      vertex -0.06282151815625651 -20.654195830113103 2
    endloop
  endfacet
  facet normal 0 0 1
    outer loop
      vertex 0.06282151815625672 -22.35672815290264 2
      vertex 0.09078934223444252 -22.28132741750233 2
      vertex 0.06625762350295676 -20.719718147931793 2
    endloop
  endfacet
  facet normal 0 0 1
    outer loop
      vertex 0.06282151815625672 -22.35672815290264 2
      vertex 0.1882166266370284 -22.289522325085837 2
      vertex 0.09078934223444252 -22.28132741750233 2
    endloop
  endfacet
  facet normal 0 0 1
    outer loop
      vertex 0.06282151815625672 -22.35672815290264 2
      vertex 21.11810302734375 -24.049999237060547 2
      vertex 0.1882166266370284 -22.289522325085837 2
    endloop
  endfacet
  facet normal 0 0 1
    outer loop
      vertex 0.06282151815625676 22.281880299415523 2
      vertex 0.06282151815625696 20.653284946577706 2
      vertex 0.12218677574935169 20.720014284060657 2
    endloop
  endfacet
  facet normal 0 0 1
    outer loop
      vertex 0.06282151815625676 22.281880299415523 2
      vertex 0.09761434771964154 22.284214974891185 2
      vertex 21.11810302734375 25.70000457763672 2
    endloop
  endfacet
  facet normal 0 0 1
    outer loop
      vertex 0.06282151815625676 22.281880299415523 2
      vertex 0.09801878056567959 22.258470097893177 2
      vertex 0.09761434771964154 22.284214974891185 2
    endloop
  endfacet
  facet normal 0 0 1
    outer loop
      vertex 0.06282151815625676 22.281880299415523 2
      vertex 0.12218677574935169 20.720014284060657 2
      vertex 0.09801878056567959 22.258470097893177 2
    endloop
  endfacet
  facet normal 0 0 1
    outer loop
      vertex 0.06282151815625696 20.653284946577706 2
      vertex 0.1882166266370279 20.71932236329875 2
      vertex 0.12218677574935169 20.720014284060657 2
    endloop
  endfacet
  facet normal 0 0 1
    outer loop
      vertex 0.06282151815625696 20.653284946577706 2
      vertex 21.11810302734375 20.5 2
      vertex 0.1882166266370279 20.71932236329875 2
    endloop
  endfacet
  facet normal 0 0 1
    outer loop
      vertex 0.06625762350295676 -20.719718147931793 2
      vertex 0.09078934223444252 -22.28132741750233 2
      vertex 0.1255810390586266 -20.760824904594656 2
    endloop
  endfacet
  facet normal 0 0 1
    outer loop
      vertex 0.06625762350295676 -20.719718147931793 2
      vertex 0.1255810390586266 -20.760824904594656 2
      vertex 0.1255810390586266 -20.719974911605703 2
    endloop
  endfacet
  facet normal 0 0 1
    outer loop
      vertex 0.06625762350295676 -20.719718147931793 2
      vertex 0.1255810390586266 -20.719974911605703 2
      vertex 21.11810302734375 -20.5 2
    endloop
  endfacet
  facet normal 0 0 1
    outer loop
      vertex 0.09078934223444252 -22.28132741750233 2
      vertex 0.1882166266370284 -22.289522325085837 2
      vertex 0.19291519476003433 -20.80797160563612 2
    endloop
  endfacet
  facet normal 0 0 1
    outer loop
      vertex 0.09078934223444252 -22.28132741750233 2
      vertex 0.19291519476003433 -20.80797160563612 2
      vertex 0.1255810390586266 -20.760824904594656 2
    endloop
  endfacet
  facet normal 0 0 1
    outer loop
      vertex 0.09761434771964154 22.284214974891185 2
      vertex 0.09801878056567959 22.258470097893177 2
      vertex 21.11810302734375 25.70000457763672 2
    endloop
  endfacet
  facet normal 0 0 1
    outer loop
      vertex 0.09801878056567959 22.258470097893177 2
      vertex 0.12218677574935169 20.720014284060657 2
      vertex 0.18821662663702826 22.195314469980243 2
    endloop
  endfacet
  facet normal 0 0 1
    outer loop
      vertex 0.09801878056567959 22.258470097893177 2
      vertex 0.18821662663702826 22.195314469980243 2
      vertex 21.11810302734375 25.70000457763672 2
    endloop
  endfacet
  facet normal 0 0 1
    outer loop
      vertex 0.12218677574935169 20.720014284060657 2
      vertex 0.1882166266370279 20.71932236329875 2
      vertex 0.18821662663702826 22.195314469980243 2
    endloop
  endfacet
  facet normal 0 0 -1
    outer loop
      vertex 0.12254176982111845 -20.503803214844595 0
      vertex 0.2688832012442356 -20.518363222566176 0
      vertex 0.1249186802330701 -20.546110147458847 0
    endloop
  endfacet
  facet normal 0 0 -1
    outer loop
      vertex 0.12254176982111845 -20.503803214844595 0
      vertex 21.11810302734375 -16.5 0
      vertex 0.2688832012442356 -20.518363222566176 0
    endloop
  endfacet
  facet normal 0 0 -1
    outer loop
      vertex 0.1225417698211194 20.503803214844595 0
      vertex 0.12558103905862752 20.545982488085166 0
      vertex 0.26888320124423526 20.518363222566176 0
    endloop
  endfacet
  facet normal 0 0 -1
    outer loop
      vertex 0.1225417698211194 20.503803214844595 0
      vertex 0.26888320124423526 20.518363222566176 0
      vertex 21.11810302734375 16.5 0
    endloop
  endfacet
  facet normal 0 0 1
    outer loop
      vertex 0.1255810390586266 -20.760824904594656 2
      vertex 0.19291519476003433 -20.80797160563612 2
      vertex 21.11810302734375 -20.5 2
    endloop
  endfacet
  facet normal 0 0 1
    outer loop
      vertex 0.1255810390586266 -20.760824904594656 2
      vertex 21.11810302734375 -20.5 2
      vertex 0.1255810390586266 -20.719974911605703 2
    endloop
  endfacet
  facet normal 0 0 1
    outer loop
      vertex 0.1882166266370279 20.71932236329875 2
      vertex 0.24604703999604158 20.809828274669584 2
      vertex 0.18821662663702826 22.195314469980243 2
    endloop
  endfacet
  facet normal 0 0 1
    outer loop
      vertex 0.1882166266370279 20.71932236329875 2
      vertex 0.3084031134720627 20.808902650731437 2
      vertex 0.24604703999604158 20.809828274669584 2
    endloop
  endfacet
  facet normal 0 0 1
    outer loop
      vertex 0.1882166266370279 20.71932236329875 2
      vertex 21.11810302734375 20.5 2
      vertex 0.3084031134720627 20.808902650731437 2
    endloop
  endfacet
  facet normal 0 0 1
    outer loop
      vertex 0.18821662663702826 22.195314469980243 2
      vertex 0.22430140568878737 22.19408448918894 2
      vertex 21.11810302734375 25.70000457763672 2
    endloop
  endfacet
  facet normal 0 0 1
    outer loop
      vertex 0.18821662663702826 22.195314469980243 2
      vertex 0.2248174968701803 22.16123180643857 2
      vertex 0.22430140568878737 22.19408448918894 2
    endloop
  endfacet
  facet normal 0 0 1
    outer loop
      vertex 0.18821662663702826 22.195314469980243 2
      vertex 0.24604703999604158 20.809828274669584 2
      vertex 0.2248174968701803 22.16123180643857 2
    endloop
  endfacet
  facet normal 0 0 1
    outer loop
      vertex 0.1882166266370284 -22.289522325085837 2
      vertex 0.2146421932545171 -22.191041525045524 2
      vertex 0.19291519476003433 -20.80797160563612 2
    endloop
  endfacet
  facet normal 0 0 1
    outer loop
      vertex 0.1882166266370284 -22.289522325085837 2
      vertex 0.27707094093840107 -22.19659335222283 2
      vertex 0.2146421932545171 -22.191041525045524 2
    endloop
  endfacet
  facet normal 0 0 1
    outer loop
      vertex 0.1882166266370284 -22.289522325085837 2
      vertex 21.11810302734375 -24.049999237060547 2
      vertex 0.27707094093840107 -22.19659335222283 2
    endloop
  endfacet
  facet normal 0 0 1
    outer loop
      vertex 0.19291519476003433 -20.80797160563612 2
      vertex 0.2146421932545171 -22.191041525045524 2
      vertex 0.2506664671286085 -20.864615289150095 2
    endloop
  endfacet
  facet normal 0 0 1
    outer loop
      vertex 0.19291519476003433 -20.80797160563612 2
      vertex 0.2506664671286085 -20.864615289150095 2
      vertex 0.2506664671286085 -20.809755898283157 2
    endloop
  endfacet
  facet normal 0 0 1
    outer loop
      vertex 0.19291519476003433 -20.80797160563612 2
      vertex 0.2506664671286085 -20.809755898283157 2
      vertex 21.11810302734375 -20.5 2
    endloop
  endfacet
  facet normal 0 0 1
    outer loop
      vertex 0.2146421932545171 -22.191041525045524 2
      vertex 0.25623401956278724 -20.870182841584274 2
      vertex 0.2506664671286085 -20.864615289150095 2
    endloop
  endfacet
  facet normal 0 0 1
    outer loop
      vertex 0.2146421932545171 -22.191041525045524 2
      vertex 0.27707094093840107 -22.19659335222283 2
      vertex 0.25623401956278724 -20.870182841584274 2
    endloop
  endfacet
  facet normal 0 0 1
    outer loop
      vertex 0.22430140568878737 22.19408448918894 2
      vertex 0.2248174968701803 22.16123180643857 2
      vertex 21.11810302734375 25.70000457763672 2
    endloop
  endfacet
  facet normal 0 0 1
    outer loop
      vertex 0.2248174968701803 22.16123180643857 2
      vertex 0.24604703999604158 20.809828274669584 2
      vertex 0.288153929241104 22.097899730080872 2
    endloop
  endfacet
  facet normal 0 0 1
    outer loop
      vertex 0.2248174968701803 22.16123180643857 2
      vertex 0.288153929241104 22.097899730080872 2
      vertex 21.11810302734375 25.70000457763672 2
    endloop
  endfacet
  facet normal 0 0 1
    outer loop
      vertex 0.24604703999604158 20.809828274669584 2
      vertex 0.3084031134720627 20.808902650731437 2
      vertex 0.288153929241104 22.097899730080872 2
    endloop
  endfacet
  facet normal 0 0 1
    outer loop
      vertex 0.2506664671286085 -20.864615289150095 2
      vertex 0.25623401956278724 -20.870182841584274 2
      vertex 21.11810302734375 -20.5 2
    endloop
  endfacet
  facet normal 0 0 1
    outer loop
      vertex 0.2506664671286085 -20.864615289150095 2
      vertex 21.11810302734375 -20.5 2
      vertex 0.2506664671286085 -20.809755898283157 2
    endloop
  endfacet
  facet normal 0 0 1
    outer loop
      vertex 0.25623401956278724 -20.870182841584274 2
      vertex 0.27707094093840107 -22.19659335222283 2
      vertex 0.31286893008046174 -22.079015036053423 2
    endloop
  endfacet
  facet normal 0 0 1
    outer loop
      vertex 0.25623401956278724 -20.870182841584274 2
      vertex 0.31286893008046174 -22.079015036053423 2
      vertex 0.31286893008046174 -20.929099131146813 2
    endloop
  endfacet
  facet normal 0 0 1
    outer loop
      vertex 0.25623401956278724 -20.870182841584274 2
      vertex 0.31286893008046174 -20.929099131146813 2
      vertex 0.31286893008046174 -20.921381803421497 2
    endloop
  endfacet
  facet normal 0 0 1
    outer loop
      vertex 0.25623401956278724 -20.870182841584274 2
      vertex 0.31286893008046174 -20.921381803421497 2
      vertex 21.11810302734375 -20.5 2
    endloop
  endfacet
  facet normal 0 0 -1
    outer loop
      vertex 0.26888320124423526 20.518363222566176 0
      vertex 0.31286893008046174 20.578428146108127 0
      vertex 0.4502010660702771 20.55150707200881 0
    endloop
  endfacet
  facet normal 0 0 -1
    outer loop
      vertex 0.26888320124423526 20.518363222566176 0
      vertex 0.4502010660702771 20.55150707200881 0
      vertex 21.11810302734375 16.5 0
    endloop
  endfacet
  facet normal 0 0 -1
    outer loop
      vertex 0.2688832012442356 -20.518363222566176 0
      vertex 0.45019253532129117 -20.55150502395718 0
      vertex 0.31202114441554435 -20.57859059144296 0
    endloop
  endfacet
  facet normal 0 0 -1
    outer loop
      vertex 0.2688832012442356 -20.518363222566176 0
      vertex 21.11810302734375 -16.5 0
      vertex 0.45019253532129117 -20.55150502395718 0
    endloop
  endfacet
  facet normal 0 0 1
    outer loop
      vertex 0.27707094093840107 -22.19659335222283 2
      vertex 0.3991396608618936 -22.087187895180342 2
      vertex 0.31286893008046174 -22.079015036053423 2
    endloop
  endfacet
  facet normal 0 0 1
    outer loop
      vertex 0.27707094093840107 -22.19659335222283 2
      vertex 21.11810302734375 -24.049999237060547 2
      vertex 0.3991396608618936 -22.087187895180342 2
    endloop
  endfacet
  facet normal 0 0 1
    outer loop
      vertex 0.288153929241104 22.097899730080872 2
      vertex 0.3084031134720627 20.808902650731437 2
      vertex 0.31286893008046174 20.921385617142104 2
    endloop
  endfacet
  facet normal 0 0 1
    outer loop
      vertex 0.288153929241104 22.097899730080872 2
      vertex 0.31286893008046174 20.921385617142104 2
      vertex 0.31286893008046174 22.070904683550452 2
    endloop
  endfacet
  facet normal 0 0 1
    outer loop
      vertex 0.288153929241104 22.097899730080872 2
      vertex 0.31286893008046174 22.070904683550452 2
      vertex 0.31286893008046174 22.079441293370976 2
    endloop
  endfacet
  facet normal 0 0 1
    outer loop
      vertex 0.288153929241104 22.097899730080872 2
      vertex 0.31286893008046174 22.079441293370976 2
      vertex 21.11810302734375 25.70000457763672 2
    endloop
  endfacet
  facet normal 0 0 1
    outer loop
      vertex 0.3084031134720627 20.808902650731437 2
      vertex 0.3747626291714496 20.920132032853328 2
      vertex 0.31286893008046174 20.921385617142104 2
    endloop
  endfacet
  facet normal 0 0 1
    outer loop
      vertex 0.3084031134720627 20.808902650731437 2
      vertex 21.11810302734375 20.5 2
      vertex 0.3747626291714496 20.920132032853328 2
    endloop
  endfacet
  facet normal 0 0 -1
    outer loop
      vertex 0.31202114441554435 -20.57859059144296 0
      vertex 0.45019253532129117 -20.55150502395718 0
      vertex 0.4962503044590297 -20.63473204895188 0
    endloop
  endfacet
  facet normal 0 0 1
    outer loop
      vertex 0.31286893008046174 -22.079015036053423 2
      vertex 0.38250938135322815 -21.02855849703103 2
      vertex 0.31286893008046174 -20.929099131146813 2
    endloop
  endfacet
  facet normal 0 0 1
    outer loop
      vertex 0.31286893008046174 -22.079015036053423 2
      vertex 0.3991396608618936 -22.087187895180342 2
      vertex 0.38250938135322815 -21.02855849703103 2
    endloop
  endfacet
  facet normal 0 0 1
    outer loop
      vertex 0.31286893008046174 -20.929099131146813 2
      vertex 0.38250938135322815 -21.02855849703103 2
      vertex 21.11810302734375 -20.5 2
    endloop
  endfacet
  facet normal 0 0 1
    outer loop
      vertex 0.31286893008046174 -20.929099131146813 2
      vertex 21.11810302734375 -20.5 2
      vertex 0.31286893008046174 -20.921381803421497 2
    endloop
  endfacet
  facet normal 0 0 1
    outer loop
      vertex 0.31286893008046174 20.921385617142104 2
      vertex 0.3747626291714495 21.98250910380748 2
      vertex 0.31286893008046174 22.070904683550452 2
    endloop
  endfacet
  facet normal 0 0 1
    outer loop
      vertex 0.31286893008046174 20.921385617142104 2
      vertex 0.3747626291714496 20.920132032853328 2
      vertex 0.3747626291714495 21.98250910380748 2
    endloop
  endfacet
  facet normal 0 0 1
    outer loop
      vertex 0.31286893008046174 22.070904683550452 2
      vertex 0.3747626291714495 21.98250910380748 2
      vertex 21.11810302734375 25.70000457763672 2
    endloop
  endfacet
  facet normal 0 0 1
    outer loop
      vertex 0.31286893008046174 22.070904683550452 2
      vertex 21.11810302734375 25.70000457763672 2
      vertex 0.31286893008046174 22.079441293370976 2
    endloop
  endfacet
  facet normal 0 0 1
    outer loop
      vertex 0.3747626291714495 21.98250910380748 2
      vertex 0.3747626291714496 20.920132032853328 2
      vertex 0.4284158861448086 21.04918300975925 2
    endloop
  endfacet
  facet normal 0 0 1
    outer loop
      vertex 0.3747626291714495 21.98250910380748 2
      vertex 0.4142171847632384 21.953026068454758 2
      vertex 21.11810302734375 25.70000457763672 2
    endloop
  endfacet
  facet normal 0 0 1
    outer loop
      vertex 0.3747626291714495 21.98250910380748 2
      vertex 0.41484835931691233 21.912847553262942 2
      vertex 0.4142171847632384 21.953026068454758 2
    endloop
  endfacet
  facet normal 0 0 1
    outer loop
      vertex 0.3747626291714495 21.98250910380748 2
      vertex 0.4284158861448086 21.04918300975925 2
      vertex 0.41484835931691233 21.912847553262942 2
    endloop
  endfacet
  facet normal 0 0 1
    outer loop
      vertex 0.3747626291714496 20.920132032853328 2
      vertex 0.43628648279308574 21.048974094180856 2
      vertex 0.4284158861448086 21.04918300975925 2
    endloop
  endfacet
  facet normal 0 0 1
    outer loop
      vertex 0.3747626291714496 20.920132032853328 2
      vertex 21.11810302734375 20.5 2
      vertex 0.43628648279308574 21.048974094180856 2
    endloop
  endfacet
  facet normal 0 0 1
    outer loop
      vertex 0.38250938135322815 -21.02855849703103 2
      vertex 0.3991396608618936 -22.087187895180342 2
      vertex 0.43628648279308524 -21.953929485397698 2
    endloop
  endfacet
  facet normal 0 0 1
    outer loop
      vertex 0.38250938135322815 -21.02855849703103 2
      vertex 0.436286482793085 -21.048970286620207 2
      vertex 21.11810302734375 -20.5 2
    endloop
  endfacet
  facet normal 0 0 1
    outer loop
      vertex 0.38250938135322815 -21.02855849703103 2
      vertex 0.4362864827930851 -21.133131044990357 2
      vertex 0.436286482793085 -21.048970286620207 2
    endloop
  endfacet
  facet normal 0 0 1
    outer loop
      vertex 0.38250938135322815 -21.02855849703103 2
      vertex 0.43628648279308524 -21.953929485397698 2
      vertex 0.4362864827930851 -21.133131044990357 2
    endloop
  endfacet
  facet normal 0 0 1
    outer loop
      vertex 0.3991396608618936 -22.087187895180342 2
      vertex 0.45840518820817144 -21.956171181588484 2
      vertex 0.43628648279308524 -21.953929485397698 2
    endloop
  endfacet
  facet normal 0 0 1
    outer loop
      vertex 0.3991396608618936 -22.087187895180342 2
      vertex 21.11810302734375 -24.049999237060547 2
      vertex 0.45840518820817144 -21.956171181588484 2
    endloop
  endfacet
  facet normal 0 0 1
    outer loop
      vertex 0.4142171847632384 21.953026068454758 2
      vertex 0.41484835931691233 21.912847553262942 2
      vertex 21.11810302734375 25.70000457763672 2
    endloop
  endfacet
  facet normal 0 0 1
    outer loop
      vertex 0.41484835931691233 21.912847553262942 2
      vertex 0.4284158861448086 21.04918300975925 2
      vertex 0.4362864827930855 21.866872769706905 2
    endloop
  endfacet
  facet normal 0 0 1
    outer loop
      vertex 0.41484835931691233 21.912847553262942 2
      vertex 0.4362864827930855 21.866872769706905 2
      vertex 21.11810302734375 25.70000457763672 2
    endloop
  endfacet
  facet normal 0 0 1
    outer loop
      vertex 0.4284158861448086 21.04918300975925 2
      vertex 0.43628648279308574 21.048974094180856 2
      vertex 0.4362864827930855 21.866872769706905 2
    endloop
  endfacet
  facet normal 0 0 1
    outer loop
      vertex 0.436286482793085 -21.048970286620207 2
      vertex 0.4362864827930851 -21.133131044990357 2
      vertex 21.11810302734375 -20.5 2
    endloop
  endfacet
  facet normal 0 0 1
    outer loop
      vertex 0.4362864827930851 -21.133131044990357 2
      vertex 0.43628648279308524 -21.953929485397698 2
      vertex 0.4457962141999842 -21.153524986819928 2
    endloop
  endfacet
  facet normal 0 0 1
    outer loop
      vertex 0.4362864827930851 -21.133131044990357 2
      vertex 0.4457962141999842 -21.153524986819928 2
      vertex 21.11810302734375 -20.5 2
    endloop
  endfacet
  facet normal 0 0 1
    outer loop
      vertex 0.43628648279308524 -21.953929485397698 2
      vertex 0.45840518820817144 -21.956171181588484 2
      vertex 0.4457962141999842 -21.153524986819928 2
    endloop
  endfacet
  facet normal 0 0 1
    outer loop
      vertex 0.4362864827930855 21.866872769706905 2
      vertex 0.43628648279308574 21.048974094180856 2
      vertex 0.48750561122810593 21.19139072250146 2
    endloop
  endfacet
  facet normal 0 0 1
    outer loop
      vertex 0.4362864827930855 21.866872769706905 2
      vertex 0.4777805927088223 21.810453709187637 2
      vertex 21.11810302734375 25.70000457763672 2
    endloop
  endfacet
  facet normal 0 0 1
    outer loop
      vertex 0.4362864827930855 21.866872769706905 2
      vertex 0.4786939018750579 21.752315423990897 2
      vertex 0.4777805927088223 21.810453709187637 2
    endloop
  endfacet
  facet normal 0 0 1
    outer loop
      vertex 0.4362864827930855 21.866872769706905 2
      vertex 0.48750561122810593 21.19139072250146 2
      vertex 0.4786939018750579 21.752315423990897 2
    endloop
  endfacet
  facet normal 0 0 1
    outer loop
      vertex 0.43628648279308574 21.048974094180856 2
      vertex 0.497379774329709 21.191059810864573 2
      vertex 0.48750561122810593 21.19139072250146 2
    endloop
  endfacet
  facet normal 0 0 1
    outer loop
      vertex 0.43628648279308574 21.048974094180856 2
      vertex 21.11810302734375 20.5 2
      vertex 0.497379774329709 21.191059810864573 2
    endloop
  endfacet
  facet normal 0 0 -1
    outer loop
      vertex 0.44390459214930383 24.45000457763672 0
      vertex 1.9959631840058443 22.626728064381723 0
      vertex 0.4666484358701054 22.48090946434561 0
    endloop
  endfacet
  facet normal 0 0 -1
    outer loop
      vertex 0.44390459214930383 24.45000457763672 0
      vertex 21.11810302734375 24.45000457763672 0
      vertex 1.9959631840058443 22.626728064381723 0
    endloop
  endfacet
  facet normal 0 0 -1
    outer loop
      vertex 0.44390459214930383 24.45000457763672 0
      vertex 21.11810302734375 26.5 0
      vertex 21.11810302734375 24.45000457763672 0
    endloop
  endfacet
  facet normal 0 0 1
    outer loop
      vertex 0.4457962141999842 -21.153524986819928 2
      vertex 0.45840518820817144 -21.956171181588484 2
      vertex 0.49737977432970953 -21.31742546424736 2
    endloop
  endfacet
  facet normal 0 0 1
    outer loop
      vertex 0.4457962141999842 -21.153524986819928 2
      vertex 0.49737977432970953 -21.31742546424736 2
      vertex 0.4973797743297096 -21.191056002365297 2
    endloop
  endfacet
  facet normal 0 0 1
    outer loop
      vertex 0.4457962141999842 -21.153524986819928 2
      vertex 0.4973797743297096 -21.191056002365297 2
      vertex 21.11810302734375 -20.5 2
    endloop
  endfacet
  facet normal 0 0 -1
    outer loop
      vertex 0.45019253532129117 -20.55150502395718 0
      vertex 0.6409251940558078 -20.605724378752075 0
      vertex 0.4962503044590297 -20.63473204895188 0
    endloop
  endfacet
  facet normal 0 0 -1
    outer loop
      vertex 0.45019253532129117 -20.55150502395718 0
      vertex 21.11810302734375 -16.5 0
      vertex 0.6409251940558078 -20.605724378752075 0
    endloop
  endfacet
  facet normal 0 0 -1
    outer loop
      vertex 0.4502010660702771 20.55150707200881 0
      vertex 0.4666484358701054 22.48090946434561 0
      vertex 0.49737977432970887 20.634509324375482 0
    endloop
  endfacet
  facet normal 0 0 -1
    outer loop
      vertex 0.4502010660702771 20.55150707200881 0
      vertex 0.49737977432970887 20.634509324375482 0
      vertex 0.6409320296275691 20.605726719091386 0
    endloop
  endfacet
  facet normal 0 0 -1
    outer loop
      vertex 0.4502010660702771 20.55150707200881 0
      vertex 0.6409320296275691 20.605726719091386 0
      vertex 21.11810302734375 16.5 0
    endloop
  endfacet
  facet normal 0 0 1
    outer loop
      vertex 0.45840518820817144 -21.956171181588484 2
      vertex 0.4973797743297094 -21.81146238284503 2
      vertex 0.49737977432970953 -21.31742546424736 2
    endloop
  endfacet
  facet normal 0 0 1
    outer loop
      vertex 0.45840518820817144 -21.956171181588484 2
      vertex 21.11810302734375 -24.049999237060547 2
      vertex 0.4973797743297094 -21.81146238284503 2
    endloop
  endfacet
  facet normal 0 0 -1
    outer loop
      vertex 0.4666484358701054 22.48090946434561 0
      vertex 0.6409320296275691 20.605726719091386 0
      vertex 0.49737977432970887 20.634509324375482 0
    endloop
  endfacet
  facet normal 0 0 -1
    outer loop
      vertex 0.4666484358701054 22.48090946434561 0
      vertex 0.6774758404905832 20.71148678582876 0
      vertex 0.6409320296275691 20.605726719091386 0
    endloop
  endfacet
  facet normal 0 0 -1
    outer loop
      vertex 0.4666484358701054 22.48090946434561 0
      vertex 0.829163006565293 20.680233904512363 0
      vertex 0.6774758404905832 20.71148678582876 0
    endloop
  endfacet
  facet normal 0 0 -1
    outer loop
      vertex 0.4666484358701054 22.48090946434561 0
      vertex 0.8515585831301449 20.805909401437884 0
      vertex 0.829163006565293 20.680233904512363 0
    endloop
  endfacet
  facet normal 0 0 -1
    outer loop
      vertex 0.4666484358701054 22.48090946434561 0
      vertex 1.0078804948130455 20.772696635886312 0
      vertex 0.8515585831301449 20.805909401437884 0
    endloop
  endfacet
  facet normal 0 0 -1
    outer loop
      vertex 0.4666484358701054 22.48090946434561 0
      vertex 1.0180828315007433 20.913734971529188 0
      vertex 1.0078804948130455 20.772696635886312 0
    endloop
  endfacet
  facet normal 0 0 -1
    outer loop
      vertex 0.4666484358701054 22.48090946434561 0
      vertex 1.1725202728474022 20.87982227247995 0
      vertex 1.0180828315007433 20.913734971529188 0
    endloop
  endfacet
  facet normal 0 0 -1
    outer loop
      vertex 0.4666484358701054 22.48090946434561 0
      vertex 1.1755705045849463 21.030491193090413 0
      vertex 1.1725202728474022 20.87982227247995 0
    endloop
  endfacet
  facet normal 0 0 -1
    outer loop
      vertex 0.4666484358701054 22.48090946434561 0
      vertex 1.3201323491655612 20.997650019935403 0
      vertex 1.1755705045849463 21.030491193090413 0
    endloop
  endfacet
  facet normal 0 0 -1
    outer loop
      vertex 0.4666484358701054 22.48090946434561 0
      vertex 1.322623730647303 21.151462433497855 0
      vertex 1.3201323491655612 20.997650019935403 0
    endloop
  endfacet
  facet normal 0 0 -1
    outer loop
      vertex 0.4666484358701054 22.48090946434561 0
      vertex 1.4490661359386465 21.121751503572963 0
      vertex 1.322623730647303 21.151462433497855 0
    endloop
  endfacet
  facet normal 0 0 -1
    outer loop
      vertex 0.4666484358701054 22.48090946434561 0
      vertex 1.4579372548428233 21.4874046974881 0
      vertex 1.4490661359386465 21.121751503572963 0
    endloop
  endfacet
  facet normal 0 0 -1
    outer loop
      vertex 0.4666484358701054 22.48090946434561 0
      vertex 1.7496910007283688 21.531369210432462 0
      vertex 1.4579372548428233 21.4874046974881 0
    endloop
  endfacet
  facet normal 0 0 -1
    outer loop
      vertex 0.4666484358701054 22.48090946434561 0
      vertex 1.752613360087727 21.676787769859548 0
      vertex 1.7496910007283688 21.531369210432462 0
    endloop
  endfacet
  facet normal 0 0 -1
    outer loop
      vertex 0.4666484358701054 22.48090946434561 0
      vertex 1.8272809117986633 21.687480466659796 0
      vertex 1.752613360087727 21.676787769859548 0
    endloop
  endfacet
  facet normal 0 0 -1
    outer loop
      vertex 0.4666484358701054 22.48090946434561 0
      vertex 1.8355092513679625 21.836679278365754 0
      vertex 1.8272809117986633 21.687480466659796 0
    endloop
  endfacet
  facet normal 0 0 -1
    outer loop
      vertex 0.4666484358701054 22.48090946434561 0
      vertex 1.8890943470331898 21.84394154234293 0
      vertex 1.8355092513679625 21.836679278365754 0
    endloop
  endfacet
  facet normal 0 0 -1
    outer loop
      vertex 0.4666484358701054 22.48090946434561 0
      vertex 1.902113032590307 21.99181541266872 0
      vertex 1.8890943470331898 21.84394154234293 0
    endloop
  endfacet
  facet normal 0 0 -1
    outer loop
      vertex 0.4666484358701054 22.48090946434561 0
      vertex 1.9353744804258126 21.9960703550736 0
      vertex 1.902113032590307 21.99181541266872 0
    endloop
  endfacet
  facet normal 0 0 -1
    outer loop
      vertex 0.4666484358701054 22.48090946434561 0
      vertex 1.9371663222572624 22.135767267584633 0
      vertex 1.9353744804258126 21.9960703550736 0
    endloop
  endfacet
  facet normal 0 0 -1
    outer loop
      vertex 0.4666484358701054 22.48090946434561 0
      vertex 1.9670413505819115 22.13937177899358 0
      vertex 1.9371663222572624 22.135767267584633 0
    endloop
  endfacet
  facet normal 0 0 -1
    outer loop
      vertex 0.4666484358701054 22.48090946434561 0
      vertex 1.9753766811902755 22.268574159232756 0
      vertex 1.9670413505819115 22.13937177899358 0
    endloop
  endfacet
  facet normal 0 0 -1
    outer loop
      vertex 0.4666484358701054 22.48090946434561 0
      vertex 1.9864934461347055 22.269840982399188 0
      vertex 1.9753766811902755 22.268574159232756 0
    endloop
  endfacet
  facet normal 0 0 -1
    outer loop
      vertex 0.4666484358701054 22.48090946434561 0
      vertex 1.99112392920616 22.38333509360484 0
      vertex 1.9864934461347055 22.269840982399188 0
    endloop
  endfacet
  facet normal 0 0 -1
    outer loop
      vertex 0.4666484358701054 22.48090946434561 0
      vertex 1.9956688873708095 22.60110059884614 0
      vertex 1.99112392920616 22.38333509360484 0
    endloop
  endfacet
  facet normal 0 0 -1
    outer loop
      vertex 0.4666484358701054 22.48090946434561 0
      vertex 1.9959631840058443 22.626728064381723 0
      vertex 1.9956688873708095 22.60110059884614 0
    endloop
  endfacet
  facet normal 0 0 1
    outer loop
      vertex 0.4777805927088223 21.810453709187637 2
      vertex 0.4786939018750579 21.752315423990897 2
      vertex 21.11810302734375 25.70000457763672 2
    endloop
  endfacet
  facet normal 0 0 1
    outer loop
      vertex 0.4786939018750579 21.752315423990897 2
      vertex 0.48750561122810593 21.19139072250146 2
      vertex 0.4973797743297091 21.68257519765367 2
    endloop
  endfacet
  facet normal 0 0 1
    outer loop
      vertex 0.4786939018750579 21.752315423990897 2
      vertex 0.4973797743297091 21.68257519765367 2
      vertex 21.11810302734375 25.70000457763672 2
    endloop
  endfacet
  facet normal 0 0 1
    outer loop
      vertex 0.48750561122810593 21.19139072250146 2
      vertex 0.497379774329709 21.191059810864573 2
      vertex 0.4973797743297091 21.68257519765367 2
    endloop
  endfacet
  facet normal 0 0 -1
    outer loop
      vertex 0.4962503044590297 -20.63473204895188 0
      vertex 0.6409251940558078 -20.605724378752075 0
      vertex 0.6760062808553217 -20.711785839416763 0
    endloop
  endfacet
  facet normal 0 0 1
    outer loop
      vertex 0.497379774329709 21.191059810864573 2
      vertex 0.5460022539227832 21.342017724103947 2
      vertex 0.4973797743297091 21.68257519765367 2
    endloop
  endfacet
  facet normal 0 0 1
    outer loop
      vertex 0.497379774329709 21.191059810864573 2
      vertex 21.11810302734375 20.5 2
      vertex 0.5460022539227832 21.342017724103947 2
    endloop
  endfacet
  facet normal 0 0 1
    outer loop
      vertex 0.4973797743297091 21.68257519765367 2
      vertex 0.5409528539883293 21.663446068759306 2
      vertex 21.11810302734375 25.70000457763672 2
    endloop
  endfacet
  facet normal 0 0 1
    outer loop
      vertex 0.4973797743297091 21.68257519765367 2
      vertex 0.5460022539227832 21.342017724103947 2
      vertex 0.5409528539883293 21.663446068759306 2
    endloop
  endfacet
  facet normal 0 0 1
    outer loop
      vertex 0.4973797743297094 -21.81146238284503 2
      vertex 0.5145755264538981 -21.65745921981311 2
      vertex 0.49737977432970953 -21.31742546424736 2
    endloop
  endfacet
  facet normal 0 0 1
    outer loop
      vertex 0.4973797743297094 -21.81146238284503 2
      vertex 21.11810302734375 -24.049999237060547 2
      vertex 0.5145755264538981 -21.65745921981311 2
    endloop
  endfacet
  facet normal 0 0 1
    outer loop
      vertex 0.49737977432970953 -21.31742546424736 2
      vertex 0.509643553414365 -21.343505888613283 2
      vertex 0.4973797743297096 -21.191056002365297 2
    endloop
  endfacet
  facet normal 0 0 1
    outer loop
      vertex 0.49737977432970953 -21.31742546424736 2
      vertex 0.5107898285686536 -21.416474029411265 2
      vertex 0.509643553414365 -21.343505888613283 2
    endloop
  endfacet
  facet normal 0 0 1
    outer loop
      vertex 0.49737977432970953 -21.31742546424736 2
      vertex 0.5145755264538981 -21.65745921981311 2
      vertex 0.5107898285686536 -21.416474029411265 2
    endloop
  endfacet
  facet normal 0 0 1
    outer loop
      vertex 0.4973797743297096 -21.191056002365297 2
      vertex 0.509643553414365 -21.343505888613283 2
      vertex 21.11810302734375 -20.5 2
    endloop
  endfacet
  facet normal 0 0 1
    outer loop
      vertex 0.509643553414365 -21.343505888613283 2
      vertex 0.5107898285686536 -21.416474029411265 2
      vertex 0.5579822120784586 -21.498063821532387 2
    endloop
  endfacet
  facet normal 0 0 1
    outer loop
      vertex 0.509643553414365 -21.343505888613283 2
      vertex 0.5579822120784586 -21.498063821532387 2
      vertex 21.11810302734375 -20.5 2
    endloop
  endfacet
  facet normal 0 0 1
    outer loop
      vertex 0.5107898285686536 -21.416474029411265 2
      vertex 0.5145755264538981 -21.65745921981311 2
      vertex 0.5579822120784586 -21.50493725361523 2
    endloop
  endfacet
  facet normal 0 0 1
    outer loop
      vertex 0.5107898285686536 -21.416474029411265 2
      vertex 0.5579822120784586 -21.50493725361523 2
      vertex 0.5579822120784586 -21.498063821532387 2
    endloop
  endfacet
  facet normal 0 0 1
    outer loop
      vertex 0.5145755264538981 -21.65745921981311 2
      vertex 21.11810302734375 -24.049999237060547 2
      vertex 0.5579822120784586 -21.50493725361523 2
    endloop
  endfacet
  facet normal 0 0 1
    outer loop
      vertex 0.5409528539883293 21.663446068759306 2
      vertex 0.5460022539227832 21.342017724103947 2
      vertex 21.11810302734375 20.5 2
    endloop
  endfacet
  facet normal 0 0 1
    outer loop
      vertex 0.5409528539883293 21.663446068759306 2
      vertex 21.11810302734375 20.5 2
      vertex 21.11810302734375 25.70000457763672 2
    endloop
  endfacet
  facet normal 0 0 1
    outer loop
      vertex 0.5579822120784586 -21.50493725361523 2
      vertex 21.11810302734375 -24.049999237060547 2
      vertex 21.11810302734375 -20.5 2
    endloop
  endfacet
  facet normal 0 0 1
    outer loop
      vertex 0.5579822120784586 -21.50493725361523 2
      vertex 21.11810302734375 -20.5 2
      vertex 0.5579822120784586 -21.498063821532387 2
    endloop
  endfacet
  facet normal 0 0 -1
    outer loop
      vertex 0.6409251940558078 -20.605724378752075 0
      vertex 0.8291573806072028 -20.680231364294883 0
      vertex 0.6760062808553217 -20.711785839416763 0
    endloop
  endfacet
  facet normal 0 0 -1
    outer loop
      vertex 0.6409251940558078 -20.605724378752075 0
      vertex 21.11810302734375 -16.5 0
      vertex 0.8291573806072028 -20.680231364294883 0
    endloop
  endfacet
  facet normal 0 0 -1
    outer loop
      vertex 0.6409320296275691 20.605726719091386 0
      vertex 0.6774758404905832 20.71148678582876 0
      vertex 0.829163006565293 20.680233904512363 0
    endloop
  endfacet
  facet normal 0 0 -1
    outer loop
      vertex 0.6409320296275691 20.605726719091386 0
      vertex 0.829163006565293 20.680233904512363 0
      vertex 21.11810302734375 16.5 0
    endloop
  endfacet
  facet normal 0 0 -1
    outer loop
      vertex 0.6760062808553217 -20.711785839416763 0
      vertex 0.8291573806072028 -20.680231364294883 0
      vertex 0.8497371455462451 -20.806292675890624 0
    endloop
  endfacet
  facet normal 0 0 -1
    outer loop
      vertex 0.8291573806072028 -20.680231364294883 0
      vertex 1.0078757859879952 -20.772693950019924 0
      vertex 0.8497371455462451 -20.806292675890624 0
    endloop
  endfacet
  facet normal 0 0 -1
    outer loop
      vertex 0.8291573806072028 -20.680231364294883 0
      vertex 21.11810302734375 -16.5 0
      vertex 1.0078757859879952 -20.772693950019924 0
    endloop
  endfacet
  facet normal 0 0 -1
    outer loop
      vertex 0.829163006565293 20.680233904512363 0
      vertex 0.8515585831301449 20.805909401437884 0
      vertex 1.0078804948130455 20.772696635886312 0
    endloop
  endfacet
  facet normal 0 0 -1
    outer loop
      vertex 0.829163006565293 20.680233904512363 0
      vertex 1.0078804948130455 20.772696635886312 0
      vertex 21.11810302734375 16.5 0
    endloop
  endfacet
  facet normal 0 0 -1
    outer loop
      vertex 0.8497371455462451 -20.806292675890624 0
      vertex 1.0078757859879952 -20.772693950019924 0
      vertex 1.0159513467288575 -20.914199320408613 0
    endloop
  endfacet
  facet normal 0 0 -1
    outer loop
      vertex 1.0078757859879952 -20.772693950019924 0
      vertex 1.1725162919085839 -20.879819474629286 0
      vertex 1.0159513467288575 -20.914199320408613 0
    endloop
  endfacet
  facet normal 0 0 -1
    outer loop
      vertex 1.0078757859879952 -20.772693950019924 0
      vertex 21.11810302734375 -16.5 0
      vertex 1.1725162919085839 -20.879819474629286 0
    endloop
  endfacet
  facet normal 0 0 -1
    outer loop
      vertex 1.0078804948130455 20.772696635886312 0
      vertex 1.0180828315007433 20.913734971529188 0
      vertex 1.1725202728474022 20.87982227247995 0
    endloop
  endfacet
  facet normal 0 0 -1
    outer loop
      vertex 1.0078804948130455 20.772696635886312 0
      vertex 1.1725202728474022 20.87982227247995 0
      vertex 21.11810302734375 16.5 0
    endloop
  endfacet
  facet normal 0 0 -1
    outer loop
      vertex 1.0159513467288575 -20.914199320408613 0
      vertex 1.1725162919085839 -20.879819474629286 0
      vertex 1.173228986069302 -21.031019449328547 0
    endloop
  endfacet
  facet normal 0 0 -1
    outer loop
      vertex 1.1725162919085839 -20.879819474629286 0
      vertex 1.3201289674163552 -20.997647131648723 0
      vertex 1.173228986069302 -21.031019449328547 0
    endloop
  endfacet
  facet normal 0 0 -1
    outer loop
      vertex 1.1725162919085839 -20.879819474629286 0
      vertex 21.11810302734375 -16.5 0
      vertex 1.3201289674163552 -20.997647131648723 0
    endloop
  endfacet
  facet normal 0 0 -1
    outer loop
      vertex 1.1725202728474022 20.87982227247995 0
      vertex 1.1755705045849463 21.030491193090413 0
      vertex 1.3201323491655612 20.997650019935403 0
    endloop
  endfacet
  facet normal 0 0 -1
    outer loop
      vertex 1.1725202728474022 20.87982227247995 0
      vertex 1.3201323491655612 20.997650019935403 0
      vertex 21.11810302734375 16.5 0
    endloop
  endfacet
  facet normal 0 0 -1
    outer loop
      vertex 1.173228986069302 -21.031019449328547 0
      vertex 1.3201289674163552 -20.997647131648723 0
      vertex 1.3202320505615164 -21.152024420904436 0
    endloop
  endfacet
  facet normal 0 0 -1
    outer loop
      vertex 1.3201289674163552 -20.997647131648723 0
      vertex 1.4490661359386463 -21.121751503572963 0
      vertex 1.3202320505615164 -21.152024420904436 0
    endloop
  endfacet
  facet normal 0 0 -1
    outer loop
      vertex 1.3201289674163552 -20.997647131648723 0
      vertex 21.11810302734375 -16.5 0
      vertex 1.4490661359386463 -21.121751503572963 0
    endloop
  endfacet
  facet normal 0 0 -1
    outer loop
      vertex 1.3201323491655612 20.997650019935403 0
      vertex 1.322623730647303 21.151462433497855 0
      vertex 1.4490661359386465 21.121751503572963 0
    endloop
  endfacet
  facet normal 0 0 -1
    outer loop
      vertex 1.3201323491655612 20.997650019935403 0
      vertex 1.4490661359386465 21.121751503572963 0
      vertex 21.11810302734375 16.5 0
    endloop
  endfacet
  facet normal 0 0 -1
    outer loop
      vertex 1.3202320505615164 -21.152024420904436 0
      vertex 1.4490661359386463 -21.121751503572963 0
      vertex 1.4557141236164928 -21.272423077188225 0
    endloop
  endfacet
  facet normal 0 0 -1
    outer loop
      vertex 1.4490661359386463 -21.121751503572963 0
      vertex 1.5588437634053747 -21.247391618636552 0
      vertex 1.4557141236164928 -21.272423077188225 0
    endloop
  endfacet
  facet normal 0 0 -1
    outer loop
      vertex 1.4490661359386463 -21.121751503572963 0
      vertex 21.11810302734375 -16.5 0
      vertex 1.5588437634053747 -21.247391618636552 0
    endloop
  endfacet
  facet normal 0 0 -1
    outer loop
      vertex 1.4490661359386465 21.121751503572963 0
      vertex 1.4579372548428233 21.4874046974881 0
      vertex 1.7496910007283688 21.531369210432462 0
    endloop
  endfacet
  facet normal 0 0 -1
    outer loop
      vertex 1.4490661359386465 21.121751503572963 0
      vertex 1.7496910007283688 21.531369210432462 0
      vertex 21.11810302734375 16.5 0
    endloop
  endfacet
  facet normal 0 0 -1
    outer loop
      vertex 1.4557141236164928 -21.272423077188225 0
      vertex 1.5588437634053747 -21.247391618636552 0
      vertex 1.5727413731816495 -21.75598158662039 0
    endloop
  endfacet
  facet normal 0 0 -1
    outer loop
      vertex 1.5588437634053747 -21.247391618636552 0
      vertex 21.11810302734375 -16.5 0
      vertex 1.5727413731816495 -21.75598158662039 0
    endloop
  endfacet
  facet normal 0 0 -1
    outer loop
      vertex 1.5727413731816495 -21.75598158662039 0
      vertex 1.8849214201272722 -21.831753420224928 0
      vertex 1.9005050365178207 -21.984325801027286 0
    endloop
  endfacet
  facet normal 0 0 -1
    outer loop
      vertex 1.5727413731816495 -21.75598158662039 0
      vertex 1.9005050365178207 -21.984325801027286 0
      vertex 1.9691853103885444 -22.848343885213453 0
    endloop
  endfacet
  facet normal 0 0 -1
    outer loop
      vertex 1.5727413731816495 -21.75598158662039 0
      vertex 21.11810302734375 -16.5 0
      vertex 1.8849214201272722 -21.831753420224928 0
    endloop
  endfacet
  facet normal 0 0 -1
    outer loop
      vertex 1.7496910007283688 21.531369210432462 0
      vertex 1.752613360087727 21.676787769859548 0
      vertex 1.8272809117986633 21.687480466659796 0
    endloop
  endfacet
  facet normal 0 0 -1
    outer loop
      vertex 1.7496910007283688 21.531369210432462 0
      vertex 1.8272809117986633 21.687480466659796 0
      vertex 21.11810302734375 24.45000457763672 0
    endloop
  endfacet
  facet normal 0 0 -1
    outer loop
      vertex 1.7496910007283688 21.531369210432462 0
      vertex 21.11810302734375 24.45000457763672 0
      vertex 21.11810302734375 16.5 0
    endloop
  endfacet
  facet normal 0 0 -1
    outer loop
      vertex 1.8272809117986633 21.687480466659796 0
      vertex 1.8355092513679625 21.836679278365754 0
      vertex 1.8890943470331898 21.84394154234293 0
    endloop
  endfacet
  facet normal 0 0 -1
    outer loop
      vertex 1.8272809117986633 21.687480466659796 0
      vertex 1.8890943470331898 21.84394154234293 0
      vertex 21.11810302734375 24.45000457763672 0
    endloop
  endfacet
  facet normal 0 0 -1
    outer loop
      vertex 1.8849214201272722 -21.831753420224928 0
      vertex 1.9343362793065575 -21.992275330945294 0
      vertex 1.9005050365178207 -21.984325801027286 0
    endloop
  endfacet
  facet normal 0 0 -1
    outer loop
      vertex 1.8849214201272722 -21.831753420224928 0
      vertex 21.11810302734375 -26.5 0
      vertex 1.9343362793065575 -21.992275330945294 0
    endloop
  endfacet
  facet normal 0 0 -1
    outer loop
      vertex 1.8849214201272722 -21.831753420224928 0
      vertex 21.11810302734375 -16.5 0
      vertex 21.11810302734375 -26.5 0
    endloop
  endfacet
  facet normal 0 0 -1
    outer loop
      vertex 1.8890943470331898 21.84394154234293 0
      vertex 1.902113032590307 21.99181541266872 0
      vertex 1.9353744804258126 21.9960703550736 0
    endloop
  endfacet
  facet normal 0 0 -1
    outer loop
      vertex 1.8890943470331898 21.84394154234293 0
      vertex 1.9353744804258126 21.9960703550736 0
      vertex 21.11810302734375 24.45000457763672 0
    endloop
  endfacet
  facet normal 0 0 -1
    outer loop
      vertex 1.9005050365178207 -21.984325801027286 0
      vertex 1.9343362793065575 -21.992275330945294 0
      vertex 1.9349762652263438 -22.142032119219394 0
    endloop
  endfacet
  facet normal 0 0 -1
    outer loop
      vertex 1.9005050365178207 -21.984325801027286 0
      vertex 1.9349762652263438 -22.142032119219394 0
      vertex 1.9691853103885444 -22.848343885213453 0
    endloop
  endfacet
  facet normal 0 0 -1
    outer loop
      vertex 1.9343362793065575 -21.992275330945294 0
      vertex 1.9688486523610067 -22.14972715126546 0
      vertex 1.9349762652263438 -22.142032119219394 0
    endloop
  endfacet
  facet normal 0 0 -1
    outer loop
      vertex 1.9343362793065575 -21.992275330945294 0
      vertex 21.11810302734375 -26.5 0
      vertex 1.9688486523610067 -22.14972715126546 0
    endloop
  endfacet
  facet normal 0 0 -1
    outer loop
      vertex 1.9349762652263438 -22.142032119219394 0
      vertex 1.9688486523610067 -22.14972715126546 0
      vertex 1.973664806316469 -22.29610344566466 0
    endloop
  endfacet
  facet normal 0 0 -1
    outer loop
      vertex 1.9349762652263438 -22.142032119219394 0
      vertex 1.973664806316469 -22.29610344566466 0
      vertex 1.9691853103885444 -22.848343885213453 0
    endloop
  endfacet
  facet normal 0 0 -1
    outer loop
      vertex 1.9353744804258126 21.9960703550736 0
      vertex 1.9371663222572624 22.135767267584633 0
      vertex 1.9670413505819115 22.13937177899358 0
    endloop
  endfacet
  facet normal 0 0 -1
    outer loop
      vertex 1.9353744804258126 21.9960703550736 0
      vertex 1.9670413505819115 22.13937177899358 0
      vertex 21.11810302734375 24.45000457763672 0
    endloop
  endfacet
  facet normal 0 0 -1
    outer loop
      vertex 1.9670413505819115 22.13937177899358 0
      vertex 1.9753766811902755 22.268574159232756 0
      vertex 1.9864934461347055 22.269840982399188 0
    endloop
  endfacet
  facet normal 0 0 -1
    outer loop
      vertex 1.9670413505819115 22.13937177899358 0
      vertex 1.9864934461347055 22.269840982399188 0
      vertex 21.11810302734375 24.45000457763672 0
    endloop
  endfacet
  facet normal 0 0 -1
    outer loop
      vertex 1.9688486523610067 -22.14972715126546 0
      vertex 1.9897836138584686 -22.299642948819756 0
      vertex 1.973664806316469 -22.29610344566466 0
    endloop
  endfacet
  facet normal 0 0 -1
    outer loop
      vertex 1.9688486523610067 -22.14972715126546 0
      vertex 21.11810302734375 -26.5 0
      vertex 1.9897836138584686 -22.299642948819756 0
    endloop
  endfacet
  facet normal 0 0 -1
    outer loop
      vertex 1.9691853103885444 -22.848343885213453 0
      vertex 1.973664806316469 -22.29610344566466 0
      vertex 1.9753766811902755 -22.81053688480283 0
    endloop
  endfacet
  facet normal 0 0 -1
    outer loop
      vertex 1.9691853103885444 -22.848343885213453 0
      vertex 1.9753766811902755 -22.81053688480283 0
      vertex 1.9756997193880466 -22.810599145396953 0
    endloop
  endfacet
  facet normal 0 0 -1
    outer loop
      vertex 1.9691853103885444 -22.848343885213453 0
      vertex 1.9756997193880466 -22.810599145396953 0
      vertex 21.11810302734375 -26.5 0
    endloop
  endfacet
  facet normal 0 0 -1
    outer loop
      vertex 1.973664806316469 -22.29610344566466 0
      vertex 1.9756997193880466 -22.810599145396953 0
      vertex 1.9753766811902755 -22.81053688480283 0
    endloop
  endfacet
  facet normal 0 0 -1
    outer loop
      vertex 1.973664806316469 -22.29610344566466 0
      vertex 1.9842294026289558 -22.749206888502275 0
      vertex 1.9756997193880466 -22.810599145396953 0
    endloop
  endfacet
  facet normal 0 0 -1
    outer loop
      vertex 1.973664806316469 -22.29610344566466 0
      vertex 1.9891757720663152 -22.435796708158676 0
      vertex 1.9842294026289558 -22.749206888502275 0
    endloop
  endfacet
  facet normal 0 0 -1
    outer loop
      vertex 1.973664806316469 -22.29610344566466 0
      vertex 1.9897836138584686 -22.299642948819756 0
      vertex 1.9891757720663152 -22.435796708158676 0
    endloop
  endfacet
  facet normal 0 0 -1
    outer loop
      vertex 1.9756997193880466 -22.810599145396953 0
      vertex 1.9842294026289558 -22.749206888502275 0
      vertex 1.9843871281458152 -22.749237807269367 0
    endloop
  endfacet
  facet normal 0 0 -1
    outer loop
      vertex 1.9756997193880466 -22.810599145396953 0
      vertex 1.9843871281458152 -22.749237807269367 0
      vertex 21.11810302734375 -26.5 0
    endloop
  endfacet
  facet normal 0 0 -1
    outer loop
      vertex 1.9842294026289558 -22.749206888502275 0
      vertex 1.9891757720663152 -22.435796708158676 0
      vertex 1.9843871281458152 -22.749237807269367 0
    endloop
  endfacet
  facet normal 0 0 -1
    outer loop
      vertex 1.9843871281458152 -22.749237807269367 0
      vertex 1.9891757720663152 -22.435796708158676 0
      vertex 1.99112392920616 -22.664990312993705 0
    endloop
  endfacet
  facet normal 0 0 -1
    outer loop
      vertex 1.9843871281458152 -22.749237807269367 0
      vertex 1.99112392920616 -22.664990312993705 0
      vertex 1.9929234829558053 -22.665351128260287 0
    endloop
  endfacet
  facet normal 0 0 -1
    outer loop
      vertex 1.9843871281458152 -22.749237807269367 0
      vertex 1.9929234829558053 -22.665351128260287 0
      vertex 21.11810302734375 -26.5 0
    endloop
  endfacet
  facet normal 0 0 -1
    outer loop
      vertex 1.9864934461347055 22.269840982399188 0
      vertex 1.99112392920616 22.38333509360484 0
      vertex 1.9965013315915685 22.38391612176178 0
    endloop
  endfacet
  facet normal 0 0 -1
    outer loop
      vertex 1.9864934461347055 22.269840982399188 0
      vertex 1.9965013315915685 22.38391612176178 0
      vertex 21.11810302734375 24.45000457763672 0
    endloop
  endfacet
  facet normal 0 0 -1
    outer loop
      vertex 1.9891757720663152 -22.435796708158676 0
      vertex 1.9897836138584686 -22.299642948819756 0
      vertex 1.9990242849556183 -22.43788915997107 0
    endloop
  endfacet
  facet normal 0 0 -1
    outer loop
      vertex 1.9891757720663152 -22.435796708158676 0
      vertex 1.9929234829558053 -22.665351128260287 0
      vertex 1.99112392920616 -22.664990312993705 0
    endloop
  endfacet
  facet normal 0 0 -1
    outer loop
      vertex 1.9891757720663152 -22.435796708158676 0
      vertex 1.9960534568565431 -22.560186492914195 0
      vertex 1.9929234829558053 -22.665351128260287 0
    endloop
  endfacet
  facet normal 0 0 -1
    outer loop
      vertex 1.9891757720663152 -22.435796708158676 0
      vertex 1.9990242849556183 -22.43788915997107 0
      vertex 1.9990448329541486 -22.560802821405066 0
    endloop
  endfacet
  facet normal 0 0 -1
    outer loop
      vertex 1.9891757720663152 -22.435796708158676 0
      vertex 1.9990448329541486 -22.560802821405066 0
      vertex 1.9960534568565431 -22.560186492914195 0
    endloop
  endfacet
  facet normal 0 0 -1
    outer loop
      vertex 1.9897836138584686 -22.299642948819756 0
      vertex 21.11810302734375 -26.5 0
      vertex 1.9990242849556183 -22.43788915997107 0
    endloop
  endfacet
  facet normal 0 0 -1
    outer loop
      vertex 1.99112392920616 22.38333509360484 0
      vertex 1.9956688873708095 22.60110059884614 0
      vertex 1.9965013315915685 22.38391612176178 0
    endloop
  endfacet
  facet normal 0 0 -1
    outer loop
      vertex 1.9929234829558053 -22.665351128260287 0
      vertex 1.9960534568565431 -22.560186492914195 0
      vertex 1.9990448329541486 -22.560802821405066 0
    endloop
  endfacet
  facet normal 0 0 -1
    outer loop
      vertex 1.9929234829558053 -22.665351128260287 0
      vertex 1.9990448329541486 -22.560802821405066 0
      vertex 21.11810302734375 -26.5 0
    endloop
  endfacet
  facet normal 0 0 -1
    outer loop
      vertex 1.9956688873708095 22.60110059884614 0
      vertex 1.9959631840058443 22.626728064381723 0
      vertex 1.9972009394502397 22.60124872942223 0
    endloop
  endfacet
  facet normal 0 0 -1
    outer loop
      vertex 1.9956688873708095 22.60110059884614 0
      vertex 1.9972009394502397 22.60124872942223 0
      vertex 1.998836046185043 22.55154952958825 0
    endloop
  endfacet
  facet normal 0 0 -1
    outer loop
      vertex 1.9956688873708095 22.60110059884614 0
      vertex 1.998836046185043 22.55154952958825 0
      vertex 1.9965013315915685 22.38391612176178 0
    endloop
  endfacet
  facet normal 0 0 -1
    outer loop
      vertex 1.9959631840058443 22.626728064381723 0
      vertex 21.11810302734375 24.45000457763672 0
      vertex 1.9972009394502397 22.60124872942223 0
    endloop
  endfacet
  facet normal 0 0 -1
    outer loop
      vertex 1.9965013315915685 22.38391612176178 0
      vertex 1.998836046185043 22.55154952958825 0
      vertex 1.9990131207314632 22.478526390561484 0
    endloop
  endfacet
  facet normal 0 0 -1
    outer loop
      vertex 1.9965013315915685 22.38391612176178 0
      vertex 1.9990131207314632 22.478526390561484 0
      vertex 1.99966371947247 22.478593477500908 0
    endloop
  endfacet
  facet normal 0 0 -1
    outer loop
      vertex 1.9965013315915685 22.38391612176178 0
      vertex 1.99966371947247 22.478593477500908 0
      vertex 21.11810302734375 24.45000457763672 0
    endloop
  endfacet
  facet normal 0 0 -1
    outer loop
      vertex 1.9972009394502397 22.60124872942223 0
      vertex 1.9991896437164351 22.5515846401926 0
      vertex 1.998836046185043 22.55154952958825 0
    endloop
  endfacet
  facet normal 0 0 -1
    outer loop
      vertex 1.9972009394502397 22.60124872942223 0
      vertex 21.11810302734375 24.45000457763672 0
      vertex 1.9991896437164351 22.5515846401926 0
    endloop
  endfacet
  facet normal 0 0 -1
    outer loop
      vertex 1.998836046185043 22.55154952958825 0
      vertex 1.9991896437164351 22.5515846401926 0
      vertex 1.99966371947247 22.478593477500908 0
    endloop
  endfacet
  facet normal 0 0 -1
    outer loop
      vertex 1.998836046185043 22.55154952958825 0
      vertex 1.99966371947247 22.478593477500908 0
      vertex 1.9990131207314632 22.478526390561484 0
    endloop
  endfacet
  facet normal 0 0 -1
    outer loop
      vertex 1.9990242849556183 -22.43788915997107 0
      vertex 21.11810302734375 -26.5 0
      vertex 1.9990448329541486 -22.560802821405066 0
    endloop
  endfacet
  facet normal 0 0 -1
    outer loop
      vertex 1.9991896437164351 22.5515846401926 0
      vertex 21.11810302734375 24.45000457763672 0
      vertex 1.99966371947247 22.478593477500908 0
    endloop
  endfacet
  facet normal 0 0 -1
    outer loop
      vertex 21.11810302734375 -26.5 0
      vertex 21.11810302734375 -16.5 0
      vertex 41.31102019787273 -21.448968082843553 0
    endloop
  endfacet
  facet normal 0 -1 0
    outer loop
      vertex 21.11810302734375 -26.5 0
      vertex 39.61810302734375 -26.5 0
      vertex 39.61810302734375 -26.5 1.1999998092651367
    endloop
  endfacet
  facet normal 0 0 -1
    outer loop
      vertex 21.11810302734375 -26.5 0
      vertex 41.06283367774274 -22.120368511713913 0
      vertex 41.17320037525654 -23.31358546601045 0
    endloop
  endfacet
  facet normal 0 0 -1
    outer loop
      vertex 21.11810302734375 -26.5 0
      vertex 41.07904641173164 -21.965329963255645 0
      vertex 41.06283367774274 -22.120368511713913 0
    endloop
  endfacet
  facet normal 0 0 -1
    outer loop
      vertex 21.11810302734375 -26.5 0
      vertex 41.13995068580358 -21.795346435583145 0
      vertex 41.07904641173164 -21.965329963255645 0
    endloop
  endfacet
  facet normal 0 0 -1
    outer loop
      vertex 21.11810302734375 -26.5 0
      vertex 41.17320037525654 -23.31358546601045 0
      vertex 39.61810302734375 -26.5 0
    endloop
  endfacet
  facet normal 0 0 -1
    outer loop
      vertex 21.11810302734375 -26.5 0
      vertex 41.21752386432673 -21.621497628692325 0
      vertex 41.13995068580358 -21.795346435583145 0
    endloop
  endfacet
  facet normal 0 0 -1
    outer loop
      vertex 21.11810302734375 -26.5 0
      vertex 41.31102019787273 -21.448968082843553 0
      vertex 41.21752386432673 -21.621497628692325 0
    endloop
  endfacet
  facet normal 0 -0.7071072026550578 0.7071063597177861
    outer loop
      vertex 21.11810302734375 -25.700000762939453 2
      vertex 39.61810302734375 -26.5 1.1999998092651367
      vertex 39.61810302734375 -25.700000762939453 2
    endloop
  endfacet
  facet normal 0 0 1
    outer loop
      vertex 21.11810302734375 -25.700000762939453 2
      vertex 39.61810302734375 -25.700000762939453 2
      vertex 44.61810302734375 -24.049999237060547 2
    endloop
  endfacet
  facet normal 0 0 1
    outer loop
      vertex 21.11810302734375 -25.700000762939453 2
      vertex 44.61810302734375 -24.049999237060547 2
      vertex 21.11810302734375 -24.049999237060547 2
    endloop
  endfacet
  facet normal 0 0 1
    outer loop
      vertex 21.11810302734375 -24.049999237060547 2
      vertex 41.72515202050262 -21.657050294148622 2
      vertex 21.11810302734375 -20.5 2
    endloop
  endfacet
  facet normal 0 0 1
    outer loop
      vertex 21.11810302734375 -24.049999237060547 2
      vertex 41.738544466390984 -21.81149297590149 2
      vertex 41.72515202050262 -21.657050294148622 2
    endloop
  endfacet
  facet normal 0 0 1
    outer loop
      vertex 21.11810302734375 -24.049999237060547 2
      vertex 41.77418589269405 -21.95653755352627 2
      vertex 41.738544466390984 -21.81149297590149 2
    endloop
  endfacet
  facet normal 0 0 1
    outer loop
      vertex 21.11810302734375 -24.049999237060547 2
      vertex 41.843353277466996 -22.086592307153175 2
      vertex 41.77418589269405 -21.95653755352627 2
    endloop
  endfacet
  facet normal 0 0 1
    outer loop
      vertex 21.11810302734375 -24.049999237060547 2
      vertex 41.95012023754916 -22.19739505074384 2
      vertex 41.843353277466996 -22.086592307153175 2
    endloop
  endfacet
  facet normal 0 0 1
    outer loop
      vertex 21.11810302734375 -24.049999237060547 2
      vertex 42.06070165766799 -22.288453060479576 2
      vertex 41.95012023754916 -22.19739505074384 2
    endloop
  endfacet
  facet normal 0 0 1
    outer loop
      vertex 21.11810302734375 -24.049999237060547 2
      vertex 42.17461748359083 -22.35662899898711 2
      vertex 42.06070165766799 -22.288453060479576 2
    endloop
  endfacet
  facet normal 0 0 1
    outer loop
      vertex 21.11810302734375 -24.049999237060547 2
      vertex 42.32252415950942 -22.397187478584026 2
      vertex 42.17461748359083 -22.35662899898711 2
    endloop
  endfacet
  facet normal 0 0 1
    outer loop
      vertex 21.11810302734375 -24.049999237060547 2
      vertex 44.61810302734375 -24.049999237060547 2
      vertex 42.32252415950942 -22.397187478584026 2
    endloop
  endfacet
  facet normal 0 -0.07845749483883567 0.996917459724532
    outer loop
      vertex 21.11810302734375 -20.5 2
      vertex 39.61810302734375 -20.5 2
      vertex 39.61810302734375 -20.265350341796875 2.0184669494628906
    endloop
  endfacet
  facet normal 0 0 1
    outer loop
      vertex 21.11810302734375 -20.5 2
      vertex 41.6852093093646 -21.498403661295114 2
      vertex 41.72515202050262 -21.34344815752294 2
    endloop
  endfacet
  facet normal 0 0 1
    outer loop
      vertex 21.11810302734375 -20.5 2
      vertex 41.72515202050262 -21.657050294148622 2
      vertex 41.72515202050262 -21.655908678713303 2
    endloop
  endfacet
  facet normal 0 0 1
    outer loop
      vertex 21.11810302734375 -20.5 2
      vertex 41.72515202050262 -21.655908678713303 2
      vertex 41.6852093093646 -21.498403661295114 2
    endloop
  endfacet
  facet normal 0 0 1
    outer loop
      vertex 21.11810302734375 -20.5 2
      vertex 41.72515202050262 -21.34344815752294 2
      vertex 39.61810302734375 -20.5 2
    endloop
  endfacet
  facet normal 0 0 -1
    outer loop
      vertex 21.11810302734375 -16.5 0
      vertex 39.61810302734375 -16.5 0
      vertex 41.82415741741267 -20.899285610223995 0
    endloop
  endfacet
  facet normal 0 1 0
    outer loop
      vertex 21.11810302734375 -16.5 0
      vertex 39.61810302734375 -16.5 12.199999809265137
      vertex 39.61810302734375 -16.5 0
    endloop
  endfacet
  facet normal 0 0 -1
    outer loop
      vertex 21.11810302734375 -16.5 0
      vertex 41.419689975248616 -21.421785555954525 0
      vertex 41.31102019787273 -21.448968082843553 0
    endloop
  endfacet
  facet normal 0 0 -1
    outer loop
      vertex 21.11810302734375 -16.5 0
      vertex 41.45812106826678 -21.279415966442965 0
      vertex 41.419689975248616 -21.421785555954525 0
    endloop
  endfacet
  facet normal 0 0 -1
    outer loop
      vertex 21.11810302734375 -16.5 0
      vertex 41.54192263203634 -21.13982493280898 0
      vertex 41.45812106826678 -21.279415966442965 0
    endloop
  endfacet
  facet normal 0 0 -1
    outer loop
      vertex 21.11810302734375 -16.5 0
      vertex 41.67714457081963 -21.0145270342865 0
      vertex 41.54192263203634 -21.13982493280898 0
    endloop
  endfacet
  facet normal 0 0 -1
    outer loop
      vertex 21.11810302734375 -16.5 0
      vertex 41.82415741741267 -20.899285610223995 0
      vertex 41.67714457081963 -21.0145270342865 0
    endloop
  endfacet
  facet normal 0 0 -1
    outer loop
      vertex 21.11810302734375 16.5 0
      vertex 21.11810302734375 24.45000457763672 0
      vertex 41.22967528625007 21.56994357787986 0
    endloop
  endfacet
  facet normal 0 -1 0
    outer loop
      vertex 21.11810302734375 16.5 0
      vertex 39.61810302734375 16.5 0
      vertex 39.61810302734375 16.5 12.199999809265137
    endloop
  endfacet
  facet normal 0 0 -1
    outer loop
      vertex 21.11810302734375 16.5 0
      vertex 41.22967528625007 21.56994357787986 0
      vertex 41.313380229834436 21.557956680962967 0
    endloop
  endfacet
  facet normal 0 0 -1
    outer loop
      vertex 21.11810302734375 16.5 0
      vertex 41.313380229834436 21.557956680962967 0
      vertex 41.326681822802016 21.404997033198075 0
    endloop
  endfacet
  facet normal 0 0 -1
    outer loop
      vertex 21.11810302734375 16.5 0
      vertex 41.326681822802016 21.404997033198075 0
      vertex 41.422252247172565 21.27098765453634 0
    endloop
  endfacet
  facet normal 0 0 -1
    outer loop
      vertex 21.11810302734375 16.5 0
      vertex 41.422252247172565 21.27098765453634 0
      vertex 41.53531037196637 21.138326549386388 0
    endloop
  endfacet
  facet normal 0 0 -1
    outer loop
      vertex 21.11810302734375 16.5 0
      vertex 41.53531037196637 21.138326549386388 0
      vertex 41.664269944920804 21.011703698374443 0
    endloop
  endfacet
  facet normal 0 0 -1
    outer loop
      vertex 21.11810302734375 16.5 0
      vertex 41.664269944920804 21.011703698374443 0
      vertex 39.61810302734375 16.5 0
    endloop
  endfacet
  facet normal 0 0.07845749483883567 0.996917459724532
    outer loop
      vertex 21.11810302734375 20.5 2
      vertex 39.61810302734375 20.265350341796875 2.0184669494628906
      vertex 39.61810302734375 20.5 2
    endloop
  endfacet
  facet normal 0 0 1
    outer loop
      vertex 21.11810302734375 20.5 2
      vertex 39.61810302734375 20.5 2
      vertex 41.72515202050262 21.34344815752294 2
    endloop
  endfacet
  facet normal 0 0 1
    outer loop
      vertex 21.11810302734375 20.5 2
      vertex 41.71664826723027 21.50029473541961 2
      vertex 21.11810302734375 25.70000457763672 2
    endloop
  endfacet
  facet normal 0 0 1
    outer loop
      vertex 21.11810302734375 20.5 2
      vertex 41.71665399533342 21.49993010303996 2
      vertex 41.71664826723027 21.50029473541961 2
    endloop
  endfacet
  facet normal 0 0 1
    outer loop
      vertex 21.11810302734375 20.5 2
      vertex 41.72515202050262 21.34344815752294 2
      vertex 41.71665399533342 21.49993010303996 2
    endloop
  endfacet
  facet normal 0 0 -1
    outer loop
      vertex 21.11810302734375 24.45000457763672 0
      vertex 21.11810302734375 26.5 0
      vertex 42.56368478582345 24.45000457763672 0
    endloop
  endfacet
  facet normal 0 0 -1
    outer loop
      vertex 21.11810302734375 24.45000457763672 0
      vertex 41.000380382056214 22.475786117904427 0
      vertex 41.00275976944179 22.399584436510295 0
    endloop
  endfacet
  facet normal 0 0 -1
    outer loop
      vertex 21.11810302734375 24.45000457763672 0
      vertex 41.0004340141797 22.52762792829849 0
      vertex 41.000380382056214 22.475786117904427 0
    endloop
  endfacet
  facet normal 0 0 -1
    outer loop
      vertex 21.11810302734375 24.45000457763672 0
      vertex 41.00275976944179 22.399584436510295 0
      vertex 41.01010248325643 22.300674668246245 0
    endloop
  endfacet
  facet normal 0 0 -1
    outer loop
      vertex 21.11810302734375 24.45000457763672 0
      vertex 41.01010248325643 22.300674668246245 0
      vertex 41.02561977586417 22.181421628435494 0
    endloop
  endfacet
  facet normal 0 0 -1
    outer loop
      vertex 21.11810302734375 24.45000457763672 0
      vertex 41.02561977586417 22.181421628435494 0
      vertex 41.05269854777083 22.044836080212104 0
    endloop
  endfacet
  facet normal 0 0 -1
    outer loop
      vertex 21.11810302734375 24.45000457763672 0
      vertex 41.05269854777083 22.044836080212104 0
      vertex 41.09399866682297 21.894605129837966 0
    endloop
  endfacet
  facet normal 0 0 -1
    outer loop
      vertex 21.11810302734375 24.45000457763672 0
      vertex 41.09399866682297 21.894605129837966 0
      vertex 41.15244001600314 21.734797260879656 0
    endloop
  endfacet
  facet normal 0 0 -1
    outer loop
      vertex 21.11810302734375 24.45000457763672 0
      vertex 41.15244001600314 21.734797260879656 0
      vertex 41.22967528625007 21.56994357787986 0
    endloop
  endfacet
  facet normal 0 0 -1
    outer loop
      vertex 21.11810302734375 24.45000457763672 0
      vertex 42.47053408372663 22.394667089634847 0
      vertex 41.0004340141797 22.52762792829849 0
    endloop
  endfacet
  facet normal 0 0 -1
    outer loop
      vertex 21.11810302734375 24.45000457763672 0
      vertex 42.50262022567029 22.425375230846402 0
      vertex 42.47053408372663 22.394667089634847 0
    endloop
  endfacet
  facet normal 0 0 -1
    outer loop
      vertex 21.11810302734375 24.45000457763672 0
      vertex 42.56368478582345 24.45000457763672 0
      vertex 42.50262022567029 22.425375230846402 0
    endloop
  endfacet
  facet normal 0 0.7071088885316109 0.7071046738352039
    outer loop
      vertex 21.11810302734375 25.70000457763672 2
      vertex 39.61810302734375 25.70000457763672 2
      vertex 39.61810302734375 26.5 1.1999998092651367
    endloop
  endfacet
  facet normal 0 0 1
    outer loop
      vertex 21.11810302734375 25.70000457763672 2
      vertex 41.71664826723027 21.50029473541961 2
      vertex 41.72515202050262 21.65758090597115 2
    endloop
  endfacet
  facet normal 0 0 1
    outer loop
      vertex 21.11810302734375 25.70000457763672 2
      vertex 41.72515202050262 21.65758090597115 2
      vertex 41.76019790476136 21.810119702469162 2
    endloop
  endfacet
  facet normal 0 0 1
    outer loop
      vertex 21.11810302734375 25.70000457763672 2
      vertex 41.76019790476136 21.810119702469162 2
      vertex 41.77418589269405 21.96167742645192 2
    endloop
  endfacet
  facet normal 0 0 1
    outer loop
      vertex 21.11810302734375 25.70000457763672 2
      vertex 41.77418589269405 21.96167742645192 2
      vertex 39.61810302734375 25.70000457763672 2
    endloop
  endfacet
  facet normal 0 0 -1
    outer loop
      vertex 21.11810302734375 26.5 0
      vertex 39.61810302734375 26.5 0
      vertex 44.61810302734375 24.45000457763672 0
    endloop
  endfacet
  facet normal 0 1 0
    outer loop
      vertex 21.11810302734375 26.5 0
      vertex 39.61810302734375 26.5 1.1999998092651367
      vertex 39.61810302734375 26.5 0
    endloop
  endfacet
  facet normal 0 0 -1
    outer loop
      vertex 21.11810302734375 26.5 0
      vertex 43.4439045921493 24.45000457763672 0
      vertex 42.56368478582345 24.45000457763672 0
    endloop
  endfacet
  facet normal 0 0 -1
    outer loop
      vertex 21.11810302734375 26.5 0
      vertex 44.61810302734375 24.45000457763672 0
      vertex 43.4439045921493 24.45000457763672 0
    endloop
  endfacet
  facet normal 0 0 -1
    outer loop
      vertex 39.61810302734375 -26.5 0
      vertex 41.17320037525654 -23.31358546601045 0
      vertex 41.22600387116452 -23.423122325664828 0
    endloop
  endfacet
  facet normal 0 0 -1
    outer loop
      vertex 39.61810302734375 -26.5 0
      vertex 41.22600387116452 -23.423122325664828 0
      vertex 41.28618714675556 -23.530601093408876 0
    endloop
  endfacet
  facet normal 0 0 -1
    outer loop
      vertex 39.61810302734375 -26.5 0
      vertex 41.28618714675556 -23.530601093408876 0
      vertex 41.35110514723933 -23.63165993667241 0
    endloop
  endfacet
  facet normal 0 0 -1
    outer loop
      vertex 39.61810302734375 -26.5 0
      vertex 41.35110514723933 -23.63165993667241 0
      vertex 41.946400753681836 -24.19971956701587 0
    endloop
  endfacet
  facet normal 0.08715753907191731 -0.9961945409321048 0
    outer loop
      vertex 39.61810302734375 -26.5 0
      vertex 41.701873779296875 -26.317689895629883 0
      vertex 39.61810302734375 -26.5 1.1999998092651367
    endloop
  endfacet
  facet normal 0 0 -1
    outer loop
      vertex 39.61810302734375 -26.5 0
      vertex 41.946400753681836 -24.19971956701587 0
      vertex 41.701873779296875 -26.317689895629883 0
    endloop
  endfacet
  facet normal 0.08715753907191731 -0.9961945409321048 0
    outer loop
      vertex 39.61810302734375 -26.5 1.1999998092651367
      vertex 41.701873779296875 -26.317689895629883 0
      vertex 41.701873779296875 -26.317689895629883 1.1999998092651367
    endloop
  endfacet
  facet normal 0.06174709954637684 -0.7057579199859653 0.7057570786571634
    outer loop
      vertex 39.61810302734375 -26.5 1.1999998092651367
      vertex 41.701873779296875 -26.317689895629883 1.1999998092651367
      vertex 39.61810302734375 -25.700000762939453 2
    endloop
  endfacet
  facet normal 0 0 1
    outer loop
      vertex 39.61810302734375 -25.700000762939453 2
      vertex 41.562957763671875 -25.529850006103516 2
      vertex 44.61810302734375 -24.049999237060547 2
    endloop
  endfacet
  facet normal 0.0617453318825554 -0.7057606054243338 0.7057545478576748
    outer loop
      vertex 39.61810302734375 -25.700000762939453 2
      vertex 41.701873779296875 -26.317689895629883 1.1999998092651367
      vertex 41.562957763671875 -25.529850006103516 2
    endloop
  endfacet
  facet normal 0.006864316016877669 -0.07845564640420882 0.9968939726535205
    outer loop
      vertex 39.61810302734375 -20.5 2
      vertex 40.61924743652344 -20.177757263183594 2.0184669494628906
      vertex 39.61810302734375 -20.265350341796875 2.0184669494628906
    endloop
  endfacet
  facet normal 0.006863754971073667 -0.07845391139232159 0.9968941130606314
    outer loop
      vertex 39.61810302734375 -20.5 2
      vertex 40.65998840332031 -20.40884780883789 2
      vertex 40.61924743652344 -20.177757263183594 2.0184669494628906
    endloop
  endfacet
  facet normal 0 0 1
    outer loop
      vertex 39.61810302734375 -20.5 2
      vertex 41.72515202050262 -21.34344815752294 2
      vertex 41.73119571681849 -21.343695526494788 2
    endloop
  endfacet
  facet normal 0 0 1
    outer loop
      vertex 39.61810302734375 -20.5 2
      vertex 41.728328168121074 -21.16115672129152 2
      vertex 40.65998840332031 -20.40884780883789 2
    endloop
  endfacet
  facet normal 0 0 1
    outer loop
      vertex 39.61810302734375 -20.5 2
      vertex 41.73119571681849 -21.343695526494788 2
      vertex 41.728328168121074 -21.16115672129152 2
    endloop
  endfacet
  facet normal 0.018411836074268655 -0.21043793688160278 0.9774338233422193
    outer loop
      vertex 39.61810302734375 -20.265350341796875 2.0184669494628906
      vertex 40.61924743652344 -20.177757263183594 2.0184669494628906
      vertex 39.61810302734375 -20.104190826416016 2.053164005279541
    endloop
  endfacet
  facet normal 0.012151607496955033 -0.2864713099105892 0.9580117572521493
    outer loop
      vertex 39.61810302734375 -20.104190826416016 2.053164005279541
      vertex 40.61924743652344 -20.177757263183594 2.0184669494628906
      vertex 39.61810302734375 -20.036468505859375 2.0734148025512695
    endloop
  endfacet
  facet normal 0.032190679220780824 -0.3679452011401001 0.9292900995541037
    outer loop
      vertex 39.61810302734375 -20.036468505859375 2.0734148025512695
      vertex 40.579498291015625 -19.95235824584961 2.0734148025512695
      vertex 39.61810302734375 -19.861328125 2.1427602767944336
    endloop
  endfacet
  facet normal 0.02041914578351963 -0.233394475801431 0.9721677206896178
    outer loop
      vertex 39.61810302734375 -20.036468505859375 2.0734148025512695
      vertex 40.61924743652344 -20.177757263183594 2.0184669494628906
      vertex 40.579498291015625 -19.95235824584961 2.0734148025512695
    endloop
  endfacet
  facet normal 0.02311822302558173 -0.4397795263642686 0.8978081732502545
    outer loop
      vertex 39.61810302734375 -19.861328125 2.1427602767944336
      vertex 40.579498291015625 -19.95235824584961 2.0734148025512695
      vertex 39.61810302734375 -19.819007873535156 2.1634902954101562
    endloop
  endfacet
  facet normal 0.04507547910409531 -0.5152662906661618 0.8558439407314109
    outer loop
      vertex 39.61810302734375 -19.819007873535156 2.1634902954101562
      vertex 40.54173278808594 -19.738208770751953 2.1634902954101562
      vertex 39.61810302734375 -19.637489318847656 2.2727746963500977
    endloop
  endfacet
  facet normal 0.0334594770334458 -0.38248158336462074 0.9233570824895106
    outer loop
      vertex 39.61810302734375 -19.819007873535156 2.1634902954101562
      vertex 40.579498291015625 -19.95235824584961 2.0734148025512695
      vertex 40.54173278808594 -19.738208770751953 2.1634902954101562
    endloop
  endfacet
  facet normal 0.05080744379544183 -0.5806978030420604 0.8125322548656746
    outer loop
      vertex 39.61810302734375 -19.637489318847656 2.2727746963500977
      vertex 40.50688171386719 -19.540557861328125 2.2864742279052734
      vertex 39.61810302734375 -19.61832046508789 2.2864742279052734
    endloop
  endfacet
  facet normal 0.043825775611280524 -0.5222156410474643 0.8516866358218002
    outer loop
      vertex 39.61810302734375 -19.637489318847656 2.2727746963500977
      vertex 40.54173278808594 -19.738208770751953 2.1634902954101562
      vertex 40.50688171386719 -19.540557861328125 2.2864742279052734
    endloop
  endfacet
  facet normal 0.0567271938485392 -0.6484047162666335 0.759179392107858
    outer loop
      vertex 39.61810302734375 -19.61832046508789 2.2864742279052734
      vertex 40.47581481933594 -19.364299774169922 2.439340114593506
      vertex 39.61810302734375 -19.43933868408203 2.439340114593506
    endloop
  endfacet
  facet normal 0.05673237484105879 -0.6484161172170029 0.7591692674088695
    outer loop
      vertex 39.61810302734375 -19.61832046508789 2.2864742279052734
      vertex 40.50688171386719 -19.540557861328125 2.2864742279052734
      vertex 40.47581481933594 -19.364299774169922 2.439340114593506
    endloop
  endfacet
  facet normal 0.06637095347314977 -0.7587181965657799 0.648029007633945
    outer loop
      vertex 39.61810302734375 -19.43933868408203 2.439340114593506
      vertex 40.44926452636719 -19.213760375976562 2.6183218955993652
      vertex 39.61810302734375 -19.286468505859375 2.6183218955993652
    endloop
  endfacet
  facet normal 0.06637964561213643 -0.7587344333290226 0.6480091066715763
    outer loop
      vertex 39.61810302734375 -19.43933868408203 2.439340114593506
      vertex 40.47581481933594 -19.364299774169922 2.439340114593506
      vertex 40.44926452636719 -19.213760375976562 2.6183218955993652
    endloop
  endfacet
  facet normal 0.07100728466365304 -0.8117183217028007 0.5797165960507633
    outer loop
      vertex 39.61810302734375 -19.286468505859375 2.6183218955993652
      vertex 40.44926452636719 -19.213760375976562 2.6183218955993652
      vertex 39.61810302734375 -19.272777557373047 2.6374919414520264
    endloop
  endfacet
  facet normal 0.0725362535875512 -0.8544564686431227 0.5144342864831297
    outer loop
      vertex 39.61810302734375 -19.272777557373047 2.6374919414520264
      vertex 40.44926452636719 -19.213760375976562 2.6183218955993652
      vertex 39.61810302734375 -19.163490295410156 2.819014072418213
    endloop
  endfacet
  facet normal 0.07832671082410016 -0.8952515738213146 0.4386223272268946
    outer loop
      vertex 39.61810302734375 -19.163490295410156 2.819014072418213
      vertex 40.42790222167969 -19.092639923095703 2.819014072418213
      vertex 39.61810302734375 -19.142757415771484 2.861330986022949
    endloop
  endfacet
  facet normal 0.07439103271973468 -0.8502679152466569 0.5210666431014321
    outer loop
      vertex 39.61810302734375 -19.163490295410156 2.819014072418213
      vertex 40.44926452636719 -19.213760375976562 2.6183218955993652
      vertex 40.42790222167969 -19.092639923095703 2.819014072418213
    endloop
  endfacet
  facet normal 0.07655362597705888 -0.9270557575375508 0.36702474680359454
    outer loop
      vertex 39.61810302734375 -19.142757415771484 2.861330986022949
      vertex 40.42790222167969 -19.092639923095703 2.819014072418213
      vertex 39.61810302734375 -19.07341766357422 3.0364739894866943
    endloop
  endfacet
  facet normal 0.08353505640547292 -0.954691599841731 0.2856323573108806
    outer loop
      vertex 39.61810302734375 -19.07341766357422 3.0364739894866943
      vertex 40.412261962890625 -19.003929138183594 3.0364739894866943
      vertex 39.61810302734375 -19.053157806396484 3.1041901111602783
    endloop
  endfacet
  facet normal 0.08057558399641707 -0.9208688723490388 0.38145523354942457
    outer loop
      vertex 39.61810302734375 -19.07341766357422 3.0364739894866943
      vertex 40.42790222167969 -19.092639923095703 2.819014072418213
      vertex 40.412261962890625 -19.003929138183594 3.0364739894866943
    endloop
  endfacet
  facet normal 0.07830129770471309 -0.9746100653550841 0.2097716074360791
    outer loop
      vertex 39.61810302734375 -19.053157806396484 3.1041901111602783
      vertex 40.412261962890625 -19.003929138183594 3.0364739894866943
      vertex 39.61810302734375 -19.018470764160156 3.265347957611084
    endloop
  endfacet
  facet normal 0.08689609264315368 -0.9931452994138353 0.07817597671635361
    outer loop
      vertex 39.61810302734375 -19.018470764160156 3.265347957611084
      vertex 40.39952087402344 -18.931629180908203 3.5
      vertex 39.61810302734375 -19 3.5
    endloop
  endfacet
  facet normal 0.08689856036065197 -0.9931457181319296 0.07816791389988621
    outer loop
      vertex 39.61810302734375 -19.018470764160156 3.265347957611084
      vertex 40.40272521972656 -18.949817657470703 3.265347957611084
      vertex 40.39952087402344 -18.931629180908203 3.5
    endloop
  endfacet
  facet normal 0.08477459145809567 -0.9688713157452326 0.23259759708392247
    outer loop
      vertex 39.61810302734375 -19.018470764160156 3.265347957611084
      vertex 40.412261962890625 -19.003929138183594 3.0364739894866943
      vertex 40.40272521972656 -18.949817657470703 3.265347957611084
    endloop
  endfacet
  facet normal 0.08716284798193713 -0.9961940764387619 0
    outer loop
      vertex 39.61810302734375 -19 3.5
      vertex 40.39952087402344 -18.931629180908203 3.5
      vertex 39.61810302734375 -19 11.794260025024414
    endloop
  endfacet
  facet normal 0.08716284798193713 -0.9961940764387619 0
    outer loop
      vertex 39.61810302734375 -19 11.794260025024414
      vertex 40.39952087402344 -18.931629180908203 3.5
      vertex 40.39952087402344 -18.931629180908203 11.794260025024414
    endloop
  endfacet
  facet normal 0.0665646724626616 -0.7607751919846818 0.6455929457797764
    outer loop
      vertex 39.61810302734375 -19 11.794260025024414
      vertex 40.39952087402344 -18.931629180908203 11.794260025024414
      vertex 39.61810302734375 -17.976810455322266 13
    endloop
  endfacet
  facet normal 0 0 1
    outer loop
      vertex 39.61810302734375 -17.976810455322266 13
      vertex 40.10430908203125 -17.257457733154297 13
      vertex 39.61810302734375 -17.299999237060547 13
    endloop
  endfacet
  facet normal 0 0 1
    outer loop
      vertex 39.61810302734375 -17.976810455322266 13
      vertex 40.22184753417969 -17.923988342285156 13
      vertex 40.10430908203125 -17.257457733154297 13
    endloop
  endfacet
  facet normal 0.06656098240922084 -0.7607765988259235 0.645591668393869
    outer loop
      vertex 39.61810302734375 -17.976810455322266 13
      vertex 40.39952087402344 -18.931629180908203 11.794260025024414
      vertex 40.22184753417969 -17.923988342285156 13
    endloop
  endfacet
  facet normal -0.061761514981219574 0.7057572893046604 0.7057564479766105
    outer loop
      vertex 39.61810302734375 -17.299999237060547 13
      vertex 39.96539306640625 -16.469608306884766 12.199999809265137
      vertex 39.61810302734375 -16.5 12.199999809265137
    endloop
  endfacet
  facet normal -0.06175139734932632 0.7057555685577237 0.7057590540511468
    outer loop
      vertex 39.61810302734375 -17.299999237060547 13
      vertex 40.10430908203125 -17.257457733154297 13
      vertex 39.96539306640625 -16.469608306884766 12.199999809265137
    endloop
  endfacet
  facet normal -0.08717780949824513 0.9961927672549564 0
    outer loop
      vertex 39.61810302734375 -16.5 0
      vertex 39.61810302734375 -16.5 12.199999809265137
      vertex 39.96539306640625 -16.469608306884766 0
    endloop
  endfacet
  facet normal 0 0 -1
    outer loop
      vertex 39.61810302734375 -16.5 0
      vertex 39.96539306640625 -16.469608306884766 0
      vertex 42.03561170582676 -20.803464789490825 0
    endloop
  endfacet
  facet normal 0 0 -1
    outer loop
      vertex 39.61810302734375 -16.5 0
      vertex 41.87583324429574 -20.91026484930646 0
      vertex 41.82415741741267 -20.899285610223995 0
    endloop
  endfacet
  facet normal 0 0 -1
    outer loop
      vertex 39.61810302734375 -16.5 0
      vertex 41.92667590468458 -20.91768307614463 0
      vertex 41.87583324429574 -20.91026484930646 0
    endloop
  endfacet
  facet normal 0 0 -1
    outer loop
      vertex 39.61810302734375 -16.5 0
      vertex 41.98048521144959 -20.869669665259398 0
      vertex 41.92667590468458 -20.91768307614463 0
    endloop
  endfacet
  facet normal 0 0 -1
    outer loop
      vertex 39.61810302734375 -16.5 0
      vertex 41.98191716849926 -20.868237708209726 0
      vertex 41.98048521144959 -20.869669665259398 0
    endloop
  endfacet
  facet normal 0 0 -1
    outer loop
      vertex 39.61810302734375 -16.5 0
      vertex 42.03561170582676 -20.803464789490825 0
      vertex 41.98191716849926 -20.868237708209726 0
    endloop
  endfacet
  facet normal -0.08717780949824513 0.9961927672549564 0
    outer loop
      vertex 39.61810302734375 -16.5 12.199999809265137
      vertex 39.96539306640625 -16.469608306884766 12.199999809265137
      vertex 39.96539306640625 -16.469608306884766 0
    endloop
  endfacet
  facet normal -0.0871669502809099 -0.9961937174961131 0
    outer loop
      vertex 39.61810302734375 16.5 0
      vertex 39.96539306640625 16.46961212158203 0
      vertex 39.96539306640625 16.46961212158203 12.199999809265137
    endloop
  endfacet
  facet normal -0.0871669502809099 -0.9961937174961131 0
    outer loop
      vertex 39.61810302734375 16.5 0
      vertex 39.96539306640625 16.46961212158203 12.199999809265137
      vertex 39.61810302734375 16.5 12.199999809265137
    endloop
  endfacet
  facet normal 0 0 -1
    outer loop
      vertex 39.61810302734375 16.5 0
      vertex 41.664269944920804 21.011703698374443 0
      vertex 41.77484473723593 20.919195300774007 0
    endloop
  endfacet
  facet normal 0 0 -1
    outer loop
      vertex 39.61810302734375 16.5 0
      vertex 41.77484473723593 20.919195300774007 0
      vertex 41.8857319942393 20.839336588082706 0
    endloop
  endfacet
  facet normal 0 0 -1
    outer loop
      vertex 39.61810302734375 16.5 0
      vertex 41.8857319942393 20.839336588082706 0
      vertex 42.011966050493456 20.76137636630468 0
    endloop
  endfacet
  facet normal 0 0 -1
    outer loop
      vertex 39.61810302734375 16.5 0
      vertex 42.011966050493456 20.76137636630468 0
      vertex 39.96539306640625 16.46961212158203 0
    endloop
  endfacet
  facet normal -0.06175358704006843 -0.7057552804579249 0.705759150555939
    outer loop
      vertex 39.61810302734375 16.5 12.199999809265137
      vertex 39.96539306640625 16.46961212158203 12.199999809265137
      vertex 40.10430908203125 17.257461547851562 13
    endloop
  endfacet
  facet normal -0.061751439253728654 -0.7057560474823565 0.7057585714620652
    outer loop
      vertex 39.61810302734375 16.5 12.199999809265137
      vertex 40.10430908203125 17.257461547851562 13
      vertex 39.61810302734375 17.300003051757812 13
    endloop
  endfacet
  facet normal 0 0 1
    outer loop
      vertex 39.61810302734375 17.300003051757812 13
      vertex 40.10430908203125 17.257461547851562 13
      vertex 40.22184753417969 17.923988342285156 13
    endloop
  endfacet
  facet normal 0 0 1
    outer loop
      vertex 39.61810302734375 17.300003051757812 13
      vertex 40.22184753417969 17.923988342285156 13
      vertex 39.61810302734375 17.97681427001953 13
    endloop
  endfacet
  facet normal 0.06656576523575516 0.7607763238252816 0.6455914993286921
    outer loop
      vertex 39.61810302734375 17.97681427001953 13
      vertex 40.22184753417969 17.923988342285156 13
      vertex 39.61810302734375 19 11.794260025024414
    endloop
  endfacet
  facet normal 0.08715802174217448 0.9961944987029343 0
    outer loop
      vertex 39.61810302734375 19 3.5
      vertex 39.61810302734375 19 11.794260025024414
      vertex 40.39952087402344 18.93163299560547 11.794260025024414
    endloop
  endfacet
  facet normal 0.08689133661411666 0.9931463540554688 0.07816786454638107
    outer loop
      vertex 39.61810302734375 19 3.5
      vertex 40.39952087402344 18.93163299560547 3.5
      vertex 40.40272521972656 18.94982147216797 3.265347957611084
    endloop
  endfacet
  facet normal 0.08715802174217448 0.9961944987029343 0
    outer loop
      vertex 39.61810302734375 19 3.5
      vertex 40.39952087402344 18.93163299560547 11.794260025024414
      vertex 40.39952087402344 18.93163299560547 3.5
    endloop
  endfacet
  facet normal 0.08689371332502903 0.9931455063094726 0.07817599300225712
    outer loop
      vertex 39.61810302734375 19 3.5
      vertex 40.40272521972656 18.94982147216797 3.265347957611084
      vertex 39.61810302734375 19.018470764160156 3.265347957611084
    endloop
  endfacet
  facet normal 0.06656097712723123 0.7607754044554488 0.6455930764030209
    outer loop
      vertex 39.61810302734375 19 11.794260025024414
      vertex 40.22184753417969 17.923988342285156 13
      vertex 40.39952087402344 18.93163299560547 11.794260025024414
    endloop
  endfacet
  facet normal 0.08522299913076965 0.9740501974446113 0.20967415977480522
    outer loop
      vertex 39.61810302734375 19.018470764160156 3.265347957611084
      vertex 40.40272521972656 18.94982147216797 3.265347957611084
      vertex 39.61810302734375 19.05316162109375 3.1041901111602783
    endloop
  endfacet
  facet normal 0.0799140760317501 0.9693118020987374 0.23248305478913947
    outer loop
      vertex 39.61810302734375 19.05316162109375 3.1041901111602783
      vertex 40.40272521972656 18.94982147216797 3.265347957611084
      vertex 40.412261962890625 19.003929138183594 3.0364739894866943
    endloop
  endfacet
  facet normal 0.08353633955242051 0.9547062644587787 0.28558296268746025
    outer loop
      vertex 39.61810302734375 19.05316162109375 3.1041901111602783
      vertex 40.412261962890625 19.003929138183594 3.0364739894866943
      vertex 39.61810302734375 19.07341766357422 3.0364739894866943
    endloop
  endfacet
  facet normal 0.08108716692236377 0.9267155664561583 0.36691024821929763
    outer loop
      vertex 39.61810302734375 19.07341766357422 3.0364739894866943
      vertex 40.412261962890625 19.003929138183594 3.0364739894866943
      vertex 39.61810302734375 19.14276123046875 2.861330986022949
    endloop
  endfacet
  facet normal 0.07694134199414941 0.9212215976963002 0.3813539010289726
    outer loop
      vertex 39.61810302734375 19.14276123046875 2.861330986022949
      vertex 40.412261962890625 19.003929138183594 3.0364739894866943
      vertex 40.42790222167969 19.09264373779297 2.819014072418213
    endloop
  endfacet
  facet normal 0.07832529183470938 0.8952835586818568 0.4385572918250908
    outer loop
      vertex 39.61810302734375 19.14276123046875 2.861330986022949
      vertex 40.42790222167969 19.09264373779297 2.819014072418213
      vertex 39.61810302734375 19.163490295410156 2.819014072418213
    endloop
  endfacet
  facet normal 0.07474057613540426 0.8543090924148264 0.5143635104634692
    outer loop
      vertex 39.61810302734375 19.163490295410156 2.819014072418213
      vertex 40.42790222167969 19.09264373779297 2.819014072418213
      vertex 39.61810302734375 19.272781372070312 2.6374919414520264
    endloop
  endfacet
  facet normal 0.07240970714338789 0.8504943317125262 0.5209762240604384
    outer loop
      vertex 39.61810302734375 19.272781372070312 2.6374919414520264
      vertex 40.42790222167969 19.09264373779297 2.819014072418213
      vertex 40.44926452636719 19.213760375976562 2.6183218955993652
    endloop
  endfacet
  facet normal 0.07101393374128379 0.8117943304976851 0.5796093392850085
    outer loop
      vertex 39.61810302734375 19.272781372070312 2.6374919414520264
      vertex 40.44926452636719 19.213760375976562 2.6183218955993652
      vertex 39.61810302734375 19.286468505859375 2.6183218955993652
    endloop
  endfacet
  facet normal 0.0663717567406922 0.7587273791022551 0.6480181742110149
    outer loop
      vertex 39.61810302734375 19.286468505859375 2.6183218955993652
      vertex 40.44926452636719 19.213760375976562 2.6183218955993652
      vertex 40.47581481933594 19.364303588867188 2.439340114593506
    endloop
  endfacet
  facet normal 0.06637483351158134 0.7587180003089983 0.6480288400090112
    outer loop
      vertex 39.61810302734375 19.286468505859375 2.6183218955993652
      vertex 40.47581481933594 19.364303588867188 2.439340114593506
      vertex 39.61810302734375 19.43933868408203 2.439340114593506
    endloop
  endfacet
  facet normal 0.05672608885859661 0.6484250494825774 0.7591621078836349
    outer loop
      vertex 39.61810302734375 19.43933868408203 2.439340114593506
      vertex 40.47581481933594 19.364303588867188 2.439340114593506
      vertex 40.50688171386719 19.540557861328125 2.2864742279052734
    endloop
  endfacet
  facet normal 0.0567334409863728 0.6483964950717662 0.7591859468223149
    outer loop
      vertex 39.61810302734375 19.43933868408203 2.439340114593506
      vertex 40.50688171386719 19.540557861328125 2.2864742279052734
      vertex 39.61810302734375 19.618324279785156 2.2864742279052734
    endloop
  endfacet
  facet normal 0.050816606057352456 0.5807740317909562 0.8124771975545462
    outer loop
      vertex 39.61810302734375 19.618324279785156 2.2864742279052734
      vertex 40.50688171386719 19.540557861328125 2.2864742279052734
      vertex 39.61810302734375 19.637489318847656 2.2727746963500977
    endloop
  endfacet
  facet normal 0.043007713488748045 0.51531330817067 0.8559220355865772
    outer loop
      vertex 39.61810302734375 19.637489318847656 2.2727746963500977
      vertex 40.50688171386719 19.540557861328125 2.2864742279052734
      vertex 39.61810302734375 19.819007873535156 2.1634902954101562
    endloop
  endfacet
  facet normal 0.0456563843796558 0.5219313697610851 0.8517647209321918
    outer loop
      vertex 39.61810302734375 19.819007873535156 2.1634902954101562
      vertex 40.50688171386719 19.540557861328125 2.2864742279052734
      vertex 40.54173278808594 19.73821258544922 2.1634902954101562
    endloop
  endfacet
  facet normal 0.03845190921729913 0.4395717689957193 0.897384037399551
    outer loop
      vertex 39.61810302734375 19.819007873535156 2.1634902954101562
      vertex 40.54173278808594 19.73821258544922 2.1634902954101562
      vertex 39.61810302734375 19.861328125 2.1427602767944336
    endloop
  endfacet
  facet normal 0.030329238840927267 0.3829903739602995 0.9232543044714603
    outer loop
      vertex 39.61810302734375 19.861328125 2.1427602767944336
      vertex 40.54173278808594 19.73821258544922 2.1634902954101562
      vertex 40.579498291015625 19.952362060546875 2.0734148025512695
    endloop
  endfacet
  facet normal 0.03218922077258709 0.36794521843207945 0.9292901432270887
    outer loop
      vertex 39.61810302734375 19.861328125 2.1427602767944336
      vertex 40.579498291015625 19.952362060546875 2.0734148025512695
      vertex 39.61810302734375 20.036468505859375 2.0734148025512695
    endloop
  endfacet
  facet normal 0.025054266704559913 0.28638772278437985 0.9577861744451491
    outer loop
      vertex 39.61810302734375 20.036468505859375 2.0734148025512695
      vertex 40.579498291015625 19.952362060546875 2.0734148025512695
      vertex 39.61810302734375 20.10419464111328 2.053164005279541
    endloop
  endfacet
  facet normal 0.016490649230418927 0.23406982463464487 0.9720799224772961
    outer loop
      vertex 39.61810302734375 20.10419464111328 2.053164005279541
      vertex 40.579498291015625 19.952362060546875 2.0734148025512695
      vertex 40.61924743652344 20.177757263183594 2.0184669494628906
    endloop
  endfacet
  facet normal 0.01841225245012946 0.21044269584625797 0.9774327908990327
    outer loop
      vertex 39.61810302734375 20.10419464111328 2.053164005279541
      vertex 40.61924743652344 20.177757263183594 2.0184669494628906
      vertex 39.61810302734375 20.265350341796875 2.0184669494628906
    endloop
  endfacet
  facet normal 0.006864047124081653 0.07845257309609291 0.9968942163698616
    outer loop
      vertex 39.61810302734375 20.265350341796875 2.0184669494628906
      vertex 40.61924743652344 20.177757263183594 2.0184669494628906
      vertex 40.65998840332031 20.408851623535156 2
    endloop
  endfacet
  facet normal 0.00686361954330026 0.07845564677928937 0.9968939774194687
    outer loop
      vertex 39.61810302734375 20.265350341796875 2.0184669494628906
      vertex 40.65998840332031 20.408851623535156 2
      vertex 39.61810302734375 20.5 2
    endloop
  endfacet
  facet normal 0 0 1
    outer loop
      vertex 39.61810302734375 20.5 2
      vertex 40.65998840332031 20.408851623535156 2
      vertex 41.77418589269405 21.034027863239732 2
    endloop
  endfacet
  facet normal 0 0 1
    outer loop
      vertex 39.61810302734375 20.5 2
      vertex 41.72515202050262 21.341073382045643 2
      vertex 41.72515202050262 21.34344815752294 2
    endloop
  endfacet
  facet normal 0 0 1
    outer loop
      vertex 39.61810302734375 20.5 2
      vertex 41.76991765950629 21.191391790504447 2
      vertex 41.72515202050262 21.341073382045643 2
    endloop
  endfacet
  facet normal 0 0 1
    outer loop
      vertex 39.61810302734375 20.5 2
      vertex 41.77418589269405 21.034027863239732 2
      vertex 41.76991765950629 21.191391790504447 2
    endloop
  endfacet
  facet normal 0.06174525122555856 0.7057596834998873 0.705755476845367
    outer loop
      vertex 39.61810302734375 25.70000457763672 2
      vertex 41.562957763671875 25.52985382080078 2
      vertex 39.61810302734375 26.5 1.1999998092651367
    endloop
  endfacet
  facet normal 0 0 1
    outer loop
      vertex 39.61810302734375 25.70000457763672 2
      vertex 41.77418589269405 21.96167742645192 2
      vertex 41.82442949541505 21.952584365320746 2
    endloop
  endfacet
  facet normal 0 0 1
    outer loop
      vertex 39.61810302734375 25.70000457763672 2
      vertex 41.82442949541505 21.952584365320746 2
      vertex 41.82442949541505 21.974076970624985 2
    endloop
  endfacet
  facet normal 0 0 1
    outer loop
      vertex 39.61810302734375 25.70000457763672 2
      vertex 41.82442949541505 21.974076970624985 2
      vertex 41.85464633428827 22.19452849783749 2
    endloop
  endfacet
  facet normal 0 0 1
    outer loop
      vertex 39.61810302734375 25.70000457763672 2
      vertex 41.85464633428827 22.19452849783749 2
      vertex 41.957891849080596 22.307889485581118 2
    endloop
  endfacet
  facet normal 0 0 1
    outer loop
      vertex 39.61810302734375 25.70000457763672 2
      vertex 41.957891849080596 22.307889485581118 2
      vertex 42.065324198968995 22.417291024407614 2
    endloop
  endfacet
  facet normal 0 0 1
    outer loop
      vertex 39.61810302734375 25.70000457763672 2
      vertex 42.065324198968995 22.417291024407614 2
      vertex 41.562957763671875 25.52985382080078 2
    endloop
  endfacet
  facet normal 0.087158443996873 0.9961944617593715 0
    outer loop
      vertex 39.61810302734375 26.5 0
      vertex 39.61810302734375 26.5 1.1999998092651367
      vertex 41.701873779296875 26.31768798828125 1.1999998092651367
    endloop
  endfacet
  facet normal 0 0 -1
    outer loop
      vertex 39.61810302734375 26.5 0
      vertex 41.701873779296875 26.31768798828125 0
      vertex 44.61810302734375 24.45000457763672 0
    endloop
  endfacet
  facet normal 0.087158443996873 0.9961944617593715 0
    outer loop
      vertex 39.61810302734375 26.5 0
      vertex 41.701873779296875 26.31768798828125 1.1999998092651367
      vertex 41.701873779296875 26.31768798828125 0
    endloop
  endfacet
  facet normal 0.06174817034913065 0.7057627752944409 0.705752129622875
    outer loop
      vertex 39.61810302734375 26.5 1.1999998092651367
      vertex 41.562957763671875 25.52985382080078 2
      vertex 41.701873779296875 26.31768798828125 1.1999998092651367
    endloop
  endfacet
  facet normal -0.2588141149912403 0.9659271472949194 0
    outer loop
      vertex 39.96539306640625 -16.469608306884766 0
      vertex 39.96539306640625 -16.469608306884766 12.199999809265137
      vertex 40.30213928222656 -16.379379272460938 0
    endloop
  endfacet
  facet normal 0 0 -1
    outer loop
      vertex 39.96539306640625 -16.469608306884766 0
      vertex 40.30213928222656 -16.379379272460938 0
      vertex 42.03561170582676 -20.803464789490825 0
    endloop
  endfacet
  facet normal -0.18335744812557195 0.6843132833354326 0.7057587239755226
    outer loop
      vertex 39.96539306640625 -16.469608306884766 12.199999809265137
      vertex 40.10430908203125 -17.257457733154297 13
      vertex 40.30213928222656 -16.379379272460938 12.199999809265137
    endloop
  endfacet
  facet normal -0.2588141149912403 0.9659271472949194 0
    outer loop
      vertex 39.96539306640625 -16.469608306884766 12.199999809265137
      vertex 40.30213928222656 -16.379379272460938 12.199999809265137
      vertex 40.30213928222656 -16.379379272460938 0
    endloop
  endfacet
  facet normal -0.25882432411868334 -0.9659244117654895 0
    outer loop
      vertex 39.96539306640625 16.46961212158203 0
      vertex 40.30213928222656 16.379379272460938 0
      vertex 40.30213928222656 16.379379272460938 12.199999809265137
    endloop
  endfacet
  facet normal -0.25882432411868334 -0.9659244117654895 0
    outer loop
      vertex 39.96539306640625 16.46961212158203 0
      vertex 40.30213928222656 16.379379272460938 12.199999809265137
      vertex 39.96539306640625 16.46961212158203 12.199999809265137
    endloop
  endfacet
  facet normal 0 0 -1
    outer loop
      vertex 39.96539306640625 16.46961212158203 0
      vertex 42.011966050493456 20.76137636630468 0
      vertex 42.0187857150349 20.75748649832649 0
    endloop
  endfacet
  facet normal 0 0 -1
    outer loop
      vertex 39.96539306640625 16.46961212158203 0
      vertex 42.0187857150349 20.75748649832649 0
      vertex 40.30213928222656 16.379379272460938 0
    endloop
  endfacet
  facet normal -0.1833639085837323 -0.6843084634369473 0.7057617189232217
    outer loop
      vertex 39.96539306640625 16.46961212158203 12.199999809265137
      vertex 40.30213928222656 16.379379272460938 12.199999809265137
      vertex 40.57575988769531 17.131141662597656 13
    endloop
  endfacet
  facet normal -0.1833541621836805 -0.6843140120781755 0.7057588710624836
    outer loop
      vertex 39.96539306640625 16.46961212158203 12.199999809265137
      vertex 40.57575988769531 17.131141662597656 13
      vertex 40.10430908203125 17.257461547851562 13
    endloop
  endfacet
  facet normal 0 0 1
    outer loop
      vertex 40.10430908203125 -17.257457733154297 13
      vertex 40.22184753417969 -17.923988342285156 13
      vertex 40.57575988769531 -17.13113784790039 13
    endloop
  endfacet
  facet normal -0.18335397256156166 0.684313304370909 0.7057596065282156
    outer loop
      vertex 40.10430908203125 -17.257457733154297 13
      vertex 40.57575988769531 -17.13113784790039 13
      vertex 40.30213928222656 -16.379379272460938 12.199999809265137
    endloop
  endfacet
  facet normal 0 0 1
    outer loop
      vertex 40.10430908203125 17.257461547851562 13
      vertex 40.57575988769531 17.131141662597656 13
      vertex 40.80723571777344 17.76714324951172 13
    endloop
  endfacet
  facet normal 0 0 1
    outer loop
      vertex 40.10430908203125 17.257461547851562 13
      vertex 40.80723571777344 17.76714324951172 13
      vertex 40.22184753417969 17.923988342285156 13
    endloop
  endfacet
  facet normal 0.19764843980051489 -0.7376626914423365 0.6455918586060939
    outer loop
      vertex 40.22184753417969 -17.923988342285156 13
      vertex 40.39952087402344 -18.931629180908203 11.794260025024414
      vertex 41.157196044921875 -18.728618621826172 11.794260025024414
    endloop
  endfacet
  facet normal 0 0 1
    outer loop
      vertex 40.22184753417969 -17.923988342285156 13
      vertex 40.80723571777344 -17.767139434814453 13
      vertex 40.57575988769531 -17.13113784790039 13
    endloop
  endfacet
  facet normal 0.19764921440658556 -0.7376622284207747 0.6455921505143604
    outer loop
      vertex 40.22184753417969 -17.923988342285156 13
      vertex 41.157196044921875 -18.728618621826172 11.794260025024414
      vertex 40.80723571777344 -17.767139434814453 13
    endloop
  endfacet
  facet normal 0.19764445984203408 0.7376624241054378 0.6455933825223427
    outer loop
      vertex 40.22184753417969 17.923988342285156 13
      vertex 40.80723571777344 17.76714324951172 13
      vertex 40.39952087402344 18.93163299560547 11.794260025024414
    endloop
  endfacet
  facet normal -0.42260630157273954 0.9063133640584866 0
    outer loop
      vertex 40.30213928222656 -16.379379272460938 0
      vertex 40.30213928222656 -16.379379272460938 12.199999809265137
      vertex 40.61810302734375 -16.23204803466797 0
    endloop
  endfacet
  facet normal 0 0 -1
    outer loop
      vertex 40.30213928222656 -16.379379272460938 0
      vertex 40.61810302734375 -16.23204803466797 0
      vertex 42.29978482160768 -20.626830941863247 0
    endloop
  endfacet
  facet normal 0 0 -1
    outer loop
      vertex 40.30213928222656 -16.379379272460938 0
      vertex 42.035658065839286 -20.800513662173458 0
      vertex 42.03561170582676 -20.803464789490825 0
    endloop
  endfacet
  facet normal 0 0 -1
    outer loop
      vertex 40.30213928222656 -16.379379272460938 0
      vertex 42.09113163141886 -20.774473976868038 0
      vertex 42.035658065839286 -20.800513662173458 0
    endloop
  endfacet
  facet normal 0 0 -1
    outer loop
      vertex 40.30213928222656 -16.379379272460938 0
      vertex 42.14844141686986 -20.734346239417967 0
      vertex 42.09113163141886 -20.774473976868038 0
    endloop
  endfacet
  facet normal 0 0 -1
    outer loop
      vertex 40.30213928222656 -16.379379272460938 0
      vertex 42.15402766338875 -20.687823608049506 0
      vertex 42.14844141686986 -20.734346239417967 0
    endloop
  endfacet
  facet normal 0 0 -1
    outer loop
      vertex 40.30213928222656 -16.379379272460938 0
      vertex 42.20509408827011 -20.70332966542087 0
      vertex 42.15402766338875 -20.687823608049506 0
    endloop
  endfacet
  facet normal 0 0 -1
    outer loop
      vertex 40.30213928222656 -16.379379272460938 0
      vertex 42.26375089463065 -20.67597789211796 0
      vertex 42.20509408827011 -20.70332966542087 0
    endloop
  endfacet
  facet normal 0 0 -1
    outer loop
      vertex 40.30213928222656 -16.379379272460938 0
      vertex 42.29775459490709 -20.627598100605166 0
      vertex 42.26375089463065 -20.67597789211796 0
    endloop
  endfacet
  facet normal 0 0 -1
    outer loop
      vertex 40.30213928222656 -16.379379272460938 0
      vertex 42.29978482160768 -20.626830941863247 0
      vertex 42.29775459490709 -20.627598100605166 0
    endloop
  endfacet
  facet normal -0.29939563513521333 0.6420781333690501 0.7057605290120004
    outer loop
      vertex 40.30213928222656 -16.379379272460938 12.199999809265137
      vertex 40.57575988769531 -17.13113784790039 13
      vertex 40.61810302734375 -16.23204803466797 12.199999809265137
    endloop
  endfacet
  facet normal -0.42260630157273954 0.9063133640584866 0
    outer loop
      vertex 40.30213928222656 -16.379379272460938 12.199999809265137
      vertex 40.61810302734375 -16.23204803466797 12.199999809265137
      vertex 40.61810302734375 -16.23204803466797 0
    endloop
  endfacet
  facet normal -0.42260630157273954 -0.9063133640584866 0
    outer loop
      vertex 40.30213928222656 16.379379272460938 0
      vertex 40.61810302734375 16.23204803466797 0
      vertex 40.61810302734375 16.23204803466797 12.199999809265137
    endloop
  endfacet
  facet normal -0.42260630157273954 -0.9063133640584866 0
    outer loop
      vertex 40.30213928222656 16.379379272460938 0
      vertex 40.61810302734375 16.23204803466797 12.199999809265137
      vertex 40.30213928222656 16.379379272460938 12.199999809265137
    endloop
  endfacet
  facet normal 0 0 -1
    outer loop
      vertex 40.30213928222656 16.379379272460938 0
      vertex 42.0187857150349 20.75748649832649 0
      vertex 42.15402630058441 20.687824223379263 0
    endloop
  endfacet
  facet normal 0 0 -1
    outer loop
      vertex 40.30213928222656 16.379379272460938 0
      vertex 42.15402630058441 20.687824223379263 0
      vertex 42.15642094927412 20.686742998037097 0
    endloop
  endfacet
  facet normal 0 0 -1
    outer loop
      vertex 40.30213928222656 16.379379272460938 0
      vertex 42.15642094927412 20.686742998037097 0
      vertex 40.61810302734375 16.23204803466797 0
    endloop
  endfacet
  facet normal -0.29939672983744964 -0.6420804810464574 0.70575792877005
    outer loop
      vertex 40.30213928222656 16.379379272460938 12.199999809265137
      vertex 40.61810302734375 16.23204803466797 12.199999809265137
      vertex 41.018096923828125 16.92487335205078 13
    endloop
  endfacet
  facet normal -0.2994074815107759 -0.6420715698709782 0.7057614747057194
    outer loop
      vertex 40.30213928222656 16.379379272460938 12.199999809265137
      vertex 41.018096923828125 16.92487335205078 13
      vertex 40.57575988769531 17.131141662597656 13
    endloop
  endfacet
  facet normal 0.2580177958735758 -0.9629729530686916 0.0781659047840232
    outer loop
      vertex 40.39952087402344 -18.931629180908203 3.5
      vertex 40.40272521972656 -18.949817657470703 3.265347957611084
      vertex 41.157196044921875 -18.728618621826172 3.5
    endloop
  endfacet
  facet normal 0.258809658969304 -0.965928341247006 0
    outer loop
      vertex 40.39952087402344 -18.931629180908203 3.5
      vertex 41.157196044921875 -18.728618621826172 3.5
      vertex 40.39952087402344 -18.931629180908203 11.794260025024414
    endloop
  endfacet
  facet normal 0.258809658969304 -0.965928341247006 0
    outer loop
      vertex 40.39952087402344 -18.931629180908203 11.794260025024414
      vertex 41.157196044921875 -18.728618621826172 3.5
      vertex 41.157196044921875 -18.728618621826172 11.794260025024414
    endloop
  endfacet
  facet normal 0.258809658969304 0.965928341247006 0
    outer loop
      vertex 40.39952087402344 18.93163299560547 3.5
      vertex 40.39952087402344 18.93163299560547 11.794260025024414
      vertex 41.157196044921875 18.728622436523438 11.794260025024414
    endloop
  endfacet
  facet normal 0.2580182258278366 0.9629745577422095 0.07814471371661454
    outer loop
      vertex 40.39952087402344 18.93163299560547 3.5
      vertex 41.157196044921875 18.728622436523438 3.5
      vertex 41.16351318359375 18.7459716796875 3.265347957611084
    endloop
  endfacet
  facet normal 0.258809658969304 0.965928341247006 0
    outer loop
      vertex 40.39952087402344 18.93163299560547 3.5
      vertex 41.157196044921875 18.728622436523438 11.794260025024414
      vertex 41.157196044921875 18.728622436523438 3.5
    endloop
  endfacet
  facet normal 0.25802393243517585 0.9629713123459286 0.07816586140667765
    outer loop
      vertex 40.39952087402344 18.93163299560547 3.5
      vertex 41.16351318359375 18.7459716796875 3.265347957611084
      vertex 40.40272521972656 18.94982147216797 3.265347957611084
    endloop
  endfacet
  facet normal 0.19764838412797947 0.7376624836615295 0.6455921130635832
    outer loop
      vertex 40.39952087402344 18.93163299560547 11.794260025024414
      vertex 40.80723571777344 17.76714324951172 13
      vertex 41.157196044921875 18.728622436523438 11.794260025024414
    endloop
  endfacet
  facet normal 0.25171749040661706 -0.9394350353069741 0.23259432379397993
    outer loop
      vertex 40.40272521972656 -18.949817657470703 3.265347957611084
      vertex 40.412261962890625 -19.003929138183594 3.0364739894866943
      vertex 41.16351318359375 -18.745967864990234 3.265347957611084
    endloop
  endfacet
  facet normal 0.25802436063971373 -0.9629729104484066 0.07814475707935922
    outer loop
      vertex 40.40272521972656 -18.949817657470703 3.265347957611084
      vertex 41.16351318359375 -18.745967864990234 3.265347957611084
      vertex 41.157196044921875 -18.728618621826172 3.5
    endloop
  endfacet
  facet normal 0.251718865310297 0.9394401665860324 0.23257210978899506
    outer loop
      vertex 40.40272521972656 18.94982147216797 3.265347957611084
      vertex 41.16351318359375 18.7459716796875 3.265347957611084
      vertex 41.18229675292969 18.79759979248047 3.0364739894866943
    endloop
  endfacet
  facet normal 0.2517205802960388 0.9394378852713798 0.23257946850971914
    outer loop
      vertex 40.40272521972656 18.94982147216797 3.265347957611084
      vertex 41.18229675292969 18.79759979248047 3.0364739894866943
      vertex 40.412261962890625 19.003929138183594 3.0364739894866943
    endloop
  endfacet
  facet normal 0.23924826991159823 -0.8928903964715874 0.38145380484813396
    outer loop
      vertex 40.412261962890625 -19.003929138183594 3.0364739894866943
      vertex 40.42790222167969 -19.092639923095703 2.819014072418213
      vertex 41.18229675292969 -18.79759979248047 3.0364739894866943
    endloop
  endfacet
  facet normal 0.2517201163049163 -0.9394361536257655 0.23258696504375911
    outer loop
      vertex 40.412261962890625 -19.003929138183594 3.0364739894866943
      vertex 41.18229675292969 -18.79759979248047 3.0364739894866943
      vertex 41.16351318359375 -18.745967864990234 3.265347957611084
    endloop
  endfacet
  facet normal 0.23924775305176868 0.8928884675164551 0.381458644201172
    outer loop
      vertex 40.412261962890625 19.003929138183594 3.0364739894866943
      vertex 41.18229675292969 18.79759979248047 3.0364739894866943
      vertex 41.213104248046875 18.882247924804688 2.819014072418213
    endloop
  endfacet
  facet normal 0.23924943312461347 0.8928844021582829 0.3814671062254212
    outer loop
      vertex 40.412261962890625 19.003929138183594 3.0364739894866943
      vertex 41.213104248046875 18.882247924804688 2.819014072418213
      vertex 40.42790222167969 19.09264373779297 2.819014072418213
    endloop
  endfacet
  facet normal 0.22090352740703442 -0.8244320067331666 0.5210695710296789
    outer loop
      vertex 40.42790222167969 -19.092639923095703 2.819014072418213
      vertex 40.44926452636719 -19.213760375976562 2.6183218955993652
      vertex 41.213104248046875 -18.882247924804688 2.819014072418213
    endloop
  endfacet
  facet normal 0.23924629463546185 -0.8928888782583889 0.3814585974724883
    outer loop
      vertex 40.42790222167969 -19.092639923095703 2.819014072418213
      vertex 41.213104248046875 -18.882247924804688 2.819014072418213
      vertex 41.18229675292969 -18.79759979248047 3.0364739894866943
    endloop
  endfacet
  facet normal 0.2209119076213292 0.8244483340672284 0.5210401841747689
    outer loop
      vertex 40.42790222167969 19.09264373779297 2.819014072418213
      vertex 41.213104248046875 18.882247924804688 2.819014072418213
      vertex 41.25517272949219 18.99781036376953 2.6183218955993652
    endloop
  endfacet
  facet normal 0.22091481158242537 0.8244364379817967 0.5210577758285434
    outer loop
      vertex 40.42790222167969 19.09264373779297 2.819014072418213
      vertex 41.25517272949219 18.99781036376953 2.6183218955993652
      vertex 40.44926452636719 19.213760375976562 2.6183218955993652
    endloop
  endfacet
  facet normal 0.197130939012766 -0.7356769245644408 0.6480114625123164
    outer loop
      vertex 40.44926452636719 -19.213760375976562 2.6183218955993652
      vertex 40.47581481933594 -19.364299774169922 2.439340114593506
      vertex 41.25517272949219 -18.99781036376953 2.6183218955993652
    endloop
  endfacet
  facet normal 0.2209175549646487 -0.8244466760652102 0.52104041324399
    outer loop
      vertex 40.44926452636719 -19.213760375976562 2.6183218955993652
      vertex 41.25517272949219 -18.99781036376953 2.6183218955993652
      vertex 41.213104248046875 -18.882247924804688 2.819014072418213
    endloop
  endfacet
  facet normal 0.19712670751776648 0.7356611329629644 0.6480306772297532
    outer loop
      vertex 40.44926452636719 19.213760375976562 2.6183218955993652
      vertex 41.25517272949219 18.99781036376953 2.6183218955993652
      vertex 41.30744934082031 19.141464233398438 2.439340114593506
    endloop
  endfacet
  facet normal 0.1971253985499203 0.7356702596389864 0.6480207144291311
    outer loop
      vertex 40.44926452636719 19.213760375976562 2.6183218955993652
      vertex 41.30744934082031 19.141464233398438 2.439340114593506
      vertex 40.47581481933594 19.364303588867188 2.439340114593506
    endloop
  endfacet
  facet normal 0.16846729241748432 -0.6287184587330683 0.7591652461973196
    outer loop
      vertex 40.47581481933594 -19.364299774169922 2.439340114593506
      vertex 40.50688171386719 -19.540557861328125 2.2864742279052734
      vertex 41.30744934082031 -19.141460418701172 2.439340114593506
    endloop
  endfacet
  facet normal 0.19712524192285 -0.7356696751081327 0.6480214256667383
    outer loop
      vertex 40.47581481933594 -19.364299774169922 2.439340114593506
      vertex 41.30744934082031 -19.141460418701172 2.439340114593506
      vertex 41.25517272949219 -18.99781036376953 2.6183218955993652
    endloop
  endfacet
  facet normal 0.16846146497243084 0.6286967107592047 0.759184549829552
    outer loop
      vertex 40.47581481933594 19.364303588867188 2.439340114593506
      vertex 41.30744934082031 19.141464233398438 2.439340114593506
      vertex 41.36866760253906 19.309654235839844 2.2864742279052734
    endloop
  endfacet
  facet normal 0.16845902410570446 0.6287281522182043 0.7591590530354203
    outer loop
      vertex 40.47581481933594 19.364303588867188 2.439340114593506
      vertex 41.36866760253906 19.309654235839844 2.2864742279052734
      vertex 40.50688171386719 19.540557861328125 2.2864742279052734
    endloop
  endfacet
  facet normal 0.13559928400623014 -0.5060796195076154 0.8517606781813921
    outer loop
      vertex 40.50688171386719 -19.540557861328125 2.2864742279052734
      vertex 40.54173278808594 -19.738208770751953 2.1634902954101562
      vertex 41.36866760253906 -19.309650421142578 2.2864742279052734
    endloop
  endfacet
  facet normal 0.16845402601540024 -0.6286991116153888 0.7591842122786957
    outer loop
      vertex 40.50688171386719 -19.540557861328125 2.2864742279052734
      vertex 41.36866760253906 -19.309650421142578 2.2864742279052734
      vertex 41.30744934082031 -19.141460418701172 2.439340114593506
    endloop
  endfacet
  facet normal 0.13560275234696195 0.5061009249662459 0.8517474668610636
    outer loop
      vertex 40.50688171386719 19.540557861328125 2.2864742279052734
      vertex 41.36866760253906 19.309654235839844 2.2864742279052734
      vertex 41.43731689453125 19.49823760986328 2.1634902954101562
    endloop
  endfacet
  facet normal 0.13560370161233837 0.5060716003518139 0.8517647394829078
    outer loop
      vertex 40.50688171386719 19.540557861328125 2.2864742279052734
      vertex 41.43731689453125 19.49823760986328 2.1634902954101562
      vertex 40.54173278808594 19.73821258544922 2.1634902954101562
    endloop
  endfacet
  facet normal 0.09937121946647262 -0.3708582500609266 0.9233577416708505
    outer loop
      vertex 40.54173278808594 -19.738208770751953 2.1634902954101562
      vertex 40.579498291015625 -19.95235824584961 2.0734148025512695
      vertex 41.43731689453125 -19.49823760986328 2.1634902954101562
    endloop
  endfacet
  facet normal 0.1356070392118945 -0.5060921011946984 0.8517520273087225
    outer loop
      vertex 40.54173278808594 -19.738208770751953 2.1634902954101562
      vertex 41.43731689453125 -19.49823760986328 2.1634902954101562
      vertex 41.36866760253906 -19.309650421142578 2.2864742279052734
    endloop
  endfacet
  facet normal 0.09937087435193963 0.3708510668492651 0.9233606638509639
    outer loop
      vertex 40.54173278808594 19.73821258544922 2.1634902954101562
      vertex 41.43731689453125 19.49823760986328 2.1634902954101562
      vertex 41.511688232421875 19.70258331298828 2.0734148025512695
    endloop
  endfacet
  facet normal 0.09937087029432008 0.37085831626015475 0.923357752660166
    outer loop
      vertex 40.54173278808594 19.73821258544922 2.1634902954101562
      vertex 41.511688232421875 19.70258331298828 2.0734148025512695
      vertex 40.579498291015625 19.952362060546875 2.0734148025512695
    endloop
  endfacet
  facet normal 0 0 1
    outer loop
      vertex 40.57575988769531 -17.13113784790039 13
      vertex 40.80723571777344 -17.767139434814453 13
      vertex 41.018096923828125 -16.924869537353516 13
    endloop
  endfacet
  facet normal -0.2994093725693652 0.6420756251970208 0.7057569830653282
    outer loop
      vertex 40.57575988769531 -17.13113784790039 13
      vertex 41.018096923828125 -16.924869537353516 13
      vertex 40.61810302734375 -16.23204803466797 12.199999809265137
    endloop
  endfacet
  facet normal 0 0 1
    outer loop
      vertex 40.57575988769531 17.131141662597656 13
      vertex 41.018096923828125 16.92487335205078 13
      vertex 41.35650634765625 17.511009216308594 13
    endloop
  endfacet
  facet normal 0 0 1
    outer loop
      vertex 40.57575988769531 17.131141662597656 13
      vertex 41.35650634765625 17.511009216308594 13
      vertex 40.80723571777344 17.76714324951172 13
    endloop
  endfacet
  facet normal 0.06063726112539053 -0.22630205911435036 0.9721679384776152
    outer loop
      vertex 40.579498291015625 -19.95235824584961 2.0734148025512695
      vertex 40.61924743652344 -20.177757263183594 2.0184669494628906
      vertex 41.511688232421875 -19.702579498291016 2.0734148025512695
    endloop
  endfacet
  facet normal 0.09937053557000432 -0.37085706704802857 0.9233582904165991
    outer loop
      vertex 40.579498291015625 -19.95235824584961 2.0734148025512695
      vertex 41.511688232421875 -19.702579498291016 2.0734148025512695
      vertex 41.43731689453125 -19.49823760986328 2.1634902954101562
    endloop
  endfacet
  facet normal 0.06063607731656492 0.22629764106561492 0.9721690407412683
    outer loop
      vertex 40.579498291015625 19.952362060546875 2.0734148025512695
      vertex 41.511688232421875 19.70258331298828 2.0734148025512695
      vertex 41.5899658203125 19.91766357421875 2.0184669494628906
    endloop
  endfacet
  facet normal 0.06063625503348457 0.22630586585698206 0.9721671150857942
    outer loop
      vertex 40.579498291015625 19.952362060546875 2.0734148025512695
      vertex 41.5899658203125 19.91766357421875 2.0184669494628906
      vertex 40.61924743652344 20.177757263183594 2.0184669494628906
    endloop
  endfacet
  facet normal -0.5735798409755043 0.8191496603347371 0
    outer loop
      vertex 40.61810302734375 -16.23204803466797 0
      vertex 40.61810302734375 -16.23204803466797 12.199999809265137
      vertex 40.90367126464844 -16.032089233398438 0
    endloop
  endfacet
  facet normal 0 0 -1
    outer loop
      vertex 40.61810302734375 -16.23204803466797 0
      vertex 40.90367126464844 -16.032089233398438 0
      vertex 42.4468510157571 -20.578090407132144 0
    endloop
  endfacet
  facet normal 0 0 -1
    outer loop
      vertex 40.61810302734375 -16.23204803466797 0
      vertex 42.322007345135084 -20.651137180948 0
      vertex 42.29978482160768 -20.626830941863247 0
    endloop
  endfacet
  facet normal 0 0 -1
    outer loop
      vertex 40.61810302734375 -16.23204803466797 0
      vertex 42.4468510157571 -20.578090407132144 0
      vertex 42.322007345135084 -20.651137180948 0
    endloop
  endfacet
  facet normal -0.5735798409755043 0.8191496603347371 0
    outer loop
      vertex 40.61810302734375 -16.23204803466797 12.199999809265137
      vertex 40.90367126464844 -16.032089233398438 12.199999809265137
      vertex 40.90367126464844 -16.032089233398438 0
    endloop
  endfacet
  facet normal -0.4063553747247959 0.5803304847933577 0.7057562170124873
    outer loop
      vertex 40.61810302734375 -16.23204803466797 12.199999809265137
      vertex 41.018096923828125 -16.924869537353516 13
      vertex 40.90367126464844 -16.032089233398438 12.199999809265137
    endloop
  endfacet
  facet normal -0.5735798409755043 -0.8191496603347371 0
    outer loop
      vertex 40.61810302734375 16.23204803466797 0
      vertex 40.90367126464844 16.032089233398438 0
      vertex 40.90367126464844 16.032089233398438 12.199999809265137
    endloop
  endfacet
  facet normal -0.5735798409755043 -0.8191496603347371 0
    outer loop
      vertex 40.61810302734375 16.23204803466797 0
      vertex 40.90367126464844 16.032089233398438 12.199999809265137
      vertex 40.61810302734375 16.23204803466797 12.199999809265137
    endloop
  endfacet
  facet normal 0 0 -1
    outer loop
      vertex 40.61810302734375 16.23204803466797 0
      vertex 42.15642094927412 20.686742998037097 0
      vertex 42.26430505857796 20.675723299179353 0
    endloop
  endfacet
  facet normal 0 0 -1
    outer loop
      vertex 40.61810302734375 16.23204803466797 0
      vertex 42.26430505857796 20.675723299179353 0
      vertex 42.29978355421497 20.626831420771047 0
    endloop
  endfacet
  facet normal 0 0 -1
    outer loop
      vertex 40.61810302734375 16.23204803466797 0
      vertex 42.29978355421497 20.626831420771047 0
      vertex 42.32252415950941 20.651002194776808 0
    endloop
  endfacet
  facet normal 0 0 -1
    outer loop
      vertex 40.61810302734375 16.23204803466797 0
      vertex 42.32252415950941 20.651002194776808 0
      vertex 42.44263672465487 20.618812124075507 0
    endloop
  endfacet
  facet normal 0 0 -1
    outer loop
      vertex 40.61810302734375 16.23204803466797 0
      vertex 42.44263672465487 20.618812124075507 0
      vertex 42.4468510157571 20.578090407132144 0
    endloop
  endfacet
  facet normal 0 0 -1
    outer loop
      vertex 40.61810302734375 16.23204803466797 0
      vertex 42.4468510157571 20.578090407132144 0
      vertex 42.45604771922367 20.575574473765283 0
    endloop
  endfacet
  facet normal 0 0 -1
    outer loop
      vertex 40.61810302734375 16.23204803466797 0
      vertex 42.45604771922367 20.575574473765283 0
      vertex 40.90367126464844 16.032089233398438 0
    endloop
  endfacet
  facet normal -0.4063545804389851 -0.5803293504456947 0.70575760709151
    outer loop
      vertex 40.61810302734375 16.23204803466797 12.199999809265137
      vertex 40.90367126464844 16.032089233398438 12.199999809265137
      vertex 41.41790771484375 16.644920349121094 13
    endloop
  endfacet
  facet normal -0.4063545778441117 -0.5803293535003768 0.7057576060737625
    outer loop
      vertex 40.61810302734375 16.23204803466797 12.199999809265137
      vertex 41.41790771484375 16.644920349121094 13
      vertex 41.018096923828125 16.92487335205078 13
    endloop
  endfacet
  facet normal 0.020382596789107383 -0.07607055482643148 0.9968940868700805
    outer loop
      vertex 40.61924743652344 -20.177757263183594 2.0184669494628906
      vertex 40.65998840332031 -20.40884780883789 2
      vertex 41.5899658203125 -19.917659759521484 2.0184669494628906
    endloop
  endfacet
  facet normal 0.06063504022183197 -0.22629801292359003 0.9721690188666432
    outer loop
      vertex 40.61924743652344 -20.177757263183594 2.0184669494628906
      vertex 41.5899658203125 -19.917659759521484 2.0184669494628906
      vertex 41.511688232421875 -19.702579498291016 2.0734148025512695
    endloop
  endfacet
  facet normal 0.020383316529461626 0.07607435673079466 0.9968937820325973
    outer loop
      vertex 40.61924743652344 20.177757263183594 2.0184669494628906
      vertex 41.5899658203125 19.91766357421875 2.0184669494628906
      vertex 41.67022705078125 20.138153076171875 2
    endloop
  endfacet
  facet normal 0.020383129643412486 0.0760692124969088 0.9968941784041273
    outer loop
      vertex 40.61924743652344 20.177757263183594 2.0184669494628906
      vertex 41.67022705078125 20.138153076171875 2
      vertex 40.65998840332031 20.408851623535156 2
    endloop
  endfacet
  facet normal 0.020384402335551017 -0.0760739621448001 0.9968937899420448
    outer loop
      vertex 40.65998840332031 -20.40884780883789 2
      vertex 41.67022705078125 -20.13814926147461 2
      vertex 41.5899658203125 -19.917659759521484 2.0184669494628906
    endloop
  endfacet
  facet normal 0 0 1
    outer loop
      vertex 40.65998840332031 -20.40884780883789 2
      vertex 41.728328168121074 -21.16115672129152 2
      vertex 41.77418589269405 -21.014915451688104 2
    endloop
  endfacet
  facet normal 0 0 1
    outer loop
      vertex 40.65998840332031 -20.40884780883789 2
      vertex 41.77418589269405 -21.014915451688104 2
      vertex 41.87583324429574 -20.900141602735598 2
    endloop
  endfacet
  facet normal 0 0 1
    outer loop
      vertex 40.65998840332031 -20.40884780883789 2
      vertex 41.87583324429574 -20.900141602735598 2
      vertex 41.67022705078125 -20.13814926147461 2
    endloop
  endfacet
  facet normal 0 0 1
    outer loop
      vertex 40.65998840332031 20.408851623535156 2
      vertex 41.67022705078125 20.138153076171875 2
      vertex 41.98167867345212 20.79369776347615 2
    endloop
  endfacet
  facet normal 0 0 1
    outer loop
      vertex 40.65998840332031 20.408851623535156 2
      vertex 41.82442949541505 21.04224927041054 2
      vertex 41.82442949541505 21.04647241452937 2
    endloop
  endfacet
  facet normal 0 0 1
    outer loop
      vertex 40.65998840332031 20.408851623535156 2
      vertex 41.82442949541505 21.04647241452937 2
      vertex 41.77418589269405 21.034027863239732 2
    endloop
  endfacet
  facet normal 0 0 1
    outer loop
      vertex 40.65998840332031 20.408851623535156 2
      vertex 41.874985509778206 20.899802868208404 2
      vertex 41.82442949541505 21.04224927041054 2
    endloop
  endfacet
  facet normal 0 0 1
    outer loop
      vertex 40.65998840332031 20.408851623535156 2
      vertex 41.98167867345212 20.79369776347615 2
      vertex 41.874985509778206 20.899802868208404 2
    endloop
  endfacet
  facet normal 0.32274549558464066 -0.6921307068635991 0.6455930836806721
    outer loop
      vertex 40.80723571777344 -17.767139434814453 13
      vertex 41.157196044921875 -18.728618621826172 11.794260025024414
      vertex 41.86810302734375 -18.397117614746094 11.794260025024414
    endloop
  endfacet
  facet normal 0 0 1
    outer loop
      vertex 40.80723571777344 -17.767139434814453 13
      vertex 41.35650634765625 -17.511009216308594 13
      vertex 41.018096923828125 -16.924869537353516 13
    endloop
  endfacet
  facet normal 0.3227467506549131 -0.6921296208584606 0.6455936205323118
    outer loop
      vertex 40.80723571777344 -17.767139434814453 13
      vertex 41.86810302734375 -18.397117614746094 11.794260025024414
      vertex 41.35650634765625 -17.511009216308594 13
    endloop
  endfacet
  facet normal 0.3227509824910218 0.6921283877474866 0.6455928269235531
    outer loop
      vertex 40.80723571777344 17.76714324951172 13
      vertex 41.35650634765625 17.511009216308594 13
      vertex 41.157196044921875 18.728622436523438 11.794260025024414
    endloop
  endfacet
  facet normal -0.7071067811865475 0.7071067811865475 0
    outer loop
      vertex 40.90367126464844 -16.032089233398438 0
      vertex 40.90367126464844 -16.032089233398438 12.199999809265137
      vertex 41.15019226074219 -15.785568237304688 0
    endloop
  endfacet
  facet normal 0 0 -1
    outer loop
      vertex 40.90367126464844 -16.032089233398438 0
      vertex 41.15019226074219 -15.785568237304688 0
      vertex 42.4468510157571 -20.578090407132144 0
    endloop
  endfacet
  facet normal -0.4063509753069613 0.5803321163144971 0.7057574084917695
    outer loop
      vertex 40.90367126464844 -16.032089233398438 12.199999809265137
      vertex 41.018096923828125 -16.924869537353516 13
      vertex 41.41790771484375 -16.644920349121094 13
    endloop
  endfacet
  facet normal -0.7071067811865475 0.7071067811865475 0
    outer loop
      vertex 40.90367126464844 -16.032089233398438 12.199999809265137
      vertex 41.15019226074219 -15.785568237304688 12.199999809265137
      vertex 41.15019226074219 -15.785568237304688 0
    endloop
  endfacet
  facet normal -0.5009518623730558 0.5009518623730558 0.7057580769427536
    outer loop
      vertex 40.90367126464844 -16.032089233398438 12.199999809265137
      vertex 41.41790771484375 -16.644920349121094 13
      vertex 41.15019226074219 -15.785568237304688 12.199999809265137
    endloop
  endfacet
  facet normal -0.7071067811865475 -0.7071067811865475 0
    outer loop
      vertex 40.90367126464844 16.032089233398438 0
      vertex 41.15019226074219 15.785568237304688 0
      vertex 41.15019226074219 15.785568237304688 12.199999809265137
    endloop
  endfacet
  facet normal -0.7071067811865475 -0.7071067811865475 0
    outer loop
      vertex 40.90367126464844 16.032089233398438 0
      vertex 41.15019226074219 15.785568237304688 12.199999809265137
      vertex 40.90367126464844 16.032089233398438 12.199999809265137
    endloop
  endfacet
  facet normal 0 0 -1
    outer loop
      vertex 40.90367126464844 16.032089233398438 0
      vertex 42.45604771922367 20.575574473765283 0
      vertex 41.15019226074219 15.785568237304688 0
    endloop
  endfacet
  facet normal -0.5009501733051703 -0.5009501733051703 0.705760474758285
    outer loop
      vertex 40.90367126464844 16.032089233398438 12.199999809265137
      vertex 41.15019226074219 15.785568237304688 12.199999809265137
      vertex 41.763031005859375 16.2998046875 13
    endloop
  endfacet
  facet normal -0.500946083937245 -0.5009571582399739 0.7057584194298134
    outer loop
      vertex 40.90367126464844 16.032089233398438 12.199999809265137
      vertex 41.763031005859375 16.2998046875 13
      vertex 41.41790771484375 16.644920349121094 13
    endloop
  endfacet
  facet normal 0 0 -1
    outer loop
      vertex 41.000380382056214 22.475786117904427 0
      vertex 41.0004340141797 22.52762792829849 0
      vertex 41.00159148733029 22.475665860735386 0
    endloop
  endfacet
  facet normal 0 0 -1
    outer loop
      vertex 41.000380382056214 22.475786117904427 0
      vertex 41.00159148733029 22.475665860735386 0
      vertex 41.00275976944179 22.399584436510295 0
    endloop
  endfacet
  facet normal 0 0 -1
    outer loop
      vertex 41.0004340141797 22.52762792829849 0
      vertex 41.010243237861026 22.398812773485314 0
      vertex 41.00159148733029 22.475665860735386 0
    endloop
  endfacet
  facet normal 0 0 -1
    outer loop
      vertex 41.0004340141797 22.52762792829849 0
      vertex 41.026379376040055 22.29891595049797 0
      vertex 41.010243237861026 22.398812773485314 0
    endloop
  endfacet
  facet normal 0 0 -1
    outer loop
      vertex 41.0004340141797 22.52762792829849 0
      vertex 41.04997198840582 22.17864654529252 0
      vertex 41.026379376040055 22.29891595049797 0
    endloop
  endfacet
  facet normal 0 0 -1
    outer loop
      vertex 41.0004340141797 22.52762792829849 0
      vertex 41.08097423460322 22.04142453413169 0
      vertex 41.04997198840582 22.17864654529252 0
    endloop
  endfacet
  facet normal 0 0 -1
    outer loop
      vertex 41.0004340141797 22.52762792829849 0
      vertex 41.14240537303095 21.88841274314622 0
      vertex 41.08097423460322 22.04142453413169 0
    endloop
  endfacet
  facet normal 0 0 -1
    outer loop
      vertex 41.0004340141797 22.52762792829849 0
      vertex 41.22008587110551 21.72562937472369 0
      vertex 41.14240537303095 21.88841274314622 0
    endloop
  endfacet
  facet normal 0 0 -1
    outer loop
      vertex 41.0004340141797 22.52762792829849 0
      vertex 41.313380229834436 21.557956680962967 0
      vertex 41.22008587110551 21.72562937472369 0
    endloop
  endfacet
  facet normal 0 0 -1
    outer loop
      vertex 41.0004340141797 22.52762792829849 0
      vertex 41.42210877693491 21.428158925563025 0
      vertex 41.313380229834436 21.557956680962967 0
    endloop
  endfacet
  facet normal 0 0 -1
    outer loop
      vertex 41.0004340141797 22.52762792829849 0
      vertex 41.50154110468271 21.28961863267916 0
      vertex 41.42210877693491 21.428158925563025 0
    endloop
  endfacet
  facet normal 0 0 -1
    outer loop
      vertex 41.0004340141797 22.52762792829849 0
      vertex 41.6327658185137 21.16046621704382 0
      vertex 41.50154110468271 21.28961863267916 0
    endloop
  endfacet
  facet normal 0 0 -1
    outer loop
      vertex 41.0004340141797 22.52762792829849 0
      vertex 41.776016838846665 21.03624204056886 0
      vertex 41.6327658185137 21.16046621704382 0
    endloop
  endfacet
  facet normal 0 0 -1
    outer loop
      vertex 41.0004340141797 22.52762792829849 0
      vertex 41.8266829332854 21.025412522489383 0
      vertex 41.776016838846665 21.03624204056886 0
    endloop
  endfacet
  facet normal 0 0 -1
    outer loop
      vertex 41.0004340141797 22.52762792829849 0
      vertex 41.87583324429574 20.99694721920032 0
      vertex 41.8266829332854 21.025412522489383 0
    endloop
  endfacet
  facet normal 0 0 -1
    outer loop
      vertex 41.0004340141797 22.52762792829849 0
      vertex 41.87815495501115 20.993631389516555 0
      vertex 41.87583324429574 20.99694721920032 0
    endloop
  endfacet
  facet normal 0 0 -1
    outer loop
      vertex 41.0004340141797 22.52762792829849 0
      vertex 41.928346410042 20.920883567933465 0
      vertex 41.87815495501115 20.993631389516555 0
    endloop
  endfacet
  facet normal 0 0 -1
    outer loop
      vertex 41.0004340141797 22.52762792829849 0
      vertex 41.93005494236797 20.920103749038283 0
      vertex 41.928346410042 20.920883567933465 0
    endloop
  endfacet
  facet normal 0 0 -1
    outer loop
      vertex 41.0004340141797 22.52762792829849 0
      vertex 41.98330489041813 20.866853800988114 0
      vertex 41.93005494236797 20.920103749038283 0
    endloop
  endfacet
  facet normal 0 0 -1
    outer loop
      vertex 41.0004340141797 22.52762792829849 0
      vertex 42.037396965933006 20.804952330825323 0
      vertex 41.98330489041813 20.866853800988114 0
    endloop
  endfacet
  facet normal 0 0 -1
    outer loop
      vertex 41.0004340141797 22.52762792829849 0
      vertex 42.09201900052091 20.77385646461271 0
      vertex 42.037396965933006 20.804952330825323 0
    endloop
  endfacet
  facet normal 0 0 -1
    outer loop
      vertex 41.0004340141797 22.52762792829849 0
      vertex 42.149125168538355 20.73387129804908 0
      vertex 42.09201900052091 20.77385646461271 0
    endloop
  endfacet
  facet normal 0 0 -1
    outer loop
      vertex 41.0004340141797 22.52762792829849 0
      vertex 42.20570421873044 20.70304897519754 0
      vertex 42.149125168538355 20.73387129804908 0
    endloop
  endfacet
  facet normal 0 0 -1
    outer loop
      vertex 41.0004340141797 22.52762792829849 0
      vertex 42.26430505857796 20.675723299179353 0
      vertex 42.20570421873044 20.70304897519754 0
    endloop
  endfacet
  facet normal 0 0 -1
    outer loop
      vertex 41.0004340141797 22.52762792829849 0
      vertex 42.32252415950941 20.651002194776808 0
      vertex 42.26430505857796 20.675723299179353 0
    endloop
  endfacet
  facet normal 0 0 -1
    outer loop
      vertex 41.0004340141797 22.52762792829849 0
      vertex 42.44201778792154 22.388244523679532 0
      vertex 42.44263672465487 20.618812124075507 0
    endloop
  endfacet
  facet normal 0 0 -1
    outer loop
      vertex 41.0004340141797 22.52762792829849 0
      vertex 42.44263672465487 20.618812124075507 0
      vertex 42.32252415950941 20.651002194776808 0
    endloop
  endfacet
  facet normal 0 0 -1
    outer loop
      vertex 41.0004340141797 22.52762792829849 0
      vertex 42.47053408372663 22.394667089634847 0
      vertex 42.44201778792154 22.388244523679532 0
    endloop
  endfacet
  facet normal 0 0 -1
    outer loop
      vertex 41.00159148733029 22.475665860735386 0
      vertex 41.010243237861026 22.398812773485314 0
      vertex 41.00275976944179 22.399584436510295 0
    endloop
  endfacet
  facet normal 0 0 -1
    outer loop
      vertex 41.00275976944179 22.399584436510295 0
      vertex 41.010243237861026 22.398812773485314 0
      vertex 41.01010248325643 22.300674668246245 0
    endloop
  endfacet
  facet normal 0 0 -1
    outer loop
      vertex 41.01010248325643 22.300674668246245 0
      vertex 41.010243237861026 22.398812773485314 0
      vertex 41.026379376040055 22.29891595049797 0
    endloop
  endfacet
  facet normal 0 0 -1
    outer loop
      vertex 41.01010248325643 22.300674668246245 0
      vertex 41.026379376040055 22.29891595049797 0
      vertex 41.02561977586417 22.181421628435494 0
    endloop
  endfacet
  facet normal 0 0 1
    outer loop
      vertex 41.018096923828125 -16.924869537353516 13
      vertex 41.35650634765625 -17.511009216308594 13
      vertex 41.41790771484375 -16.644920349121094 13
    endloop
  endfacet
  facet normal 0 0 1
    outer loop
      vertex 41.018096923828125 16.92487335205078 13
      vertex 41.41790771484375 16.644920349121094 13
      vertex 41.85295104980469 17.16339111328125 13
    endloop
  endfacet
  facet normal 0 0 1
    outer loop
      vertex 41.018096923828125 16.92487335205078 13
      vertex 41.85295104980469 17.16339111328125 13
      vertex 41.35650634765625 17.511009216308594 13
    endloop
  endfacet
  facet normal 0 0 -1
    outer loop
      vertex 41.02561977586417 22.181421628435494 0
      vertex 41.026379376040055 22.29891595049797 0
      vertex 41.04997198840582 22.17864654529252 0
    endloop
  endfacet
  facet normal 0 0 -1
    outer loop
      vertex 41.02561977586417 22.181421628435494 0
      vertex 41.04997198840582 22.17864654529252 0
      vertex 41.05269854777083 22.044836080212104 0
    endloop
  endfacet
  facet normal 0 0 -1
    outer loop
      vertex 41.04997198840582 22.17864654529252 0
      vertex 41.08097423460322 22.04142453413169 0
      vertex 41.05269854777083 22.044836080212104 0
    endloop
  endfacet
  facet normal 0 0 -1
    outer loop
      vertex 41.05269854777083 22.044836080212104 0
      vertex 41.08097423460322 22.04142453413169 0
      vertex 41.09399866682297 21.894605129837966 0
    endloop
  endfacet
  facet normal 0 0 -1
    outer loop
      vertex 41.06283367774274 -22.120368511713913 0
      vertex 41.07904641173164 -21.965329963255645 0
      vertex 41.183347994441135 -22.09390496575517 0
    endloop
  endfacet
  facet normal 0 0 -1
    outer loop
      vertex 41.06283367774274 -22.120368511713913 0
      vertex 41.183347994441135 -22.09390496575517 0
      vertex 41.17320037525654 -23.31358546601045 0
    endloop
  endfacet
  facet normal 0 0 -1
    outer loop
      vertex 41.07904641173164 -21.965329963255645 0
      vertex 41.11823846209155 -21.95642642533045 0
      vertex 41.183347994441135 -22.09390496575517 0
    endloop
  endfacet
  facet normal 0 0 -1
    outer loop
      vertex 41.07904641173164 -21.965329963255645 0
      vertex 41.13995068580358 -21.795346435583145 0
      vertex 41.11823846209155 -21.95642642533045 0
    endloop
  endfacet
  facet normal 0 0 -1
    outer loop
      vertex 41.08097423460322 22.04142453413169 0
      vertex 41.14240537303095 21.88841274314622 0
      vertex 41.09399866682297 21.894605129837966 0
    endloop
  endfacet
  facet normal 0 0 -1
    outer loop
      vertex 41.09399866682297 21.894605129837966 0
      vertex 41.14240537303095 21.88841274314622 0
      vertex 41.15244001600314 21.734797260879656 0
    endloop
  endfacet
  facet normal 0 0 -1
    outer loop
      vertex 41.11823846209155 -21.95642642533045 0
      vertex 41.13995068580358 -21.795346435583145 0
      vertex 41.183347994441135 -22.09390496575517 0
    endloop
  endfacet
  facet normal 0 0 -1
    outer loop
      vertex 41.13995068580358 -21.795346435583145 0
      vertex 41.19034589506796 -21.783504771170374 0
      vertex 41.183347994441135 -22.09390496575517 0
    endloop
  endfacet
  facet normal 0 0 -1
    outer loop
      vertex 41.13995068580358 -21.795346435583145 0
      vertex 41.21752386432673 -21.621497628692325 0
      vertex 41.19034589506796 -21.783504771170374 0
    endloop
  endfacet
  facet normal 0 0 -1
    outer loop
      vertex 41.14240537303095 21.88841274314622 0
      vertex 41.22008587110551 21.72562937472369 0
      vertex 41.15244001600314 21.734797260879656 0
    endloop
  endfacet
  facet normal -0.819139377788505 0.5735945255633641 0
    outer loop
      vertex 41.15019226074219 -15.785568237304688 0
      vertex 41.15019226074219 -15.785568237304688 12.199999809265137
      vertex 41.35015869140625 -15.5 0
    endloop
  endfacet
  facet normal 0 0 -1
    outer loop
      vertex 41.15019226074219 -15.785568237304688 0
      vertex 41.35015869140625 -15.5 0
      vertex 42.4468510157571 -20.578090407132144 0
    endloop
  endfacet
  facet normal -0.819139377788505 0.5735945255633641 0
    outer loop
      vertex 41.15019226074219 -15.785568237304688 12.199999809265137
      vertex 41.35015869140625 -15.5 12.199999809265137
      vertex 41.35015869140625 -15.5 0
    endloop
  endfacet
  facet normal -0.5009483699245733 0.5009539070400016 0.7057591045755417
    outer loop
      vertex 41.15019226074219 -15.785568237304688 12.199999809265137
      vertex 41.41790771484375 -16.644920349121094 13
      vertex 41.763031005859375 -16.299800872802734 13
    endloop
  endfacet
  facet normal -0.5803201393309064 0.40636363483470633 0.7057599678154627
    outer loop
      vertex 41.15019226074219 -15.785568237304688 12.199999809265137
      vertex 41.763031005859375 -16.299800872802734 13
      vertex 41.35015869140625 -15.5 12.199999809265137
    endloop
  endfacet
  facet normal -0.819139377788505 -0.5735945255633641 0
    outer loop
      vertex 41.15019226074219 15.785568237304688 0
      vertex 41.35015869140625 15.5 0
      vertex 41.35015869140625 15.5 12.199999809265137
    endloop
  endfacet
  facet normal -0.819139377788505 -0.5735945255633641 0
    outer loop
      vertex 41.15019226074219 15.785568237304688 0
      vertex 41.35015869140625 15.5 12.199999809265137
      vertex 41.15019226074219 15.785568237304688 12.199999809265137
    endloop
  endfacet
  facet normal 0 0 -1
    outer loop
      vertex 41.15019226074219 15.785568237304688 0
      vertex 42.45604771922367 20.575574473765283 0
      vertex 41.35015869140625 15.5 0
    endloop
  endfacet
  facet normal -0.580325466351145 -0.40636736502974913 0.7057534397671079
    outer loop
      vertex 41.15019226074219 15.785568237304688 12.199999809265137
      vertex 41.35015869140625 15.5 12.199999809265137
      vertex 42.04296875 15.900001525878906 13
    endloop
  endfacet
  facet normal -0.5803342701047658 -0.4063436261031633 0.705759868841592
    outer loop
      vertex 41.15019226074219 15.785568237304688 12.199999809265137
      vertex 42.04296875 15.900001525878906 13
      vertex 41.763031005859375 16.2998046875 13
    endloop
  endfacet
  facet normal 0 0 -1
    outer loop
      vertex 41.15244001600314 21.734797260879656 0
      vertex 41.22008587110551 21.72562937472369 0
      vertex 41.22967528625007 21.56994357787986 0
    endloop
  endfacet
  facet normal 0.42132546690577544 -0.9035363691161242 0.07814653300742891
    outer loop
      vertex 41.157196044921875 -18.728618621826172 3.5
      vertex 41.16351318359375 -18.745967864990234 3.265347957611084
      vertex 41.86810302734375 -18.397117614746094 3.5
    endloop
  endfacet
  facet normal 0.42261788155847047 -0.9063079643184377 0
    outer loop
      vertex 41.157196044921875 -18.728618621826172 3.5
      vertex 41.86810302734375 -18.397117614746094 3.5
      vertex 41.157196044921875 -18.728618621826172 11.794260025024414
    endloop
  endfacet
  facet normal 0.42261788155847047 -0.9063079643184377 0
    outer loop
      vertex 41.157196044921875 -18.728618621826172 11.794260025024414
      vertex 41.86810302734375 -18.397117614746094 3.5
      vertex 41.86810302734375 -18.397117614746094 11.794260025024414
    endloop
  endfacet
  facet normal 0.4226218761589393 0.9063061015969704 0
    outer loop
      vertex 41.157196044921875 18.728622436523438 3.5
      vertex 41.157196044921875 18.728622436523438 11.794260025024414
      vertex 41.86810302734375 18.397117614746094 11.794260025024414
    endloop
  endfacet
  facet normal 0.4213293231996049 0.903534241691542 0.07815033911028814
    outer loop
      vertex 41.157196044921875 18.728622436523438 3.5
      vertex 41.86810302734375 18.397117614746094 3.5
      vertex 41.87733459472656 18.413108825683594 3.265347957611084
    endloop
  endfacet
  facet normal 0.4226218761589393 0.9063061015969704 0
    outer loop
      vertex 41.157196044921875 18.728622436523438 3.5
      vertex 41.86810302734375 18.397117614746094 11.794260025024414
      vertex 41.86810302734375 18.397117614746094 3.5
    endloop
  endfacet
  facet normal 0.4213284078841273 0.9035349996207732 0.07814651092733226
    outer loop
      vertex 41.157196044921875 18.728622436523438 3.5
      vertex 41.87733459472656 18.413108825683594 3.265347957611084
      vertex 41.16351318359375 18.7459716796875 3.265347957611084
    endloop
  endfacet
  facet normal 0.3227483271163208 0.6921288145427901 0.6455936968583326
    outer loop
      vertex 41.157196044921875 18.728622436523438 11.794260025024414
      vertex 41.35650634765625 17.511009216308594 13
      vertex 41.86810302734375 18.397117614746094 11.794260025024414
    endloop
  endfacet
  facet normal 0.41102742841524076 -0.8814547430552679 0.23258114505635624
    outer loop
      vertex 41.16351318359375 -18.745967864990234 3.265347957611084
      vertex 41.18229675292969 -18.79759979248047 3.0364739894866943
      vertex 41.87733459472656 -18.413108825683594 3.265347957611084
    endloop
  endfacet
  facet normal 0.4213243161793195 -0.903536579767113 0.07815030146311738
    outer loop
      vertex 41.16351318359375 -18.745967864990234 3.265347957611084
      vertex 41.87733459472656 -18.413108825683594 3.265347957611084
      vertex 41.86810302734375 -18.397117614746094 3.5
    endloop
  endfacet
  facet normal 0.4110282311475369 0.8814463628005649 0.23261148446579688
    outer loop
      vertex 41.16351318359375 18.7459716796875 3.265347957611084
      vertex 41.87733459472656 18.413108825683594 3.265347957611084
      vertex 41.904815673828125 18.460693359375 3.0364739894866943
    endloop
  endfacet
  facet normal 0.411020491932881 0.8814615962097805 0.23256743026175983
    outer loop
      vertex 41.16351318359375 18.7459716796875 3.265347957611084
      vertex 41.904815673828125 18.460693359375 3.0364739894866943
      vertex 41.18229675292969 18.79759979248047 3.0364739894866943
    endloop
  endfacet
  facet normal 0 0 -1
    outer loop
      vertex 41.17320037525654 -23.31358546601045 0
      vertex 41.183347994441135 -22.09390496575517 0
      vertex 41.22100871223133 -23.21562556659528 0
    endloop
  endfacet
  facet normal 0 0 -1
    outer loop
      vertex 41.17320037525654 -23.31358546601045 0
      vertex 41.22100871223133 -23.21562556659528 0
      vertex 41.22600387116452 -23.423122325664828 0
    endloop
  endfacet
  facet normal 0.39065694459817407 -0.8377810882672195 0.3814577300029616
    outer loop
      vertex 41.18229675292969 -18.79759979248047 3.0364739894866943
      vertex 41.213104248046875 -18.882247924804688 2.819014072418213
      vertex 41.904815673828125 -18.460689544677734 3.0364739894866943
    endloop
  endfacet
  facet normal 0.4110212852704593 -0.8814533171273007 0.2325974049294146
    outer loop
      vertex 41.18229675292969 -18.79759979248047 3.0364739894866943
      vertex 41.904815673828125 -18.460689544677734 3.0364739894866943
      vertex 41.87733459472656 -18.413108825683594 3.265347957611084
    endloop
  endfacet
  facet normal 0.3906569141132659 0.8377905088510724 0.3814370704776363
    outer loop
      vertex 41.18229675292969 18.79759979248047 3.0364739894866943
      vertex 41.904815673828125 18.460693359375 3.0364739894866943
      vertex 41.94984436035156 18.53870391845703 2.819014072418213
    endloop
  endfacet
  facet normal 0.3906592216012553 0.8377800615857963 0.381457652940927
    outer loop
      vertex 41.18229675292969 18.79759979248047 3.0364739894866943
      vertex 41.94984436035156 18.53870391845703 2.819014072418213
      vertex 41.213104248046875 18.882247924804688 2.819014072418213
    endloop
  endfacet
  facet normal 0 0 -1
    outer loop
      vertex 41.183347994441135 -22.09390496575517 0
      vertex 41.19034589506796 -21.783504771170374 0
      vertex 41.22100871223133 -23.21562556659528 0
    endloop
  endfacet
  facet normal 0 0 -1
    outer loop
      vertex 41.19034589506796 -21.783504771170374 0
      vertex 41.21752386432673 -21.621497628692325 0
      vertex 41.22100871223133 -23.21562556659528 0
    endloop
  endfacet
  facet normal 0.3607175772565544 -0.7735607449639998 0.5210437633336601
    outer loop
      vertex 41.213104248046875 -18.882247924804688 2.819014072418213
      vertex 41.25517272949219 -18.99781036376953 2.6183218955993652
      vertex 41.94984436035156 -18.538700103759766 2.819014072418213
    endloop
  endfacet
  facet normal 0.39066631803491303 -0.8377859773561644 0.3814373921083517
    outer loop
      vertex 41.213104248046875 -18.882247924804688 2.819014072418213
      vertex 41.94984436035156 -18.538700103759766 2.819014072418213
      vertex 41.904815673828125 -18.460689544677734 3.0364739894866943
    endloop
  endfacet
  facet normal 0.3607131066047703 0.7735597471051155 0.5210483397749245
    outer loop
      vertex 41.213104248046875 18.882247924804688 2.819014072418213
      vertex 41.94984436035156 18.53870391845703 2.819014072418213
      vertex 42.01133728027344 18.64521026611328 2.6183218955993652
    endloop
  endfacet
  facet normal 0.36071290891985924 0.7735627884036933 0.521043961423291
    outer loop
      vertex 41.213104248046875 18.882247924804688 2.819014072418213
      vertex 42.01133728027344 18.64521026611328 2.6183218955993652
      vertex 41.25517272949219 18.99781036376953 2.6183218955993652
    endloop
  endfacet
  facet normal 0 0 -1
    outer loop
      vertex 41.21752386432673 -21.621497628692325 0
      vertex 41.27851594599211 -21.606693718796173 0
      vertex 41.281681440340876 -23.31657777708875 0
    endloop
  endfacet
  facet normal 0 0 -1
    outer loop
      vertex 41.21752386432673 -21.621497628692325 0
      vertex 41.281681440340876 -23.31657777708875 0
      vertex 41.22100871223133 -23.21562556659528 0
    endloop
  endfacet
  facet normal 0 0 -1
    outer loop
      vertex 41.21752386432673 -21.621497628692325 0
      vertex 41.31102019787273 -21.448968082843553 0
      vertex 41.27851594599211 -21.606693718796173 0
    endloop
  endfacet
  facet normal 0 0 -1
    outer loop
      vertex 41.22008587110551 21.72562937472369 0
      vertex 41.313380229834436 21.557956680962967 0
      vertex 41.22967528625007 21.56994357787986 0
    endloop
  endfacet
  facet normal 0 0 -1
    outer loop
      vertex 41.22100871223133 -23.21562556659528 0
      vertex 41.281681440340876 -23.31657777708875 0
      vertex 41.22600387116452 -23.423122325664828 0
    endloop
  endfacet
  facet normal 0 0 -1
    outer loop
      vertex 41.22600387116452 -23.423122325664828 0
      vertex 41.281681440340876 -23.31657777708875 0
      vertex 41.28618714675556 -23.530601093408876 0
    endloop
  endfacet
  facet normal 0.3218725982551241 -0.6902682395331025 0.6480183546662601
    outer loop
      vertex 41.25517272949219 -18.99781036376953 2.6183218955993652
      vertex 41.30744934082031 -19.141460418701172 2.439340114593506
      vertex 42.01133728027344 -18.64521026611328 2.6183218955993652
    endloop
  endfacet
  facet normal 0.3607090305318705 -0.7735544710506046 0.521058994366643
    outer loop
      vertex 41.25517272949219 -18.99781036376953 2.6183218955993652
      vertex 42.01133728027344 -18.64521026611328 2.6183218955993652
      vertex 41.94984436035156 -18.538700103759766 2.819014072418213
    endloop
  endfacet
  facet normal 0.32187991276802064 0.6902839257889922 0.6479980119983305
    outer loop
      vertex 41.25517272949219 18.99781036376953 2.6183218955993652
      vertex 42.01133728027344 18.64521026611328 2.6183218955993652
      vertex 42.0877685546875 18.777587890625 2.439340114593506
    endloop
  endfacet
  facet normal 0.32187906900544566 0.6902576303044193 0.648026441391642
    outer loop
      vertex 41.25517272949219 18.99781036376953 2.6183218955993652
      vertex 42.0877685546875 18.777587890625 2.439340114593506
      vertex 41.30744934082031 19.141464233398438 2.439340114593506
    endloop
  endfacet
  facet normal 0 0 -1
    outer loop
      vertex 41.27851594599211 -21.606693718796173 0
      vertex 41.31102019787273 -21.448968082843553 0
      vertex 41.281681440340876 -23.31657777708875 0
    endloop
  endfacet
  facet normal 0 0 -1
    outer loop
      vertex 41.281681440340876 -23.31657777708875 0
      vertex 41.31102019787273 -21.448968082843553 0
      vertex 41.349067101321594 -23.418666889274903 0
    endloop
  endfacet
  facet normal 0 0 -1
    outer loop
      vertex 41.281681440340876 -23.31657777708875 0
      vertex 41.349067101321594 -23.418666889274903 0
      vertex 41.28618714675556 -23.530601093408876 0
    endloop
  endfacet
  facet normal 0 0 -1
    outer loop
      vertex 41.28618714675556 -23.530601093408876 0
      vertex 41.349067101321594 -23.418666889274903 0
      vertex 41.35110514723933 -23.63165993667241 0
    endloop
  endfacet
  facet normal 0.2750739426414474 -0.5898919707189021 0.7591849504310919
    outer loop
      vertex 41.30744934082031 -19.141460418701172 2.439340114593506
      vertex 41.36866760253906 -19.309650421142578 2.2864742279052734
      vertex 42.0877685546875 -18.777587890625 2.439340114593506
    endloop
  endfacet
  facet normal 0.3218864066209922 -0.6902806021026312 0.647998326844641
    outer loop
      vertex 41.30744934082031 -19.141460418701172 2.439340114593506
      vertex 42.0877685546875 -18.777587890625 2.439340114593506
      vertex 42.01133728027344 -18.64521026611328 2.6183218955993652
    endloop
  endfacet
  facet normal 0.275069162101089 0.589875534896951 0.7591994529707201
    outer loop
      vertex 41.30744934082031 19.141464233398438 2.439340114593506
      vertex 42.0877685546875 18.777587890625 2.439340114593506
      vertex 42.17726135253906 18.932601928710938 2.2864742279052734
    endloop
  endfacet
  facet normal 0.2750708835027142 0.5898932137583549 0.7591850929851534
    outer loop
      vertex 41.30744934082031 19.141464233398438 2.439340114593506
      vertex 42.17726135253906 18.932601928710938 2.2864742279052734
      vertex 41.36866760253906 19.309654235839844 2.2864742279052734
    endloop
  endfacet
  facet normal 0 0 -1
    outer loop
      vertex 41.31102019787273 -21.448968082843553 0
      vertex 41.419689975248616 -21.421785555954525 0
      vertex 41.95273938823215 -22.63587835216206 0
    endloop
  endfacet
  facet normal 0 0 -1
    outer loop
      vertex 41.31102019787273 -21.448968082843553 0
      vertex 41.95273938823215 -22.63587835216206 0
      vertex 41.349067101321594 -23.418666889274903 0
    endloop
  endfacet
  facet normal 0 0 -1
    outer loop
      vertex 41.313380229834436 21.557956680962967 0
      vertex 41.42210877693491 21.428158925563025 0
      vertex 41.326681822802016 21.404997033198075 0
    endloop
  endfacet
  facet normal 0 0 -1
    outer loop
      vertex 41.326681822802016 21.404997033198075 0
      vertex 41.42210877693491 21.428158925563025 0
      vertex 41.422252247172565 21.27098765453634 0
    endloop
  endfacet
  facet normal 0 0 -1
    outer loop
      vertex 41.349067101321594 -23.418666889274903 0
      vertex 41.95273938823215 -22.63587835216206 0
      vertex 41.35110514723933 -23.63165993667241 0
    endloop
  endfacet
  facet normal -0.9063197918177108 0.42259251644994983 0
    outer loop
      vertex 41.35015869140625 -15.5 0
      vertex 41.35015869140625 -15.5 12.199999809265137
      vertex 41.49748229980469 -15.184040069580078 0
    endloop
  endfacet
  facet normal 0 0 -1
    outer loop
      vertex 41.35015869140625 -15.5 0
      vertex 41.49748229980469 -15.184040069580078 0
      vertex 42.45510234996358 -20.575833097529124 0
    endloop
  endfacet
  facet normal 0 0 -1
    outer loop
      vertex 41.35015869140625 -15.5 0
      vertex 42.45510234996358 -20.575833097529124 0
      vertex 42.4468510157571 -20.578090407132144 0
    endloop
  endfacet
  facet normal -0.9063197918177108 0.42259251644994983 0
    outer loop
      vertex 41.35015869140625 -15.5 12.199999809265137
      vertex 41.49748229980469 -15.184040069580078 12.199999809265137
      vertex 41.49748229980469 -15.184040069580078 0
    endloop
  endfacet
  facet normal -0.5803394357153727 0.40634724300647784 0.7057535387474845
    outer loop
      vertex 41.35015869140625 -15.5 12.199999809265137
      vertex 41.763031005859375 -16.299800872802734 13
      vertex 42.04296875 -15.89999771118164 13
    endloop
  endfacet
  facet normal -0.6420903632695064 0.29938944824113317 0.7057520270451252
    outer loop
      vertex 41.35015869140625 -15.5 12.199999809265137
      vertex 42.04296875 -15.89999771118164 13
      vertex 41.49748229980469 -15.184040069580078 12.199999809265137
    endloop
  endfacet
  facet normal -0.9063178376600609 -0.42259670744007377 0
    outer loop
      vertex 41.35015869140625 15.5 0
      vertex 41.49748229980469 15.184043884277344 0
      vertex 41.49748229980469 15.184043884277344 12.199999809265137
    endloop
  endfacet
  facet normal -0.9063178376600609 -0.42259670744007377 0
    outer loop
      vertex 41.35015869140625 15.5 0
      vertex 41.49748229980469 15.184043884277344 12.199999809265137
      vertex 41.35015869140625 15.5 12.199999809265137
    endloop
  endfacet
  facet normal 0 0 -1
    outer loop
      vertex 41.35015869140625 15.5 0
      vertex 42.45604771922367 20.575574473765283 0
      vertex 41.49748229980469 15.184043884277344 0
    endloop
  endfacet
  facet normal -0.6420836878399503 -0.299389950310034 0.7057578872837375
    outer loop
      vertex 41.35015869140625 15.5 12.199999809265137
      vertex 41.49748229980469 15.184043884277344 12.199999809265137
      vertex 42.249237060546875 15.457656860351562 13
    endloop
  endfacet
  facet normal -0.6420806562874082 -0.2994065545005324 0.7057536014386686
    outer loop
      vertex 41.35015869140625 15.5 12.199999809265137
      vertex 42.249237060546875 15.457656860351562 13
      vertex 42.04296875 15.900001525878906 13
    endloop
  endfacet
  facet normal 0 0 -1
    outer loop
      vertex 41.35110514723933 -23.63165993667241 0
      vertex 41.95273938823215 -22.63587835216206 0
      vertex 41.946400753681836 -24.19971956701587 0
    endloop
  endfacet
  facet normal 0 0 1
    outer loop
      vertex 41.35650634765625 -17.511009216308594 13
      vertex 41.85295104980469 -17.163387298583984 13
      vertex 41.41790771484375 -16.644920349121094 13
    endloop
  endfacet
  facet normal 0.4380295915514899 -0.6255708638997902 0.6455936579342341
    outer loop
      vertex 41.35650634765625 -17.511009216308594 13
      vertex 41.86810302734375 -18.397117614746094 11.794260025024414
      vertex 42.510650634765625 -17.947200775146484 11.794260025024414
    endloop
  endfacet
  facet normal 0.43803465068418357 -0.6255646453854472 0.6455962509523774
    outer loop
      vertex 41.35650634765625 -17.511009216308594 13
      vertex 42.510650634765625 -17.947200775146484 11.794260025024414
      vertex 41.85295104980469 -17.163387298583984 13
    endloop
  endfacet
  facet normal 0.4380327615150156 0.6255688122332169 0.6455934951659997
    outer loop
      vertex 41.35650634765625 17.511009216308594 13
      vertex 41.85295104980469 17.16339111328125 13
      vertex 41.86810302734375 18.397117614746094 11.794260025024414
    endloop
  endfacet
  facet normal 0.22142699746446598 -0.47485317778422054 0.8517538050059411
    outer loop
      vertex 41.36866760253906 -19.309650421142578 2.2864742279052734
      vertex 41.43731689453125 -19.49823760986328 2.1634902954101562
      vertex 42.17726135253906 -18.932598114013672 2.2864742279052734
    endloop
  endfacet
  facet normal 0.2750670046226418 -0.5898848954478069 0.7591929616971282
    outer loop
      vertex 41.36866760253906 -19.309650421142578 2.2864742279052734
      vertex 42.17726135253906 -18.932598114013672 2.2864742279052734
      vertex 42.0877685546875 -18.777587890625 2.439340114593506
    endloop
  endfacet
  facet normal 0.221435130826562 0.4748706198887587 0.8517419663268269
    outer loop
      vertex 41.36866760253906 19.309654235839844 2.2864742279052734
      vertex 42.17726135253906 18.932601928710938 2.2864742279052734
      vertex 42.27760314941406 19.106399536132812 2.1634902954101562
    endloop
  endfacet
  facet normal 0.2214332899400044 0.4748577598359042 0.8517496146344726
    outer loop
      vertex 41.36866760253906 19.309654235839844 2.2864742279052734
      vertex 42.27760314941406 19.106399536132812 2.1634902954101562
      vertex 41.43731689453125 19.49823760986328 2.1634902954101562
    endloop
  endfacet
  facet normal 0 0 1
    outer loop
      vertex 41.41790771484375 -16.644920349121094 13
      vertex 41.85295104980469 -17.163387298583984 13
      vertex 41.763031005859375 -16.299800872802734 13
    endloop
  endfacet
  facet normal 0 0 1
    outer loop
      vertex 41.41790771484375 16.644920349121094 13
      vertex 41.763031005859375 16.2998046875 13
      vertex 42.281494140625 16.734848022460938 13
    endloop
  endfacet
  facet normal 0 0 1
    outer loop
      vertex 41.41790771484375 16.644920349121094 13
      vertex 42.281494140625 16.734848022460938 13
      vertex 41.85295104980469 17.16339111328125 13
    endloop
  endfacet
  facet normal 0 0 -1
    outer loop
      vertex 41.419689975248616 -21.421785555954525 0
      vertex 41.45812106826678 -21.279415966442965 0
      vertex 41.95273938823215 -22.63587835216206 0
    endloop
  endfacet
  facet normal 0 0 -1
    outer loop
      vertex 41.42210877693491 21.428158925563025 0
      vertex 41.50154110468271 21.28961863267916 0
      vertex 41.422252247172565 21.27098765453634 0
    endloop
  endfacet
  facet normal 0 0 -1
    outer loop
      vertex 41.422252247172565 21.27098765453634 0
      vertex 41.50154110468271 21.28961863267916 0
      vertex 41.53531037196637 21.138326549386388 0
    endloop
  endfacet
  facet normal 0.1622622789098337 -0.3479671114034787 0.9233579166414866
    outer loop
      vertex 41.43731689453125 -19.49823760986328 2.1634902954101562
      vertex 41.511688232421875 -19.702579498291016 2.0734148025512695
      vertex 42.27760314941406 -19.106399536132812 2.1634902954101562
    endloop
  endfacet
  facet normal 0.22143566539143417 -0.47486285392787586 0.8517461570515745
    outer loop
      vertex 41.43731689453125 -19.49823760986328 2.1634902954101562
      vertex 42.27760314941406 -19.106399536132812 2.1634902954101562
      vertex 42.17726135253906 -18.932598114013672 2.2864742279052734
    endloop
  endfacet
  facet normal 0.16225440721477416 0.3479502307642438 0.9233656611822273
    outer loop
      vertex 41.43731689453125 19.49823760986328 2.1634902954101562
      vertex 42.27760314941406 19.106399536132812 2.1634902954101562
      vertex 42.38633728027344 19.29473114013672 2.0734148025512695
    endloop
  endfacet
  facet normal 0.16225676187619387 0.3479636292979651 0.9233601983577376
    outer loop
      vertex 41.43731689453125 19.49823760986328 2.1634902954101562
      vertex 42.38633728027344 19.29473114013672 2.0734148025512695
      vertex 41.511688232421875 19.70258331298828 2.0734148025512695
    endloop
  endfacet
  facet normal 0 0 -1
    outer loop
      vertex 41.45812106826678 -21.279415966442965 0
      vertex 41.49977786073908 -21.289204312680038 0
      vertex 41.95273938823215 -22.63587835216206 0
    endloop
  endfacet
  facet normal 0 0 -1
    outer loop
      vertex 41.45812106826678 -21.279415966442965 0
      vertex 41.54192263203634 -21.13982493280898 0
      vertex 41.49977786073908 -21.289204312680038 0
    endloop
  endfacet
  facet normal -0.9659182072949779 0.2588474779016709 0
    outer loop
      vertex 41.49748229980469 -15.184040069580078 0
      vertex 41.49748229980469 -15.184040069580078 12.199999809265137
      vertex 41.58772277832031 -14.847297668457031 0
    endloop
  endfacet
  facet normal 0 0 -1
    outer loop
      vertex 41.49748229980469 -15.184040069580078 0
      vertex 41.58772277832031 -14.847297668457031 0
      vertex 42.60558429433097 -20.53949545502765 0
    endloop
  endfacet
  facet normal 0 0 -1
    outer loop
      vertex 41.49748229980469 -15.184040069580078 0
      vertex 42.60558429433097 -20.53949545502765 0
      vertex 42.45510234996358 -20.575833097529124 0
    endloop
  endfacet
  facet normal -0.9659182072949779 0.2588474779016709 0
    outer loop
      vertex 41.49748229980469 -15.184040069580078 12.199999809265137
      vertex 41.58772277832031 -14.847297668457031 12.199999809265137
      vertex 41.58772277832031 -14.847297668457031 0
    endloop
  endfacet
  facet normal -0.6420743446330084 0.2994087754234022 0.7057584014119502
    outer loop
      vertex 41.49748229980469 -15.184040069580078 12.199999809265137
      vertex 42.04296875 -15.89999771118164 13
      vertex 42.249237060546875 -15.457660675048828 13
    endloop
  endfacet
  facet normal -0.6843065049793127 0.18338096495939532 0.7057591862197465
    outer loop
      vertex 41.49748229980469 -15.184040069580078 12.199999809265137
      vertex 42.249237060546875 -15.457660675048828 13
      vertex 41.58772277832031 -14.847297668457031 12.199999809265137
    endloop
  endfacet
  facet normal -0.9659189404294096 -0.25884474211335035 0
    outer loop
      vertex 41.49748229980469 15.184043884277344 0
      vertex 41.58772277832031 14.847297668457031 0
      vertex 41.58772277832031 14.847297668457031 12.199999809265137
    endloop
  endfacet
  facet normal -0.9659189404294096 -0.25884474211335035 0
    outer loop
      vertex 41.49748229980469 15.184043884277344 0
      vertex 41.58772277832031 14.847297668457031 12.199999809265137
      vertex 41.49748229980469 15.184043884277344 12.199999809265137
    endloop
  endfacet
  facet normal 0 0 -1
    outer loop
      vertex 41.49748229980469 15.184043884277344 0
      vertex 42.45604771922367 20.575574473765283 0
      vertex 41.58772277832031 14.847297668457031 0
    endloop
  endfacet
  facet normal -0.6843107220550176 -0.18338001768242213 0.7057553434408662
    outer loop
      vertex 41.49748229980469 15.184043884277344 12.199999809265137
      vertex 41.58772277832031 14.847297668457031 12.199999809265137
      vertex 42.37556457519531 14.986221313476562 13
    endloop
  endfacet
  facet normal -0.6843107810161182 -0.18337030541275381 0.7057578097888425
    outer loop
      vertex 41.49748229980469 15.184043884277344 12.199999809265137
      vertex 42.37556457519531 14.986221313476562 13
      vertex 42.249237060546875 15.457656860351562 13
    endloop
  endfacet
  facet normal 0 0 -1
    outer loop
      vertex 41.49977786073908 -21.289204312680038 0
      vertex 41.54192263203634 -21.13982493280898 0
      vertex 41.95273938823215 -22.63587835216206 0
    endloop
  endfacet
  facet normal 0 0 -1
    outer loop
      vertex 41.50154110468271 21.28961863267916 0
      vertex 41.6327658185137 21.16046621704382 0
      vertex 41.53531037196637 21.138326549386388 0
    endloop
  endfacet
  facet normal 0.09901086639433725 -0.21233124593474523 0.9721688589620845
    outer loop
      vertex 41.511688232421875 -19.702579498291016 2.0734148025512695
      vertex 41.5899658203125 -19.917659759521484 2.0184669494628906
      vertex 42.38633728027344 -19.294727325439453 2.0734148025512695
    endloop
  endfacet
  facet normal 0.1622535283543983 -0.347956694930692 0.9233633797099915
    outer loop
      vertex 41.511688232421875 -19.702579498291016 2.0734148025512695
      vertex 42.38633728027344 -19.294727325439453 2.0734148025512695
      vertex 42.27760314941406 -19.106399536132812 2.1634902954101562
    endloop
  endfacet
  facet normal 0.09901290962668369 0.21233562769692602 0.9721676938356935
    outer loop
      vertex 41.511688232421875 19.70258331298828 2.0734148025512695
      vertex 42.38633728027344 19.29473114013672 2.0734148025512695
      vertex 42.50077819824219 19.492942810058594 2.0184669494628906
    endloop
  endfacet
  facet normal 0.09901195882004755 0.21233084244112374 0.9721688358298984
    outer loop
      vertex 41.511688232421875 19.70258331298828 2.0734148025512695
      vertex 42.50077819824219 19.492942810058594 2.0184669494628906
      vertex 41.5899658203125 19.91766357421875 2.0184669494628906
    endloop
  endfacet
  facet normal 0 0 -1
    outer loop
      vertex 41.53531037196637 21.138326549386388 0
      vertex 41.6327658185137 21.16046621704382 0
      vertex 41.664269944920804 21.011703698374443 0
    endloop
  endfacet
  facet normal 0 0 -1
    outer loop
      vertex 41.54192263203634 -21.13982493280898 0
      vertex 41.63090578814262 -21.16003987175248 0
      vertex 41.95273938823215 -22.63587835216206 0
    endloop
  endfacet
  facet normal 0 0 -1
    outer loop
      vertex 41.54192263203634 -21.13982493280898 0
      vertex 41.67714457081963 -21.0145270342865 0
      vertex 41.63090578814262 -21.16003987175248 0
    endloop
  endfacet
  facet normal 0.1833616401628951 -0.6843165275776599 0.705754489182199
    outer loop
      vertex 41.562957763671875 -25.529850006103516 2
      vertex 41.701873779296875 -26.317689895629883 1.1999998092651367
      vertex 43.72233581542969 -25.776309967041016 1.1999998092651367
    endloop
  endfacet
  facet normal 0 0 1
    outer loop
      vertex 41.562957763671875 -25.529850006103516 2
      vertex 43.44873046875 -25.024560928344727 2
      vertex 44.61810302734375 -24.049999237060547 2
    endloop
  endfacet
  facet normal 0.18336140813779975 -0.6843170649257879 0.7057540284384342
    outer loop
      vertex 41.562957763671875 -25.529850006103516 2
      vertex 43.72233581542969 -25.776309967041016 1.1999998092651367
      vertex 43.44873046875 -25.024560928344727 2
    endloop
  endfacet
  facet normal 0 0 1
    outer loop
      vertex 41.562957763671875 25.52985382080078 2
      vertex 42.065324198968995 22.417291024407614 2
      vertex 42.14844141686986 22.305797212212184 2
    endloop
  endfacet
  facet normal 0 0 1
    outer loop
      vertex 41.562957763671875 25.52985382080078 2
      vertex 42.14844141686986 22.305797212212184 2
      vertex 42.14844141686986 22.38504380173674 2
    endloop
  endfacet
  facet normal 0 0 1
    outer loop
      vertex 41.562957763671875 25.52985382080078 2
      vertex 42.14844141686986 22.38504380173674 2
      vertex 42.1698967276645 22.943878939108497 2
    endloop
  endfacet
  facet normal 0 0 1
    outer loop
      vertex 41.562957763671875 25.52985382080078 2
      vertex 42.1698967276645 22.943878939108497 2
      vertex 42.32252415950942 22.87348606986584 2
    endloop
  endfacet
  facet normal 0 0 1
    outer loop
      vertex 41.562957763671875 25.52985382080078 2
      vertex 42.32252415950942 22.87348606986584 2
      vertex 43.44873046875 25.024559020996094 2
    endloop
  endfacet
  facet normal 0.18336387862163514 0.6843185355075767 0.7057519606615316
    outer loop
      vertex 41.562957763671875 25.52985382080078 2
      vertex 43.44873046875 25.024559020996094 2
      vertex 41.701873779296875 26.31768798828125 1.1999998092651367
    endloop
  endfacet
  facet normal -0.9961957838227765 0.08714333189478035 0
    outer loop
      vertex 41.58772277832031 -14.847297668457031 0
      vertex 41.58772277832031 -14.847297668457031 12.199999809265137
      vertex 41.61810302734375 -14.5 0
    endloop
  endfacet
  facet normal 0 0 -1
    outer loop
      vertex 41.58772277832031 -14.847297668457031 0
      vertex 41.61810302734375 -14.5 0
      vertex 42.60558429433097 -20.53949545502765 0
    endloop
  endfacet
  facet normal -0.9961957838227765 0.08714333189478035 0
    outer loop
      vertex 41.58772277832031 -14.847297668457031 12.199999809265137
      vertex 41.61810302734375 -14.5 12.199999809265137
      vertex 41.61810302734375 -14.5 0
    endloop
  endfacet
  facet normal -0.6843130692905652 0.1833694348232096 0.7057558172418721
    outer loop
      vertex 41.58772277832031 -14.847297668457031 12.199999809265137
      vertex 42.249237060546875 -15.457660675048828 13
      vertex 42.37556457519531 -14.986221313476562 13
    endloop
  endfacet
  facet normal -0.7057605327190583 0.06173718594247248 0.7057553331913373
    outer loop
      vertex 41.58772277832031 -14.847297668457031 12.199999809265137
      vertex 42.37556457519531 -14.986221313476562 13
      vertex 41.61810302734375 -14.5 12.199999809265137
    endloop
  endfacet
  facet normal -0.9961957838227765 -0.08714333189478035 0
    outer loop
      vertex 41.58772277832031 14.847297668457031 0
      vertex 41.61810302734375 14.5 0
      vertex 41.61810302734375 14.5 12.199999809265137
    endloop
  endfacet
  facet normal -0.9961957838227765 -0.08714333189478035 0
    outer loop
      vertex 41.58772277832031 14.847297668457031 0
      vertex 41.61810302734375 14.5 12.199999809265137
      vertex 41.58772277832031 14.847297668457031 12.199999809265137
    endloop
  endfacet
  facet normal 0 0 -1
    outer loop
      vertex 41.58772277832031 14.847297668457031 0
      vertex 42.45604771922367 20.575574473765283 0
      vertex 42.60720603019151 20.539159609676243 0
    endloop
  endfacet
  facet normal 0 0 -1
    outer loop
      vertex 41.58772277832031 14.847297668457031 0
      vertex 42.60720603019151 20.539159609676243 0
      vertex 42.611829290769506 20.538202178437743 0
    endloop
  endfacet
  facet normal 0 0 -1
    outer loop
      vertex 41.58772277832031 14.847297668457031 0
      vertex 42.611829290769506 20.538202178437743 0
      vertex 41.61810302734375 14.5 0
    endloop
  endfacet
  facet normal -0.7057566856867561 -0.06173684941905192 0.7057592096687472
    outer loop
      vertex 41.58772277832031 14.847297668457031 12.199999809265137
      vertex 41.61810302734375 14.5 12.199999809265137
      vertex 42.41810607910156 14.5 13
    endloop
  endfacet
  facet normal -0.7057588797836453 -0.061749749155399436 0.7057558870358642
    outer loop
      vertex 41.58772277832031 14.847297668457031 12.199999809265137
      vertex 42.41810607910156 14.5 13
      vertex 42.37556457519531 14.986221313476562 13
    endloop
  endfacet
  facet normal 0.033284357644485014 -0.07137820302706911 0.9968938276811732
    outer loop
      vertex 41.5899658203125 -19.917659759521484 2.0184669494628906
      vertex 41.67022705078125 -20.13814926147461 2
      vertex 42.50077819824219 -19.492938995361328 2.0184669494628906
    endloop
  endfacet
  facet normal 0.09901392094323241 -0.21233505020828417 0.972167716966827
    outer loop
      vertex 41.5899658203125 -19.917659759521484 2.0184669494628906
      vertex 42.50077819824219 -19.492938995361328 2.0184669494628906
      vertex 42.38633728027344 -19.294727325439453 2.0734148025512695
    endloop
  endfacet
  facet normal 0.033284031669742795 0.07137750397523279 0.9968938886170751
    outer loop
      vertex 41.5899658203125 19.91766357421875 2.0184669494628906
      vertex 42.50077819824219 19.492942810058594 2.0184669494628906
      vertex 42.61810302734375 19.696151733398438 2
    endloop
  endfacet
  facet normal 0.033284194058154505 0.07137826267451092 0.9968938288721961
    outer loop
      vertex 41.5899658203125 19.91766357421875 2.0184669494628906
      vertex 42.61810302734375 19.696151733398438 2
      vertex 41.67022705078125 20.138153076171875 2
    endloop
  endfacet
  facet normal -1 0 0
    outer loop
      vertex 41.61810302734375 -14.5 0
      vertex 41.61810302734375 -14.5 12.199999809265137
      vertex 41.61810302734375 -10.75 0
    endloop
  endfacet
  facet normal 0 0 -1
    outer loop
      vertex 41.61810302734375 -14.5 0
      vertex 41.61810302734375 -10.75 0
      vertex 42.611829290769506 -20.538202178437743 0
    endloop
  endfacet
  facet normal 0 0 -1
    outer loop
      vertex 41.61810302734375 -14.5 0
      vertex 42.611829290769506 -20.538202178437743 0
      vertex 42.60558429433097 -20.53949545502765 0
    endloop
  endfacet
  facet normal -1 0 0
    outer loop
      vertex 41.61810302734375 -14.5 12.199999809265137
      vertex 41.61810302734375 14.5 12.199999809265137
      vertex 41.61810302734375 -10.75 0
    endloop
  endfacet
  facet normal -0.7057561319378913 0.06174950873506484 0.7057586559179021
    outer loop
      vertex 41.61810302734375 -14.5 12.199999809265137
      vertex 42.37556457519531 -14.986221313476562 13
      vertex 42.41810607910156 -14.5 13
    endloop
  endfacet
  facet normal -0.7071055167825241 0 0.70710804558831
    outer loop
      vertex 41.61810302734375 -14.5 12.199999809265137
      vertex 42.41810607910156 -14.5 13
      vertex 41.61810302734375 14.5 12.199999809265137
    endloop
  endfacet
  facet normal 0 0 -1
    outer loop
      vertex 41.61810302734375 -10.75 0
      vertex 41.61810302734375 10.75 0
      vertex 44.61810302734375 10.75 0
    endloop
  endfacet
  facet normal -1 0 0
    outer loop
      vertex 41.61810302734375 -10.75 0
      vertex 41.61810302734375 14.5 12.199999809265137
      vertex 41.61810302734375 10.75 0
    endloop
  endfacet
  facet normal 0 0 -1
    outer loop
      vertex 41.61810302734375 -10.75 0
      vertex 42.762733706195085 -20.5142912044632 0
      vertex 42.611829290769506 -20.538202178437743 0
    endloop
  endfacet
  facet normal 0 0 -1
    outer loop
      vertex 41.61810302734375 -10.75 0
      vertex 42.79359640538547 -20.510883930751408 0
      vertex 42.762733706195085 -20.5142912044632 0
    endloop
  endfacet
  facet normal 0 0 -1
    outer loop
      vertex 41.61810302734375 -10.75 0
      vertex 44.61810302734375 -10.75 0
      vertex 42.79359640538547 -20.510883930751408 0
    endloop
  endfacet
  facet normal 0 0 -1
    outer loop
      vertex 41.61810302734375 -10.75 0
      vertex 44.61810302734375 10.75 0
      vertex 44.61810302734375 -10.75 0
    endloop
  endfacet
  facet normal 0 0 -1
    outer loop
      vertex 41.61810302734375 10.75 0
      vertex 41.61810302734375 14.5 0
      vertex 42.611829290769506 20.538202178437743 0
    endloop
  endfacet
  facet normal -1 0 0
    outer loop
      vertex 41.61810302734375 10.75 0
      vertex 41.61810302734375 14.5 12.199999809265137
      vertex 41.61810302734375 14.5 0
    endloop
  endfacet
  facet normal 0 0 -1
    outer loop
      vertex 41.61810302734375 10.75 0
      vertex 42.611829290769506 20.538202178437743 0
      vertex 42.631433880082334 20.53434403455422 0
    endloop
  endfacet
  facet normal 0 0 -1
    outer loop
      vertex 41.61810302734375 10.75 0
      vertex 42.631433880082334 20.53434403455422 0
      vertex 44.61810302734375 10.75 0
    endloop
  endfacet
  facet normal -0.7071055167825241 0 0.70710804558831
    outer loop
      vertex 41.61810302734375 14.5 12.199999809265137
      vertex 42.41810607910156 -14.5 13
      vertex 42.41810607910156 14.5 13
    endloop
  endfacet
  facet normal 0 0 -1
    outer loop
      vertex 41.63090578814262 -21.16003987175248 0
      vertex 41.67714457081963 -21.0145270342865 0
      vertex 41.95273938823215 -22.63587835216206 0
    endloop
  endfacet
  facet normal 0 0 -1
    outer loop
      vertex 41.6327658185137 21.16046621704382 0
      vertex 41.776016838846665 21.03624204056886 0
      vertex 41.664269944920804 21.011703698374443 0
    endloop
  endfacet
  facet normal 0 0 -1
    outer loop
      vertex 41.664269944920804 21.011703698374443 0
      vertex 41.776016838846665 21.03624204056886 0
      vertex 41.77484473723593 20.919195300774007 0
    endloop
  endfacet
  facet normal 0 0 1
    outer loop
      vertex 41.67022705078125 -20.13814926147461 2
      vertex 41.87583324429574 -20.900141602735598 2
      vertex 41.928346410042 -20.921360915891018 2
    endloop
  endfacet
  facet normal 0 0 1
    outer loop
      vertex 41.67022705078125 -20.13814926147461 2
      vertex 41.928346410042 -20.921360915891018 2
      vertex 41.928346410042 -20.920523563084654 2
    endloop
  endfacet
  facet normal 0 0 1
    outer loop
      vertex 41.67022705078125 -20.13814926147461 2
      vertex 41.928346410042 -20.920523563084654 2
      vertex 41.93005488336875 -20.920099993340237 2
    endloop
  endfacet
  facet normal 0 0 1
    outer loop
      vertex 41.67022705078125 -20.13814926147461 2
      vertex 41.93005488336875 -20.920099993340237 2
      vertex 41.98330483141891 -20.866850045290068 2
    endloop
  endfacet
  facet normal 0 0 1
    outer loop
      vertex 41.67022705078125 -20.13814926147461 2
      vertex 41.98330483141891 -20.866850045290068 2
      vertex 42.03649265179657 -20.804907894925353 2
    endloop
  endfacet
  facet normal 0 0 1
    outer loop
      vertex 41.67022705078125 -20.13814926147461 2
      vertex 42.03649265179657 -20.804907894925353 2
      vertex 42.09201900052091 -20.773852649915444 2
    endloop
  endfacet
  facet normal 0 0 1
    outer loop
      vertex 41.67022705078125 -20.13814926147461 2
      vertex 42.09201900052091 -20.773852649915444 2
      vertex 42.14844141686986 -20.697573159038193 2
    endloop
  endfacet
  facet normal 0 0 1
    outer loop
      vertex 41.67022705078125 -20.13814926147461 2
      vertex 42.14844141686986 -20.697573159038193 2
      vertex 42.264304999087685 -20.675719512222507 2
    endloop
  endfacet
  facet normal 0 0 1
    outer loop
      vertex 41.67022705078125 -20.13814926147461 2
      vertex 42.264304999087685 -20.675719512222507 2
      vertex 42.28375957888689 -20.632886376481 2
    endloop
  endfacet
  facet normal 0 0 1
    outer loop
      vertex 41.67022705078125 -20.13814926147461 2
      vertex 42.28375957888689 -20.632886376481 2
      vertex 42.321774751888654 -20.618521639633922 2
    endloop
  endfacet
  facet normal 0 0 1
    outer loop
      vertex 41.67022705078125 -20.13814926147461 2
      vertex 42.321774751888654 -20.618521639633922 2
      vertex 42.61810302734375 -19.696147918701172 2
    endloop
  endfacet
  facet normal 0.03328388083074919 -0.07137759095543687 0.9968938874254585
    outer loop
      vertex 41.67022705078125 -20.13814926147461 2
      vertex 42.61810302734375 -19.696147918701172 2
      vertex 42.50077819824219 -19.492938995361328 2.0184669494628906
    endloop
  endfacet
  facet normal 0 0 1
    outer loop
      vertex 41.67022705078125 20.138153076171875 2
      vertex 42.03649265179657 20.80491170962262 2
      vertex 42.03649265179657 20.809658347023888 2
    endloop
  endfacet
  facet normal 0 0 1
    outer loop
      vertex 41.67022705078125 20.138153076171875 2
      vertex 42.03649265179657 20.809658347023888 2
      vertex 41.98167867345212 20.79369776347615 2
    endloop
  endfacet
  facet normal 0 0 1
    outer loop
      vertex 41.67022705078125 20.138153076171875 2
      vertex 42.09113157082632 20.774477833991593 2
      vertex 42.03649265179657 20.80491170962262 2
    endloop
  endfacet
  facet normal 0 0 1
    outer loop
      vertex 41.67022705078125 20.138153076171875 2
      vertex 42.14832987186836 20.697446486355922 2
      vertex 42.09113157082632 20.774477833991593 2
    endloop
  endfacet
  facet normal 0 0 1
    outer loop
      vertex 41.67022705078125 20.138153076171875 2
      vertex 42.20509402790184 20.703333508267967 2
      vertex 42.14832987186836 20.697446486355922 2
    endloop
  endfacet
  facet normal 0 0 1
    outer loop
      vertex 41.67022705078125 20.138153076171875 2
      vertex 42.26375089463065 20.675981706815225 2
      vertex 42.20509402790184 20.703333508267967 2
    endloop
  endfacet
  facet normal 0 0 1
    outer loop
      vertex 41.67022705078125 20.138153076171875 2
      vertex 42.28375635767591 20.6328875936752 2
      vertex 42.26375089463065 20.675981706815225 2
    endloop
  endfacet
  facet normal 0 0 1
    outer loop
      vertex 41.67022705078125 20.138153076171875 2
      vertex 42.32200728961 20.651140715493483 2
      vertex 42.28375635767591 20.6328875936752 2
    endloop
  endfacet
  facet normal 0 0 1
    outer loop
      vertex 41.67022705078125 20.138153076171875 2
      vertex 42.38196601125011 20.63507182639418 2
      vertex 42.32200728961 20.651140715493483 2
    endloop
  endfacet
  facet normal 0 0 1
    outer loop
      vertex 41.67022705078125 20.138153076171875 2
      vertex 42.44166979905139 20.601564466081207 2
      vertex 42.38196601125011 20.63507182639418 2
    endloop
  endfacet
  facet normal 0 0 1
    outer loop
      vertex 41.67022705078125 20.138153076171875 2
      vertex 42.46891073912456 20.572055549719845 2
      vertex 42.44166979905139 20.601564466081207 2
    endloop
  endfacet
  facet normal 0 0 1
    outer loop
      vertex 41.67022705078125 20.138153076171875 2
      vertex 42.61810302734375 19.696151733398438 2
      vertex 42.46891073912456 20.572055549719845 2
    endloop
  endfacet
  facet normal 0 0 -1
    outer loop
      vertex 41.67714457081963 -21.0145270342865 0
      vertex 41.77418589269405 -21.03583618287295 0
      vertex 41.95273938823215 -22.63587835216206 0
    endloop
  endfacet
  facet normal 0 0 -1
    outer loop
      vertex 41.67714457081963 -21.0145270342865 0
      vertex 41.82415741741267 -20.899285610223995 0
      vertex 41.77418589269405 -21.03583618287295 0
    endloop
  endfacet
  facet normal 0 0 1
    outer loop
      vertex 41.6852093093646 -21.498403661295114 2
      vertex 41.72515202050262 -21.655908678713303 2
      vertex 41.72515202050262 -21.34344815752294 2
    endloop
  endfacet
  facet normal 0 0 -1
    outer loop
      vertex 41.701873779296875 -26.317689895629883 0
      vertex 41.946400753681836 -24.19971956701587 0
      vertex 42.019665677011005 -24.243015423123175 0
    endloop
  endfacet
  facet normal 0 0 -1
    outer loop
      vertex 41.701873779296875 -26.317689895629883 0
      vertex 42.019665677011005 -24.243015423123175 0
      vertex 42.095088164391214 -24.283516616242245 0
    endloop
  endfacet
  facet normal 0 0 -1
    outer loop
      vertex 41.701873779296875 -26.317689895629883 0
      vertex 42.095088164391214 -24.283516616242245 0
      vertex 42.16929076817243 -24.319067948011785 0
    endloop
  endfacet
  facet normal 0 0 -1
    outer loop
      vertex 41.701873779296875 -26.317689895629883 0
      vertex 42.16929076817243 -24.319067948011785 0
      vertex 43.29757372202781 -24.47755351165343 0
    endloop
  endfacet
  facet normal 0 0 -1
    outer loop
      vertex 41.701873779296875 -26.317689895629883 0
      vertex 43.29757372202781 -24.47755351165343 0
      vertex 43.72233581542969 -25.776309967041016 0
    endloop
  endfacet
  facet normal 0.25881849096450665 -0.9659259747697313 0
    outer loop
      vertex 41.701873779296875 -26.317689895629883 0
      vertex 43.72233581542969 -25.776309967041016 0
      vertex 41.701873779296875 -26.317689895629883 1.1999998092651367
    endloop
  endfacet
  facet normal 0.25881849096450665 -0.9659259747697313 0
    outer loop
      vertex 41.701873779296875 -26.317689895629883 1.1999998092651367
      vertex 43.72233581542969 -25.776309967041016 0
      vertex 43.72233581542969 -25.776309967041016 1.1999998092651367
    endloop
  endfacet
  facet normal 0.25881593865911257 0.965926658652717 0
    outer loop
      vertex 41.701873779296875 26.31768798828125 0
      vertex 41.701873779296875 26.31768798828125 1.1999998092651367
      vertex 43.72233581542969 25.77631378173828 1.1999998092651367
    endloop
  endfacet
  facet normal 0 0 -1
    outer loop
      vertex 41.701873779296875 26.31768798828125 0
      vertex 43.72233581542969 25.77631378173828 0
      vertex 44.61810302734375 24.45000457763672 0
    endloop
  endfacet
  facet normal 0.25881593865911257 0.965926658652717 0
    outer loop
      vertex 41.701873779296875 26.31768798828125 0
      vertex 43.72233581542969 25.77631378173828 1.1999998092651367
      vertex 43.72233581542969 25.77631378173828 0
    endloop
  endfacet
  facet normal 0.18335933437668156 0.6843151550281017 0.7057564190964226
    outer loop
      vertex 41.701873779296875 26.31768798828125 1.1999998092651367
      vertex 43.44873046875 25.024559020996094 2
      vertex 43.72233581542969 25.77631378173828 1.1999998092651367
    endloop
  endfacet
  facet normal 0 0 1
    outer loop
      vertex 41.71664826723027 21.50029473541961 2
      vertex 41.71665399533342 21.49993010303996 2
      vertex 41.72515202050262 21.34344815752294 2
    endloop
  endfacet
  facet normal 0 0 1
    outer loop
      vertex 41.71664826723027 21.50029473541961 2
      vertex 41.72515202050262 21.34344815752294 2
      vertex 41.72515202050262 21.65758090597115 2
    endloop
  endfacet
  facet normal 0 0 1
    outer loop
      vertex 41.72515202050262 -21.657050294148622 2
      vertex 41.73119571681849 -21.343695526494788 2
      vertex 41.72515202050262 -21.655908678713303 2
    endloop
  endfacet
  facet normal 0 0 1
    outer loop
      vertex 41.72515202050262 -21.657050294148622 2
      vertex 41.738544466390984 -21.81149297590149 2
      vertex 41.73119571681849 -21.343695526494788 2
    endloop
  endfacet
  facet normal 0 0 1
    outer loop
      vertex 41.72515202050262 -21.655908678713303 2
      vertex 41.73119571681849 -21.343695526494788 2
      vertex 41.72515202050262 -21.34344815752294 2
    endloop
  endfacet
  facet normal 0 0 1
    outer loop
      vertex 41.72515202050262 21.341073382045643 2
      vertex 41.76991765950629 21.191391790504447 2
      vertex 41.72515202050262 21.34344815752294 2
    endloop
  endfacet
  facet normal 0 0 1
    outer loop
      vertex 41.72515202050262 21.34344815752294 2
      vertex 41.76991765950629 21.191391790504447 2
      vertex 41.72515202050262 21.65758090597115 2
    endloop
  endfacet
  facet normal 0 0 1
    outer loop
      vertex 41.72515202050262 21.65758090597115 2
      vertex 41.76991765950629 21.191391790504447 2
      vertex 41.76019790476136 21.810119702469162 2
    endloop
  endfacet
  facet normal 0 0 1
    outer loop
      vertex 41.728328168121074 -21.16115672129152 2
      vertex 41.73119571681849 -21.343695526494788 2
      vertex 41.77418589269405 -21.95653755352627 2
    endloop
  endfacet
  facet normal 0 0 1
    outer loop
      vertex 41.728328168121074 -21.16115672129152 2
      vertex 41.77418589269405 -21.95653755352627 2
      vertex 41.77418589269405 -21.014915451688104 2
    endloop
  endfacet
  facet normal 0 0 1
    outer loop
      vertex 41.73119571681849 -21.343695526494788 2
      vertex 41.738544466390984 -21.81149297590149 2
      vertex 41.77418589269405 -21.95653755352627 2
    endloop
  endfacet
  facet normal 0 0 1
    outer loop
      vertex 41.76019790476136 21.810119702469162 2
      vertex 41.76991765950629 21.191391790504447 2
      vertex 41.77418589269405 21.96167742645192 2
    endloop
  endfacet
  facet normal 0 0 1
    outer loop
      vertex 41.763031005859375 -16.299800872802734 13
      vertex 41.85295104980469 -17.163387298583984 13
      vertex 42.281494140625 -16.734848022460938 13
    endloop
  endfacet
  facet normal 0 0 1
    outer loop
      vertex 41.763031005859375 -16.299800872802734 13
      vertex 42.281494140625 -16.734848022460938 13
      vertex 42.04296875 -15.89999771118164 13
    endloop
  endfacet
  facet normal 0 0 1
    outer loop
      vertex 41.763031005859375 16.2998046875 13
      vertex 42.04296875 15.900001525878906 13
      vertex 42.62910461425781 16.23841094970703 13
    endloop
  endfacet
  facet normal 0 0 1
    outer loop
      vertex 41.763031005859375 16.2998046875 13
      vertex 42.62910461425781 16.23841094970703 13
      vertex 42.281494140625 16.734848022460938 13
    endloop
  endfacet
  facet normal 0 0 1
    outer loop
      vertex 41.76991765950629 21.191391790504447 2
      vertex 41.77418589269405 21.034027863239732 2
      vertex 41.77418589269405 21.96167742645192 2
    endloop
  endfacet
  facet normal 0 0 1
    outer loop
      vertex 41.77418589269405 -21.95653755352627 2
      vertex 41.82442949541505 -21.95144544299279 2
      vertex 41.826969066892154 -21.043626855432493 2
    endloop
  endfacet
  facet normal 0 0 1
    outer loop
      vertex 41.77418589269405 -21.95653755352627 2
      vertex 41.826969066892154 -21.043626855432493 2
      vertex 41.77418589269405 -21.014915451688104 2
    endloop
  endfacet
  facet normal 0 0 1
    outer loop
      vertex 41.77418589269405 -21.95653755352627 2
      vertex 41.843353277466996 -22.086592307153175 2
      vertex 41.82442949541505 -21.95144544299279 2
    endloop
  endfacet
  facet normal 0 0 -1
    outer loop
      vertex 41.77418589269405 -21.03583618287295 0
      vertex 41.82415741741267 -20.899285610223995 0
      vertex 41.95273938823215 -22.63587835216206 0
    endloop
  endfacet
  facet normal 0 0 1
    outer loop
      vertex 41.77418589269405 -21.014915451688104 2
      vertex 41.826969066892154 -21.043626855432493 2
      vertex 41.87583324429574 -20.900141602735598 2
    endloop
  endfacet
  facet normal 0 0 1
    outer loop
      vertex 41.77418589269405 21.034027863239732 2
      vertex 41.82442949541505 21.04647241452937 2
      vertex 41.82442949541505 21.952584365320746 2
    endloop
  endfacet
  facet normal 0 0 1
    outer loop
      vertex 41.77418589269405 21.034027863239732 2
      vertex 41.82442949541505 21.952584365320746 2
      vertex 41.77418589269405 21.96167742645192 2
    endloop
  endfacet
  facet normal 0 0 -1
    outer loop
      vertex 41.77484473723593 20.919195300774007 0
      vertex 41.776016838846665 21.03624204056886 0
      vertex 41.8266829332854 21.025412522489383 0
    endloop
  endfacet
  facet normal 0 0 -1
    outer loop
      vertex 41.77484473723593 20.919195300774007 0
      vertex 41.8266829332854 21.025412522489383 0
      vertex 41.87583324429574 20.99694721920032 0
    endloop
  endfacet
  facet normal 0 0 -1
    outer loop
      vertex 41.77484473723593 20.919195300774007 0
      vertex 41.87583324429574 20.99694721920032 0
      vertex 41.87815495501115 20.993631389516555 0
    endloop
  endfacet
  facet normal 0 0 -1
    outer loop
      vertex 41.77484473723593 20.919195300774007 0
      vertex 41.87815495501115 20.993631389516555 0
      vertex 41.8857319942393 20.839336588082706 0
    endloop
  endfacet
  facet normal 0 0 -1
    outer loop
      vertex 41.82415741741267 -20.899285610223995 0
      vertex 41.87583324429574 -20.91026484930646 0
      vertex 41.95273938823215 -22.63587835216206 0
    endloop
  endfacet
  facet normal 0 0 1
    outer loop
      vertex 41.82442949541505 -21.95144544299279 2
      vertex 41.843353277466996 -22.086592307153175 2
      vertex 41.826969066892154 -21.043626855432493 2
    endloop
  endfacet
  facet normal 0 0 1
    outer loop
      vertex 41.82442949541505 21.04224927041054 2
      vertex 41.874985509778206 20.899802868208404 2
      vertex 41.82442949541505 21.04647241452937 2
    endloop
  endfacet
  facet normal 0 0 1
    outer loop
      vertex 41.82442949541505 21.04647241452937 2
      vertex 41.874985509778206 20.899802868208404 2
      vertex 41.82442949541505 21.952584365320746 2
    endloop
  endfacet
  facet normal 0 0 1
    outer loop
      vertex 41.82442949541505 21.952584365320746 2
      vertex 41.874985509778206 20.899802868208404 2
      vertex 41.82442949541505 21.974076970624985 2
    endloop
  endfacet
  facet normal 0 0 1
    outer loop
      vertex 41.82442949541505 21.974076970624985 2
      vertex 41.874985509778206 20.899802868208404 2
      vertex 41.85464633428827 22.19452849783749 2
    endloop
  endfacet
  facet normal 0 0 1
    outer loop
      vertex 41.826969066892154 -21.043626855432493 2
      vertex 41.843353277466996 -22.086592307153175 2
      vertex 41.87583324429574 -20.900141602735598 2
    endloop
  endfacet
  facet normal 0 0 1
    outer loop
      vertex 41.843353277466996 -22.086592307153175 2
      vertex 41.928346410042 -22.07854048131376 2
      vertex 41.928346410042 -20.921360915891018 2
    endloop
  endfacet
  facet normal 0 0 1
    outer loop
      vertex 41.843353277466996 -22.086592307153175 2
      vertex 41.928346410042 -20.921360915891018 2
      vertex 41.87583324429574 -20.900141602735598 2
    endloop
  endfacet
  facet normal 0 0 1
    outer loop
      vertex 41.843353277466996 -22.086592307153175 2
      vertex 41.95012023754916 -22.19739505074384 2
      vertex 41.928346410042 -22.07854048131376 2
    endloop
  endfacet
  facet normal 0.540004605619393 -0.5400008917205504 0.6455958974860777
    outer loop
      vertex 41.85295104980469 -17.163387298583984 13
      vertex 42.510650634765625 -17.947200775146484 11.794260025024414
      vertex 43.0653076171875 -17.392539978027344 11.794260025024414
    endloop
  endfacet
  facet normal 0.5400015563678237 -0.5400063632608562 0.6455938713758925
    outer loop
      vertex 41.85295104980469 -17.163387298583984 13
      vertex 43.0653076171875 -17.392539978027344 11.794260025024414
      vertex 42.281494140625 -16.734848022460938 13
    endloop
  endfacet
  facet normal 0.5400026809597689 0.5400026809597689 0.6455960107625544
    outer loop
      vertex 41.85295104980469 17.16339111328125 13
      vertex 42.281494140625 16.734848022460938 13
      vertex 42.510650634765625 17.94720458984375 11.794260025024414
    endloop
  endfacet
  facet normal 0.4380260670608767 0.6255711344197493 0.6455957871268743
    outer loop
      vertex 41.85295104980469 17.16339111328125 13
      vertex 42.510650634765625 17.94720458984375 11.794260025024414
      vertex 41.86810302734375 18.397117614746094 11.794260025024414
    endloop
  endfacet
  facet normal 0 0 1
    outer loop
      vertex 41.85464633428827 22.19452849783749 2
      vertex 41.874985509778206 20.899802868208404 2
      vertex 41.928346410042 22.07901369790855 2
    endloop
  endfacet
  facet normal 0 0 1
    outer loop
      vertex 41.85464633428827 22.19452849783749 2
      vertex 41.928346410042 22.07901369790855 2
      vertex 41.957891849080596 22.307889485581118 2
    endloop
  endfacet
  facet normal 0.5718223680981317 -0.8166466825708122 0.0781496973041603
    outer loop
      vertex 41.86810302734375 -18.397117614746094 3.5
      vertex 41.87733459472656 -18.413108825683594 3.265347957611084
      vertex 42.510650634765625 -17.947200775146484 3.5
    endloop
  endfacet
  facet normal 0.5735765742682358 -0.8191519477183186 0
    outer loop
      vertex 41.86810302734375 -18.397117614746094 3.5
      vertex 42.510650634765625 -17.947200775146484 3.5
      vertex 41.86810302734375 -18.397117614746094 11.794260025024414
    endloop
  endfacet
  facet normal 0.5735765742682358 -0.8191519477183186 0
    outer loop
      vertex 41.86810302734375 -18.397117614746094 11.794260025024414
      vertex 42.510650634765625 -17.947200775146484 3.5
      vertex 42.510650634765625 -17.947200775146484 11.794260025024414
    endloop
  endfacet
  facet normal 0.573573311020923 0.8191542326598181 0
    outer loop
      vertex 41.86810302734375 18.397117614746094 3.5
      vertex 41.86810302734375 18.397117614746094 11.794260025024414
      vertex 42.510650634765625 17.94720458984375 11.794260025024414
    endloop
  endfacet
  facet normal 0.5718187934182227 0.8166485014953573 0.07815684550386678
    outer loop
      vertex 41.86810302734375 18.397117614746094 3.5
      vertex 42.510650634765625 17.94720458984375 3.5
      vertex 42.52252197265625 17.961349487304688 3.265347957611084
    endloop
  endfacet
  facet normal 0.573573311020923 0.8191542326598181 0
    outer loop
      vertex 41.86810302734375 18.397117614746094 3.5
      vertex 42.510650634765625 17.94720458984375 11.794260025024414
      vertex 42.510650634765625 17.94720458984375 3.5
    endloop
  endfacet
  facet normal 0.5718173644020224 0.8166501821900837 0.07814973894535837
    outer loop
      vertex 41.86810302734375 18.397117614746094 3.5
      vertex 42.52252197265625 17.961349487304688 3.265347957611084
      vertex 41.87733459472656 18.413108825683594 3.265347957611084
    endloop
  endfacet
  facet normal 0 0 1
    outer loop
      vertex 41.874985509778206 20.899802868208404 2
      vertex 41.928346410042 20.921364730588284 2
      vertex 41.928346410042 22.07901369790855 2
    endloop
  endfacet
  facet normal 0 0 1
    outer loop
      vertex 41.874985509778206 20.899802868208404 2
      vertex 41.98167867345212 20.79369776347615 2
      vertex 41.928346410042 20.921364730588284 2
    endloop
  endfacet
  facet normal 0 0 -1
    outer loop
      vertex 41.87583324429574 -20.91026484930646 0
      vertex 41.92667590468458 -20.91768307614463 0
      vertex 41.95273938823215 -22.63587835216206 0
    endloop
  endfacet
  facet normal 0.5578393772014719 -0.7966872945538931 0.23260392073194372
    outer loop
      vertex 41.87733459472656 -18.413108825683594 3.265347957611084
      vertex 41.904815673828125 -18.460689544677734 3.0364739894866943
      vertex 42.52252197265625 -17.961349487304688 3.265347957611084
    endloop
  endfacet
  facet normal 0.5718164521390677 -0.8166488793270464 0.0781700259496452
    outer loop
      vertex 41.87733459472656 -18.413108825683594 3.265347957611084
      vertex 42.52252197265625 -17.961349487304688 3.265347957611084
      vertex 42.510650634765625 -17.947200775146484 3.5
    endloop
  endfacet
  facet normal 0.5578431543516921 0.7966926889518382 0.23257638425610622
    outer loop
      vertex 41.87733459472656 18.413108825683594 3.265347957611084
      vertex 42.52252197265625 17.961349487304688 3.265347957611084
      vertex 42.557830810546875 18.003440856933594 3.0364739894866943
    endloop
  endfacet
  facet normal 0.5578476563898048 0.7966779004174023 0.23261624029057382
    outer loop
      vertex 41.87733459472656 18.413108825683594 3.265347957611084
      vertex 42.557830810546875 18.003440856933594 3.0364739894866943
      vertex 41.904815673828125 18.460693359375 3.0364739894866943
    endloop
  endfacet
  facet normal 0 0 -1
    outer loop
      vertex 41.87815495501115 20.993631389516555 0
      vertex 41.928346410042 20.920883567933465 0
      vertex 41.8857319942393 20.839336588082706 0
    endloop
  endfacet
  facet normal 0 0 -1
    outer loop
      vertex 41.8857319942393 20.839336588082706 0
      vertex 41.928346410042 20.920883567933465 0
      vertex 41.93005494236797 20.920103749038283 0
    endloop
  endfacet
  facet normal 0 0 -1
    outer loop
      vertex 41.8857319942393 20.839336588082706 0
      vertex 41.93005494236797 20.920103749038283 0
      vertex 41.98330489041813 20.866853800988114 0
    endloop
  endfacet
  facet normal 0 0 -1
    outer loop
      vertex 41.8857319942393 20.839336588082706 0
      vertex 41.98330489041813 20.866853800988114 0
      vertex 42.011966050493456 20.76137636630468 0
    endloop
  endfacet
  facet normal 0.5302144130504988 -0.7572204069881665 0.3814314242877618
    outer loop
      vertex 41.904815673828125 -18.460689544677734 3.0364739894866943
      vertex 41.94984436035156 -18.538700103759766 2.819014072418213
      vertex 42.557830810546875 -18.003440856933594 3.0364739894866943
    endloop
  endfacet
  facet normal 0.5578499781541983 -0.7966878626817527 0.23257654939598082
    outer loop
      vertex 41.904815673828125 -18.460689544677734 3.0364739894866943
      vertex 42.557830810546875 -18.003440856933594 3.0364739894866943
      vertex 42.52252197265625 -17.961349487304688 3.265347957611084
    endloop
  endfacet
  facet normal 0.5302122130356104 0.757210947860844 0.3814532600300629
    outer loop
      vertex 41.904815673828125 18.460693359375 3.0364739894866943
      vertex 42.557830810546875 18.003440856933594 3.0364739894866943
      vertex 42.61573791503906 18.07244110107422 2.819014072418213
    endloop
  endfacet
  facet normal 0.5302117291175367 0.7572222357786857 0.38143152458668184
    outer loop
      vertex 41.904815673828125 18.460693359375 3.0364739894866943
      vertex 42.61573791503906 18.07244110107422 2.819014072418213
      vertex 41.94984436035156 18.53870391845703 2.819014072418213
    endloop
  endfacet
  facet normal 0 0 -1
    outer loop
      vertex 41.92667590468458 -20.91768307614463 0
      vertex 41.928346410042 -20.92087975376245 0
      vertex 41.95273938823215 -22.63587835216206 0
    endloop
  endfacet
  facet normal 0 0 -1
    outer loop
      vertex 41.92667590468458 -20.91768307614463 0
      vertex 41.98048521144959 -20.869669665259398 0
      vertex 41.928346410042 -20.92087975376245 0
    endloop
  endfacet
  facet normal 0 0 1
    outer loop
      vertex 41.928346410042 -22.07854048131376 2
      vertex 41.93005488336875 -20.920099993340237 2
      vertex 41.928346410042 -20.921360915891018 2
    endloop
  endfacet
  facet normal 0 0 1
    outer loop
      vertex 41.928346410042 -22.07854048131376 2
      vertex 41.95012023754916 -22.19739505074384 2
      vertex 41.93005488336875 -20.920099993340237 2
    endloop
  endfacet
  facet normal 0 0 1
    outer loop
      vertex 41.928346410042 -20.921360915891018 2
      vertex 41.93005488336875 -20.920099993340237 2
      vertex 41.928346410042 -20.920523563084654 2
    endloop
  endfacet
  facet normal 0 0 -1
    outer loop
      vertex 41.928346410042 -20.92087975376245 0
      vertex 41.98048521144959 -20.869669665259398 0
      vertex 41.95273938823215 -22.63587835216206 0
    endloop
  endfacet
  facet normal 0 0 1
    outer loop
      vertex 41.928346410042 20.921364730588284 2
      vertex 41.98167867345212 20.79369776347615 2
      vertex 41.928346410042 22.07901369790855 2
    endloop
  endfacet
  facet normal 0 0 1
    outer loop
      vertex 41.928346410042 22.07901369790855 2
      vertex 41.98167867345212 20.79369776347615 2
      vertex 41.957891849080596 22.307889485581118 2
    endloop
  endfacet
  facet normal 0 0 1
    outer loop
      vertex 41.93005488336875 -20.920099993340237 2
      vertex 41.95012023754916 -22.19739505074384 2
      vertex 41.98330483141891 -20.866850045290068 2
    endloop
  endfacet
  facet normal 0 0 -1
    outer loop
      vertex 41.946400753681836 -24.19971956701587 0
      vertex 41.95273938823215 -22.63587835216206 0
      vertex 41.987906594071 -23.84021674067311 0
    endloop
  endfacet
  facet normal 0 0 -1
    outer loop
      vertex 41.946400753681836 -24.19971956701587 0
      vertex 41.987906594071 -23.84021674067311 0
      vertex 42.019665677011005 -24.243015423123175 0
    endloop
  endfacet
  facet normal 0.48955877538557063 -0.6991636926997514 0.5210588606418931
    outer loop
      vertex 41.94984436035156 -18.538700103759766 2.819014072418213
      vertex 42.01133728027344 -18.64521026611328 2.6183218955993652
      vertex 42.61573791503906 -18.072437286376953 2.819014072418213
    endloop
  endfacet
  facet normal 0.5302093214349343 -0.7572187972451658 0.38144169746121265
    outer loop
      vertex 41.94984436035156 -18.538700103759766 2.819014072418213
      vertex 42.61573791503906 -18.072437286376953 2.819014072418213
      vertex 42.557830810546875 -18.003440856933594 3.0364739894866943
    endloop
  endfacet
  facet normal 0.48956301458619983 0.699169746916967 0.5210467538957869
    outer loop
      vertex 41.94984436035156 18.53870391845703 2.819014072418213
      vertex 42.61573791503906 18.07244110107422 2.819014072418213
      vertex 42.694793701171875 18.166648864746094 2.6183218955993652
    endloop
  endfacet
  facet normal 0.4895628322458855 0.6991680903971386 0.5210491480213796
    outer loop
      vertex 41.94984436035156 18.53870391845703 2.819014072418213
      vertex 42.694793701171875 18.166648864746094 2.6183218955993652
      vertex 42.01133728027344 18.64521026611328 2.6183218955993652
    endloop
  endfacet
  facet normal 0 0 1
    outer loop
      vertex 41.95012023754916 -22.19739505074384 2
      vertex 42.03649265179657 -22.189713898477002 2
      vertex 41.98330483141891 -20.866850045290068 2
    endloop
  endfacet
  facet normal 0 0 1
    outer loop
      vertex 41.95012023754916 -22.19739505074384 2
      vertex 42.06070165766799 -22.288453060479576 2
      vertex 42.03649265179657 -22.189713898477002 2
    endloop
  endfacet
  facet normal 0 0 -1
    outer loop
      vertex 41.95273938823215 -22.63587835216206 0
      vertex 41.98048521144959 -20.869669665259398 0
      vertex 41.98191716849926 -20.868237708209726 0
    endloop
  endfacet
  facet normal 0 0 -1
    outer loop
      vertex 41.95273938823215 -22.63587835216206 0
      vertex 41.98191716849926 -20.868237708209726 0
      vertex 41.987906594071 -23.84021674067311 0
    endloop
  endfacet
  facet normal 0 0 1
    outer loop
      vertex 41.957891849080596 22.307889485581118 2
      vertex 41.98167867345212 20.79369776347615 2
      vertex 42.03649265179657 22.193937761962477 2
    endloop
  endfacet
  facet normal 0 0 1
    outer loop
      vertex 41.957891849080596 22.307889485581118 2
      vertex 42.03649265179657 22.193937761962477 2
      vertex 42.065324198968995 22.417291024407614 2
    endloop
  endfacet
  facet normal 0 0 1
    outer loop
      vertex 41.98167867345212 20.79369776347615 2
      vertex 42.03649265179657 20.809658347023888 2
      vertex 42.03649265179657 22.193937761962477 2
    endloop
  endfacet
  facet normal 0 0 -1
    outer loop
      vertex 41.98191716849926 -20.868237708209726 0
      vertex 42.03561170582676 -20.803464789490825 0
      vertex 41.987906594071 -23.84021674067311 0
    endloop
  endfacet
  facet normal 0 0 1
    outer loop
      vertex 41.98330483141891 -20.866850045290068 2
      vertex 42.03649265179657 -22.189713898477002 2
      vertex 42.03649265179657 -20.804907894925353 2
    endloop
  endfacet
  facet normal 0 0 -1
    outer loop
      vertex 41.98330489041813 20.866853800988114 0
      vertex 42.037396965933006 20.804952330825323 0
      vertex 42.011966050493456 20.76137636630468 0
    endloop
  endfacet
  facet normal 0 0 -1
    outer loop
      vertex 41.987906594071 -23.84021674067311 0
      vertex 42.03561170582676 -20.803464789490825 0
      vertex 42.03649265179657 -20.802642174833263 0
    endloop
  endfacet
  facet normal 0 0 -1
    outer loop
      vertex 41.987906594071 -23.84021674067311 0
      vertex 42.03649265179657 -20.802642174833263 0
      vertex 42.10096989117702 -23.712228518703146 0
    endloop
  endfacet
  facet normal 0 0 -1
    outer loop
      vertex 41.987906594071 -23.84021674067311 0
      vertex 42.10096989117702 -23.712228518703146 0
      vertex 42.019665677011005 -24.243015423123175 0
    endloop
  endfacet
  facet normal 0.4368593193775016 -0.6238996835199973 0.6479993209692996
    outer loop
      vertex 42.01133728027344 -18.64521026611328 2.6183218955993652
      vertex 42.0877685546875 -18.777587890625 2.439340114593506
      vertex 42.694793701171875 -18.166648864746094 2.6183218955993652
    endloop
  endfacet
  facet normal 0.4895602696359368 -0.6991644306113333 0.5210564665772022
    outer loop
      vertex 42.01133728027344 -18.64521026611328 2.6183218955993652
      vertex 42.694793701171875 -18.166648864746094 2.6183218955993652
      vertex 42.61573791503906 -18.072437286376953 2.819014072418213
    endloop
  endfacet
  facet normal 0.4368548487445182 0.6238932987952592 0.6480084820793426
    outer loop
      vertex 42.01133728027344 18.64521026611328 2.6183218955993652
      vertex 42.694793701171875 18.166648864746094 2.6183218955993652
      vertex 42.79304504394531 18.28375244140625 2.439340114593506
    endloop
  endfacet
  facet normal 0.4368565609448762 0.6239014677862168 0.6479994626954717
    outer loop
      vertex 42.01133728027344 18.64521026611328 2.6183218955993652
      vertex 42.79304504394531 18.28375244140625 2.439340114593506
      vertex 42.0877685546875 18.777587890625 2.439340114593506
    endloop
  endfacet
  facet normal 0 0 -1
    outer loop
      vertex 42.011966050493456 20.76137636630468 0
      vertex 42.037396965933006 20.804952330825323 0
      vertex 42.0187857150349 20.75748649832649 0
    endloop
  endfacet
  facet normal 0 0 -1
    outer loop
      vertex 42.0187857150349 20.75748649832649 0
      vertex 42.037396965933006 20.804952330825323 0
      vertex 42.09201900052091 20.77385646461271 0
    endloop
  endfacet
  facet normal 0 0 -1
    outer loop
      vertex 42.0187857150349 20.75748649832649 0
      vertex 42.09201900052091 20.77385646461271 0
      vertex 42.149125168538355 20.73387129804908 0
    endloop
  endfacet
  facet normal 0 0 -1
    outer loop
      vertex 42.0187857150349 20.75748649832649 0
      vertex 42.149125168538355 20.73387129804908 0
      vertex 42.15402630058441 20.687824223379263 0
    endloop
  endfacet
  facet normal 0 0 -1
    outer loop
      vertex 42.019665677011005 -24.243015423123175 0
      vertex 42.10096989117702 -23.712228518703146 0
      vertex 42.095088164391214 -24.283516616242245 0
    endloop
  endfacet
  facet normal 0 0 -1
    outer loop
      vertex 42.03561170582676 -20.803464789490825 0
      vertex 42.035658065839286 -20.800513662173458 0
      vertex 42.03649265179657 -20.802642174833263 0
    endloop
  endfacet
  facet normal 0 0 -1
    outer loop
      vertex 42.035658065839286 -20.800513662173458 0
      vertex 42.09113163141886 -20.774473976868038 0
      vertex 42.03649265179657 -20.802642174833263 0
    endloop
  endfacet
  facet normal 0 0 1
    outer loop
      vertex 42.03649265179657 -22.189713898477002 2
      vertex 42.037422869789935 -20.80660128594091 2
      vertex 42.03649265179657 -20.804907894925353 2
    endloop
  endfacet
  facet normal 0 0 1
    outer loop
      vertex 42.03649265179657 -22.189713898477002 2
      vertex 42.06070165766799 -22.288453060479576 2
      vertex 42.037422869789935 -20.80660128594091 2
    endloop
  endfacet
  facet normal 0 0 1
    outer loop
      vertex 42.03649265179657 -20.804907894925353 2
      vertex 42.037422869789935 -20.80660128594091 2
      vertex 42.09201900052091 -20.773852649915444 2
    endloop
  endfacet
  facet normal 0 0 -1
    outer loop
      vertex 42.03649265179657 -20.802642174833263 0
      vertex 42.09113163141886 -20.774473976868038 0
      vertex 42.10096989117702 -23.712228518703146 0
    endloop
  endfacet
  facet normal 0 0 1
    outer loop
      vertex 42.03649265179657 20.80491170962262 2
      vertex 42.09113157082632 20.774477833991593 2
      vertex 42.03649265179657 20.809658347023888 2
    endloop
  endfacet
  facet normal 0 0 1
    outer loop
      vertex 42.03649265179657 20.809658347023888 2
      vertex 42.09113157082632 20.774477833991593 2
      vertex 42.03649265179657 22.193937761962477 2
    endloop
  endfacet
  facet normal 0 0 1
    outer loop
      vertex 42.03649265179657 22.193937761962477 2
      vertex 42.09113157082632 20.774477833991593 2
      vertex 42.065324198968995 22.417291024407614 2
    endloop
  endfacet
  facet normal 0 0 1
    outer loop
      vertex 42.037422869789935 -20.80660128594091 2
      vertex 42.06070165766799 -22.288453060479576 2
      vertex 42.09201900052091 -20.773852649915444 2
    endloop
  endfacet
  facet normal 0 0 1
    outer loop
      vertex 42.04296875 -15.89999771118164 13
      vertex 42.281494140625 -16.734848022460938 13
      vertex 42.62910461425781 -16.23841094970703 13
    endloop
  endfacet
  facet normal 0 0 1
    outer loop
      vertex 42.04296875 -15.89999771118164 13
      vertex 42.62910461425781 -16.23841094970703 13
      vertex 42.249237060546875 -15.457660675048828 13
    endloop
  endfacet
  facet normal 0 0 1
    outer loop
      vertex 42.04296875 15.900001525878906 13
      vertex 42.249237060546875 15.457656860351562 13
      vertex 42.88523864746094 15.689140319824219 13
    endloop
  endfacet
  facet normal 0 0 1
    outer loop
      vertex 42.04296875 15.900001525878906 13
      vertex 42.88523864746094 15.689140319824219 13
      vertex 42.62910461425781 16.23841094970703 13
    endloop
  endfacet
  facet normal 0 0 1
    outer loop
      vertex 42.06070165766799 -22.288453060479576 2
      vertex 42.092887060841704 -20.773244842777977 2
      vertex 42.09201900052091 -20.773852649915444 2
    endloop
  endfacet
  facet normal 0 0 1
    outer loop
      vertex 42.06070165766799 -22.288453060479576 2
      vertex 42.14844141686986 -22.281073000340697 2
      vertex 42.092887060841704 -20.773244842777977 2
    endloop
  endfacet
  facet normal 0 0 1
    outer loop
      vertex 42.06070165766799 -22.288453060479576 2
      vertex 42.17461748359083 -22.35662899898711 2
      vertex 42.14844141686986 -22.281073000340697 2
    endloop
  endfacet
  facet normal 0 0 1
    outer loop
      vertex 42.065324198968995 22.417291024407614 2
      vertex 42.09113157082632 20.774477833991593 2
      vertex 42.14844141686986 22.305797212212184 2
    endloop
  endfacet
  facet normal 0.3733212521396754 -0.5331587042847566 0.759192359515205
    outer loop
      vertex 42.0877685546875 -18.777587890625 2.439340114593506
      vertex 42.17726135253906 -18.932598114013672 2.2864742279052734
      vertex 42.79304504394531 -18.283748626708984 2.439340114593506
    endloop
  endfacet
  facet normal 0.4368581990343396 -0.623898987851293 0.6480007460602227
    outer loop
      vertex 42.0877685546875 -18.777587890625 2.439340114593506
      vertex 42.79304504394531 -18.283748626708984 2.439340114593506
      vertex 42.694793701171875 -18.166648864746094 2.6183218955993652
    endloop
  endfacet
  facet normal 0.3733254779536886 0.5331688578821357 0.7591831508241664
    outer loop
      vertex 42.0877685546875 18.777587890625 2.439340114593506
      vertex 42.79304504394531 18.28375244140625 2.439340114593506
      vertex 42.90809631347656 18.420860290527344 2.2864742279052734
    endloop
  endfacet
  facet normal 0.3733206048453591 0.5331513586186604 0.759197836404301
    outer loop
      vertex 42.0877685546875 18.777587890625 2.439340114593506
      vertex 42.90809631347656 18.420860290527344 2.2864742279052734
      vertex 42.17726135253906 18.932601928710938 2.2864742279052734
    endloop
  endfacet
  facet normal 0 0 1
    outer loop
      vertex 42.09113157082632 20.774477833991593 2
      vertex 42.09201900052091 20.77385646461271 2
      vertex 42.14844141686986 22.305797212212184 2
    endloop
  endfacet
  facet normal 0 0 1
    outer loop
      vertex 42.09113157082632 20.774477833991593 2
      vertex 42.14832987186836 20.697446486355922 2
      vertex 42.09201900052091 20.77385646461271 2
    endloop
  endfacet
  facet normal 0 0 -1
    outer loop
      vertex 42.09113163141886 -20.774473976868038 0
      vertex 42.14844141686986 -20.734346239417967 0
      vertex 42.10096989117702 -23.712228518703146 0
    endloop
  endfacet
  facet normal 0 0 1
    outer loop
      vertex 42.09201900052091 -20.773852649915444 2
      vertex 42.092887060841704 -20.773244842777977 2
      vertex 42.14844141686986 -20.697573159038193 2
    endloop
  endfacet
  facet normal 0 0 1
    outer loop
      vertex 42.09201900052091 20.77385646461271 2
      vertex 42.14832987186836 20.697446486355922 2
      vertex 42.14844141686986 22.305797212212184 2
    endloop
  endfacet
  facet normal 0 0 1
    outer loop
      vertex 42.092887060841704 -20.773244842777977 2
      vertex 42.14844141686986 -22.281073000340697 2
      vertex 42.14844141686986 -20.697573159038193 2
    endloop
  endfacet
  facet normal 0 0 -1
    outer loop
      vertex 42.095088164391214 -24.283516616242245 0
      vertex 42.10096989117702 -23.712228518703146 0
      vertex 42.15360772564222 -23.980783724642357 0
    endloop
  endfacet
  facet normal 0 0 -1
    outer loop
      vertex 42.095088164391214 -24.283516616242245 0
      vertex 42.15360772564222 -23.980783724642357 0
      vertex 42.16929076817243 -24.319067948011785 0
    endloop
  endfacet
  facet normal 0 0 -1
    outer loop
      vertex 42.10096989117702 -23.712228518703146 0
      vertex 42.14844141686986 -20.734346239417967 0
      vertex 42.15360772564222 -23.980783724642357 0
    endloop
  endfacet
  facet normal 0 0 1
    outer loop
      vertex 42.14832987186836 20.697446486355922 2
      vertex 42.14844141686986 20.69757697373546 2
      vertex 42.14844141686986 22.305797212212184 2
    endloop
  endfacet
  facet normal 0 0 1
    outer loop
      vertex 42.14832987186836 20.697446486355922 2
      vertex 42.20509402790184 20.703333508267967 2
      vertex 42.14844141686986 20.69757697373546 2
    endloop
  endfacet
  facet normal 0 0 1
    outer loop
      vertex 42.14844141686986 -22.281073000340697 2
      vertex 42.148557077293425 -20.697708460713617 2
      vertex 42.14844141686986 -20.697573159038193 2
    endloop
  endfacet
  facet normal 0 0 1
    outer loop
      vertex 42.14844141686986 -22.281073000340697 2
      vertex 42.17461748359083 -22.35662899898711 2
      vertex 42.148557077293425 -20.697708460713617 2
    endloop
  endfacet
  facet normal 0 0 -1
    outer loop
      vertex 42.14844141686986 -20.734346239417967 0
      vertex 42.15402766338875 -20.687823608049506 0
      vertex 42.20509408827011 -20.70332966542087 0
    endloop
  endfacet
  facet normal 0 0 -1
    outer loop
      vertex 42.14844141686986 -20.734346239417967 0
      vertex 42.20509408827011 -20.70332966542087 0
      vertex 42.15360772564222 -23.980783724642357 0
    endloop
  endfacet
  facet normal 0 0 1
    outer loop
      vertex 42.14844141686986 -20.697573159038193 2
      vertex 42.148557077293425 -20.697708460713617 2
      vertex 42.264304999087685 -20.675719512222507 2
    endloop
  endfacet
  facet normal 0 0 1
    outer loop
      vertex 42.14844141686986 20.69757697373546 2
      vertex 42.20509402790184 20.703333508267967 2
      vertex 42.14844141686986 22.305797212212184 2
    endloop
  endfacet
  facet normal 0 0 1
    outer loop
      vertex 42.14844141686986 22.305797212212184 2
      vertex 42.20509402790184 20.703333508267967 2
      vertex 42.14844141686986 22.38504380173674 2
    endloop
  endfacet
  facet normal 0 0 1
    outer loop
      vertex 42.14844141686986 22.38504380173674 2
      vertex 42.20509402790184 20.703333508267967 2
      vertex 42.1698967276645 22.943878939108497 2
    endloop
  endfacet
  facet normal 0 0 1
    outer loop
      vertex 42.148557077293425 -20.697708460713617 2
      vertex 42.17461748359083 -22.35662899898711 2
      vertex 42.20570421873044 -20.703045160500274 2
    endloop
  endfacet
  facet normal 0 0 1
    outer loop
      vertex 42.148557077293425 -20.697708460713617 2
      vertex 42.20570421873044 -20.703045160500274 2
      vertex 42.264304999087685 -20.675719512222507 2
    endloop
  endfacet
  facet normal 0 0 -1
    outer loop
      vertex 42.149125168538355 20.73387129804908 0
      vertex 42.15642094927412 20.686742998037097 0
      vertex 42.15402630058441 20.687824223379263 0
    endloop
  endfacet
  facet normal 0 0 -1
    outer loop
      vertex 42.149125168538355 20.73387129804908 0
      vertex 42.20570421873044 20.70304897519754 0
      vertex 42.15642094927412 20.686742998037097 0
    endloop
  endfacet
  facet normal 0 0 -1
    outer loop
      vertex 42.15360772564222 -23.980783724642357 0
      vertex 42.20509408827011 -20.70332966542087 0
      vertex 42.59435087419975 -22.501559219870025 0
    endloop
  endfacet
  facet normal 0 0 -1
    outer loop
      vertex 42.15360772564222 -23.980783724642357 0
      vertex 42.59435087419975 -22.501559219870025 0
      vertex 42.16929076817243 -24.319067948011785 0
    endloop
  endfacet
  facet normal 0 0 -1
    outer loop
      vertex 42.15642094927412 20.686742998037097 0
      vertex 42.20570421873044 20.70304897519754 0
      vertex 42.26430505857796 20.675723299179353 0
    endloop
  endfacet
  facet normal 0 0 -1
    outer loop
      vertex 42.16929076817243 -24.319067948011785 0
      vertex 42.59435087419975 -22.501559219870025 0
      vertex 43.29757372202781 -24.47755351165343 0
    endloop
  endfacet
  facet normal 0 0 1
    outer loop
      vertex 42.1698967276645 22.943878939108497 2
      vertex 42.20509402790184 20.703333508267967 2
      vertex 42.29431785505575 22.413759883859424 2
    endloop
  endfacet
  facet normal 0 0 1
    outer loop
      vertex 42.1698967276645 22.943878939108497 2
      vertex 42.29431785505575 22.413759883859424 2
      vertex 42.32252415950942 22.87348606986584 2
    endloop
  endfacet
  facet normal 0 0 1
    outer loop
      vertex 42.17461748359083 -22.35662899898711 2
      vertex 42.264304999087685 -20.675719512222507 2
      vertex 42.20570421873044 -20.703045160500274 2
    endloop
  endfacet
  facet normal 0 0 1
    outer loop
      vertex 42.17461748359083 -22.35662899898711 2
      vertex 42.29056435480415 -22.347304522169335 2
      vertex 42.264304999087685 -20.675719512222507 2
    endloop
  endfacet
  facet normal 0 0 1
    outer loop
      vertex 42.17461748359083 -22.35662899898711 2
      vertex 42.32252415950942 -22.397187478584026 2
      vertex 42.29056435480415 -22.347304522169335 2
    endloop
  endfacet
  facet normal 0.3005292614951108 -0.4291988612235596 0.8517455608980906
    outer loop
      vertex 42.17726135253906 -18.932598114013672 2.2864742279052734
      vertex 42.27760314941406 -19.106399536132812 2.1634902954101562
      vertex 42.90809631347656 -18.420860290527344 2.2864742279052734
    endloop
  endfacet
  facet normal 0.3733246828523975 -0.5331611569194978 0.7591889500812162
    outer loop
      vertex 42.17726135253906 -18.932598114013672 2.2864742279052734
      vertex 42.90809631347656 -18.420860290527344 2.2864742279052734
      vertex 42.79304504394531 -18.283748626708984 2.439340114593506
    endloop
  endfacet
  facet normal 0.3005273711738391 0.42919296219879827 0.8517492003954935
    outer loop
      vertex 42.17726135253906 18.932601928710938 2.2864742279052734
      vertex 42.90809631347656 18.420860290527344 2.2864742279052734
      vertex 43.03709411621094 18.574600219726562 2.1634902954101562
    endloop
  endfacet
  facet normal 0.3005311943386425 0.42920462719532854 0.8517419733836697
    outer loop
      vertex 42.17726135253906 18.932601928710938 2.2864742279052734
      vertex 43.03709411621094 18.574600219726562 2.1634902954101562
      vertex 42.27760314941406 19.106399536132812 2.1634902954101562
    endloop
  endfacet
  facet normal 0 0 1
    outer loop
      vertex 42.20509402790184 20.703333508267967 2
      vertex 42.26375089463065 20.675981706815225 2
      vertex 42.29431785505575 22.413759883859424 2
    endloop
  endfacet
  facet normal 0 0 -1
    outer loop
      vertex 42.20509408827011 -20.70332966542087 0
      vertex 42.26375089463065 -20.67597789211796 0
      vertex 42.59435087419975 -22.501559219870025 0
    endloop
  endfacet
  facet normal 0 0 1
    outer loop
      vertex 42.249237060546875 -15.457660675048828 13
      vertex 42.62910461425781 -16.23841094970703 13
      vertex 42.88523864746094 -15.689140319824219 13
    endloop
  endfacet
  facet normal 0 0 1
    outer loop
      vertex 42.249237060546875 -15.457660675048828 13
      vertex 42.88523864746094 -15.689140319824219 13
      vertex 42.37556457519531 -14.986221313476562 13
    endloop
  endfacet
  facet normal 0 0 1
    outer loop
      vertex 42.249237060546875 15.457656860351562 13
      vertex 42.37556457519531 14.986221313476562 13
      vertex 43.04209899902344 15.103736877441406 13
    endloop
  endfacet
  facet normal 0 0 1
    outer loop
      vertex 42.249237060546875 15.457656860351562 13
      vertex 43.04209899902344 15.103736877441406 13
      vertex 42.88523864746094 15.689140319824219 13
    endloop
  endfacet
  facet normal 0 0 -1
    outer loop
      vertex 42.26375089463065 -20.67597789211796 0
      vertex 42.29775459490709 -20.627598100605166 0
      vertex 42.322007345135084 -20.651137180948 0
    endloop
  endfacet
  facet normal 0 0 -1
    outer loop
      vertex 42.26375089463065 -20.67597789211796 0
      vertex 42.322007345135084 -20.651137180948 0
      vertex 42.59435087419975 -22.501559219870025 0
    endloop
  endfacet
  facet normal 0 0 1
    outer loop
      vertex 42.26375089463065 20.675981706815225 2
      vertex 42.28375635767591 20.6328875936752 2
      vertex 42.32200728961 20.651140715493483 2
    endloop
  endfacet
  facet normal 0 0 1
    outer loop
      vertex 42.26375089463065 20.675981706815225 2
      vertex 42.32200728961 20.651140715493483 2
      vertex 42.29431785505575 22.413759883859424 2
    endloop
  endfacet
  facet normal 0 0 1
    outer loop
      vertex 42.264304999087685 -20.675719512222507 2
      vertex 42.29056435480415 -22.347304522169335 2
      vertex 42.32252415950942 -20.650998688122133 2
    endloop
  endfacet
  facet normal 0 0 1
    outer loop
      vertex 42.264304999087685 -20.675719512222507 2
      vertex 42.32252415950942 -20.650998688122133 2
      vertex 42.28375957888689 -20.632886376481 2
    endloop
  endfacet
  facet normal 0 0 -1
    outer loop
      vertex 42.26430505857796 20.675723299179353 0
      vertex 42.32252415950941 20.651002194776808 0
      vertex 42.29978355421497 20.626831420771047 0
    endloop
  endfacet
  facet normal 0.22021054723256267 -0.31449442723383375 0.9233637258017006
    outer loop
      vertex 42.27760314941406 -19.106399536132812 2.1634902954101562
      vertex 42.38633728027344 -19.294727325439453 2.0734148025512695
      vertex 43.03709411621094 -18.574600219726562 2.1634902954101562
    endloop
  endfacet
  facet normal 0.3005245853543198 -0.4291951885523331 0.8517490614735901
    outer loop
      vertex 42.27760314941406 -19.106399536132812 2.1634902954101562
      vertex 43.03709411621094 -18.574600219726562 2.1634902954101562
      vertex 42.90809631347656 -18.420860290527344 2.2864742279052734
    endloop
  endfacet
  facet normal 0.2202141543102003 0.3144995786937883 0.9233611109651916
    outer loop
      vertex 42.27760314941406 19.106399536132812 2.1634902954101562
      vertex 43.03709411621094 18.574600219726562 2.1634902954101562
      vertex 43.1768798828125 18.741180419921875 2.0734148025512695
    endloop
  endfacet
  facet normal 0.22021033764503142 0.3144890740280183 0.923365599051243
    outer loop
      vertex 42.27760314941406 19.106399536132812 2.1634902954101562
      vertex 43.1768798828125 18.741180419921875 2.0734148025512695
      vertex 42.38633728027344 19.29473114013672 2.0734148025512695
    endloop
  endfacet
  facet normal 0.6255733545662683 -0.4380253947300828 0.6455940920022901
    outer loop
      vertex 42.281494140625 -16.734848022460938 13
      vertex 43.0653076171875 -17.392539978027344 11.794260025024414
      vertex 43.51521301269531 -16.75 11.794260025024414
    endloop
  endfacet
  facet normal 0.6255712152433515 -0.43803156201751337 0.6455919805383691
    outer loop
      vertex 42.281494140625 -16.734848022460938 13
      vertex 43.51521301269531 -16.75 11.794260025024414
      vertex 42.62910461425781 -16.23841094970703 13
    endloop
  endfacet
  facet normal 0.6255695655369466 0.4380304068756914 0.6455943628364735
    outer loop
      vertex 42.281494140625 16.734848022460938 13
      vertex 42.62910461425781 16.23841094970703 13
      vertex 43.0653076171875 17.392539978027344 11.794260025024414
    endloop
  endfacet
  facet normal 0.5400074506260225 0.5400000228402888 0.645594244553707
    outer loop
      vertex 42.281494140625 16.734848022460938 13
      vertex 43.0653076171875 17.392539978027344 11.794260025024414
      vertex 42.510650634765625 17.94720458984375 11.794260025024414
    endloop
  endfacet
  facet normal 0 0 1
    outer loop
      vertex 42.28375957888689 -20.632886376481 2
      vertex 42.32252415950942 -20.650998688122133 2
      vertex 42.321774751888654 -20.618521639633922 2
    endloop
  endfacet
  facet normal 0 0 1
    outer loop
      vertex 42.29056435480415 -22.347304522169335 2
      vertex 42.32252415950942 -22.397187478584026 2
      vertex 42.32252415950942 -20.650998688122133 2
    endloop
  endfacet
  facet normal 0 0 1
    outer loop
      vertex 42.29431785505575 22.413759883859424 2
      vertex 42.32200728961 20.651140715493483 2
      vertex 42.32252415950942 22.87348606986584 2
    endloop
  endfacet
  facet normal 0 0 -1
    outer loop
      vertex 42.29775459490709 -20.627598100605166 0
      vertex 42.29978482160768 -20.626830941863247 0
      vertex 42.322007345135084 -20.651137180948 0
    endloop
  endfacet
  facet normal 0 0 1
    outer loop
      vertex 42.321774751888654 -20.618521639633922 2
      vertex 42.32252415950942 -20.650998688122133 2
      vertex 42.44263671709946 -20.61881164312299 2
    endloop
  endfacet
  facet normal 0 0 1
    outer loop
      vertex 42.321774751888654 -20.618521639633922 2
      vertex 42.44263671709946 -20.61881164312299 2
      vertex 42.61810302734375 -19.696147918701172 2
    endloop
  endfacet
  facet normal 0 0 1
    outer loop
      vertex 42.32200728961 20.651140715493483 2
      vertex 42.38196601125011 20.63507182639418 2
      vertex 42.44201778792154 22.455591040944547 2
    endloop
  endfacet
  facet normal 0 0 1
    outer loop
      vertex 42.32200728961 20.651140715493483 2
      vertex 42.44201778792154 22.455591040944547 2
      vertex 42.32252415950942 22.87348606986584 2
    endloop
  endfacet
  facet normal 0 0 -1
    outer loop
      vertex 42.322007345135084 -20.651137180948 0
      vertex 42.44201778792154 -20.61897750006335 0
      vertex 42.59435087419975 -22.501559219870025 0
    endloop
  endfacet
  facet normal 0 0 -1
    outer loop
      vertex 42.322007345135084 -20.651137180948 0
      vertex 42.4468510157571 -20.578090407132144 0
      vertex 42.44201778792154 -20.61897750006335 0
    endloop
  endfacet
  facet normal 0 0 1
    outer loop
      vertex 42.32252415950942 -22.397187478584026 2
      vertex 42.44201778792154 -22.38787336088793 2
      vertex 42.44263671709946 -20.61881164312299 2
    endloop
  endfacet
  facet normal 0 0 1
    outer loop
      vertex 42.32252415950942 -22.397187478584026 2
      vertex 42.44263671709946 -20.61881164312299 2
      vertex 42.32252415950942 -20.650998688122133 2
    endloop
  endfacet
  facet normal 0 0 1
    outer loop
      vertex 42.32252415950942 -22.397187478584026 2
      vertex 44.61810302734375 -24.049999237060547 2
      vertex 42.44201778792154 -22.38787336088793 2
    endloop
  endfacet
  facet normal 0 0 1
    outer loop
      vertex 42.32252415950942 22.87348606986584 2
      vertex 42.44201778792154 22.455591040944547 2
      vertex 43.44873046875 25.024559020996094 2
    endloop
  endfacet
  facet normal 0 0 1
    outer loop
      vertex 42.37556457519531 -14.986221313476562 13
      vertex 42.88523864746094 -15.689140319824219 13
      vertex 43.04209899902344 -15.103740692138672 13
    endloop
  endfacet
  facet normal 0 0 1
    outer loop
      vertex 42.37556457519531 -14.986221313476562 13
      vertex 43.04209899902344 -15.103740692138672 13
      vertex 42.41810607910156 -14.5 13
    endloop
  endfacet
  facet normal 0 0 1
    outer loop
      vertex 42.37556457519531 14.986221313476562 13
      vertex 42.41810607910156 14.5 13
      vertex 43.09490966796875 14.5 13
    endloop
  endfacet
  facet normal 0 0 1
    outer loop
      vertex 42.37556457519531 14.986221313476562 13
      vertex 43.09490966796875 14.5 13
      vertex 43.04209899902344 15.103736877441406 13
    endloop
  endfacet
  facet normal 0 0 1
    outer loop
      vertex 42.38196601125011 20.63507182639418 2
      vertex 42.44166979905139 20.601564466081207 2
      vertex 42.44201778792154 22.455591040944547 2
    endloop
  endfacet
  facet normal 0.13438118658798512 -0.19191517813331826 0.9721678152938731
    outer loop
      vertex 42.38633728027344 -19.294727325439453 2.0734148025512695
      vertex 42.50077819824219 -19.492938995361328 2.0184669494628906
      vertex 43.1768798828125 -18.741180419921875 2.0734148025512695
    endloop
  endfacet
  facet normal 0.22021543974315383 -0.3144985278005653 0.9233611623357387
    outer loop
      vertex 42.38633728027344 -19.294727325439453 2.0734148025512695
      vertex 43.1768798828125 -18.741180419921875 2.0734148025512695
      vertex 43.03709411621094 -18.574600219726562 2.1634902954101562
    endloop
  endfacet
  facet normal 0.13438419145733013 0.19191814692889028 0.9721668138574472
    outer loop
      vertex 42.38633728027344 19.29473114013672 2.0734148025512695
      vertex 43.1768798828125 18.741180419921875 2.0734148025512695
      vertex 43.32398986816406 18.91651153564453 2.0184669494628906
    endloop
  endfacet
  facet normal 0.13438269533675468 0.1919142974142445 0.9721677806027239
    outer loop
      vertex 42.38633728027344 19.29473114013672 2.0734148025512695
      vertex 43.32398986816406 18.91651153564453 2.0184669494628906
      vertex 42.50077819824219 19.492942810058594 2.0184669494628906
    endloop
  endfacet
  facet normal 0 0 1
    outer loop
      vertex 42.41810607910156 -14.5 13
      vertex 43.04209899902344 -15.103740692138672 13
      vertex 43.09490966796875 -14.5 13
    endloop
  endfacet
  facet normal 0 0 1
    outer loop
      vertex 42.41810607910156 -14.5 13
      vertex 43.09490966796875 -14.5 13
      vertex 42.41810607910156 14.5 13
    endloop
  endfacet
  facet normal 0 0 1
    outer loop
      vertex 42.41810607910156 14.5 13
      vertex 43.09490966796875 -14.5 13
      vertex 43.09490966796875 14.5 13
    endloop
  endfacet
  facet normal 0 0 1
    outer loop
      vertex 42.44166979905139 20.601564466081207 2
      vertex 42.44201778792154 20.60177350558071 2
      vertex 42.44201778792154 22.455591040944547 2
    endloop
  endfacet
  facet normal 0 0 1
    outer loop
      vertex 42.44166979905139 20.601564466081207 2
      vertex 42.46891073912456 20.572055549719845 2
      vertex 42.44201778792154 20.60177350558071 2
    endloop
  endfacet
  facet normal 0 0 1
    outer loop
      vertex 42.44201778792154 -22.38787336088793 2
      vertex 42.470508385169175 -22.393031203214257 2
      vertex 42.44263671709946 -20.61881164312299 2
    endloop
  endfacet
  facet normal 0 0 1
    outer loop
      vertex 42.44201778792154 -22.38787336088793 2
      vertex 42.59419409006141 -22.488460412817176 2
      vertex 42.470508385169175 -22.393031203214257 2
    endloop
  endfacet
  facet normal 0 0 1
    outer loop
      vertex 42.44201778792154 -22.38787336088793 2
      vertex 44.61810302734375 -24.049999237060547 2
      vertex 42.59419409006141 -22.488460412817176 2
    endloop
  endfacet
  facet normal 0 0 -1
    outer loop
      vertex 42.44201778792154 -20.61897750006335 0
      vertex 42.4468510157571 -20.578090407132144 0
      vertex 42.45510234996358 -20.575833097529124 0
    endloop
  endfacet
  facet normal 0 0 -1
    outer loop
      vertex 42.44201778792154 -20.61897750006335 0
      vertex 42.45510234996358 -20.575833097529124 0
      vertex 42.50187666550255 -20.610166294879704 0
    endloop
  endfacet
  facet normal 0 0 -1
    outer loop
      vertex 42.44201778792154 -20.61897750006335 0
      vertex 42.50187666550255 -20.610166294879704 0
      vertex 42.59435087419975 -22.501559219870025 0
    endloop
  endfacet
  facet normal 0 0 1
    outer loop
      vertex 42.44201778792154 20.60177350558071 2
      vertex 42.46891073912456 20.572055549719845 2
      vertex 42.50187666550255 20.610166294879704 2
    endloop
  endfacet
  facet normal 0 0 1
    outer loop
      vertex 42.44201778792154 20.60177350558071 2
      vertex 42.473484714427016 22.417505375603703 2
      vertex 42.44201778792154 22.455591040944547 2
    endloop
  endfacet
  facet normal 0 0 1
    outer loop
      vertex 42.44201778792154 20.60177350558071 2
      vertex 42.473957784442696 22.3873912800637 2
      vertex 42.473484714427016 22.417505375603703 2
    endloop
  endfacet
  facet normal 0 0 1
    outer loop
      vertex 42.44201778792154 20.60177350558071 2
      vertex 42.50187666550255 20.610166294879704 2
      vertex 42.473957784442696 22.3873912800637 2
    endloop
  endfacet
  facet normal 0 0 -1
    outer loop
      vertex 42.44201778792154 22.388244523679532 0
      vertex 42.47053408372663 22.394667089634847 0
      vertex 42.44263672465487 20.618812124075507 0
    endloop
  endfacet
  facet normal 0 0 1
    outer loop
      vertex 42.44201778792154 22.455591040944547 2
      vertex 42.473484714427016 22.417505375603703 2
      vertex 43.44873046875 25.024559020996094 2
    endloop
  endfacet
  facet normal 0 0 1
    outer loop
      vertex 42.44263671709946 -20.61881164312299 2
      vertex 42.468910708214175 -20.572055558175972 2
      vertex 42.61810302734375 -19.696147918701172 2
    endloop
  endfacet
  facet normal 0 0 1
    outer loop
      vertex 42.44263671709946 -20.61881164312299 2
      vertex 42.470508385169175 -22.393031203214257 2
      vertex 42.50262022567029 -20.610101246069874 2
    endloop
  endfacet
  facet normal 0 0 1
    outer loop
      vertex 42.44263671709946 -20.61881164312299 2
      vertex 42.50262022567029 -20.610101246069874 2
      vertex 42.468910708214175 -20.572055558175972 2
    endloop
  endfacet
  facet normal 0 0 -1
    outer loop
      vertex 42.44263672465487 20.618812124075507 0
      vertex 42.45604771922367 20.575574473765283 0
      vertex 42.4468510157571 20.578090407132144 0
    endloop
  endfacet
  facet normal 0 0 -1
    outer loop
      vertex 42.44263672465487 20.618812124075507 0
      vertex 42.47053408372663 22.394667089634847 0
      vertex 42.50262022567029 20.610101246069874 0
    endloop
  endfacet
  facet normal 0 0 -1
    outer loop
      vertex 42.44263672465487 20.618812124075507 0
      vertex 42.50262022567029 20.610101246069874 0
      vertex 42.45604771922367 20.575574473765283 0
    endloop
  endfacet
  facet normal 0 0 -1
    outer loop
      vertex 42.45510234996358 -20.575833097529124 0
      vertex 42.60558429433097 -20.53949545502765 0
      vertex 42.50187666550255 -20.610166294879704 0
    endloop
  endfacet
  facet normal 0 0 -1
    outer loop
      vertex 42.45604771922367 20.575574473765283 0
      vertex 42.50262022567029 20.610101246069874 0
      vertex 42.564601286281345 20.604678962306206 0
    endloop
  endfacet
  facet normal 0 0 -1
    outer loop
      vertex 42.45604771922367 20.575574473765283 0
      vertex 42.564601286281345 20.604678962306206 0
      vertex 42.60720603019151 20.539159609676243 0
    endloop
  endfacet
  facet normal 0 0 1
    outer loop
      vertex 42.468910708214175 -20.572055558175972 2
      vertex 42.50262022567029 -20.610101246069874 2
      vertex 42.56460128628135 -20.604678962306206 2
    endloop
  endfacet
  facet normal 0 0 1
    outer loop
      vertex 42.468910708214175 -20.572055558175972 2
      vertex 42.56460128628135 -20.604678962306206 2
      vertex 42.61810302734375 -20.536902950051854 2
    endloop
  endfacet
  facet normal 0 0 1
    outer loop
      vertex 42.468910708214175 -20.572055558175972 2
      vertex 42.61810302734375 -20.536902950051854 2
      vertex 42.61810302734375 -19.696147918701172 2
    endloop
  endfacet
  facet normal 0 0 1
    outer loop
      vertex 42.46891073912456 20.572055549719845 2
      vertex 42.61810302734375 19.696151733398438 2
      vertex 42.61810302734375 20.536902950051854 2
    endloop
  endfacet
  facet normal 0 0 1
    outer loop
      vertex 42.46891073912456 20.572055549719845 2
      vertex 42.61810302734375 20.536902950051854 2
      vertex 42.50187666550255 20.610166294879704 2
    endloop
  endfacet
  facet normal 0 0 1
    outer loop
      vertex 42.470508385169175 -22.393031203214257 2
      vertex 42.56460128628135 -20.604678962306206 2
      vertex 42.50262022567029 -20.610101246069874 2
    endloop
  endfacet
  facet normal 0 0 1
    outer loop
      vertex 42.470508385169175 -22.393031203214257 2
      vertex 42.59419409006141 -22.488460412817176 2
      vertex 42.56460128628135 -20.604678962306206 2
    endloop
  endfacet
  facet normal 0 0 -1
    outer loop
      vertex 42.47053408372663 22.394667089634847 0
      vertex 42.50262022567029 22.425375230846402 0
      vertex 42.50262022567029 20.610101246069874 0
    endloop
  endfacet
  facet normal 0 0 1
    outer loop
      vertex 42.473484714427016 22.417505375603703 2
      vertex 42.473957784442696 22.3873912800637 2
      vertex 42.5959766779969 22.39806584837307 2
    endloop
  endfacet
  facet normal 0 0 1
    outer loop
      vertex 42.473484714427016 22.417505375603703 2
      vertex 42.5959766779969 22.39806584837307 2
      vertex 43.44873046875 25.024559020996094 2
    endloop
  endfacet
  facet normal 0 0 1
    outer loop
      vertex 42.473957784442696 22.3873912800637 2
      vertex 42.50187666550255 20.610166294879704 2
      vertex 42.5959766779969 22.39806584837307 2
    endloop
  endfacet
  facet normal 0.045173460755561105 -0.06451301606169155 0.996893890643327
    outer loop
      vertex 42.50077819824219 -19.492938995361328 2.0184669494628906
      vertex 42.61810302734375 -19.696147918701172 2
      vertex 43.32398986816406 -18.916507720947266 2.0184669494628906
    endloop
  endfacet
  facet normal 0.13438669036774648 -0.19192000278846713 0.9721661020533879
    outer loop
      vertex 42.50077819824219 -19.492938995361328 2.0184669494628906
      vertex 43.32398986816406 -18.916507720947266 2.0184669494628906
      vertex 43.1768798828125 -18.741180419921875 2.0734148025512695
    endloop
  endfacet
  facet normal 0.04517180817533937 0.06451065598272915 0.9968941182547163
    outer loop
      vertex 42.50077819824219 19.492942810058594 2.0184669494628906
      vertex 43.32398986816406 18.91651153564453 2.0184669494628906
      vertex 43.474822998046875 19.096267700195312 2
    endloop
  endfacet
  facet normal 0.045172897643204105 0.06451334158506734 0.9968938950941795
    outer loop
      vertex 42.50077819824219 19.492942810058594 2.0184669494628906
      vertex 43.474822998046875 19.096267700195312 2
      vertex 42.61810302734375 19.696151733398438 2
    endloop
  endfacet
  facet normal 0 0 -1
    outer loop
      vertex 42.50187666550255 -20.610166294879704 0
      vertex 42.563713517206914 -20.604756626931348 0
      vertex 42.59435087419975 -22.501559219870025 0
    endloop
  endfacet
  facet normal 0 0 -1
    outer loop
      vertex 42.50187666550255 -20.610166294879704 0
      vertex 42.60558429433097 -20.53949545502765 0
      vertex 42.563713517206914 -20.604756626931348 0
    endloop
  endfacet
  facet normal 0 0 1
    outer loop
      vertex 42.50187666550255 20.610166294879704 2
      vertex 42.563713517206914 20.604756626931348 2
      vertex 42.5959766779969 22.39806584837307 2
    endloop
  endfacet
  facet normal 0 0 1
    outer loop
      vertex 42.50187666550255 20.610166294879704 2
      vertex 42.61810302734375 20.536902950051854 2
      vertex 42.563713517206914 20.604756626931348 2
    endloop
  endfacet
  facet normal 0 0 -1
    outer loop
      vertex 42.50262022567029 20.610101246069874 0
      vertex 42.50262022567029 22.425375230846402 0
      vertex 42.564601286281345 20.604678962306206 0
    endloop
  endfacet
  facet normal 0 0 -1
    outer loop
      vertex 42.50262022567029 22.425375230846402 0
      vertex 42.56368478582345 24.45000457763672 0
      vertex 42.564601286281345 20.604678962306206 0
    endloop
  endfacet
  facet normal 0.7049455135188188 -0.7049406652336384 0.07816956869296553
    outer loop
      vertex 42.510650634765625 -17.947200775146484 3.5
      vertex 42.52252197265625 -17.961349487304688 3.265347957611084
      vertex 43.0653076171875 -17.392539978027344 3.5
    endloop
  endfacet
  facet normal 0.7071092127654122 -0.7071043495993213 0
    outer loop
      vertex 42.510650634765625 -17.947200775146484 3.5
      vertex 43.0653076171875 -17.392539978027344 3.5
      vertex 42.510650634765625 -17.947200775146484 11.794260025024414
    endloop
  endfacet
  facet normal 0.7071092127654122 -0.7071043495993213 0
    outer loop
      vertex 42.510650634765625 -17.947200775146484 11.794260025024414
      vertex 43.0653076171875 -17.392539978027344 3.5
      vertex 43.0653076171875 -17.392539978027344 11.794260025024414
    endloop
  endfacet
  facet normal 0.7071116443191917 0.707101918020457 0
    outer loop
      vertex 42.510650634765625 17.94720458984375 3.5
      vertex 42.510650634765625 17.94720458984375 11.794260025024414
      vertex 43.0653076171875 17.392539978027344 11.794260025024414
    endloop
  endfacet
  facet normal 0.7049473021936414 0.7049376056653655 0.07818102870062806
    outer loop
      vertex 42.510650634765625 17.94720458984375 3.5
      vertex 43.0653076171875 17.392539978027344 3.5
      vertex 43.07945251464844 17.4044189453125 3.265347957611084
    endloop
  endfacet
  facet normal 0.7071116443191917 0.707101918020457 0
    outer loop
      vertex 42.510650634765625 17.94720458984375 3.5
      vertex 43.0653076171875 17.392539978027344 11.794260025024414
      vertex 43.0653076171875 17.392539978027344 3.5
    endloop
  endfacet
  facet normal 0.7049437195505973 0.7049437195505973 0.07815820195179564
    outer loop
      vertex 42.510650634765625 17.94720458984375 3.5
      vertex 43.07945251464844 17.4044189453125 3.265347957611084
      vertex 42.52252197265625 17.961349487304688 3.265347957611084
    endloop
  endfacet
  facet normal 0.6877174828905318 -0.6877174828905318 0.2325711234298494
    outer loop
      vertex 42.52252197265625 -17.961349487304688 3.265347957611084
      vertex 42.557830810546875 -18.003440856933594 3.0364739894866943
      vertex 43.07945251464844 -17.4044189453125 3.265347957611084
    endloop
  endfacet
  facet normal 0.704942456526333 -0.704942456526333 0.07818098217110137
    outer loop
      vertex 42.52252197265625 -17.961349487304688 3.265347957611084
      vertex 43.07945251464844 -17.4044189453125 3.265347957611084
      vertex 43.0653076171875 -17.392539978027344 3.5
    endloop
  endfacet
  facet normal 0.6877211493903116 0.6877211493903116 0.23254943853412696
    outer loop
      vertex 42.52252197265625 17.961349487304688 3.265347957611084
      vertex 43.07945251464844 17.4044189453125 3.265347957611084
      vertex 43.12153625488281 17.439727783203125 3.0364739894866943
    endloop
  endfacet
  facet normal 0.6877221588120868 0.6877128510562053 0.23257099296986408
    outer loop
      vertex 42.52252197265625 17.961349487304688 3.265347957611084
      vertex 43.12153625488281 17.439727783203125 3.0364739894866943
      vertex 42.557830810546875 18.003440856933594 3.0364739894866943
    endloop
  endfacet
  facet normal 0.653647229206652 -0.6536383826270209 0.38144745969425314
    outer loop
      vertex 42.557830810546875 -18.003440856933594 3.0364739894866943
      vertex 42.61573791503906 -18.072437286376953 2.819014072418213
      vertex 43.12153625488281 -17.439727783203125 3.0364739894866943
    endloop
  endfacet
  facet normal 0.6877257812459825 -0.6877164734410743 0.23254956883936656
    outer loop
      vertex 42.557830810546875 -18.003440856933594 3.0364739894866943
      vertex 43.12153625488281 -17.439727783203125 3.0364739894866943
      vertex 43.07945251464844 -17.4044189453125 3.265347957611084
    endloop
  endfacet
  facet normal 0.6536499755487044 0.6536411289319037 0.3814380474386432
    outer loop
      vertex 42.557830810546875 18.003440856933594 3.0364739894866943
      vertex 43.12153625488281 17.439727783203125 3.0364739894866943
      vertex 43.19053649902344 17.49762725830078 2.819014072418213
    endloop
  endfacet
  facet normal 0.6536486768338196 0.6536313253253161 0.38145707206298823
    outer loop
      vertex 42.557830810546875 18.003440856933594 3.0364739894866943
      vertex 43.19053649902344 17.49762725830078 2.819014072418213
      vertex 42.61573791503906 18.07244110107422 2.819014072418213
    endloop
  endfacet
  facet normal 0 0 -1
    outer loop
      vertex 42.56368478582345 24.45000457763672 0
      vertex 42.62523737082855 20.564861837901525 0
      vertex 42.564601286281345 20.604678962306206 0
    endloop
  endfacet
  facet normal 0 0 -1
    outer loop
      vertex 42.56368478582345 24.45000457763672 0
      vertex 42.631433880082334 20.53434403455422 0
      vertex 42.62523737082855 20.564861837901525 0
    endloop
  endfacet
  facet normal 0 0 -1
    outer loop
      vertex 42.56368478582345 24.45000457763672 0
      vertex 42.68713106991954 20.606037248398373 0
      vertex 42.631433880082334 20.53434403455422 0
    endloop
  endfacet
  facet normal 0 0 -1
    outer loop
      vertex 42.56368478582345 24.45000457763672 0
      vertex 42.7508391081502 20.611610613195744 0
      vertex 42.68713106991954 20.606037248398373 0
    endloop
  endfacet
  facet normal 0 0 -1
    outer loop
      vertex 42.56368478582345 24.45000457763672 0
      vertex 42.81178337336297 20.623693473015564 0
      vertex 42.7508391081502 20.611610613195744 0
    endloop
  endfacet
  facet normal 0 0 -1
    outer loop
      vertex 42.56368478582345 24.45000457763672 0
      vertex 42.876572864184226 20.641057004363947 0
      vertex 42.81178337336297 20.623693473015564 0
    endloop
  endfacet
  facet normal 0 0 -1
    outer loop
      vertex 42.56368478582345 24.45000457763672 0
      vertex 43.4439045921493 24.45000457763672 0
      vertex 42.876572864184226 20.641057004363947 0
    endloop
  endfacet
  facet normal 0 0 -1
    outer loop
      vertex 42.563713517206914 -20.604756626931348 0
      vertex 42.60558429433097 -20.53949545502765 0
      vertex 42.62421457841595 -20.600533130414853 0
    endloop
  endfacet
  facet normal 0 0 -1
    outer loop
      vertex 42.563713517206914 -20.604756626931348 0
      vertex 42.62421457841595 -20.600533130414853 0
      vertex 42.59435087419975 -22.501559219870025 0
    endloop
  endfacet
  facet normal 0 0 1
    outer loop
      vertex 42.563713517206914 20.604756626931348 2
      vertex 42.61810302734375 20.536902950051854 2
      vertex 42.62421457841595 20.600533130414853 2
    endloop
  endfacet
  facet normal 0 0 1
    outer loop
      vertex 42.563713517206914 20.604756626931348 2
      vertex 42.62421457841595 20.600533130414853 2
      vertex 42.5959766779969 22.39806584837307 2
    endloop
  endfacet
  facet normal 0 0 -1
    outer loop
      vertex 42.564601286281345 20.604678962306206 0
      vertex 42.62523737082855 20.564861837901525 0
      vertex 42.60720603019151 20.539159609676243 0
    endloop
  endfacet
  facet normal 0 0 1
    outer loop
      vertex 42.56460128628135 -20.604678962306206 2
      vertex 42.59419409006141 -22.488460412817176 2
      vertex 42.62523737082855 -22.405883549999672 2
    endloop
  endfacet
  facet normal 0 0 1
    outer loop
      vertex 42.56460128628135 -20.604678962306206 2
      vertex 42.62523737082855 -22.405883549999672 2
      vertex 42.62523737082855 -20.600622607275007 2
    endloop
  endfacet
  facet normal 0 0 1
    outer loop
      vertex 42.56460128628135 -20.604678962306206 2
      vertex 42.62523737082855 -20.600622607275007 2
      vertex 42.62523737082855 -20.587476142184503 2
    endloop
  endfacet
  facet normal 0 0 1
    outer loop
      vertex 42.56460128628135 -20.604678962306206 2
      vertex 42.62523737082855 -20.587476142184503 2
      vertex 42.61810302734375 -20.536902950051854 2
    endloop
  endfacet
  facet normal 0 0 1
    outer loop
      vertex 42.59419409006141 -22.488460412817176 2
      vertex 42.74933353287139 -22.508262978362872 2
      vertex 42.62523737082855 -22.405883549999672 2
    endloop
  endfacet
  facet normal 0 0 1
    outer loop
      vertex 42.59419409006141 -22.488460412817176 2
      vertex 44.61810302734375 -24.049999237060547 2
      vertex 42.74933353287139 -22.508262978362872 2
    endloop
  endfacet
  facet normal 0 0 -1
    outer loop
      vertex 42.59435087419975 -22.501559219870025 0
      vertex 42.62421457841595 -20.600533130414853 0
      vertex 42.62523737082855 -22.421811744966124 0
    endloop
  endfacet
  facet normal 0 0 -1
    outer loop
      vertex 42.59435087419975 -22.501559219870025 0
      vertex 42.62523737082855 -22.421811744966124 0
      vertex 43.29757372202781 -24.47755351165343 0
    endloop
  endfacet
  facet normal 0 0 1
    outer loop
      vertex 42.5959766779969 22.39806584837307 2
      vertex 42.62421457841595 20.600533130414853 2
      vertex 42.62523737082855 22.399377392724993 2
    endloop
  endfacet
  facet normal 0 0 1
    outer loop
      vertex 42.5959766779969 22.39806584837307 2
      vertex 42.62523737082855 22.399377392724993 2
      vertex 42.62523737082855 22.42254411685576 2
    endloop
  endfacet
  facet normal 0 0 1
    outer loop
      vertex 42.5959766779969 22.39806584837307 2
      vertex 42.62523737082855 22.42254411685576 2
      vertex 43.44873046875 25.024559020996094 2
    endloop
  endfacet
  facet normal 0 0 -1
    outer loop
      vertex 42.60558429433097 -20.53949545502765 0
      vertex 42.611829290769506 -20.538202178437743 0
      vertex 42.62421457841595 -20.600533130414853 0
    endloop
  endfacet
  facet normal 0 0 -1
    outer loop
      vertex 42.60720603019151 20.539159609676243 0
      vertex 42.62523737082855 20.564861837901525 0
      vertex 42.611829290769506 20.538202178437743 0
    endloop
  endfacet
  facet normal 0 0 -1
    outer loop
      vertex 42.611829290769506 -20.538202178437743 0
      vertex 42.762733706195085 -20.5142912044632 0
      vertex 42.62421457841595 -20.600533130414853 0
    endloop
  endfacet
  facet normal 0 0 -1
    outer loop
      vertex 42.611829290769506 20.538202178437743 0
      vertex 42.62523737082855 20.564861837901525 0
      vertex 42.631433880082334 20.53434403455422 0
    endloop
  endfacet
  facet normal 0.6035369770506502 -0.6035249610240835 0.5210573277034317
    outer loop
      vertex 42.61573791503906 -18.072437286376953 2.819014072418213
      vertex 42.694793701171875 -18.166648864746094 2.6183218955993652
      vertex 43.19053649902344 -17.49762725830078 2.819014072418213
    endloop
  endfacet
  facet normal 0.6536520325990544 -0.6536390188145014 0.38143813831647777
    outer loop
      vertex 42.61573791503906 -18.072437286376953 2.819014072418213
      vertex 43.19053649902344 -17.49762725830078 2.819014072418213
      vertex 43.12153625488281 -17.439727783203125 3.0364739894866943
    endloop
  endfacet
  facet normal 0.6035206084463025 0.6035045876183859 0.5210998828479686
    outer loop
      vertex 42.61573791503906 18.07244110107422 2.819014072418213
      vertex 43.19053649902344 17.49762725830078 2.819014072418213
      vertex 43.284759521484375 17.576690673828125 2.6183218955993652
    endloop
  endfacet
  facet normal 0.6035304388199219 0.603538243732033 0.5210495156611182
    outer loop
      vertex 42.61573791503906 18.07244110107422 2.819014072418213
      vertex 43.284759521484375 17.576690673828125 2.6183218955993652
      vertex 42.694793701171875 18.166648864746094 2.6183218955993652
    endloop
  endfacet
  facet normal 0 0 1
    outer loop
      vertex 42.61810302734375 -20.536902950051854 2
      vertex 42.62523737082855 -20.587476142184503 2
      vertex 42.61810302734375 -19.696147918701172 2
    endloop
  endfacet
  facet normal 0 0 1
    outer loop
      vertex 42.61810302734375 -19.696147918701172 2
      vertex 42.62523737082855 -20.587476142184503 2
      vertex 43.474822998046875 -19.096267700195312 2
    endloop
  endfacet
  facet normal 0.04517052862378522 -0.0645103685125699 0.9968941948362525
    outer loop
      vertex 42.61810302734375 -19.696147918701172 2
      vertex 43.474822998046875 -19.096267700195312 2
      vertex 43.32398986816406 -18.916507720947266 2.0184669494628906
    endloop
  endfacet
  facet normal 0 0 1
    outer loop
      vertex 42.61810302734375 19.696151733398438 2
      vertex 42.757553748400056 20.514863077127814 2
      vertex 42.61810302734375 20.536902950051854 2
    endloop
  endfacet
  facet normal 0 0 1
    outer loop
      vertex 42.61810302734375 19.696151733398438 2
      vertex 42.81139676235726 20.53348646751484 2
      vertex 42.757553748400056 20.514863077127814 2
    endloop
  endfacet
  facet normal 0 0 1
    outer loop
      vertex 42.61810302734375 19.696151733398438 2
      vertex 42.81178337336297 20.532648929649795 2
      vertex 42.81139676235726 20.53348646751484 2
    endloop
  endfacet
  facet normal 0 0 1
    outer loop
      vertex 42.61810302734375 19.696151733398438 2
      vertex 43.474822998046875 19.096267700195312 2
      vertex 42.81178337336297 20.532648929649795 2
    endloop
  endfacet
  facet normal 0 0 1
    outer loop
      vertex 42.61810302734375 20.536902950051854 2
      vertex 42.757553748400056 20.514863077127814 2
      vertex 42.62421457841595 20.600533130414853 2
    endloop
  endfacet
  facet normal 0 0 -1
    outer loop
      vertex 42.62421457841595 -20.600533130414853 0
      vertex 42.74933353287139 -20.61147890108387 0
      vertex 43.29757372202781 -24.47755351165343 0
    endloop
  endfacet
  facet normal 0 0 -1
    outer loop
      vertex 42.62421457841595 -20.600533130414853 0
      vertex 42.762733706195085 -20.5142912044632 0
      vertex 42.74933353287139 -20.61147890108387 0
    endloop
  endfacet
  facet normal 0 0 -1
    outer loop
      vertex 42.62421457841595 -20.600533130414853 0
      vertex 43.29757372202781 -24.47755351165343 0
      vertex 42.62523737082855 -22.421811744966124 0
    endloop
  endfacet
  facet normal 0 0 1
    outer loop
      vertex 42.62421457841595 20.600533130414853 2
      vertex 42.74933353287139 20.61147890108387 2
      vertex 42.74933353287139 22.38852109891613 2
    endloop
  endfacet
  facet normal 0 0 1
    outer loop
      vertex 42.62421457841595 20.600533130414853 2
      vertex 42.74933353287139 22.38852109891613 2
      vertex 42.62523737082855 22.399377392724993 2
    endloop
  endfacet
  facet normal 0 0 1
    outer loop
      vertex 42.62421457841595 20.600533130414853 2
      vertex 42.757553748400056 20.514863077127814 2
      vertex 42.74933353287139 20.61147890108387 2
    endloop
  endfacet
  facet normal 0 0 1
    outer loop
      vertex 42.62523737082855 -22.405883549999672 2
      vertex 42.74933353287139 -22.508262978362872 2
      vertex 42.7508391081502 -20.611610613195744 2
    endloop
  endfacet
  facet normal 0 0 1
    outer loop
      vertex 42.62523737082855 -22.405883549999672 2
      vertex 42.7508391081502 -20.611610613195744 2
      vertex 42.62523737082855 -20.600622607275007 2
    endloop
  endfacet
  facet normal 0 0 1
    outer loop
      vertex 42.62523737082855 -20.600622607275007 2
      vertex 42.7508391081502 -20.611610613195744 2
      vertex 42.62523737082855 -20.587476142184503 2
    endloop
  endfacet
  facet normal 0 0 1
    outer loop
      vertex 42.62523737082855 -20.587476142184503 2
      vertex 42.7508391081502 -20.611610613195744 2
      vertex 43.474822998046875 -19.096267700195312 2
    endloop
  endfacet
  facet normal 0 0 1
    outer loop
      vertex 42.62523737082855 22.399377392724993 2
      vertex 42.74933353287139 22.38852109891613 2
      vertex 42.62523737082855 22.42254411685576 2
    endloop
  endfacet
  facet normal 0 0 1
    outer loop
      vertex 42.62523737082855 22.42254411685576 2
      vertex 42.74933353287139 22.38852109891613 2
      vertex 43.44873046875 25.024559020996094 2
    endloop
  endfacet
  facet normal 0.6921273747789277 -0.32275335170871555 0.6455927284615431
    outer loop
      vertex 42.62910461425781 -16.23841094970703 13
      vertex 43.51521301269531 -16.75 11.794260025024414
      vertex 43.84672546386719 -16.03908920288086 11.794260025024414
    endloop
  endfacet
  facet normal 0.6921277996504472 -0.32275070825158786 0.6455935945113837
    outer loop
      vertex 42.62910461425781 -16.23841094970703 13
      vertex 43.84672546386719 -16.03908920288086 11.794260025024414
      vertex 42.88523864746094 -15.689140319824219 13
    endloop
  endfacet
  facet normal 0.6921285482809607 0.3227510573504516 0.6455926173940153
    outer loop
      vertex 42.62910461425781 16.23841094970703 13
      vertex 42.88523864746094 15.689140319824219 13
      vertex 43.51521301269531 16.75 11.794260025024414
    endloop
  endfacet
  facet normal 0.6255746291715479 0.43802628720652326 0.6455922513885592
    outer loop
      vertex 42.62910461425781 16.23841094970703 13
      vertex 43.51521301269531 16.75 11.794260025024414
      vertex 43.0653076171875 17.392539978027344 11.794260025024414
    endloop
  endfacet
  facet normal 0 0 -1
    outer loop
      vertex 42.631433880082334 20.53434403455422 0
      vertex 42.68713106991954 20.606037248398373 0
      vertex 42.7508391081502 20.611610613195744 0
    endloop
  endfacet
  facet normal 0 0 -1
    outer loop
      vertex 42.631433880082334 20.53434403455422 0
      vertex 42.7508391081502 20.611610613195744 0
      vertex 42.79359640538547 20.510883930751408 0
    endloop
  endfacet
  facet normal 0 0 -1
    outer loop
      vertex 42.631433880082334 20.53434403455422 0
      vertex 42.79359640538547 20.510883930751408 0
      vertex 44.61810302734375 10.75 0
    endloop
  endfacet
  facet normal 0.5385583672943645 -0.5385653319815668 0.6479986637369042
    outer loop
      vertex 42.694793701171875 -18.166648864746094 2.6183218955993652
      vertex 42.79304504394531 -18.283748626708984 2.439340114593506
      vertex 43.284759521484375 -17.576690673828125 2.6183218955993652
    endloop
  endfacet
  facet normal 0.6035089787377994 -0.6035167833723868 0.5210992273748887
    outer loop
      vertex 42.694793701171875 -18.166648864746094 2.6183218955993652
      vertex 43.284759521484375 -17.576690673828125 2.6183218955993652
      vertex 43.19053649902344 -17.49762725830078 2.819014072418213
    endloop
  endfacet
  facet normal 0.5385546173450351 0.5385615819837427 0.648004897008897
    outer loop
      vertex 42.694793701171875 18.166648864746094 2.6183218955993652
      vertex 43.284759521484375 17.576690673828125 2.6183218955993652
      vertex 43.40185546875 17.674949645996094 2.439340114593506
    endloop
  endfacet
  facet normal 0.5385544731885155 0.5385612222451615 0.6480053157979788
    outer loop
      vertex 42.694793701171875 18.166648864746094 2.6183218955993652
      vertex 43.40185546875 17.674949645996094 2.439340114593506
      vertex 42.79304504394531 18.28375244140625 2.439340114593506
    endloop
  endfacet
  facet normal 0 0 1
    outer loop
      vertex 42.74933353287139 -22.508262978362872 2
      vertex 42.77878095663564 -22.39029762984526 2
      vertex 42.7508391081502 -20.611610613195744 2
    endloop
  endfacet
  facet normal 0 0 1
    outer loop
      vertex 42.74933353287139 -22.508262978362872 2
      vertex 42.905853403482254 -22.504960715567336 2
      vertex 42.77878095663564 -22.39029762984526 2
    endloop
  endfacet
  facet normal 0 0 1
    outer loop
      vertex 42.74933353287139 -22.508262978362872 2
      vertex 44.61810302734375 -24.049999237060547 2
      vertex 42.905853403482254 -22.504960715567336 2
    endloop
  endfacet
  facet normal 0 0 -1
    outer loop
      vertex 42.74933353287139 -20.61147890108387 0
      vertex 42.762733706195085 -20.5142912044632 0
      vertex 42.809987253342726 -20.623211218019993 0
    endloop
  endfacet
  facet normal 0 0 -1
    outer loop
      vertex 42.74933353287139 -20.61147890108387 0
      vertex 42.809987253342726 -20.623211218019993 0
      vertex 43.29757372202781 -24.47755351165343 0
    endloop
  endfacet
  facet normal 0 0 1
    outer loop
      vertex 42.74933353287139 20.61147890108387 2
      vertex 42.757553748400056 20.514863077127814 2
      vertex 42.81139676235726 20.53348646751484 2
    endloop
  endfacet
  facet normal 0 0 1
    outer loop
      vertex 42.74933353287139 20.61147890108387 2
      vertex 42.782323403055926 22.384201775294997 2
      vertex 42.74933353287139 22.38852109891613 2
    endloop
  endfacet
  facet normal 0 0 1
    outer loop
      vertex 42.74933353287139 20.61147890108387 2
      vertex 42.81139676235726 20.53348646751484 2
      vertex 42.782323403055926 22.384201775294997 2
    endloop
  endfacet
  facet normal 0 0 1
    outer loop
      vertex 42.74933353287139 22.38852109891613 2
      vertex 42.7818321901859 22.415470785818155 2
      vertex 43.44873046875 25.024559020996094 2
    endloop
  endfacet
  facet normal 0 0 1
    outer loop
      vertex 42.74933353287139 22.38852109891613 2
      vertex 42.782323403055926 22.384201775294997 2
      vertex 42.7818321901859 22.415470785818155 2
    endloop
  endfacet
  facet normal 0 0 1
    outer loop
      vertex 42.7508391081502 -20.611610613195744 2
      vertex 42.77878095663564 -22.39029762984526 2
      vertex 42.81178337336297 -20.623692531523556 2
    endloop
  endfacet
  facet normal 0 0 1
    outer loop
      vertex 42.7508391081502 -20.611610613195744 2
      vertex 42.81178337336297 -20.623692531523556 2
      vertex 42.81178337336297 -20.532648929649795 2
    endloop
  endfacet
  facet normal 0 0 1
    outer loop
      vertex 42.7508391081502 -20.611610613195744 2
      vertex 42.81178337336297 -20.532648929649795 2
      vertex 43.474822998046875 -19.096267700195312 2
    endloop
  endfacet
  facet normal 0 0 -1
    outer loop
      vertex 42.7508391081502 20.611610613195744 0
      vertex 42.81178337336297 20.623693473015564 0
      vertex 42.79359640538547 20.510883930751408 0
    endloop
  endfacet
  facet normal 0 0 -1
    outer loop
      vertex 42.762733706195085 -20.5142912044632 0
      vertex 42.79359640538547 -20.510883930751408 0
      vertex 42.809987253342726 -20.623211218019993 0
    endloop
  endfacet
  facet normal 0 0 1
    outer loop
      vertex 42.77878095663564 -22.39029762984526 2
      vertex 42.8765728236016 -20.64105442100574 2
      vertex 42.81178337336297 -20.623692531523556 2
    endloop
  endfacet
  facet normal 0 0 1
    outer loop
      vertex 42.77878095663564 -22.39029762984526 2
      vertex 42.905853403482254 -22.504960715567336 2
      vertex 42.8765728236016 -20.64105442100574 2
    endloop
  endfacet
  facet normal 0 0 1
    outer loop
      vertex 42.7818321901859 22.415470785818155 2
      vertex 42.782323403055926 22.384201775294997 2
      vertex 42.908124208127866 22.35048726087561 2
    endloop
  endfacet
  facet normal 0 0 1
    outer loop
      vertex 42.7818321901859 22.415470785818155 2
      vertex 42.908124208127866 22.35048726087561 2
      vertex 43.44873046875 25.024559020996094 2
    endloop
  endfacet
  facet normal 0 0 1
    outer loop
      vertex 42.782323403055926 22.384201775294997 2
      vertex 42.81139676235726 20.53348646751484 2
      vertex 42.908124208127866 22.35048726087561 2
    endloop
  endfacet
  facet normal 0.4602301062720601 -0.46023875759335126 0.7591893935571918
    outer loop
      vertex 42.79304504394531 -18.283748626708984 2.439340114593506
      vertex 42.90809631347656 -18.420860290527344 2.2864742279052734
      vertex 43.40185546875 -17.674949645996094 2.439340114593506
    endloop
  endfacet
  facet normal 0.5385530958595502 -0.5385632194820624 0.6480048005695713
    outer loop
      vertex 42.79304504394531 -18.283748626708984 2.439340114593506
      vertex 43.40185546875 -17.674949645996094 2.439340114593506
      vertex 43.284759521484375 -17.576690673828125 2.6183218955993652
    endloop
  endfacet
  facet normal 0.46025197659388595 0.46025774437934897 0.75916462429453
    outer loop
      vertex 42.79304504394531 18.28375244140625 2.439340114593506
      vertex 43.40185546875 17.674949645996094 2.439340114593506
      vertex 43.53895568847656 17.789993286132812 2.2864742279052734
    endloop
  endfacet
  facet normal 0.46024158624231165 0.4602360203074686 0.759184093553536
    outer loop
      vertex 42.79304504394531 18.28375244140625 2.439340114593506
      vertex 43.53895568847656 17.789993286132812 2.2864742279052734
      vertex 42.90809631347656 18.420860290527344 2.2864742279052734
    endloop
  endfacet
  facet normal 0 0 -1
    outer loop
      vertex 42.79359640538547 -20.510883930751408 0
      vertex 42.935666691122805 -20.597222549883767 0
      vertex 42.809987253342726 -20.623211218019993 0
    endloop
  endfacet
  facet normal 0 0 -1
    outer loop
      vertex 42.79359640538547 -20.510883930751408 0
      vertex 42.95214911135187 -20.500751701827237 0
      vertex 42.935666691122805 -20.597222549883767 0
    endloop
  endfacet
  facet normal 0 0 -1
    outer loop
      vertex 42.79359640538547 -20.510883930751408 0
      vertex 44.61810302734375 -10.75 0
      vertex 42.95214911135187 -20.500751701827237 0
    endloop
  endfacet
  facet normal 0 0 -1
    outer loop
      vertex 42.79359640538547 20.510883930751408 0
      vertex 42.81178337336297 20.623693473015564 0
      vertex 42.876572864184226 20.641057004363947 0
    endloop
  endfacet
  facet normal 0 0 -1
    outer loop
      vertex 42.79359640538547 20.510883930751408 0
      vertex 42.876572864184226 20.641057004363947 0
      vertex 42.937178481843745 20.588377897591158 0
    endloop
  endfacet
  facet normal 0 0 -1
    outer loop
      vertex 42.79359640538547 20.510883930751408 0
      vertex 42.937178481843745 20.588377897591158 0
      vertex 42.95214975473148 20.500751691720225 0
    endloop
  endfacet
  facet normal 0 0 -1
    outer loop
      vertex 42.79359640538547 20.510883930751408 0
      vertex 42.95214975473148 20.500751691720225 0
      vertex 44.61810302734375 10.75 0
    endloop
  endfacet
  facet normal 0 0 -1
    outer loop
      vertex 42.809987253342726 -20.623211218019993 0
      vertex 42.87441896094138 -20.64047724176855 0
      vertex 43.29757372202781 -24.47755351165343 0
    endloop
  endfacet
  facet normal 0 0 -1
    outer loop
      vertex 42.809987253342726 -20.623211218019993 0
      vertex 42.935666691122805 -20.597222549883767 0
      vertex 42.87441896094138 -20.64047724176855 0
    endloop
  endfacet
  facet normal 0 0 1
    outer loop
      vertex 42.81139676235726 20.53348646751484 2
      vertex 42.81178337336297 20.532648929649795 2
      vertex 42.908124208127866 22.35048726087561 2
    endloop
  endfacet
  facet normal 0 0 1
    outer loop
      vertex 42.81178337336297 -20.623692531523556 2
      vertex 42.8765728236016 -20.64105442100574 2
      vertex 42.81178337336297 -20.532648929649795 2
    endloop
  endfacet
  facet normal 0 0 1
    outer loop
      vertex 42.81178337336297 -20.532648929649795 2
      vertex 42.8765728236016 -20.64105442100574 2
      vertex 42.937178481843745 -20.62231769770199 2
    endloop
  endfacet
  facet normal 0 0 1
    outer loop
      vertex 42.81178337336297 -20.532648929649795 2
      vertex 42.937178481843745 -20.62231769770199 2
      vertex 43.474822998046875 -19.096267700195312 2
    endloop
  endfacet
  facet normal 0 0 1
    outer loop
      vertex 42.81178337336297 20.532648929649795 2
      vertex 42.872283117821425 20.639907355794357 2
      vertex 42.908124208127866 22.35048726087561 2
    endloop
  endfacet
  facet normal 0 0 1
    outer loop
      vertex 42.81178337336297 20.532648929649795 2
      vertex 42.87441896094137 20.640479760029955 2
      vertex 42.872283117821425 20.639907355794357 2
    endloop
  endfacet
  facet normal 0 0 1
    outer loop
      vertex 42.81178337336297 20.532648929649795 2
      vertex 42.93518344933067 20.62798414756463 2
      vertex 42.87441896094137 20.640479760029955 2
    endloop
  endfacet
  facet normal 0 0 1
    outer loop
      vertex 42.81178337336297 20.532648929649795 2
      vertex 42.937178481843745 20.622321434146798 2
      vertex 42.93518344933067 20.62798414756463 2
    endloop
  endfacet
  facet normal 0 0 1
    outer loop
      vertex 42.81178337336297 20.532648929649795 2
      vertex 43.474822998046875 19.096267700195312 2
      vertex 42.937178481843745 20.622321434146798 2
    endloop
  endfacet
  facet normal 0 0 1
    outer loop
      vertex 42.872283117821425 20.639907355794357 2
      vertex 42.87441896094137 20.640479760029955 2
      vertex 42.908124208127866 22.35048726087561 2
    endloop
  endfacet
  facet normal 0 0 1
    outer loop
      vertex 42.87441896094137 20.640479760029955 2
      vertex 42.93518344933067 20.62798414756463 2
      vertex 42.908124208127866 22.35048726087561 2
    endloop
  endfacet
  facet normal 0 0 -1
    outer loop
      vertex 42.87441896094138 -20.64047724176855 0
      vertex 42.935666691122805 -20.597222549883767 0
      vertex 43.29757372202781 -24.47755351165343 0
    endloop
  endfacet
  facet normal 0 0 1
    outer loop
      vertex 42.8765728236016 -20.64105442100574 2
      vertex 42.905853403482254 -22.504960715567336 2
      vertex 42.937178481843745 -22.357058776778217 2
    endloop
  endfacet
  facet normal 0 0 1
    outer loop
      vertex 42.8765728236016 -20.64105442100574 2
      vertex 42.937178481843745 -22.357058776778217 2
      vertex 42.937178481843745 -20.65952831422185 2
    endloop
  endfacet
  facet normal 0 0 1
    outer loop
      vertex 42.8765728236016 -20.64105442100574 2
      vertex 42.937178481843745 -20.65952831422185 2
      vertex 42.937178481843745 -20.62231769770199 2
    endloop
  endfacet
  facet normal 0 0 -1
    outer loop
      vertex 42.876572864184226 20.641057004363947 0
      vertex 43.4439045921493 24.45000457763672 0
      vertex 42.937178481843745 20.588377897591158 0
    endloop
  endfacet
  facet normal 0.7376587619063828 -0.19765580991072199 0.645594092128544
    outer loop
      vertex 42.88523864746094 -15.689140319824219 13
      vertex 43.84672546386719 -16.03908920288086 11.794260025024414
      vertex 44.04974365234375 -15.281417846679688 11.794260025024414
    endloop
  endfacet
  facet normal 0.7376588081007395 -0.1976588547371116 0.6455931071312718
    outer loop
      vertex 42.88523864746094 -15.689140319824219 13
      vertex 44.04974365234375 -15.281417846679688 11.794260025024414
      vertex 43.04209899902344 -15.103740692138672 13
    endloop
  endfacet
  facet normal 0.7376579686434912 0.1976573417869175 0.6455945295109677
    outer loop
      vertex 42.88523864746094 15.689140319824219 13
      vertex 43.04209899902344 15.103736877441406 13
      vertex 43.84672546386719 16.039093017578125 11.794260025024414
    endloop
  endfacet
  facet normal 0.6921257286155788 0.32275431594552617 0.6455940112229123
    outer loop
      vertex 42.88523864746094 15.689140319824219 13
      vertex 43.84672546386719 16.039093017578125 11.794260025024414
      vertex 43.51521301269531 16.75 11.794260025024414
    endloop
  endfacet
  facet normal 0 0 1
    outer loop
      vertex 42.905853403482254 -22.504960715567336 2
      vertex 43.062821518156255 -22.48359995930518 2
      vertex 42.937178481843745 -22.357058776778217 2
    endloop
  endfacet
  facet normal 0 0 1
    outer loop
      vertex 42.905853403482254 -22.504960715567336 2
      vertex 44.61810302734375 -24.049999237060547 2
      vertex 43.062821518156255 -22.48359995930518 2
    endloop
  endfacet
  facet normal 0.37049304001319305 -0.37048631921357494 0.8517480816399644
    outer loop
      vertex 42.90809631347656 -18.420860290527344 2.2864742279052734
      vertex 43.03709411621094 -18.574600219726562 2.1634902954101562
      vertex 43.53895568847656 -17.789989471435547 2.2864742279052734
    endloop
  endfacet
  facet normal 0.4602626923476017 -0.4602543431129525 0.7591601897350793
    outer loop
      vertex 42.90809631347656 -18.420860290527344 2.2864742279052734
      vertex 43.53895568847656 -17.789989471435547 2.2864742279052734
      vertex 43.40185546875 -17.674949645996094 2.439340114593506
    endloop
  endfacet
  facet normal 0.3704770591401937 0.3704725787732871 0.8517610093376569
    outer loop
      vertex 42.90809631347656 18.420860290527344 2.2864742279052734
      vertex 43.53895568847656 17.789993286132812 2.2864742279052734
      vertex 43.69270324707031 17.91899871826172 2.1634902954101562
    endloop
  endfacet
  facet normal 0.37048717369615414 0.3704914851457322 0.8517483862979404
    outer loop
      vertex 42.90809631347656 18.420860290527344 2.2864742279052734
      vertex 43.69270324707031 17.91899871826172 2.1634902954101562
      vertex 43.03709411621094 18.574600219726562 2.1634902954101562
    endloop
  endfacet
  facet normal 0 0 1
    outer loop
      vertex 42.908124208127866 22.35048726087561 2
      vertex 42.93518344933067 20.62798414756463 2
      vertex 42.937178481843745 22.340467871080886 2
    endloop
  endfacet
  facet normal 0 0 1
    outer loop
      vertex 42.908124208127866 22.35048726087561 2
      vertex 42.937178481843745 22.340467871080886 2
      vertex 42.937178481843745 22.403413102738625 2
    endloop
  endfacet
  facet normal 0 0 1
    outer loop
      vertex 42.908124208127866 22.35048726087561 2
      vertex 42.937178481843745 22.403413102738625 2
      vertex 43.44873046875 25.024559020996094 2
    endloop
  endfacet
  facet normal 0 0 1
    outer loop
      vertex 42.93518344933067 20.62798414756463 2
      vertex 42.937178481843745 20.622321434146798 2
      vertex 42.937178481843745 22.340467871080886 2
    endloop
  endfacet
  facet normal 0 0 -1
    outer loop
      vertex 42.935666691122805 -20.597222549883767 0
      vertex 42.95214911135187 -20.500751701827237 0
      vertex 42.99705531597716 -20.68744898864873 0
    endloop
  endfacet
  facet normal 0 0 -1
    outer loop
      vertex 42.935666691122805 -20.597222549883767 0
      vertex 42.99705531597716 -20.68744898864873 0
      vertex 43.29757372202781 -24.47755351165343 0
    endloop
  endfacet
  facet normal 0 0 1
    outer loop
      vertex 42.937178481843745 -22.357058776778217 2
      vertex 43.062821518156255 -22.48359995930518 2
      vertex 43.066257623502956 -20.719718147931793 2
    endloop
  endfacet
  facet normal 0 0 1
    outer loop
      vertex 42.937178481843745 -22.357058776778217 2
      vertex 43.066257623502956 -20.719718147931793 2
      vertex 42.937178481843745 -20.65952831422185 2
    endloop
  endfacet
  facet normal 0 0 1
    outer loop
      vertex 42.937178481843745 -20.65952831422185 2
      vertex 43.066257623502956 -20.719718147931793 2
      vertex 43.12558103905862 -20.60203928466072 2
    endloop
  endfacet
  facet normal 0 0 1
    outer loop
      vertex 42.937178481843745 -20.65952831422185 2
      vertex 43.12558103905862 -20.60203928466072 2
      vertex 44.21437072753906 -18.356727600097656 2
    endloop
  endfacet
  facet normal 0 0 1
    outer loop
      vertex 42.937178481843745 -20.65952831422185 2
      vertex 43.474822998046875 -19.096267700195312 2
      vertex 42.937178481843745 -20.62231769770199 2
    endloop
  endfacet
  facet normal 0 0 1
    outer loop
      vertex 42.937178481843745 -20.65952831422185 2
      vertex 44.21437072753906 -18.356727600097656 2
      vertex 43.474822998046875 -19.096267700195312 2
    endloop
  endfacet
  facet normal 0 0 -1
    outer loop
      vertex 42.937178481843745 20.588377897591158 0
      vertex 43.4439045921493 24.45000457763672 0
      vertex 42.95214975473148 20.500751691720225 0
    endloop
  endfacet
  facet normal 0 0 1
    outer loop
      vertex 42.937178481843745 20.622321434146798 2
      vertex 42.99705525648688 20.687452775605575 2
      vertex 42.937178481843745 22.340467871080886 2
    endloop
  endfacet
  facet normal 0 0 1
    outer loop
      vertex 42.937178481843745 20.622321434146798 2
      vertex 43.122382356274635 20.503795697092578 2
      vertex 42.99705525648688 20.687452775605575 2
    endloop
  endfacet
  facet normal 0 0 1
    outer loop
      vertex 42.937178481843745 20.622321434146798 2
      vertex 43.474822998046875 19.096267700195312 2
      vertex 43.122382356274635 20.503795697092578 2
    endloop
  endfacet
  facet normal 0 0 1
    outer loop
      vertex 42.937178481843745 22.340467871080886 2
      vertex 42.99705525648688 20.687452775605575 2
      vertex 43.062821518156255 22.281880299415523 2
    endloop
  endfacet
  facet normal 0 0 1
    outer loop
      vertex 42.937178481843745 22.340467871080886 2
      vertex 43.062821518156255 22.281880299415523 2
      vertex 45.21809387207031 24.199478149414062 2
    endloop
  endfacet
  facet normal 0 0 1
    outer loop
      vertex 42.937178481843745 22.340467871080886 2
      vertex 43.44873046875 25.024559020996094 2
      vertex 42.937178481843745 22.403413102738625 2
    endloop
  endfacet
  facet normal 0 0 1
    outer loop
      vertex 42.937178481843745 22.340467871080886 2
      vertex 45.21809387207031 24.199478149414062 2
      vertex 43.44873046875 25.024559020996094 2
    endloop
  endfacet
  facet normal 0 0 -1
    outer loop
      vertex 42.95214911135187 -20.500751701827237 0
      vertex 43.101950129381606 -20.502832137732184 0
      vertex 42.99705531597716 -20.68744898864873 0
    endloop
  endfacet
  facet normal 0 0 -1
    outer loop
      vertex 42.95214911135187 -20.500751701827237 0
      vertex 44.61810302734375 -10.75 0
      vertex 43.101950129381606 -20.502832137732184 0
    endloop
  endfacet
  facet normal 0 0 -1
    outer loop
      vertex 42.95214975473148 20.500751691720225 0
      vertex 43 20.688825914751796 0
      vertex 43.10195070523287 20.502832164888638 0
    endloop
  endfacet
  facet normal 0 0 -1
    outer loop
      vertex 42.95214975473148 20.500751691720225 0
      vertex 43.10195070523287 20.502832164888638 0
      vertex 44.61810302734375 10.75 0
    endloop
  endfacet
  facet normal 0 0 -1
    outer loop
      vertex 42.95214975473148 20.500751691720225 0
      vertex 43.4439045921493 24.45000457763672 0
      vertex 43 20.688825914751796 0
    endloop
  endfacet
  facet normal 0 0 1
    outer loop
      vertex 42.99705525648688 20.687452775605575 2
      vertex 43.062821518156255 20.718119700584477 2
      vertex 43.062821518156255 22.281880299415523 2
    endloop
  endfacet
  facet normal 0 0 1
    outer loop
      vertex 42.99705525648688 20.687452775605575 2
      vertex 43.122382356274635 20.503795697092578 2
      vertex 43.062821518156255 20.718119700584477 2
    endloop
  endfacet
  facet normal 0 0 -1
    outer loop
      vertex 42.99705531597716 -20.68744898864873 0
      vertex 43.062821518156255 -20.71811588588721 0
      vertex 43.29757372202781 -24.47755351165343 0
    endloop
  endfacet
  facet normal 0 0 -1
    outer loop
      vertex 42.99705531597716 -20.68744898864873 0
      vertex 43.101950129381606 -20.502832137732184 0
      vertex 43.062821518156255 -20.71811588588721 0
    endloop
  endfacet
  facet normal 0 0 -1
    outer loop
      vertex 43 20.688825914751796 0
      vertex 43.06625768387122 20.71972199077889 0
      vertex 43.10195070523287 20.502832164888638 0
    endloop
  endfacet
  facet normal 0 0 -1
    outer loop
      vertex 43 20.688825914751796 0
      vertex 43.4439045921493 24.45000457763672 0
      vertex 43.06625768387122 20.71972199077889 0
    endloop
  endfacet
  facet normal 0.2714784322082032 -0.2714815914689148 0.92336190431449
    outer loop
      vertex 43.03709411621094 -18.574600219726562 2.1634902954101562
      vertex 43.1768798828125 -18.741180419921875 2.0734148025512695
      vertex 43.69270324707031 -17.91899871826172 2.1634902954101562
    endloop
  endfacet
  facet normal 0.3704693162453851 -0.3704736274871517 0.8517639209647166
    outer loop
      vertex 43.03709411621094 -18.574600219726562 2.1634902954101562
      vertex 43.69270324707031 -17.91899871826172 2.1634902954101562
      vertex 43.53895568847656 -17.789989471435547 2.2864742279052734
    endloop
  endfacet
  facet normal 0.27147866778419594 0.271481827047649 0.9233617657890046
    outer loop
      vertex 43.03709411621094 18.574600219726562 2.1634902954101562
      vertex 43.69270324707031 17.91899871826172 2.1634902954101562
      vertex 43.859283447265625 18.05878448486328 2.0734148025512695
    endloop
  endfacet
  facet normal 0.2714784988574029 0.27148153406976 0.9233619015950684
    outer loop
      vertex 43.03709411621094 18.574600219726562 2.1634902954101562
      vertex 43.859283447265625 18.05878448486328 2.0734148025512695
      vertex 43.1768798828125 18.741180419921875 2.0734148025512695
    endloop
  endfacet
  facet normal 0.7607762147344214 -0.06655362015993063 0.6455928800242251
    outer loop
      vertex 43.04209899902344 -15.103740692138672 13
      vertex 44.04974365234375 -15.281417846679688 11.794260025024414
      vertex 44.11810302734375 -14.5 11.794260025024414
    endloop
  endfacet
  facet normal 0.7607749117768253 -0.06654683464423013 0.645595114920952
    outer loop
      vertex 43.04209899902344 -15.103740692138672 13
      vertex 44.11810302734375 -14.5 11.794260025024414
      vertex 43.09490966796875 -14.5 13
    endloop
  endfacet
  facet normal 0.7607768802453689 0.06654742730666655 0.645592734162171
    outer loop
      vertex 43.04209899902344 15.103736877441406 13
      vertex 43.09490966796875 14.5 13
      vertex 44.04974365234375 15.281417846679688 11.794260025024414
    endloop
  endfacet
  facet normal 0.7376593801784103 0.19765498043044502 0.6455936396417207
    outer loop
      vertex 43.04209899902344 15.103736877441406 13
      vertex 44.04974365234375 15.281417846679688 11.794260025024414
      vertex 43.84672546386719 16.039093017578125 11.794260025024414
    endloop
  endfacet
  facet normal 0 0 1
    outer loop
      vertex 43.062821518156255 -22.48359995930518 2
      vertex 43.09117340976551 -22.305775904916526 2
      vertex 43.066257623502956 -20.719718147931793 2
    endloop
  endfacet
  facet normal 0 0 1
    outer loop
      vertex 43.062821518156255 -22.48359995930518 2
      vertex 43.18821662663703 -22.416629110686465 2
      vertex 43.09117340976551 -22.305775904916526 2
    endloop
  endfacet
  facet normal 0 0 1
    outer loop
      vertex 43.062821518156255 -22.48359995930518 2
      vertex 44.61810302734375 -24.049999237060547 2
      vertex 43.18821662663703 -22.416629110686465 2
    endloop
  endfacet
  facet normal 0 0 -1
    outer loop
      vertex 43.062821518156255 -20.71811588588721 0
      vertex 43.101950129381606 -20.502832137732184 0
      vertex 43.12158957525053 -20.758030121636175 0
    endloop
  endfacet
  facet normal 0 0 -1
    outer loop
      vertex 43.062821518156255 -20.71811588588721 0
      vertex 43.12158957525053 -20.758030121636175 0
      vertex 43.29757372202781 -24.47755351165343 0
    endloop
  endfacet
  facet normal 0 0 1
    outer loop
      vertex 43.062821518156255 20.718119700584477 2
      vertex 43.09801878056568 22.258470097893177 2
      vertex 43.062821518156255 22.281880299415523 2
    endloop
  endfacet
  facet normal 0 0 1
    outer loop
      vertex 43.062821518156255 20.718119700584477 2
      vertex 43.122382356274635 20.503795697092578 2
      vertex 43.12398842415484 20.605327217846465 2
    endloop
  endfacet
  facet normal 0 0 1
    outer loop
      vertex 43.062821518156255 20.718119700584477 2
      vertex 43.12398842415484 20.605327217846465 2
      vertex 43.09801878056568 22.258470097893177 2
    endloop
  endfacet
  facet normal 0 0 1
    outer loop
      vertex 43.062821518156255 22.281880299415523 2
      vertex 43.09728031290443 22.305478542662417 2
      vertex 45.21809387207031 24.199478149414062 2
    endloop
  endfacet
  facet normal 0 0 1
    outer loop
      vertex 43.062821518156255 22.281880299415523 2
      vertex 43.09801878056568 22.258470097893177 2
      vertex 43.09728031290443 22.305478542662417 2
    endloop
  endfacet
  facet normal 0.8166486816104046 -0.5718160124742108 0.07817530749591767
    outer loop
      vertex 43.0653076171875 -17.392539978027344 3.5
      vertex 43.07945251464844 -17.4044189453125 3.265347957611084
      vertex 43.51521301269531 -16.75 3.5
    endloop
  endfacet
  facet normal 0.819155602718423 -0.5735713543535949 0
    outer loop
      vertex 43.0653076171875 -17.392539978027344 3.5
      vertex 43.51521301269531 -16.75 3.5
      vertex 43.0653076171875 -17.392539978027344 11.794260025024414
    endloop
  endfacet
  facet normal 0.819155602718423 -0.5735713543535949 0
    outer loop
      vertex 43.0653076171875 -17.392539978027344 11.794260025024414
      vertex 43.51521301269531 -16.75 3.5
      vertex 43.51521301269531 -16.75 11.794260025024414
    endloop
  endfacet
  facet normal 0.819155602718423 0.5735713543535949 0
    outer loop
      vertex 43.0653076171875 17.392539978027344 3.5
      vertex 43.0653076171875 17.392539978027344 11.794260025024414
      vertex 43.51521301269531 16.75 11.794260025024414
    endloop
  endfacet
  facet normal 0.8166503236106312 0.5718171621999658 0.07814974062803665
    outer loop
      vertex 43.0653076171875 17.392539978027344 3.5
      vertex 43.51521301269531 16.75 3.5
      vertex 43.53120422363281 16.759231567382812 3.265347957611084
    endloop
  endfacet
  facet normal 0.819155602718423 0.5735713543535949 0
    outer loop
      vertex 43.0653076171875 17.392539978027344 3.5
      vertex 43.51521301269531 16.75 11.794260025024414
      vertex 43.51521301269531 16.75 3.5
    endloop
  endfacet
  facet normal 0.8166530807112165 0.5718097369518784 0.0781752549845717
    outer loop
      vertex 43.0653076171875 17.392539978027344 3.5
      vertex 43.53120422363281 16.759231567382812 3.265347957611084
      vertex 43.07945251464844 17.4044189453125 3.265347957611084
    endloop
  endfacet
  facet normal 0 0 1
    outer loop
      vertex 43.066257623502956 -20.719718147931793 2
      vertex 43.09117340976551 -22.305775904916526 2
      vertex 43.12558103905862 -20.760824904594656 2
    endloop
  endfacet
  facet normal 0 0 1
    outer loop
      vertex 43.066257623502956 -20.719718147931793 2
      vertex 43.12558103905862 -20.760824904594656 2
      vertex 43.12558103905862 -20.60203928466072 2
    endloop
  endfacet
  facet normal 0 0 -1
    outer loop
      vertex 43.06625768387122 20.71972199077889 0
      vertex 43.12558103905863 20.760828719291926 0
      vertex 43.10195070523287 20.502832164888638 0
    endloop
  endfacet
  facet normal 0 0 -1
    outer loop
      vertex 43.06625768387122 20.71972199077889 0
      vertex 43.4439045921493 24.45000457763672 0
      vertex 43.12558103905863 20.760828719291926 0
    endloop
  endfacet
  facet normal 0.7967036259970486 -0.5578380931283338 0.2325510571425109
    outer loop
      vertex 43.07945251464844 -17.4044189453125 3.265347957611084
      vertex 43.12153625488281 -17.439727783203125 3.0364739894866943
      vertex 43.53120422363281 -16.759227752685547 3.265347957611084
    endloop
  endfacet
  facet normal 0.8166568964729957 -0.5718090278533345 0.07814057274245757
    outer loop
      vertex 43.07945251464844 -17.4044189453125 3.265347957611084
      vertex 43.53120422363281 -16.759227752685547 3.265347957611084
      vertex 43.51521301269531 -16.75 3.5
    endloop
  endfacet
  facet normal 0.7966843083633757 0.5578278654165054 0.2326417532869689
    outer loop
      vertex 43.07945251464844 17.4044189453125 3.265347957611084
      vertex 43.53120422363281 16.759231567382812 3.265347957611084
      vertex 43.57879638671875 16.786712646484375 3.0364739894866943
    endloop
  endfacet
  facet normal 0.7966861789255996 0.5578627610959772 0.2325516546733224
    outer loop
      vertex 43.07945251464844 17.4044189453125 3.265347957611084
      vertex 43.57879638671875 16.786712646484375 3.0364739894866943
      vertex 43.12153625488281 17.439727783203125 3.0364739894866943
    endloop
  endfacet
  facet normal 0 0 1
    outer loop
      vertex 43.09117340976551 -22.305775904916526 2
      vertex 43.18821662663703 -22.416629110686465 2
      vertex 43.19291519476003 -20.80797160563612 2
    endloop
  endfacet
  facet normal 0 0 1
    outer loop
      vertex 43.09117340976551 -22.305775904916526 2
      vertex 43.19291519476003 -20.80797160563612 2
      vertex 43.12558103905862 -20.760824904594656 2
    endloop
  endfacet
  facet normal 0.7624650661633305 0 0.6470293833208411
    outer loop
      vertex 43.09490966796875 -14.5 13
      vertex 44.11810302734375 -14.5 11.794260025024414
      vertex 43.09490966796875 14.5 13
    endloop
  endfacet
  facet normal 0.7624650661633305 0 0.6470293833208411
    outer loop
      vertex 43.09490966796875 14.5 13
      vertex 44.11810302734375 -14.5 11.794260025024414
      vertex 44.11810302734375 14.5 11.794260025024414
    endloop
  endfacet
  facet normal 0.7607745739994168 0.06655347662645501 0.6455948282823661
    outer loop
      vertex 43.09490966796875 14.5 13
      vertex 44.11810302734375 14.5 11.794260025024414
      vertex 44.04974365234375 15.281417846679688 11.794260025024414
    endloop
  endfacet
  facet normal 0 0 1
    outer loop
      vertex 43.09728031290443 22.305478542662417 2
      vertex 43.09801878056568 22.258470097893177 2
      vertex 43.18821662663703 22.19531446998024 2
    endloop
  endfacet
  facet normal 0 0 1
    outer loop
      vertex 43.09728031290443 22.305478542662417 2
      vertex 43.18821662663703 22.19531446998024 2
      vertex 45.21809387207031 24.199478149414062 2
    endloop
  endfacet
  facet normal 0 0 1
    outer loop
      vertex 43.09801878056568 22.258470097893177 2
      vertex 43.12398842415484 20.605327217846465 2
      vertex 43.18821662663703 22.19531446998024 2
    endloop
  endfacet
  facet normal 0 0 -1
    outer loop
      vertex 43.101950129381606 -20.502832137732184 0
      vertex 43.23845168365128 -20.5144220727206 0
      vertex 43.12158957525053 -20.758030121636175 0
    endloop
  endfacet
  facet normal 0 0 -1
    outer loop
      vertex 43.101950129381606 -20.502832137732184 0
      vertex 44.61810302734375 -10.75 0
      vertex 43.23845168365128 -20.5144220727206 0
    endloop
  endfacet
  facet normal 0 0 -1
    outer loop
      vertex 43.10195070523287 20.502832164888638 0
      vertex 43.12558103905863 20.760828719291926 0
      vertex 43.238452198743424 20.514422129587302 0
    endloop
  endfacet
  facet normal 0 0 -1
    outer loop
      vertex 43.10195070523287 20.502832164888638 0
      vertex 43.238452198743424 20.514422129587302 0
      vertex 44.61810302734375 10.75 0
    endloop
  endfacet
  facet normal 0.7572135703395464 -0.530219798752582 0.3814375098288162
    outer loop
      vertex 43.12153625488281 -17.439727783203125 3.0364739894866943
      vertex 43.19053649902344 -17.49762725830078 2.819014072418213
      vertex 43.57879638671875 -16.78670883178711 3.0364739894866943
    endloop
  endfacet
  facet normal 0.7966701557460371 -0.5578482824369306 0.23264126187276365
    outer loop
      vertex 43.12153625488281 -17.439727783203125 3.0364739894866943
      vertex 43.57879638671875 -16.78670883178711 3.0364739894866943
      vertex 43.53120422363281 -16.759227752685547 3.265347957611084
    endloop
  endfacet
  facet normal 0.7572165855908684 0.5302250074867173 0.3814242833667226
    outer loop
      vertex 43.12153625488281 17.439727783203125 3.0364739894866943
      vertex 43.57879638671875 16.786712646484375 3.0364739894866943
      vertex 43.65679931640625 16.831748962402344 2.819014072418213
    endloop
  endfacet
  facet normal 0.7572145211033201 0.5302184770813756 0.3814374596074387
    outer loop
      vertex 43.12153625488281 17.439727783203125 3.0364739894866943
      vertex 43.65679931640625 16.831748962402344 2.819014072418213
      vertex 43.19053649902344 17.49762725830078 2.819014072418213
    endloop
  endfacet
  facet normal 0 0 -1
    outer loop
      vertex 43.12158957525053 -20.758030121636175 0
      vertex 43.18821662663703 -20.804681715322495 0
      vertex 43.29757372202781 -24.47755351165343 0
    endloop
  endfacet
  facet normal 0 0 -1
    outer loop
      vertex 43.12158957525053 -20.758030121636175 0
      vertex 43.23845168365128 -20.5144220727206 0
      vertex 43.18821662663703 -20.804681715322495 0
    endloop
  endfacet
  facet normal 0 0 1
    outer loop
      vertex 43.122382356274635 20.503795697092578 2
      vertex 43.474822998046875 19.096267700195312 2
      vertex 43.12398842415484 20.605327217846465 2
    endloop
  endfacet
  facet normal 0 0 1
    outer loop
      vertex 43.12398842415484 20.605327217846465 2
      vertex 43.12558103905863 20.60204290806559 2
      vertex 43.18821662663703 22.19531446998024 2
    endloop
  endfacet
  facet normal 0 0 1
    outer loop
      vertex 43.12398842415484 20.605327217846465 2
      vertex 43.474822998046875 19.096267700195312 2
      vertex 43.12558103905863 20.60204290806559 2
    endloop
  endfacet
  facet normal 0 0 1
    outer loop
      vertex 43.12558103905862 -20.760824904594656 2
      vertex 43.19291519476003 -20.80797160563612 2
      vertex 43.25066646712861 -20.680226518534113 2
    endloop
  endfacet
  facet normal 0 0 1
    outer loop
      vertex 43.12558103905862 -20.760824904594656 2
      vertex 43.25066646712861 -20.680226518534113 2
      vertex 43.12558103905862 -20.60203928466072 2
    endloop
  endfacet
  facet normal 0 0 1
    outer loop
      vertex 43.12558103905862 -20.60203928466072 2
      vertex 43.25066646712861 -20.680226518534113 2
      vertex 44.21437072753906 -18.356727600097656 2
    endloop
  endfacet
  facet normal 0 0 1
    outer loop
      vertex 43.12558103905863 20.60204290806559 2
      vertex 43.183620238120994 20.801467184842956 2
      vertex 43.18821662663703 22.19531446998024 2
    endloop
  endfacet
  facet normal 0 0 1
    outer loop
      vertex 43.12558103905863 20.60204290806559 2
      vertex 43.24798122628847 20.686704278491394 2
      vertex 43.183620238120994 20.801467184842956 2
    endloop
  endfacet
  facet normal 0 0 1
    outer loop
      vertex 43.12558103905863 20.60204290806559 2
      vertex 43.474822998046875 19.096267700195312 2
      vertex 44.21437072753906 18.356727600097656 2
    endloop
  endfacet
  facet normal 0 0 1
    outer loop
      vertex 43.12558103905863 20.60204290806559 2
      vertex 44.21437072753906 18.356727600097656 2
      vertex 43.24798122628847 20.686704278491394 2
    endloop
  endfacet
  facet normal 0 0 -1
    outer loop
      vertex 43.12558103905863 20.760828719291926 0
      vertex 43.192915255352574 20.807975462759675 0
      vertex 43.238452198743424 20.514422129587302 0
    endloop
  endfacet
  facet normal 0 0 -1
    outer loop
      vertex 43.12558103905863 20.760828719291926 0
      vertex 43.4439045921493 24.45000457763672 0
      vertex 43.192915255352574 20.807975462759675 0
    endloop
  endfacet
  facet normal 0.1656702435429861 -0.16567116965971646 0.972165846935588
    outer loop
      vertex 43.1768798828125 -18.741180419921875 2.0734148025512695
      vertex 43.32398986816406 -18.916507720947266 2.0184669494628906
      vertex 43.859283447265625 -18.058780670166016 2.0734148025512695
    endloop
  endfacet
  facet normal 0.27148230948660174 -0.27148382710559854 0.9233601070307936
    outer loop
      vertex 43.1768798828125 -18.741180419921875 2.0734148025512695
      vertex 43.859283447265625 -18.058780670166016 2.0734148025512695
      vertex 43.69270324707031 -17.91899871826172 2.1634902954101562
    endloop
  endfacet
  facet normal 0.16567174780753854 0.16567360006817167 0.9721651764072023
    outer loop
      vertex 43.1768798828125 18.741180419921875 2.0734148025512695
      vertex 43.859283447265625 18.05878448486328 2.0734148025512695
      vertex 44.03460693359375 18.205894470214844 2.0184669494628906
    endloop
  endfacet
  facet normal 0.16566889249237804 0.16566889249237804 0.972166465231494
    outer loop
      vertex 43.1768798828125 18.741180419921875 2.0734148025512695
      vertex 44.03460693359375 18.205894470214844 2.0184669494628906
      vertex 43.32398986816406 18.91651153564453 2.0184669494628906
    endloop
  endfacet
  facet normal 0 0 1
    outer loop
      vertex 43.183620238120994 20.801467184842956 2
      vertex 43.18821662663703 20.80468553001976 2
      vertex 43.18821662663703 22.19531446998024 2
    endloop
  endfacet
  facet normal 0 0 1
    outer loop
      vertex 43.183620238120994 20.801467184842956 2
      vertex 43.24798122628847 20.686704278491394 2
      vertex 43.18821662663703 20.80468553001976 2
    endloop
  endfacet
  facet normal 0 0 1
    outer loop
      vertex 43.18821662663703 -22.416629110686465 2
      vertex 43.21499503513692 -22.213502289425332 2
      vertex 43.19291519476003 -20.80797160563612 2
    endloop
  endfacet
  facet normal 0 0 1
    outer loop
      vertex 43.18821662663703 -22.416629110686465 2
      vertex 43.27864531268102 -22.29681272673673 2
      vertex 43.21499503513692 -22.213502289425332 2
    endloop
  endfacet
  facet normal 0 0 1
    outer loop
      vertex 43.18821662663703 -22.416629110686465 2
      vertex 44.61810302734375 -24.049999237060547 2
      vertex 43.27864531268102 -22.29681272673673 2
    endloop
  endfacet
  facet normal 0 0 -1
    outer loop
      vertex 43.18821662663703 -20.804681715322495 0
      vertex 43.23845168365128 -20.5144220727206 0
      vertex 43.24527113347113 -20.859219955492613 0
    endloop
  endfacet
  facet normal 0 0 -1
    outer loop
      vertex 43.18821662663703 -20.804681715322495 0
      vertex 43.24527113347113 -20.859219955492613 0
      vertex 43.29757372202781 -24.47755351165343 0
    endloop
  endfacet
  facet normal 0 0 1
    outer loop
      vertex 43.18821662663703 20.80468553001976 2
      vertex 43.22481749687018 22.161231806438565 2
      vertex 43.18821662663703 22.19531446998024 2
    endloop
  endfacet
  facet normal 0 0 1
    outer loop
      vertex 43.18821662663703 20.80468553001976 2
      vertex 43.24767731580447 20.706050229508673 2
      vertex 43.22481749687018 22.161231806438565 2
    endloop
  endfacet
  facet normal 0 0 1
    outer loop
      vertex 43.18821662663703 20.80468553001976 2
      vertex 43.24798122628847 20.686704278491394 2
      vertex 43.24767731580447 20.706050229508673 2
    endloop
  endfacet
  facet normal 0 0 1
    outer loop
      vertex 43.18821662663703 22.19531446998024 2
      vertex 43.22394737424262 22.21662097732135 2
      vertex 45.21809387207031 24.199478149414062 2
    endloop
  endfacet
  facet normal 0 0 1
    outer loop
      vertex 43.18821662663703 22.19531446998024 2
      vertex 43.22481749687018 22.161231806438565 2
      vertex 43.22394737424262 22.21662097732135 2
    endloop
  endfacet
  facet normal 0.6991381514001245 -0.4895521091760491 0.521099393262071
    outer loop
      vertex 43.19053649902344 -17.49762725830078 2.819014072418213
      vertex 43.284759521484375 -17.576690673828125 2.6183218955993652
      vertex 43.65679931640625 -16.831748962402344 2.819014072418213
    endloop
  endfacet
  facet normal 0.7572162448621869 -0.5302196840957365 0.3814323598152444
    outer loop
      vertex 43.19053649902344 -17.49762725830078 2.819014072418213
      vertex 43.65679931640625 -16.831748962402344 2.819014072418213
      vertex 43.57879638671875 -16.78670883178711 3.0364739894866943
    endloop
  endfacet
  facet normal 0.6991634419638721 0.48956981819221435 0.5210488216438774
    outer loop
      vertex 43.19053649902344 17.49762725830078 2.819014072418213
      vertex 43.65679931640625 16.831748962402344 2.819014072418213
      vertex 43.7633056640625 16.89324188232422 2.6183218955993652
    endloop
  endfacet
  facet normal 0.6991480541349105 0.4895386582819809 0.5210987434707994
    outer loop
      vertex 43.19053649902344 17.49762725830078 2.819014072418213
      vertex 43.7633056640625 16.89324188232422 2.6183218955993652
      vertex 43.284759521484375 17.576690673828125 2.6183218955993652
    endloop
  endfacet
  facet normal 0 0 1
    outer loop
      vertex 43.19291519476003 -20.80797160563612 2
      vertex 43.21499503513692 -22.213502289425332 2
      vertex 43.25066646712861 -20.864615289150095 2
    endloop
  endfacet
  facet normal 0 0 1
    outer loop
      vertex 43.19291519476003 -20.80797160563612 2
      vertex 43.25066646712861 -20.864615289150095 2
      vertex 43.25066646712861 -20.680226518534113 2
    endloop
  endfacet
  facet normal 0 0 -1
    outer loop
      vertex 43.192915255352574 20.807975462759675 0
      vertex 43.25066646712861 20.86461910384736 0
      vertex 43.238452198743424 20.514422129587302 0
    endloop
  endfacet
  facet normal 0 0 -1
    outer loop
      vertex 43.192915255352574 20.807975462759675 0
      vertex 43.4439045921493 24.45000457763672 0
      vertex 43.25066646712861 20.86461910384736 0
    endloop
  endfacet
  facet normal 0 0 1
    outer loop
      vertex 43.21499503513692 -22.213502289425332 2
      vertex 43.25623401956279 -20.870182841584274 2
      vertex 43.25066646712861 -20.864615289150095 2
    endloop
  endfacet
  facet normal 0 0 1
    outer loop
      vertex 43.21499503513692 -22.213502289425332 2
      vertex 43.27864531268102 -22.29681272673673 2
      vertex 43.25623401956279 -20.870182841584274 2
    endloop
  endfacet
  facet normal 0 0 1
    outer loop
      vertex 43.22394737424262 22.21662097732135 2
      vertex 43.22481749687018 22.161231806438565 2
      vertex 45.21809387207031 24.199478149414062 2
    endloop
  endfacet
  facet normal 0 0 1
    outer loop
      vertex 43.22481749687018 22.161231806438565 2
      vertex 43.24767731580447 20.706050229508673 2
      vertex 43.288153929241105 22.097899730080872 2
    endloop
  endfacet
  facet normal 0 0 1
    outer loop
      vertex 43.22481749687018 22.161231806438565 2
      vertex 43.288153929241105 22.097899730080872 2
      vertex 45.21809387207031 24.199478149414062 2
    endloop
  endfacet
  facet normal 0 0 -1
    outer loop
      vertex 43.23845168365128 -20.5144220727206 0
      vertex 43.357668369791604 -20.53244207268613 0
      vertex 43.24527113347113 -20.859219955492613 0
    endloop
  endfacet
  facet normal 0 0 -1
    outer loop
      vertex 43.23845168365128 -20.5144220727206 0
      vertex 44.61810302734375 -10.75 0
      vertex 43.357668369791604 -20.53244207268613 0
    endloop
  endfacet
  facet normal 0 0 -1
    outer loop
      vertex 43.238452198743424 20.514422129587302 0
      vertex 43.25066646712861 20.86461910384736 0
      vertex 43.357668832106356 20.532442153372973 0
    endloop
  endfacet
  facet normal 0 0 -1
    outer loop
      vertex 43.238452198743424 20.514422129587302 0
      vertex 43.357668832106356 20.532442153372973 0
      vertex 44.61810302734375 10.75 0
    endloop
  endfacet
  facet normal 0 0 -1
    outer loop
      vertex 43.24527113347113 -20.859219955492613 0
      vertex 43.30664847377446 -20.920597295795943 0
      vertex 43.29757372202781 -24.47755351165343 0
    endloop
  endfacet
  facet normal 0 0 -1
    outer loop
      vertex 43.24527113347113 -20.859219955492613 0
      vertex 43.31286893008046 -20.880137941914402 0
      vertex 43.30664847377446 -20.920597295795943 0
    endloop
  endfacet
  facet normal 0 0 -1
    outer loop
      vertex 43.24527113347113 -20.859219955492613 0
      vertex 43.357668369791604 -20.53244207268613 0
      vertex 43.31286893008046 -20.880137941914402 0
    endloop
  endfacet
  facet normal 0 0 1
    outer loop
      vertex 43.24767731580447 20.706050229508673 2
      vertex 43.24798122628847 20.686704278491394 2
      vertex 44.21437072753906 18.356727600097656 2
    endloop
  endfacet
  facet normal 0 0 1
    outer loop
      vertex 43.24767731580447 20.706050229508673 2
      vertex 43.31208967266514 20.574228306396176 2
      vertex 43.288153929241105 22.097899730080872 2
    endloop
  endfacet
  facet normal 0 0 1
    outer loop
      vertex 43.24767731580447 20.706050229508673 2
      vertex 44.21437072753906 18.356727600097656 2
      vertex 43.31208967266514 20.574228306396176 2
    endloop
  endfacet
  facet normal 0 0 1
    outer loop
      vertex 43.25066646712861 -20.864615289150095 2
      vertex 43.25623401956279 -20.870182841584274 2
      vertex 44.81425476074219 -17.5 2
    endloop
  endfacet
  facet normal 0 0 1
    outer loop
      vertex 43.25066646712861 -20.864615289150095 2
      vertex 44.21437072753906 -18.356727600097656 2
      vertex 43.25066646712861 -20.680226518534113 2
    endloop
  endfacet
  facet normal 0 0 1
    outer loop
      vertex 43.25066646712861 -20.864615289150095 2
      vertex 44.81425476074219 -17.5 2
      vertex 44.21437072753906 -18.356727600097656 2
    endloop
  endfacet
  facet normal 0 0 -1
    outer loop
      vertex 43.25066646712861 20.86461910384736 0
      vertex 43.25623408044526 20.87018671716401 0
      vertex 43.357668832106356 20.532442153372973 0
    endloop
  endfacet
  facet normal 0 0 -1
    outer loop
      vertex 43.25066646712861 20.86461910384736 0
      vertex 43.4439045921493 24.45000457763672 0
      vertex 43.25623408044526 20.87018671716401 0
    endloop
  endfacet
  facet normal 0 0 1
    outer loop
      vertex 43.25623401956279 -20.870182841584274 2
      vertex 43.27864531268102 -22.29681272673673 2
      vertex 43.31286893008046 -22.086525291785165 2
    endloop
  endfacet
  facet normal 0 0 1
    outer loop
      vertex 43.25623401956279 -20.870182841584274 2
      vertex 43.31286893008046 -22.086525291785165 2
      vertex 43.31286893008046 -20.929099131146813 2
    endloop
  endfacet
  facet normal 0 0 1
    outer loop
      vertex 43.25623401956279 -20.870182841584274 2
      vertex 43.31286893008046 -20.929099131146813 2
      vertex 43.31286893008046 -20.90939065511476 2
    endloop
  endfacet
  facet normal 0 0 1
    outer loop
      vertex 43.25623401956279 -20.870182841584274 2
      vertex 43.31286893008046 -20.90939065511476 2
      vertex 44.81425476074219 -17.5 2
    endloop
  endfacet
  facet normal 0 0 -1
    outer loop
      vertex 43.25623408044526 20.87018671716401 0
      vertex 43.31286893008046 20.88014174110317 0
      vertex 43.357668832106356 20.532442153372973 0
    endloop
  endfacet
  facet normal 0 0 -1
    outer loop
      vertex 43.25623408044526 20.87018671716401 0
      vertex 43.4439045921493 24.45000457763672 0
      vertex 43.31286893008046 20.88014174110317 0
    endloop
  endfacet
  facet normal 0 0 1
    outer loop
      vertex 43.27864531268102 -22.29681272673673 2
      vertex 43.40121705559001 -22.219428073681254 2
      vertex 43.31286893008046 -22.086525291785165 2
    endloop
  endfacet
  facet normal 0 0 1
    outer loop
      vertex 43.27864531268102 -22.29681272673673 2
      vertex 44.61810302734375 -24.049999237060547 2
      vertex 43.40121705559001 -22.219428073681254 2
    endloop
  endfacet
  facet normal 0.6239022043830144 -0.4368495935848383 0.6480034505701161
    outer loop
      vertex 43.284759521484375 -17.576690673828125 2.6183218955993652
      vertex 43.40185546875 -17.674949645996094 2.439340114593506
      vertex 43.7633056640625 -16.893238067626953 2.6183218955993652
    endloop
  endfacet
  facet normal 0.6991773254305808 -0.48955642136275623 0.5210427793437226
    outer loop
      vertex 43.284759521484375 -17.576690673828125 2.6183218955993652
      vertex 43.7633056640625 -16.893238067626953 2.6183218955993652
      vertex 43.65679931640625 -16.831748962402344 2.819014072418213
    endloop
  endfacet
  facet normal 0.6238929617559931 0.43684556025477395 0.6480150683101651
    outer loop
      vertex 43.284759521484375 17.576690673828125 2.6183218955993652
      vertex 43.7633056640625 16.89324188232422 2.6183218955993652
      vertex 43.89569091796875 16.96967315673828 2.439340114593506
    endloop
  endfacet
  facet normal 0.6238985039687767 0.4368544856763265 0.648003715336567
    outer loop
      vertex 43.284759521484375 17.576690673828125 2.6183218955993652
      vertex 43.89569091796875 16.96967315673828 2.439340114593506
      vertex 43.40185546875 17.674949645996094 2.439340114593506
    endloop
  endfacet
  facet normal 0 0 1
    outer loop
      vertex 43.288153929241105 22.097899730080872 2
      vertex 43.31208967266514 20.574228306396176 2
      vertex 43.31286893008046 20.909394456322502 2
    endloop
  endfacet
  facet normal 0 0 1
    outer loop
      vertex 43.288153929241105 22.097899730080872 2
      vertex 43.31286893008046 20.909394456322502 2
      vertex 43.31286893008046 22.070904683550452 2
    endloop
  endfacet
  facet normal 0 0 1
    outer loop
      vertex 43.288153929241105 22.097899730080872 2
      vertex 43.31286893008046 22.070904683550452 2
      vertex 43.31286893008046 22.08442891753068 2
    endloop
  endfacet
  facet normal 0 0 1
    outer loop
      vertex 43.288153929241105 22.097899730080872 2
      vertex 43.31286893008046 22.08442891753068 2
      vertex 45.21809387207031 24.199478149414062 2
    endloop
  endfacet
  facet normal 0 0 -1
    outer loop
      vertex 43.29757372202781 -24.47755351165343 0
      vertex 43.30664847377446 -20.920597295795943 0
      vertex 43.31286893008046 -24.31201189567241 0
    endloop
  endfacet
  facet normal 0 0 -1
    outer loop
      vertex 43.29757372202781 -24.47755351165343 0
      vertex 43.31286893008046 -24.31201189567241 0
      vertex 43.3564254788323 -24.467774846511265 0
    endloop
  endfacet
  facet normal 0 0 -1
    outer loop
      vertex 43.29757372202781 -24.47755351165343 0
      vertex 43.3564254788323 -24.467774846511265 0
      vertex 43.72233581542969 -25.776309967041016 0
    endloop
  endfacet
  facet normal 0 0 -1
    outer loop
      vertex 43.30664847377446 -20.920597295795943 0
      vertex 43.31286893008046 -20.880137941914402 0
      vertex 43.31286893008046 -24.31201189567241 0
    endloop
  endfacet
  facet normal 0 0 1
    outer loop
      vertex 43.31208967266514 20.574228306396176 2
      vertex 43.37476262917145 20.768844285771674 2
      vertex 43.31286893008046 20.909394456322502 2
    endloop
  endfacet
  facet normal 0 0 1
    outer loop
      vertex 43.31208967266514 20.574228306396176 2
      vertex 44.21437072753906 18.356727600097656 2
      vertex 44.81425476074219 17.5 2
    endloop
  endfacet
  facet normal 0 0 1
    outer loop
      vertex 43.31208967266514 20.574228306396176 2
      vertex 44.81425476074219 17.5 2
      vertex 43.37476262917145 20.768844285771674 2
    endloop
  endfacet
  facet normal 0 0 -1
    outer loop
      vertex 43.31286893008046 -24.31201189567241 0
      vertex 43.31286893008046 -20.880137941914402 0
      vertex 43.367355856981774 -21.00691647867316 0
    endloop
  endfacet
  facet normal 0 0 -1
    outer loop
      vertex 43.31286893008046 -24.31201189567241 0
      vertex 43.367355856981774 -21.00691647867316 0
      vertex 43.3564254788323 -24.467774846511265 0
    endloop
  endfacet
  facet normal 0 0 1
    outer loop
      vertex 43.31286893008046 -22.086525291785165 2
      vertex 43.38250938135323 -21.02855849703103 2
      vertex 43.31286893008046 -20.929099131146813 2
    endloop
  endfacet
  facet normal 0 0 1
    outer loop
      vertex 43.31286893008046 -22.086525291785165 2
      vertex 43.40121705559001 -22.219428073681254 2
      vertex 43.38250938135323 -21.02855849703103 2
    endloop
  endfacet
  facet normal 0 0 1
    outer loop
      vertex 43.31286893008046 -20.929099131146813 2
      vertex 43.38250938135323 -21.02855849703103 2
      vertex 44.81425476074219 -17.5 2
    endloop
  endfacet
  facet normal 0 0 1
    outer loop
      vertex 43.31286893008046 -20.929099131146813 2
      vertex 44.81425476074219 -17.5 2
      vertex 43.31286893008046 -20.90939065511476 2
    endloop
  endfacet
  facet normal 0 0 -1
    outer loop
      vertex 43.31286893008046 -20.880137941914402 0
      vertex 43.357668369791604 -20.53244207268613 0
      vertex 43.367355856981774 -21.00691647867316 0
    endloop
  endfacet
  facet normal 0 0 -1
    outer loop
      vertex 43.31286893008046 20.88014174110317 0
      vertex 43.4439045921493 24.45000457763672 0
      vertex 43.357668832106356 20.532442153372973 0
    endloop
  endfacet
  facet normal 0 0 1
    outer loop
      vertex 43.31286893008046 20.909394456322502 2
      vertex 43.37476262917145 20.768844285771674 2
      vertex 43.37476262917145 21.98250910380748 2
    endloop
  endfacet
  facet normal 0 0 1
    outer loop
      vertex 43.31286893008046 20.909394456322502 2
      vertex 43.37476262917145 21.98250910380748 2
      vertex 43.31286893008046 22.070904683550452 2
    endloop
  endfacet
  facet normal 0 0 1
    outer loop
      vertex 43.31286893008046 22.070904683550452 2
      vertex 43.37476262917145 21.98250910380748 2
      vertex 45.21809387207031 24.199478149414062 2
    endloop
  endfacet
  facet normal 0 0 1
    outer loop
      vertex 43.31286893008046 22.070904683550452 2
      vertex 45.21809387207031 24.199478149414062 2
      vertex 43.31286893008046 22.08442891753068 2
    endloop
  endfacet
  facet normal 0.055686564534317355 -0.055686564534317355 0.9968941834822443
    outer loop
      vertex 43.32398986816406 -18.916507720947266 2.0184669494628906
      vertex 43.474822998046875 -19.096267700195312 2
      vertex 44.03460693359375 -18.205890655517578 2.0184669494628906
    endloop
  endfacet
  facet normal 0.16567259734852088 -0.16567259734852088 0.9721652025122015
    outer loop
      vertex 43.32398986816406 -18.916507720947266 2.0184669494628906
      vertex 44.03460693359375 -18.205890655517578 2.0184669494628906
      vertex 43.859283447265625 -18.058780670166016 2.0734148025512695
    endloop
  endfacet
  facet normal 0.05568592596232519 0.05568592596232519 0.9968942548231667
    outer loop
      vertex 43.32398986816406 18.91651153564453 2.0184669494628906
      vertex 44.03460693359375 18.205894470214844 2.0184669494628906
      vertex 44.21437072753906 18.356727600097656 2
    endloop
  endfacet
  facet normal 0.05568689090172951 0.05568746539019992 0.9968941149290199
    outer loop
      vertex 43.32398986816406 18.91651153564453 2.0184669494628906
      vertex 44.21437072753906 18.356727600097656 2
      vertex 43.474822998046875 19.096267700195312 2
    endloop
  endfacet
  facet normal 0 0 -1
    outer loop
      vertex 43.3564254788323 -24.467774846511265 0
      vertex 43.367355856981774 -21.00691647867316 0
      vertex 43.37476262917145 -24.27912784572099 0
    endloop
  endfacet
  facet normal 0 0 -1
    outer loop
      vertex 43.3564254788323 -24.467774846511265 0
      vertex 43.37476262917145 -24.27912784572099 0
      vertex 43.41583953729365 -24.45606788272939 0
    endloop
  endfacet
  facet normal 0 0 -1
    outer loop
      vertex 43.3564254788323 -24.467774846511265 0
      vertex 43.41583953729365 -24.45606788272939 0
      vertex 43.72233581542969 -25.776309967041016 0
    endloop
  endfacet
  facet normal 0 0 -1
    outer loop
      vertex 43.357668369791604 -20.53244207268613 0
      vertex 43.4331224057916 -20.749581306825686 0
      vertex 43.367355856981774 -21.00691647867316 0
    endloop
  endfacet
  facet normal 0 0 -1
    outer loop
      vertex 43.357668369791604 -20.53244207268613 0
      vertex 43.45641793136952 -20.552999609315222 0
      vertex 43.4331224057916 -20.749581306825686 0
    endloop
  endfacet
  facet normal 0 0 -1
    outer loop
      vertex 43.357668369791604 -20.53244207268613 0
      vertex 44.61810302734375 -10.75 0
      vertex 43.45641793136952 -20.552999609315222 0
    endloop
  endfacet
  facet normal 0 0 -1
    outer loop
      vertex 43.357668832106356 20.532442153372973 0
      vertex 43.37476262917145 21.01749852558705 0
      vertex 43.45641834970812 20.552999709749436 0
    endloop
  endfacet
  facet normal 0 0 -1
    outer loop
      vertex 43.357668832106356 20.532442153372973 0
      vertex 43.4439045921493 24.45000457763672 0
      vertex 43.37476262917145 21.01749852558705 0
    endloop
  endfacet
  facet normal 0 0 -1
    outer loop
      vertex 43.357668832106356 20.532442153372973 0
      vertex 43.45641834970812 20.552999709749436 0
      vertex 44.61810302734375 10.75 0
    endloop
  endfacet
  facet normal 0 0 -1
    outer loop
      vertex 43.367355856981774 -21.00691647867316 0
      vertex 43.37476262917145 -21.017494710889785 0
      vertex 43.37476262917145 -24.27912784572099 0
    endloop
  endfacet
  facet normal 0 0 -1
    outer loop
      vertex 43.367355856981774 -21.00691647867316 0
      vertex 43.4331224057916 -20.749581306825686 0
      vertex 43.37476262917145 -21.017494710889785 0
    endloop
  endfacet
  facet normal 0 0 -1
    outer loop
      vertex 43.37476262917145 -24.27912784572099 0
      vertex 43.37476262917145 -21.017494710889785 0
      vertex 43.41583953729365 -24.45606788272939 0
    endloop
  endfacet
  facet normal 0 0 -1
    outer loop
      vertex 43.37476262917145 -21.017494710889785 0
      vertex 43.4331224057916 -20.749581306825686 0
      vertex 43.41583953729365 -24.45606788272939 0
    endloop
  endfacet
  facet normal 0 0 1
    outer loop
      vertex 43.37476262917145 20.768844285771674 2
      vertex 43.4296684078871 20.969451557409446 2
      vertex 43.37476262917145 21.98250910380748 2
    endloop
  endfacet
  facet normal 0 0 1
    outer loop
      vertex 43.37476262917145 20.768844285771674 2
      vertex 43.436286482793086 20.95286820004623 2
      vertex 43.4296684078871 20.969451557409446 2
    endloop
  endfacet
  facet normal 0 0 1
    outer loop
      vertex 43.37476262917145 20.768844285771674 2
      vertex 44.81425476074219 17.5 2
      vertex 43.436286482793086 20.95286820004623 2
    endloop
  endfacet
  facet normal 0 0 -1
    outer loop
      vertex 43.37476262917145 21.01749852558705 0
      vertex 43.38250944265462 21.028562399277956 0
      vertex 43.436286482793086 20.722884609950164 0
    endloop
  endfacet
  facet normal 0 0 -1
    outer loop
      vertex 43.37476262917145 21.01749852558705 0
      vertex 43.436286482793086 20.722884609950164 0
      vertex 43.45641834970812 20.552999709749436 0
    endloop
  endfacet
  facet normal 0 0 -1
    outer loop
      vertex 43.37476262917145 21.01749852558705 0
      vertex 43.4439045921493 24.45000457763672 0
      vertex 43.38250944265462 21.028562399277956 0
    endloop
  endfacet
  facet normal 0 0 1
    outer loop
      vertex 43.37476262917145 21.98250910380748 2
      vertex 43.41394586018459 21.970297706929074 2
      vertex 45.21809387207031 24.199478149414062 2
    endloop
  endfacet
  facet normal 0 0 1
    outer loop
      vertex 43.37476262917145 21.98250910380748 2
      vertex 43.41484835931691 21.912847553262942 2
      vertex 43.41394586018459 21.970297706929074 2
    endloop
  endfacet
  facet normal 0 0 1
    outer loop
      vertex 43.37476262917145 21.98250910380748 2
      vertex 43.4296684078871 20.969451557409446 2
      vertex 43.41484835931691 21.912847553262942 2
    endloop
  endfacet
  facet normal 0 0 1
    outer loop
      vertex 43.38250938135323 -21.02855849703103 2
      vertex 43.40121705559001 -22.219428073681254 2
      vertex 43.436286482793086 -22.01669474596072 2
    endloop
  endfacet
  facet normal 0 0 1
    outer loop
      vertex 43.38250938135323 -21.02855849703103 2
      vertex 43.436286482793086 -22.01669474596072 2
      vertex 43.436286482793086 -21.13313104499036 2
    endloop
  endfacet
  facet normal 0 0 1
    outer loop
      vertex 43.38250938135323 -21.02855849703103 2
      vertex 43.436286482793086 -21.13313104499036 2
      vertex 43.436286482793086 -20.952864489726352 2
    endloop
  endfacet
  facet normal 0 0 1
    outer loop
      vertex 43.38250938135323 -21.02855849703103 2
      vertex 43.436286482793086 -20.952864489726352 2
      vertex 44.81425476074219 -17.5 2
    endloop
  endfacet
  facet normal 0 0 -1
    outer loop
      vertex 43.38250944265462 21.028562399277956 0
      vertex 43.4439045921493 24.45000457763672 0
      vertex 43.436286482793086 20.722884609950164 0
    endloop
  endfacet
  facet normal 0 0 1
    outer loop
      vertex 43.40121705559001 -22.219428073681254 2
      vertex 43.4599968020522 -22.05748813208928 2
      vertex 43.436286482793086 -22.01669474596072 2
    endloop
  endfacet
  facet normal 0 0 1
    outer loop
      vertex 43.40121705559001 -22.219428073681254 2
      vertex 44.61810302734375 -24.049999237060547 2
      vertex 43.4599968020522 -22.05748813208928 2
    endloop
  endfacet
  facet normal 0.5331919593269302 -0.3733396342949784 0.7591599646804362
    outer loop
      vertex 43.40185546875 -17.674949645996094 2.439340114593506
      vertex 43.53895568847656 -17.789989471435547 2.2864742279052734
      vertex 43.89569091796875 -16.969669342041016 2.439340114593506
    endloop
  endfacet
  facet normal 0.6238917677831973 -0.43684740617216966 0.6480149734481483
    outer loop
      vertex 43.40185546875 -17.674949645996094 2.439340114593506
      vertex 43.89569091796875 -16.969669342041016 2.439340114593506
      vertex 43.7633056640625 -16.893238067626953 2.6183218955993652
    endloop
  endfacet
  facet normal 0.5331621179405613 0.3733207586384614 0.7591902048648538
    outer loop
      vertex 43.40185546875 17.674949645996094 2.439340114593506
      vertex 43.89569091796875 16.96967315673828 2.439340114593506
      vertex 44.05070495605469 17.059158325195312 2.2864742279052734
    endloop
  endfacet
  facet normal 0.5331806502226488 0.3733466812921162 0.7591644418677131
    outer loop
      vertex 43.40185546875 17.674949645996094 2.439340114593506
      vertex 44.05070495605469 17.059158325195312 2.2864742279052734
      vertex 43.53895568847656 17.789993286132812 2.2864742279052734
    endloop
  endfacet
  facet normal 0 0 1
    outer loop
      vertex 43.41394586018459 21.970297706929074 2
      vertex 43.41484835931691 21.912847553262942 2
      vertex 45.21809387207031 24.199478149414062 2
    endloop
  endfacet
  facet normal 0 0 1
    outer loop
      vertex 43.41484835931691 21.912847553262942 2
      vertex 43.4296684078871 20.969451557409446 2
      vertex 43.436286482793086 21.866872769706905 2
    endloop
  endfacet
  facet normal 0 0 1
    outer loop
      vertex 43.41484835931691 21.912847553262942 2
      vertex 43.436286482793086 21.866872769706905 2
      vertex 45.21809387207031 24.199478149414062 2
    endloop
  endfacet
  facet normal 0 0 -1
    outer loop
      vertex 43.41583953729365 -24.45606788272939 0
      vertex 43.4331224057916 -20.749581306825686 0
      vertex 43.436286482793086 -22.828483724899463 0
    endloop
  endfacet
  facet normal 0 0 -1
    outer loop
      vertex 43.41583953729365 -24.45606788272939 0
      vertex 43.436286482793086 -22.828483724899463 0
      vertex 44.494229617477025 -23.829209426098334 0
    endloop
  endfacet
  facet normal 0 0 -1
    outer loop
      vertex 43.41583953729365 -24.45606788272939 0
      vertex 44.494229617477025 -23.829209426098334 0
      vertex 45.61810302734375 -24.89229965209961 0
    endloop
  endfacet
  facet normal 0 0 -1
    outer loop
      vertex 43.41583953729365 -24.45606788272939 0
      vertex 45.61810302734375 -24.89229965209961 0
      vertex 43.72233581542969 -25.776309967041016 0
    endloop
  endfacet
  facet normal 0 0 1
    outer loop
      vertex 43.4296684078871 20.969451557409446 2
      vertex 43.436286482793086 20.95286820004623 2
      vertex 43.436286482793086 21.866872769706905 2
    endloop
  endfacet
  facet normal 0 0 -1
    outer loop
      vertex 43.4331224057916 -20.749581306825686 0
      vertex 43.45641793136952 -20.552999609315222 0
      vertex 43.491414558177475 -20.942559898325918 0
    endloop
  endfacet
  facet normal 0 0 -1
    outer loop
      vertex 43.4331224057916 -20.749581306825686 0
      vertex 43.491414558177475 -20.942559898325918 0
      vertex 43.436286482793086 -22.828483724899463 0
    endloop
  endfacet
  facet normal 0 0 -1
    outer loop
      vertex 43.436286482793086 -22.828483724899463 0
      vertex 43.491414558177475 -20.942559898325918 0
      vertex 43.55327532960671 -20.87903742783401 0
    endloop
  endfacet
  facet normal 0 0 -1
    outer loop
      vertex 43.436286482793086 -22.828483724899463 0
      vertex 43.55327532960671 -20.87903742783401 0
      vertex 43.60369928441523 -21.510387530887666 0
    endloop
  endfacet
  facet normal 0 0 -1
    outer loop
      vertex 43.436286482793086 -22.828483724899463 0
      vertex 43.60369928441523 -21.510387530887666 0
      vertex 44.494229617477025 -23.829209426098334 0
    endloop
  endfacet
  facet normal 0 0 1
    outer loop
      vertex 43.436286482793086 -22.01669474596072 2
      vertex 43.44579621419999 -21.15352498681993 2
      vertex 43.436286482793086 -21.13313104499036 2
    endloop
  endfacet
  facet normal 0 0 1
    outer loop
      vertex 43.436286482793086 -22.01669474596072 2
      vertex 43.4599968020522 -22.05748813208928 2
      vertex 43.44579621419999 -21.15352498681993 2
    endloop
  endfacet
  facet normal 0 0 1
    outer loop
      vertex 43.436286482793086 -21.13313104499036 2
      vertex 43.44579621419999 -21.15352498681993 2
      vertex 43.49737977432971 -21.10042968654344 2
    endloop
  endfacet
  facet normal 0 0 1
    outer loop
      vertex 43.436286482793086 -21.13313104499036 2
      vertex 43.49737977432971 -21.10042968654344 2
      vertex 43.436286482793086 -20.952864489726352 2
    endloop
  endfacet
  facet normal 0 0 1
    outer loop
      vertex 43.436286482793086 -20.952864489726352 2
      vertex 43.49737977432971 -21.10042968654344 2
      vertex 44.81425476074219 -17.5 2
    endloop
  endfacet
  facet normal 0 0 -1
    outer loop
      vertex 43.436286482793086 20.722884609950164 0
      vertex 43.4439045921493 24.45000457763672 0
      vertex 43.48047772223624 23.36123676702159 0
    endloop
  endfacet
  facet normal 0 0 -1
    outer loop
      vertex 43.436286482793086 20.722884609950164 0
      vertex 43.48047772223624 23.36123676702159 0
      vertex 43.45641834970812 20.552999709749436 0
    endloop
  endfacet
  facet normal 0 0 1
    outer loop
      vertex 43.436286482793086 20.95286820004623 2
      vertex 43.48855547703564 21.124559686535406 2
      vertex 43.436286482793086 21.866872769706905 2
    endloop
  endfacet
  facet normal 0 0 1
    outer loop
      vertex 43.436286482793086 20.95286820004623 2
      vertex 43.49737977432971 21.10043340644521 2
      vertex 43.48855547703564 21.124559686535406 2
    endloop
  endfacet
  facet normal 0 0 1
    outer loop
      vertex 43.436286482793086 20.95286820004623 2
      vertex 44.81425476074219 17.5 2
      vertex 43.49737977432971 21.10043340644521 2
    endloop
  endfacet
  facet normal 0 0 1
    outer loop
      vertex 43.436286482793086 21.866872769706905 2
      vertex 43.47752835576507 21.826510291028022 2
      vertex 45.21809387207031 24.199478149414062 2
    endloop
  endfacet
  facet normal 0 0 1
    outer loop
      vertex 43.436286482793086 21.866872769706905 2
      vertex 43.478693901875054 21.752315423990897 2
      vertex 43.47752835576507 21.826510291028022 2
    endloop
  endfacet
  facet normal 0 0 1
    outer loop
      vertex 43.436286482793086 21.866872769706905 2
      vertex 43.48855547703564 21.124559686535406 2
      vertex 43.478693901875054 21.752315423990897 2
    endloop
  endfacet
  facet normal 0 0 -1
    outer loop
      vertex 43.4439045921493 24.45000457763672 0
      vertex 44.229082652192126 24.07769142651665 0
      vertex 43.48047772223624 23.36123676702159 0
    endloop
  endfacet
  facet normal 0 0 -1
    outer loop
      vertex 43.4439045921493 24.45000457763672 0
      vertex 44.61810302734375 24.45000457763672 0
      vertex 44.229082652192126 24.07769142651665 0
    endloop
  endfacet
  facet normal 0 0 1
    outer loop
      vertex 43.44579621419999 -21.15352498681993 2
      vertex 43.4599968020522 -22.05748813208928 2
      vertex 43.49737977432971 -21.873006133179775 2
    endloop
  endfacet
  facet normal 0 0 1
    outer loop
      vertex 43.44579621419999 -21.15352498681993 2
      vertex 43.49737977432971 -21.873006133179775 2
      vertex 43.49737977432971 -21.317425464247354 2
    endloop
  endfacet
  facet normal 0 0 1
    outer loop
      vertex 43.44579621419999 -21.15352498681993 2
      vertex 43.49737977432971 -21.317425464247354 2
      vertex 43.49737977432971 -21.10042968654344 2
    endloop
  endfacet
  facet normal 0.29940697569656555 -0.6420806612211549 0.7057534182630933
    outer loop
      vertex 43.44873046875 -25.024560928344727 2
      vertex 43.72233581542969 -25.776309967041016 1.1999998092651367
      vertex 45.61810302734375 -24.89229965209961 1.1999998092651367
    endloop
  endfacet
  facet normal 0 0 1
    outer loop
      vertex 43.44873046875 -25.024560928344727 2
      vertex 45.21809387207031 -24.199480056762695 2
      vertex 44.61810302734375 -24.049999237060547 2
    endloop
  endfacet
  facet normal 0.2994086393965335 -0.6420736529382558 0.7057590883986125
    outer loop
      vertex 43.44873046875 -25.024560928344727 2
      vertex 45.61810302734375 -24.89229965209961 1.1999998092651367
      vertex 45.21809387207031 -24.199480056762695 2
    endloop
  endfacet
  facet normal 0.2994101384904122 0.6420768677041515 0.7057555277349075
    outer loop
      vertex 43.44873046875 25.024559020996094 2
      vertex 45.21809387207031 24.199478149414062 2
      vertex 43.72233581542969 25.77631378173828 1.1999998092651367
    endloop
  endfacet
  facet normal 0 0 -1
    outer loop
      vertex 43.45641793136952 -20.552999609315222 0
      vertex 43.53233261469951 -20.572395692835713 0
      vertex 43.491414558177475 -20.942559898325918 0
    endloop
  endfacet
  facet normal 0 0 -1
    outer loop
      vertex 43.45641793136952 -20.552999609315222 0
      vertex 44.61810302734375 -10.75 0
      vertex 43.53233261469951 -20.572395692835713 0
    endloop
  endfacet
  facet normal 0 0 -1
    outer loop
      vertex 43.45641834970812 20.552999709749436 0
      vertex 43.48047772223624 23.36123676702159 0
      vertex 43.49737977432971 20.88859941893765 0
    endloop
  endfacet
  facet normal 0 0 -1
    outer loop
      vertex 43.45641834970812 20.552999709749436 0
      vertex 43.49737977432971 20.88859941893765 0
      vertex 43.532332999706085 20.57239579816159 0
    endloop
  endfacet
  facet normal 0 0 -1
    outer loop
      vertex 43.45641834970812 20.552999709749436 0
      vertex 43.532332999706085 20.57239579816159 0
      vertex 44.61810302734375 10.75 0
    endloop
  endfacet
  facet normal 0 0 1
    outer loop
      vertex 43.4599968020522 -22.05748813208928 2
      vertex 44.61810302734375 -24.049999237060547 2
      vertex 43.49737977432971 -21.873006133179775 2
    endloop
  endfacet
  facet normal 0.05568502514685995 -0.05568559961608247 0.9968943233712343
    outer loop
      vertex 43.474822998046875 -19.096267700195312 2
      vertex 44.21437072753906 -18.356727600097656 2
      vertex 44.03460693359375 -18.205890655517578 2.0184669494628906
    endloop
  endfacet
  facet normal 0 0 1
    outer loop
      vertex 43.47752835576507 21.826510291028022 2
      vertex 43.478693901875054 21.752315423990897 2
      vertex 45.21809387207031 24.199478149414062 2
    endloop
  endfacet
  facet normal 0 0 1
    outer loop
      vertex 43.478693901875054 21.752315423990897 2
      vertex 43.48855547703564 21.124559686535406 2
      vertex 43.49737977432971 21.68257519765367 2
    endloop
  endfacet
  facet normal 0 0 1
    outer loop
      vertex 43.478693901875054 21.752315423990897 2
      vertex 43.49737977432971 21.68257519765367 2
      vertex 43.54023066271565 21.7094184116742 2
    endloop
  endfacet
  facet normal 0 0 1
    outer loop
      vertex 43.478693901875054 21.752315423990897 2
      vertex 43.54023066271565 21.7094184116742 2
      vertex 45.21809387207031 24.199478149414062 2
    endloop
  endfacet
  facet normal 0 0 -1
    outer loop
      vertex 43.48047772223624 23.36123676702159 0
      vertex 43.532332999706085 20.57239579816159 0
      vertex 43.49737977432971 20.88859941893765 0
    endloop
  endfacet
  facet normal 0 0 -1
    outer loop
      vertex 43.48047772223624 23.36123676702159 0
      vertex 43.55798221207846 20.83426380969275 0
      vertex 43.532332999706085 20.57239579816159 0
    endloop
  endfacet
  facet normal 0 0 -1
    outer loop
      vertex 43.48047772223624 23.36123676702159 0
      vertex 43.583934438055856 20.587396575848853 0
      vertex 43.55798221207846 20.83426380969275 0
    endloop
  endfacet
  facet normal 0 0 -1
    outer loop
      vertex 43.48047772223624 23.36123676702159 0
      vertex 43.61803398874989 21.660599014539873 0
      vertex 43.583934438055856 20.587396575848853 0
    endloop
  endfacet
  facet normal 0 0 -1
    outer loop
      vertex 43.48047772223624 23.36123676702159 0
      vertex 44.229082652192126 24.07769142651665 0
      vertex 43.61803398874989 21.660599014539873 0
    endloop
  endfacet
  facet normal 0 0 1
    outer loop
      vertex 43.48855547703564 21.124559686535406 2
      vertex 43.49737977432971 21.10043340644521 2
      vertex 43.49737977432971 21.68257519765367 2
    endloop
  endfacet
  facet normal 0 0 -1
    outer loop
      vertex 43.491414558177475 -20.942559898325918 0
      vertex 43.53233261469951 -20.572395692835713 0
      vertex 43.55327532960671 -20.87903742783401 0
    endloop
  endfacet
  facet normal 0 0 1
    outer loop
      vertex 43.49737977432971 -21.873006133179775 2
      vertex 43.5149110724037 -21.678818981487808 2
      vertex 43.49737977432971 -21.317425464247354 2
    endloop
  endfacet
  facet normal 0 0 1
    outer loop
      vertex 43.49737977432971 -21.873006133179775 2
      vertex 44.61810302734375 -24.049999237060547 2
      vertex 43.5149110724037 -21.678818981487808 2
    endloop
  endfacet
  facet normal 0 0 1
    outer loop
      vertex 43.49737977432971 -21.317425464247354 2
      vertex 43.509416793861085 -21.329071114424146 2
      vertex 43.49737977432971 -21.10042968654344 2
    endloop
  endfacet
  facet normal 0 0 1
    outer loop
      vertex 43.49737977432971 -21.317425464247354 2
      vertex 43.510789828568655 -21.416474029411248 2
      vertex 43.509416793861085 -21.329071114424146 2
    endloop
  endfacet
  facet normal 0 0 1
    outer loop
      vertex 43.49737977432971 -21.317425464247354 2
      vertex 43.5149110724037 -21.678818981487808 2
      vertex 43.510789828568655 -21.416474029411248 2
    endloop
  endfacet
  facet normal 0 0 1
    outer loop
      vertex 43.49737977432971 -21.10042968654344 2
      vertex 43.509416793861085 -21.329071114424146 2
      vertex 44.81425476074219 -17.5 2
    endloop
  endfacet
  facet normal 0 0 1
    outer loop
      vertex 43.49737977432971 21.10043340644521 2
      vertex 43.547983527213454 21.21589632306653 2
      vertex 43.49737977432971 21.68257519765367 2
    endloop
  endfacet
  facet normal 0 0 1
    outer loop
      vertex 43.49737977432971 21.10043340644521 2
      vertex 44.81425476074219 17.5 2
      vertex 43.547983527213454 21.21589632306653 2
    endloop
  endfacet
  facet normal 0 0 1
    outer loop
      vertex 43.49737977432971 21.68257519765367 2
      vertex 43.547983527213454 21.21589632306653 2
      vertex 43.54023066271565 21.7094184116742 2
    endloop
  endfacet
  facet normal 0 0 1
    outer loop
      vertex 43.509416793861085 -21.329071114424146 2
      vertex 43.510789828568655 -21.416474029411248 2
      vertex 44.61810302734375 -24.049999237060547 2
    endloop
  endfacet
  facet normal 0 0 1
    outer loop
      vertex 43.509416793861085 -21.329071114424146 2
      vertex 44.61810302734375 -24.049999237060547 2
      vertex 44.81425476074219 -17.5 2
    endloop
  endfacet
  facet normal 0 0 1
    outer loop
      vertex 43.510789828568655 -21.416474029411248 2
      vertex 43.5149110724037 -21.678818981487808 2
      vertex 43.55798221207846 -21.592460809338448 2
    endloop
  endfacet
  facet normal 0 0 1
    outer loop
      vertex 43.510789828568655 -21.416474029411248 2
      vertex 43.55798221207846 -21.592460809338448 2
      vertex 44.61810302734375 -24.049999237060547 2
    endloop
  endfacet
  facet normal 0 0 1
    outer loop
      vertex 43.5149110724037 -21.678818981487808 2
      vertex 44.61810302734375 -24.049999237060547 2
      vertex 43.55798221207846 -21.592460809338448 2
    endloop
  endfacet
  facet normal 0.9035318739676433 -0.42133565485956864 0.07814357727015644
    outer loop
      vertex 43.51521301269531 -16.75 3.5
      vertex 43.53120422363281 -16.759227752685547 3.265347957611084
      vertex 43.84672546386719 -16.03908920288086 3.5
    endloop
  endfacet
  facet normal 0.9063032447603638 -0.4226280025469635 0
    outer loop
      vertex 43.51521301269531 -16.75 3.5
      vertex 43.84672546386719 -16.03908920288086 3.5
      vertex 43.51521301269531 -16.75 11.794260025024414
    endloop
  endfacet
  facet normal 0.9063032447603638 -0.4226280025469635 0
    outer loop
      vertex 43.51521301269531 -16.75 11.794260025024414
      vertex 43.84672546386719 -16.03908920288086 3.5
      vertex 43.84672546386719 -16.03908920288086 11.794260025024414
    endloop
  endfacet
  facet normal 0.906302376124188 0.42262986528598645 0
    outer loop
      vertex 43.51521301269531 16.75 3.5
      vertex 43.51521301269531 16.75 11.794260025024414
      vertex 43.84672546386719 16.039093017578125 11.794260025024414
    endloop
  endfacet
  facet normal 0.903530804385302 0.4213374169580397 0.07814644328423422
    outer loop
      vertex 43.51521301269531 16.75 3.5
      vertex 43.84672546386719 16.039093017578125 3.5
      vertex 43.86407470703125 16.04541015625 3.265347957611084
    endloop
  endfacet
  facet normal 0.906302376124188 0.42262986528598645 0
    outer loop
      vertex 43.51521301269531 16.75 3.5
      vertex 43.84672546386719 16.039093017578125 11.794260025024414
      vertex 43.84672546386719 16.039093017578125 3.5
    endloop
  endfacet
  facet normal 0.9035310250636864 0.42133621153383466 0.0781503908990854
    outer loop
      vertex 43.51521301269531 16.75 3.5
      vertex 43.86407470703125 16.04541015625 3.265347957611084
      vertex 43.53120422363281 16.759231567382812 3.265347957611084
    endloop
  endfacet
  facet normal 0.8814358430127914 -0.4110349431192113 0.23263948544328517
    outer loop
      vertex 43.53120422363281 -16.759227752685547 3.265347957611084
      vertex 43.57879638671875 -16.78670883178711 3.0364739894866943
      vertex 43.86407470703125 -16.04541015625 3.265347957611084
    endloop
  endfacet
  facet normal 0.9035299598208119 -0.4213379664389949 0.07815324525094591
    outer loop
      vertex 43.53120422363281 -16.759227752685547 3.265347957611084
      vertex 43.86407470703125 -16.04541015625 3.265347957611084
      vertex 43.84672546386719 -16.03908920288086 3.5
    endloop
  endfacet
  facet normal 0.8814435642186179 0.41103634709452874 0.2326077480755211
    outer loop
      vertex 43.53120422363281 16.759231567382812 3.265347957611084
      vertex 43.86407470703125 16.04541015625 3.265347957611084
      vertex 43.91571044921875 16.06420135498047 3.0364739894866943
    endloop
  endfacet
  facet normal 0.8814408002769496 0.411024442616552 0.23263925545548733
    outer loop
      vertex 43.53120422363281 16.759231567382812 3.265347957611084
      vertex 43.91571044921875 16.06420135498047 3.0364739894866943
      vertex 43.57879638671875 16.786712646484375 3.0364739894866943
    endloop
  endfacet
  facet normal 0 0 -1
    outer loop
      vertex 43.53233261469951 -20.572395692835713 0
      vertex 43.583934438055856 -20.587396575848853 0
      vertex 43.55327532960671 -20.87903742783401 0
    endloop
  endfacet
  facet normal 0 0 -1
    outer loop
      vertex 43.53233261469951 -20.572395692835713 0
      vertex 44.61810302734375 -10.75 0
      vertex 43.583934438055856 -20.587396575848853 0
    endloop
  endfacet
  facet normal 0 0 -1
    outer loop
      vertex 43.532332999706085 20.57239579816159 0
      vertex 43.55798221207846 20.83426380969275 0
      vertex 43.583934438055856 20.587396575848853 0
    endloop
  endfacet
  facet normal 0 0 -1
    outer loop
      vertex 43.532332999706085 20.57239579816159 0
      vertex 43.583934438055856 20.587396575848853 0
      vertex 44.61810302734375 10.75 0
    endloop
  endfacet
  facet normal 0.4291699069772038 -0.3005172763805027 0.8517643791225498
    outer loop
      vertex 43.53895568847656 -17.789989471435547 2.2864742279052734
      vertex 43.69270324707031 -17.91899871826172 2.1634902954101562
      vertex 44.05070495605469 -17.059158325195312 2.2864742279052734
    endloop
  endfacet
  facet normal 0.5331518532379503 -0.3733284655505839 0.7591936236551158
    outer loop
      vertex 43.53895568847656 -17.789989471435547 2.2864742279052734
      vertex 44.05070495605469 -17.059158325195312 2.2864742279052734
      vertex 43.89569091796875 -16.969669342041016 2.439340114593506
    endloop
  endfacet
  facet normal 0.42919404090691005 0.3005326069804566 0.8517468094401809
    outer loop
      vertex 43.53895568847656 17.789993286132812 2.2864742279052734
      vertex 44.05070495605469 17.059158325195312 2.2864742279052734
      vertex 44.22450256347656 17.159507751464844 2.1634902954101562
    endloop
  endfacet
  facet normal 0.4291786403529763 0.30051299822360933 0.8517614880724693
    outer loop
      vertex 43.53895568847656 17.789993286132812 2.2864742279052734
      vertex 44.22450256347656 17.159507751464844 2.1634902954101562
      vertex 43.69270324707031 17.91899871826172 2.1634902954101562
    endloop
  endfacet
  facet normal 0 0 1
    outer loop
      vertex 43.54023066271565 21.7094184116742 2
      vertex 43.547983527213454 21.21589632306653 2
      vertex 45.21809387207031 24.199478149414062 2
    endloop
  endfacet
  facet normal 0 0 1
    outer loop
      vertex 43.547983527213454 21.21589632306653 2
      vertex 44.81425476074219 17.5 2
      vertex 45.21809387207031 24.199478149414062 2
    endloop
  endfacet
  facet normal 0 0 -1
    outer loop
      vertex 43.55327532960671 -20.87903742783401 0
      vertex 43.583934438055856 -20.587396575848853 0
      vertex 43.60369928441523 -21.510387530887666 0
    endloop
  endfacet
  facet normal 0.8377882278027005 -0.39066882229086547 0.38142988431044406
    outer loop
      vertex 43.57879638671875 -16.78670883178711 3.0364739894866943
      vertex 43.65679931640625 -16.831748962402344 2.819014072418213
      vertex 43.91571044921875 -16.064197540283203 3.0364739894866943
    endloop
  endfacet
  facet normal 0.8814489935854264 -0.4110282632362111 0.23260145856864947
    outer loop
      vertex 43.57879638671875 -16.78670883178711 3.0364739894866943
      vertex 43.91571044921875 -16.064197540283203 3.0364739894866943
      vertex 43.86407470703125 -16.04541015625 3.265347957611084
    endloop
  endfacet
  facet normal 0.8377872964674495 0.39066838800015385 0.3814323747338749
    outer loop
      vertex 43.57879638671875 16.786712646484375 3.0364739894866943
      vertex 43.91571044921875 16.06420135498047 3.0364739894866943
      vertex 44.00035095214844 16.095008850097656 2.819014072418213
    endloop
  endfacet
  facet normal 0.8377892833383174 0.39067219755115085 0.3814241088133039
    outer loop
      vertex 43.57879638671875 16.786712646484375 3.0364739894866943
      vertex 44.00035095214844 16.095008850097656 2.819014072418213
      vertex 43.65679931640625 16.831748962402344 2.819014072418213
    endloop
  endfacet
  facet normal 0 0 -1
    outer loop
      vertex 43.583934438055856 -20.587396575848853 0
      vertex 44.61810302734375 -10.75 0
      vertex 43.60369928441523 -21.510387530887666 0
    endloop
  endfacet
  facet normal 0 0 -1
    outer loop
      vertex 43.583934438055856 20.587396575848853 0
      vertex 43.61803398874989 21.660599014539873 0
      vertex 44.61810302734375 10.75 0
    endloop
  endfacet
  facet normal 0 0 -1
    outer loop
      vertex 43.60369928441523 -21.510387530887666 0
      vertex 44.50022213926092 -23.746854197458216 0
      vertex 44.494229617477025 -23.829209426098334 0
    endloop
  endfacet
  facet normal 0 0 -1
    outer loop
      vertex 43.60369928441523 -21.510387530887666 0
      vertex 44.534733310478174 -23.782216340801547 0
      vertex 44.50022213926092 -23.746854197458216 0
    endloop
  endfacet
  facet normal 0 0 -1
    outer loop
      vertex 43.60369928441523 -21.510387530887666 0
      vertex 44.541026485551576 -23.690070949486287 0
      vertex 44.534733310478174 -23.782216340801547 0
    endloop
  endfacet
  facet normal 0 0 -1
    outer loop
      vertex 43.60369928441523 -21.510387530887666 0
      vertex 44.5768821034178 -23.730092852550836 0
      vertex 44.541026485551576 -23.690070949486287 0
    endloop
  endfacet
  facet normal 0 0 -1
    outer loop
      vertex 43.60369928441523 -21.510387530887666 0
      vertex 44.580310024751384 -23.62848126183021 0
      vertex 44.5768821034178 -23.730092852550836 0
    endloop
  endfacet
  facet normal 0 0 -1
    outer loop
      vertex 43.60369928441523 -21.510387530887666 0
      vertex 44.61810302734375 -10.75 0
      vertex 44.75261336008773 -23.43925926396889 0
    endloop
  endfacet
  facet normal 0 0 -1
    outer loop
      vertex 43.60369928441523 -21.510387530887666 0
      vertex 44.618469190208934 -23.674951275544043 0
      vertex 44.580310024751384 -23.62848126183021 0
    endloop
  endfacet
  facet normal 0 0 -1
    outer loop
      vertex 43.60369928441523 -21.510387530887666 0
      vertex 44.65416114854912 -23.615064077561428 0
      vertex 44.618469190208934 -23.674951275544043 0
    endloop
  endfacet
  facet normal 0 0 -1
    outer loop
      vertex 43.60369928441523 -21.510387530887666 0
      vertex 44.65735802353701 -23.619299978658475 0
      vertex 44.65416114854912 -23.615064077561428 0
    endloop
  endfacet
  facet normal 0 0 -1
    outer loop
      vertex 43.60369928441523 -21.510387530887666 0
      vertex 44.68865585100403 -23.561525870995617 0
      vertex 44.65735802353701 -23.619299978658475 0
    endloop
  endfacet
  facet normal 0 0 -1
    outer loop
      vertex 43.60369928441523 -21.510387530887666 0
      vertex 44.69196162819093 -23.56625905187828 0
      vertex 44.68865585100403 -23.561525870995617 0
    endloop
  endfacet
  facet normal 0 0 -1
    outer loop
      vertex 43.60369928441523 -21.510387530887666 0
      vertex 44.72148405400789 -23.44392279918418 0
      vertex 44.69196162819093 -23.56625905187828 0
    endloop
  endfacet
  facet normal 0 0 -1
    outer loop
      vertex 43.60369928441523 -21.510387530887666 0
      vertex 44.74349938766453 -23.479485842824506 0
      vertex 44.72148405400789 -23.44392279918418 0
    endloop
  endfacet
  facet normal 0 0 -1
    outer loop
      vertex 43.60369928441523 -21.510387530887666 0
      vertex 44.75261336008773 -23.43925926396889 0
      vertex 44.74349938766453 -23.479485842824506 0
    endloop
  endfacet
  facet normal 0 0 -1
    outer loop
      vertex 43.61803398874989 21.660599014539873 0
      vertex 44.229082652192126 24.07769142651665 0
      vertex 44.261948524044314 24.05136089809743 0
    endloop
  endfacet
  facet normal 0 0 -1
    outer loop
      vertex 43.61803398874989 21.660599014539873 0
      vertex 44.261948524044314 24.05136089809743 0
      vertex 44.274561650963996 24.022799744214282 0
    endloop
  endfacet
  facet normal 0 0 -1
    outer loop
      vertex 43.61803398874989 21.660599014539873 0
      vertex 44.274561650963996 24.022799744214282 0
      vertex 44.3066550883487 24.013860648221232 0
    endloop
  endfacet
  facet normal 0 0 -1
    outer loop
      vertex 43.61803398874989 21.660599014539873 0
      vertex 44.3066550883487 24.013860648221232 0
      vertex 44.32229970500612 23.979595722890142 0
    endloop
  endfacet
  facet normal 0 0 -1
    outer loop
      vertex 43.61803398874989 21.660599014539873 0
      vertex 44.32229970500612 23.979595722890142 0
      vertex 44.353840954574785 23.971816651061644 0
    endloop
  endfacet
  facet normal 0 0 -1
    outer loop
      vertex 43.61803398874989 21.660599014539873 0
      vertex 44.353840954574785 23.971816651061644 0
      vertex 44.36880279552948 23.939386641087452 0
    endloop
  endfacet
  facet normal 0 0 -1
    outer loop
      vertex 43.61803398874989 21.660599014539873 0
      vertex 44.36880279552948 23.939386641087452 0
      vertex 44.3750445312232 23.952170994223504 0
    endloop
  endfacet
  facet normal 0 0 -1
    outer loop
      vertex 43.61803398874989 21.660599014539873 0
      vertex 44.3750445312232 23.952170994223504 0
      vertex 44.407219480547354 23.92099129918361 0
    endloop
  endfacet
  facet normal 0 0 -1
    outer loop
      vertex 43.61803398874989 21.660599014539873 0
      vertex 44.407219480547354 23.92099129918361 0
      vertex 44.41403313948729 23.902728429431388 0
    endloop
  endfacet
  facet normal 0 0 -1
    outer loop
      vertex 43.61803398874989 21.660599014539873 0
      vertex 44.41403313948729 23.902728429431388 0
      vertex 44.422823608499236 23.905328684011305 0
    endloop
  endfacet
  facet normal 0 0 -1
    outer loop
      vertex 43.61803398874989 21.660599014539873 0
      vertex 44.422823608499236 23.905328684011305 0
      vertex 44.61810302734375 10.75 0
    endloop
  endfacet
  facet normal 0.773559286094827 -0.3607209023139621 0.5210436272811159
    outer loop
      vertex 43.65679931640625 -16.831748962402344 2.819014072418213
      vertex 43.7633056640625 -16.893238067626953 2.6183218955993652
      vertex 44.00035095214844 -16.095008850097656 2.819014072418213
    endloop
  endfacet
  facet normal 0.8377840323296812 -0.3906697489365361 0.38143815021479377
    outer loop
      vertex 43.65679931640625 -16.831748962402344 2.819014072418213
      vertex 44.00035095214844 -16.095008850097656 2.819014072418213
      vertex 43.91571044921875 -16.064197540283203 3.0364739894866943
    endloop
  endfacet
  facet normal 0.77355296321773 0.36071795387294064 0.5210550554891374
    outer loop
      vertex 43.65679931640625 16.831748962402344 2.819014072418213
      vertex 44.00035095214844 16.095008850097656 2.819014072418213
      vertex 44.11592102050781 16.137069702148438 2.6183218955993652
    endloop
  endfacet
  facet normal 0.7735555791008742 0.36072151740825326 0.5210487049409088
    outer loop
      vertex 43.65679931640625 16.831748962402344 2.819014072418213
      vertex 44.11592102050781 16.137069702148438 2.6183218955993652
      vertex 43.7633056640625 16.89324188232422 2.6183218955993652
    endloop
  endfacet
  facet normal 0.31450228697480065 -0.22021605066190683 0.9233597362450305
    outer loop
      vertex 43.69270324707031 -17.91899871826172 2.1634902954101562
      vertex 43.859283447265625 -18.058780670166016 2.0734148025512695
      vertex 44.22450256347656 -17.159507751464844 2.1634902954101562
    endloop
  endfacet
  facet normal 0.4291978116892628 -0.30052642208772024 0.8517470916112961
    outer loop
      vertex 43.69270324707031 -17.91899871826172 2.1634902954101562
      vertex 44.22450256347656 -17.159507751464844 2.1634902954101562
      vertex 44.05070495605469 -17.059158325195312 2.2864742279052734
    endloop
  endfacet
  facet normal 0.3144982949716629 0.2202132554416441 0.9233617625761369
    outer loop
      vertex 43.69270324707031 17.91899871826172 2.1634902954101562
      vertex 44.22450256347656 17.159507751464844 2.1634902954101562
      vertex 44.41282653808594 17.26824188232422 2.0734148025512695
    endloop
  endfacet
  facet normal 0.31449931681798937 0.22021447463194038 0.9233611237666423
    outer loop
      vertex 43.69270324707031 17.91899871826172 2.1634902954101562
      vertex 44.41282653808594 17.26824188232422 2.0734148025512695
      vertex 43.859283447265625 18.05878448486328 2.0734148025512695
    endloop
  endfacet
  facet normal 0.4226180834416633 -0.9063078701788346 0
    outer loop
      vertex 43.72233581542969 -25.776309967041016 0
      vertex 45.61810302734375 -24.89229965209961 0
      vertex 43.72233581542969 -25.776309967041016 1.1999998092651367
    endloop
  endfacet
  facet normal 0.4226180834416633 -0.9063078701788346 0
    outer loop
      vertex 43.72233581542969 -25.776309967041016 1.1999998092651367
      vertex 45.61810302734375 -24.89229965209961 0
      vertex 45.61810302734375 -24.89229965209961 1.1999998092651367
    endloop
  endfacet
  facet normal 0.4226180834416633 0.9063078701788346 0
    outer loop
      vertex 43.72233581542969 25.77631378173828 0
      vertex 43.72233581542969 25.77631378173828 1.1999998092651367
      vertex 45.61810302734375 24.892303466796875 1.1999998092651367
    endloop
  endfacet
  facet normal 0 0 -1
    outer loop
      vertex 43.72233581542969 25.77631378173828 0
      vertex 45.61810302734375 24.892303466796875 0
      vertex 44.61810302734375 24.45000457763672 0
    endloop
  endfacet
  facet normal 0.4226180834416633 0.9063078701788346 0
    outer loop
      vertex 43.72233581542969 25.77631378173828 0
      vertex 45.61810302734375 24.892303466796875 1.1999998092651367
      vertex 45.61810302734375 24.892303466796875 0
    endloop
  endfacet
  facet normal 0.29940370042118936 0.6420736373668365 0.7057611978372138
    outer loop
      vertex 43.72233581542969 25.77631378173828 1.1999998092651367
      vertex 45.21809387207031 24.199478149414062 2
      vertex 45.61810302734375 24.892303466796875 1.1999998092651367
    endloop
  endfacet
  facet normal 0.690265679740315 -0.3218837097867361 0.6480155621175844
    outer loop
      vertex 43.7633056640625 -16.893238067626953 2.6183218955993652
      vertex 43.89569091796875 -16.969669342041016 2.439340114593506
      vertex 44.11592102050781 -16.137069702148438 2.6183218955993652
    endloop
  endfacet
  facet normal 0.7735514497643482 -0.3607214115798577 0.5210549086183816
    outer loop
      vertex 43.7633056640625 -16.893238067626953 2.6183218955993652
      vertex 44.11592102050781 -16.137069702148438 2.6183218955993652
      vertex 44.00035095214844 -16.095008850097656 2.819014072418213
    endloop
  endfacet
  facet normal 0.6902649141666645 0.32188172896547274 0.6480173615179499
    outer loop
      vertex 43.7633056640625 16.89324188232422 2.6183218955993652
      vertex 44.11592102050781 16.137069702148438 2.6183218955993652
      vertex 44.25956726074219 16.189353942871094 2.439340114593506
    endloop
  endfacet
  facet normal 0.6902660463261403 0.32188299354190475 0.6480155274048461
    outer loop
      vertex 43.7633056640625 16.89324188232422 2.6183218955993652
      vertex 44.25956726074219 16.189353942871094 2.439340114593506
      vertex 43.89569091796875 16.96967315673828 2.439340114593506
    endloop
  endfacet
  facet normal 0.9629714876914295 -0.2580283989695743 0.07814895532605227
    outer loop
      vertex 43.84672546386719 -16.03908920288086 3.5
      vertex 43.86407470703125 -16.04541015625 3.265347957611084
      vertex 44.04974365234375 -15.281417846679688 3.5
    endloop
  endfacet
  facet normal 0.9659255839202934 -0.25881994963340876 0
    outer loop
      vertex 43.84672546386719 -16.03908920288086 3.5
      vertex 44.04974365234375 -15.281417846679688 3.5
      vertex 43.84672546386719 -16.03908920288086 11.794260025024414
    endloop
  endfacet
  facet normal 0.9659255839202934 -0.25881994963340876 0
    outer loop
      vertex 43.84672546386719 -16.03908920288086 11.794260025024414
      vertex 44.04974365234375 -15.281417846679688 3.5
      vertex 44.04974365234375 -15.281417846679688 11.794260025024414
    endloop
  endfacet
  facet normal 0.965925909693464 0.2588187338328776 0
    outer loop
      vertex 43.84672546386719 16.039093017578125 3.5
      vertex 43.84672546386719 16.039093017578125 11.794260025024414
      vertex 44.04974365234375 15.281417846679688 11.794260025024414
    endloop
  endfacet
  facet normal 0.9629752453935739 0.2580281067357064 0.0781036035889052
    outer loop
      vertex 43.84672546386719 16.039093017578125 3.5
      vertex 44.04974365234375 15.281417846679688 3.5
      vertex 44.06791687011719 15.284622192382812 3.265347957611084
    endloop
  endfacet
  facet normal 0.965925909693464 0.2588187338328776 0
    outer loop
      vertex 43.84672546386719 16.039093017578125 3.5
      vertex 44.04974365234375 15.281417846679688 11.794260025024414
      vertex 44.04974365234375 15.281417846679688 3.5
    endloop
  endfacet
  facet normal 0.9629753294460816 0.2580153518135182 0.07814469340113456
    outer loop
      vertex 43.84672546386719 16.039093017578125 3.5
      vertex 44.06791687011719 15.284622192382812 3.265347957611084
      vertex 43.86407470703125 16.04541015625 3.265347957611084
    endloop
  endfacet
  facet normal 0.19192409184752007 -0.13438650195820195 0.9721653208482304
    outer loop
      vertex 43.859283447265625 -18.058780670166016 2.0734148025512695
      vertex 44.03460693359375 -18.205890655517578 2.0184669494628906
      vertex 44.41282653808594 -17.268238067626953 2.0734148025512695
    endloop
  endfacet
  facet normal 0.31450079178422935 -0.22021550741292997 0.9233603750767945
    outer loop
      vertex 43.859283447265625 -18.058780670166016 2.0734148025512695
      vertex 44.41282653808594 -17.268238067626953 2.0734148025512695
      vertex 44.22450256347656 -17.159507751464844 2.1634902954101562
    endloop
  endfacet
  facet normal 0.19192252448601388 0.13438540448144387 0.9721657819823089
    outer loop
      vertex 43.859283447265625 18.05878448486328 2.0734148025512695
      vertex 44.41282653808594 17.26824188232422 2.0734148025512695
      vertex 44.61103820800781 17.382667541503906 2.0184669494628906
    endloop
  endfacet
  facet normal 0.19192379729780065 0.13438685641635956 0.9721653299996464
    outer loop
      vertex 43.859283447265625 18.05878448486328 2.0734148025512695
      vertex 44.61103820800781 17.382667541503906 2.0184669494628906
      vertex 44.03460693359375 18.205894470214844 2.0184669494628906
    endloop
  endfacet
  facet normal 0.939435125127215 -0.25170683146205497 0.23260549579179457
    outer loop
      vertex 43.86407470703125 -16.04541015625 3.265347957611084
      vertex 43.91571044921875 -16.064197540283203 3.0364739894866943
      vertex 44.06791687011719 -15.284618377685547 3.265347957611084
    endloop
  endfacet
  facet normal 0.9629790715664114 -0.2580150607370887 0.07809952725803526
    outer loop
      vertex 43.86407470703125 -16.04541015625 3.265347957611084
      vertex 44.06791687011719 -15.284618377685547 3.265347957611084
      vertex 44.04974365234375 -15.281417846679688 3.5
    endloop
  endfacet
  facet normal 0.9394234163389645 0.25170495635436385 0.23265480820450796
    outer loop
      vertex 43.86407470703125 16.04541015625 3.265347957611084
      vertex 44.06791687011719 15.284622192382812 3.265347957611084
      vertex 44.122039794921875 15.294174194335938 3.0364739894866943
    endloop
  endfacet
  facet normal 0.9394302642141417 0.2517210322643368 0.2326097603161233
    outer loop
      vertex 43.86407470703125 16.04541015625 3.265347957611084
      vertex 44.122039794921875 15.294174194335938 3.0364739894866943
      vertex 43.91571044921875 16.06420135498047 3.0364739894866943
    endloop
  endfacet
  facet normal 0.5898786089340541 -0.27507059557774666 0.759196545151866
    outer loop
      vertex 43.89569091796875 -16.969669342041016 2.439340114593506
      vertex 44.05070495605469 -17.059158325195312 2.2864742279052734
      vertex 44.25956726074219 -16.189350128173828 2.439340114593506
    endloop
  endfacet
  facet normal 0.6902677229238426 -0.32188377536840523 0.6480133531371984
    outer loop
      vertex 43.89569091796875 -16.969669342041016 2.439340114593506
      vertex 44.25956726074219 -16.189350128173828 2.439340114593506
      vertex 44.11592102050781 -16.137069702148438 2.6183218955993652
    endloop
  endfacet
  facet normal 0.589904170491442 0.2750825153739693 0.7591723647317082
    outer loop
      vertex 43.89569091796875 16.96967315673828 2.439340114593506
      vertex 44.25956726074219 16.189353942871094 2.439340114593506
      vertex 44.42774963378906 16.250572204589844 2.2864742279052734
    endloop
  endfacet
  facet normal 0.5898857119118457 0.2750644148843061 0.7591932656093633
    outer loop
      vertex 43.89569091796875 16.96967315673828 2.439340114593506
      vertex 44.42774963378906 16.250572204589844 2.2864742279052734
      vertex 44.05070495605469 17.059158325195312 2.2864742279052734
    endloop
  endfacet
  facet normal 0.8928970867911825 -0.2392524330487842 0.38143553279690184
    outer loop
      vertex 43.91571044921875 -16.064197540283203 3.0364739894866943
      vertex 44.00035095214844 -16.095008850097656 2.819014072418213
      vertex 44.122039794921875 -15.294170379638672 3.0364739894866943
    endloop
  endfacet
  facet normal 0.9394199189664425 -0.25171826024758465 0.2326545363989527
    outer loop
      vertex 43.91571044921875 -16.064197540283203 3.0364739894866943
      vertex 44.122039794921875 -15.294170379638672 3.0364739894866943
      vertex 44.06791687011719 -15.284618377685547 3.265347957611084
    endloop
  endfacet
  facet normal 0.8929086945881075 0.2392555433665327 0.3814064080444205
    outer loop
      vertex 43.91571044921875 16.06420135498047 3.0364739894866943
      vertex 44.122039794921875 15.294174194335938 3.0364739894866943
      vertex 44.21073913574219 15.309806823730469 2.819014072418213
    endloop
  endfacet
  facet normal 0.8929006837205746 0.2392451199428532 0.38143169977711644
    outer loop
      vertex 43.91571044921875 16.06420135498047 3.0364739894866943
      vertex 44.21073913574219 15.309806823730469 2.819014072418213
      vertex 44.00035095214844 16.095008850097656 2.819014072418213
    endloop
  endfacet
  facet normal 0.8244403661505586 -0.2209028351540584 0.5210566380753935
    outer loop
      vertex 44.00035095214844 -16.095008850097656 2.819014072418213
      vertex 44.11592102050781 -16.137069702148438 2.6183218955993652
      vertex 44.21073913574219 -15.309810638427734 2.819014072418213
    endloop
  endfacet
  facet normal 0.8929075300384177 -0.23924811667927617 0.38141379296783673
    outer loop
      vertex 44.00035095214844 -16.095008850097656 2.819014072418213
      vertex 44.21073913574219 -15.309810638427734 2.819014072418213
      vertex 44.122039794921875 -15.294170379638672 3.0364739894866943
    endloop
  endfacet
  facet normal 0.8244297949355374 0.2208989294889366 0.5210750197171131
    outer loop
      vertex 44.00035095214844 16.095008850097656 2.819014072418213
      vertex 44.21073913574219 15.309806823730469 2.819014072418213
      vertex 44.33186340332031 15.331161499023438 2.6183218955993652
    endloop
  endfacet
  facet normal 0.8244389443707589 0.2209076783689598 0.5210568343688285
    outer loop
      vertex 44.00035095214844 16.095008850097656 2.819014072418213
      vertex 44.33186340332031 15.331161499023438 2.6183218955993652
      vertex 44.11592102050781 16.137069702148438 2.6183218955993652
    endloop
  endfacet
  facet normal 0.06450867365968949 -0.045169792168636945 0.9968943378804546
    outer loop
      vertex 44.03460693359375 -18.205890655517578 2.0184669494628906
      vertex 44.21437072753906 -18.356727600097656 2
      vertex 44.61103820800781 -17.382667541503906 2.0184669494628906
    endloop
  endfacet
  facet normal 0.1919202934469721 -0.13438502570485608 0.9721662747850973
    outer loop
      vertex 44.03460693359375 -18.205890655517578 2.0184669494628906
      vertex 44.61103820800781 -17.382667541503906 2.0184669494628906
      vertex 44.41282653808594 -17.268238067626953 2.0734148025512695
    endloop
  endfacet
  facet normal 0.06451044637593407 0.045170824131965326 0.9968941764077152
    outer loop
      vertex 44.03460693359375 18.205894470214844 2.0184669494628906
      vertex 44.61103820800781 17.382667541503906 2.0184669494628906
      vertex 44.81425476074219 17.5 2
    endloop
  endfacet
  facet normal 0.06450957228631506 0.04516985608834371 0.9968942768340056
    outer loop
      vertex 44.03460693359375 18.205894470214844 2.0184669494628906
      vertex 44.81425476074219 17.5 2
      vertex 44.21437072753906 18.356727600097656 2
    endloop
  endfacet
  facet normal 0.9931523222062094 -0.08688216210352889 0.0781022074248212
    outer loop
      vertex 44.04974365234375 -15.281417846679688 3.5
      vertex 44.06791687011719 -15.284618377685547 3.265347957611084
      vertex 44.11810302734375 -14.5 3.5
    endloop
  endfacet
  facet normal 0.9961953431622083 -0.08714836924423841 0
    outer loop
      vertex 44.04974365234375 -15.281417846679688 3.5
      vertex 44.11810302734375 -14.5 3.5
      vertex 44.04974365234375 -15.281417846679688 11.794260025024414
    endloop
  endfacet
  facet normal 0.9961953431622083 -0.08714836924423841 0
    outer loop
      vertex 44.04974365234375 -15.281417846679688 11.794260025024414
      vertex 44.11810302734375 -14.5 3.5
      vertex 44.11810302734375 -14.5 11.794260025024414
    endloop
  endfacet
  facet normal 0.9961953431622083 0.08714836924423841 0
    outer loop
      vertex 44.04974365234375 15.281417846679688 3.5
      vertex 44.04974365234375 15.281417846679688 11.794260025024414
      vertex 44.11810302734375 14.5 11.794260025024414
    endloop
  endfacet
  facet normal 0.9931490611033652 0.08688187681832177 0.07814398191818814
    outer loop
      vertex 44.04974365234375 15.281417846679688 3.5
      vertex 44.11810302734375 14.5 3.5
      vertex 44.136566162109375 14.5 3.265347957611084
    endloop
  endfacet
  facet normal 0.9961953431622083 0.08714836924423841 0
    outer loop
      vertex 44.04974365234375 15.281417846679688 3.5
      vertex 44.11810302734375 14.5 11.794260025024414
      vertex 44.11810302734375 14.5 3.5
    endloop
  endfacet
  facet normal 0.9931511515283576 0.08689420724462926 0.07810369367209714
    outer loop
      vertex 44.04974365234375 15.281417846679688 3.5
      vertex 44.136566162109375 14.5 3.265347957611084
      vertex 44.06791687011719 15.284622192382812 3.265347957611084
    endloop
  endfacet
  facet normal 0.4748665590442602 -0.2214298013178215 0.8517456158911616
    outer loop
      vertex 44.05070495605469 -17.059158325195312 2.2864742279052734
      vertex 44.22450256347656 -17.159507751464844 2.1634902954101562
      vertex 44.42774963378906 -16.250568389892578 2.2864742279052734
    endloop
  endfacet
  facet normal 0.589907856874311 -0.275073443382493 0.7591727874098595
    outer loop
      vertex 44.05070495605469 -17.059158325195312 2.2864742279052734
      vertex 44.42774963378906 -16.250568389892578 2.2864742279052734
      vertex 44.25956726074219 -16.189350128173828 2.439340114593506
    endloop
  endfacet
  facet normal 0.47486548228745656 0.22143034387256544 0.8517460751564275
    outer loop
      vertex 44.05070495605469 17.059158325195312 2.2864742279052734
      vertex 44.42774963378906 16.250572204589844 2.2864742279052734
      vertex 44.6163330078125 16.3192138671875 2.1634902954101562
    endloop
  endfacet
  facet normal 0.47486600646842186 0.22143081342853313 0.8517456608431363
    outer loop
      vertex 44.05070495605469 17.059158325195312 2.2864742279052734
      vertex 44.6163330078125 16.3192138671875 2.1634902954101562
      vertex 44.22450256347656 17.159507751464844 2.1634902954101562
    endloop
  endfacet
  facet normal 0.9688608307914681 -0.08475502048818714 0.23264839793154174
    outer loop
      vertex 44.06791687011719 -15.284618377685547 3.265347957611084
      vertex 44.122039794921875 -15.294170379638672 3.0364739894866943
      vertex 44.19151306152344 -14.5 3.0364739894866943
    endloop
  endfacet
  facet normal 0.9931479764039879 -0.08689435190738255 0.07814389657074952
    outer loop
      vertex 44.06791687011719 -15.284618377685547 3.265347957611084
      vertex 44.136566162109375 -14.5 3.265347957611084
      vertex 44.11810302734375 -14.5 3.5
    endloop
  endfacet
  facet normal 0.9826494127761732 -0.08597579203103811 0.1643420054498467
    outer loop
      vertex 44.06791687011719 -15.284618377685547 3.265347957611084
      vertex 44.14088439941406 -14.5 3.239527940750122
      vertex 44.136566162109375 -14.5 3.265347957611084
    endloop
  endfacet
  facet normal 0.9670265519943774 -0.08199649478231556 0.24111454245084366
    outer loop
      vertex 44.06791687011719 -15.284618377685547 3.265347957611084
      vertex 44.19151306152344 -14.5 3.0364739894866943
      vertex 44.14088439941406 -14.5 3.239527940750122
    endloop
  endfacet
  facet normal 0.9826494480903778 0.0859753771213825 0.16434201135592788
    outer loop
      vertex 44.06791687011719 15.284622192382812 3.265347957611084
      vertex 44.136566162109375 14.5 3.265347957611084
      vertex 44.14088439941406 14.5 3.239527940750122
    endloop
  endfacet
  facet normal 0.9690694208870247 0.08246619741659757 0.23260220073192128
    outer loop
      vertex 44.06791687011719 15.284622192382812 3.265347957611084
      vertex 44.14088439941406 14.5 3.239527940750122
      vertex 44.122039794921875 15.294174194335938 3.0364739894866943
    endloop
  endfacet
  facet normal 0.7356763248494778 -0.1971228807283707 0.6480145947039421
    outer loop
      vertex 44.11592102050781 -16.137069702148438 2.6183218955993652
      vertex 44.25956726074219 -16.189350128173828 2.439340114593506
      vertex 44.33186340332031 -15.331157684326172 2.6183218955993652
    endloop
  endfacet
  facet normal 0.8244322060349297 -0.22090482720386861 0.5210687046545861
    outer loop
      vertex 44.11592102050781 -16.137069702148438 2.6183218955993652
      vertex 44.33186340332031 -15.331157684326172 2.6183218955993652
      vertex 44.21073913574219 -15.309810638427734 2.819014072418213
    endloop
  endfacet
  facet normal 0.7356709521379976 0.19712237417935743 0.6480208482589626
    outer loop
      vertex 44.11592102050781 16.137069702148438 2.6183218955993652
      vertex 44.33186340332031 15.331161499023438 2.6183218955993652
      vertex 44.48240661621094 15.357711791992188 2.439340114593506
    endloop
  endfacet
  facet normal 0.7356736582699487 0.1971245008095836 0.648017129178144
    outer loop
      vertex 44.11592102050781 16.137069702148438 2.6183218955993652
      vertex 44.48240661621094 15.357711791992188 2.439340114593506
      vertex 44.25956726074219 16.189353942871094 2.439340114593506
    endloop
  endfacet
  facet normal 1 0 0
    outer loop
      vertex 44.11810302734375 -14.5 3.5
      vertex 44.11810302734375 14.5 3.5
      vertex 44.11810302734375 14.5 11.794260025024414
    endloop
  endfacet
  facet normal 1 0 0
    outer loop
      vertex 44.11810302734375 -14.5 3.5
      vertex 44.11810302734375 14.5 11.794260025024414
      vertex 44.11810302734375 -14.5 11.794260025024414
    endloop
  endfacet
  facet normal 0.9969187895526662 0 0.07844059559212282
    outer loop
      vertex 44.11810302734375 -14.5 3.5
      vertex 44.136566162109375 -14.5 3.265347957611084
      vertex 44.136566162109375 14.5 3.265347957611084
    endloop
  endfacet
  facet normal 0.9969187895526662 0 0.07844059559212282
    outer loop
      vertex 44.11810302734375 -14.5 3.5
      vertex 44.136566162109375 14.5 3.265347957611084
      vertex 44.11810302734375 14.5 3.5
    endloop
  endfacet
  facet normal 0.9423096866249601 -0.08243235174537206 0.3244339098776466
    outer loop
      vertex 44.122039794921875 -15.294170379638672 3.0364739894866943
      vertex 44.20855712890625 -14.5 2.9869699478149414
      vertex 44.19151306152344 -14.5 3.0364739894866943
    endloop
  endfacet
  facet normal 0.9208871938159585 -0.08056412763640723 0.3814134208492851
    outer loop
      vertex 44.122039794921875 -15.294170379638672 3.0364739894866943
      vertex 44.21073913574219 -15.309810638427734 2.819014072418213
      vertex 44.281585693359375 -14.5 2.819014072418213
    endloop
  endfacet
  facet normal 0.91448973793021 -0.07483916283925497 0.39762748763868827
    outer loop
      vertex 44.122039794921875 -15.294170379638672 3.0364739894866943
      vertex 44.281585693359375 -14.5 2.819014072418213
      vertex 44.20855712890625 -14.5 2.9869699478149414
    endloop
  endfacet
  facet normal 0.9668173816384096 0.08457585525774164 0.24106238874878716
    outer loop
      vertex 44.122039794921875 15.294174194335938 3.0364739894866943
      vertex 44.14088439941406 14.5 3.239527940750122
      vertex 44.19151306152344 14.5 3.0364739894866943
    endloop
  endfacet
  facet normal 0.9423097173811349 0.0824319584843758 0.32443392046688935
    outer loop
      vertex 44.122039794921875 15.294174194335938 3.0364739894866943
      vertex 44.19151306152344 14.5 3.0364739894866943
      vertex 44.20855712890625 14.5 2.9869699478149414
    endloop
  endfacet
  facet normal 0.9212787523951838 0.07659708308983611 0.38128512591930797
    outer loop
      vertex 44.122039794921875 15.294174194335938 3.0364739894866943
      vertex 44.20855712890625 14.5 2.9869699478149414
      vertex 44.21073913574219 15.309806823730469 2.819014072418213
    endloop
  endfacet
  facet normal 0.9863014638713452 0 0.16495278829180682
    outer loop
      vertex 44.136566162109375 -14.5 3.265347957611084
      vertex 44.14088439941406 -14.5 3.239527940750122
      vertex 44.14088439941406 14.5 3.239527940750122
    endloop
  endfacet
  facet normal 0.9863014638713452 0 0.16495278829180682
    outer loop
      vertex 44.136566162109375 -14.5 3.265347957611084
      vertex 44.14088439941406 14.5 3.239527940750122
      vertex 44.136566162109375 14.5 3.265347957611084
    endloop
  endfacet
  facet normal 0.97029390241963 0 0.24192921057054173
    outer loop
      vertex 44.14088439941406 -14.5 3.239527940750122
      vertex 44.19151306152344 -14.5 3.0364739894866943
      vertex 44.19151306152344 14.5 3.0364739894866943
    endloop
  endfacet
  facet normal 0.97029390241963 0 0.24192921057054173
    outer loop
      vertex 44.14088439941406 -14.5 3.239527940750122
      vertex 44.19151306152344 14.5 3.0364739894866943
      vertex 44.14088439941406 14.5 3.239527940750122
    endloop
  endfacet
  facet normal 0.9455276364393368 0 0.325541838677368
    outer loop
      vertex 44.19151306152344 -14.5 3.0364739894866943
      vertex 44.20855712890625 -14.5 2.9869699478149414
      vertex 44.20855712890625 14.5 2.9869699478149414
    endloop
  endfacet
  facet normal 0.9455276364393368 0 0.325541838677368
    outer loop
      vertex 44.19151306152344 -14.5 3.0364739894866943
      vertex 44.20855712890625 14.5 2.9869699478149414
      vertex 44.19151306152344 14.5 3.0364739894866943
    endloop
  endfacet
  facet normal 0.9170615291676729 0 0.39874572313775253
    outer loop
      vertex 44.20855712890625 -14.5 2.9869699478149414
      vertex 44.281585693359375 -14.5 2.819014072418213
      vertex 44.281585693359375 14.5 2.819014072418213
    endloop
  endfacet
  facet normal 0.9170615291676729 0 0.39874572313775253
    outer loop
      vertex 44.20855712890625 -14.5 2.9869699478149414
      vertex 44.281585693359375 14.5 2.819014072418213
      vertex 44.20855712890625 14.5 2.9869699478149414
    endloop
  endfacet
  facet normal 0.9141242202458896 0.0799728433264872 0.397468557611947
    outer loop
      vertex 44.20855712890625 14.5 2.9869699478149414
      vertex 44.281585693359375 14.5 2.819014072418213
      vertex 44.21073913574219 15.309806823730469 2.819014072418213
    endloop
  endfacet
  facet normal 0.8762100059764681 -0.07665552874643745 0.4757940261702762
    outer loop
      vertex 44.21073913574219 -15.309810638427734 2.819014072418213
      vertex 44.319061279296875 -14.5 2.75
      vertex 44.281585693359375 -14.5 2.819014072418213
    endloop
  endfacet
  facet normal 0.850264494208154 -0.07437955810966168 0.5210738635014844
    outer loop
      vertex 44.21073913574219 -15.309810638427734 2.819014072418213
      vertex 44.33186340332031 -15.331157684326172 2.6183218955993652
      vertex 44.404571533203125 -14.5 2.6183218955993652
    endloop
  endfacet
  facet normal 0.836869850705949 -0.06562717304348975 0.5434537028466386
    outer loop
      vertex 44.21073913574219 -15.309810638427734 2.819014072418213
      vertex 44.404571533203125 -14.5 2.6183218955993652
      vertex 44.319061279296875 -14.5 2.75
    endloop
  endfacet
  facet normal 0.8762099817229455 0.07665588772014426 0.47579401300028146
    outer loop
      vertex 44.21073913574219 15.309806823730469 2.819014072418213
      vertex 44.281585693359375 14.5 2.819014072418213
      vertex 44.319061279296875 14.5 2.75
    endloop
  endfacet
  facet normal 0.8508057767601888 0.06941579750498594 0.5208752031804149
    outer loop
      vertex 44.21073913574219 15.309806823730469 2.819014072418213
      vertex 44.319061279296875 14.5 2.75
      vertex 44.33186340332031 15.331161499023438 2.6183218955993652
    endloop
  endfacet
  facet normal 0.06451059287758584 -0.04517057071036324 0.9968941784102675
    outer loop
      vertex 44.21437072753906 -18.356727600097656 2
      vertex 44.81425476074219 -17.5 2
      vertex 44.61103820800781 -17.382667541503906 2.0184669494628906
    endloop
  endfacet
  facet normal 0.3479642930329501 -0.16225559550920654 0.9233601531905262
    outer loop
      vertex 44.22450256347656 -17.159507751464844 2.1634902954101562
      vertex 44.41282653808594 -17.268238067626953 2.0734148025512695
      vertex 44.6163330078125 -16.319210052490234 2.1634902954101562
    endloop
  endfacet
  facet normal 0.4748657404186228 -0.22142968414074543 0.8517461027548073
    outer loop
      vertex 44.22450256347656 -17.159507751464844 2.1634902954101562
      vertex 44.6163330078125 -16.319210052490234 2.1634902954101562
      vertex 44.42774963378906 -16.250568389892578 2.2864742279052734
    endloop
  endfacet
  facet normal 0.3479594516009416 0.16225407453600596 0.923362244916932
    outer loop
      vertex 44.22450256347656 17.159507751464844 2.1634902954101562
      vertex 44.6163330078125 16.3192138671875 2.1634902954101562
      vertex 44.8206787109375 16.393592834472656 2.0734148025512695
    endloop
  endfacet
  facet normal 0.3479614295151717 0.16225573610912275 0.9233612075831673
    outer loop
      vertex 44.22450256347656 17.159507751464844 2.1634902954101562
      vertex 44.8206787109375 16.393592834472656 2.0734148025512695
      vertex 44.41282653808594 17.26824188232422 2.0734148025512695
    endloop
  endfacet
  facet normal 0 0 -1
    outer loop
      vertex 44.229082652192126 24.07769142651665 0
      vertex 44.61810302734375 24.45000457763672 0
      vertex 44.261948524044314 24.05136089809743 0
    endloop
  endfacet
  facet normal 0.6287121465490718 -0.16846405556080263 0.7591711920019524
    outer loop
      vertex 44.25956726074219 -16.189350128173828 2.439340114593506
      vertex 44.42774963378906 -16.250568389892578 2.2864742279052734
      vertex 44.48240661621094 -15.357707977294922 2.439340114593506
    endloop
  endfacet
  facet normal 0.7356706497796544 -0.19712369468156637 0.6480207898268927
    outer loop
      vertex 44.25956726074219 -16.189350128173828 2.439340114593506
      vertex 44.48240661621094 -15.357707977294922 2.439340114593506
      vertex 44.33186340332031 -15.331157684326172 2.6183218955993652
    endloop
  endfacet
  facet normal 0.6287182346368569 0.1684656868700823 0.7591657880743213
    outer loop
      vertex 44.25956726074219 16.189353942871094 2.439340114593506
      vertex 44.48240661621094 15.357711791992188 2.439340114593506
      vertex 44.658660888671875 15.3887939453125 2.2864742279052734
    endloop
  endfacet
  facet normal 0.628712818666805 0.16846197308458694 0.759171097492844
    outer loop
      vertex 44.25956726074219 16.189353942871094 2.439340114593506
      vertex 44.658660888671875 15.3887939453125 2.2864742279052734
      vertex 44.42774963378906 16.250572204589844 2.2864742279052734
    endloop
  endfacet
  facet normal 0 0 -1
    outer loop
      vertex 44.261948524044314 24.05136089809743 0
      vertex 44.283367511828324 24.03375011753854 0
      vertex 44.274561650963996 24.022799744214282 0
    endloop
  endfacet
  facet normal 0 0 -1
    outer loop
      vertex 44.261948524044314 24.05136089809743 0
      vertex 44.61810302734375 24.45000457763672 0
      vertex 44.283367511828324 24.03375011753854 0
    endloop
  endfacet
  facet normal 0 0 -1
    outer loop
      vertex 44.274561650963996 24.022799744214282 0
      vertex 44.283367511828324 24.03375011753854 0
      vertex 44.3066550883487 24.013860648221232 0
    endloop
  endfacet
  facet normal 0.8787957427540726 0 0.4771981166321991
    outer loop
      vertex 44.281585693359375 -14.5 2.819014072418213
      vertex 44.319061279296875 -14.5 2.75
      vertex 44.319061279296875 14.5 2.75
    endloop
  endfacet
  facet normal 0.8787957427540726 0 0.4771981166321991
    outer loop
      vertex 44.281585693359375 -14.5 2.819014072418213
      vertex 44.319061279296875 14.5 2.75
      vertex 44.281585693359375 14.5 2.819014072418213
    endloop
  endfacet
  facet normal 0 0 -1
    outer loop
      vertex 44.283367511828324 24.03375011753854 0
      vertex 44.61810302734375 24.45000457763672 0
      vertex 44.3066550883487 24.013860648221232 0
    endloop
  endfacet
  facet normal 0 0 -1
    outer loop
      vertex 44.3066550883487 24.013860648221232 0
      vertex 44.33066751913153 23.99290285490056 0
      vertex 44.32229970500612 23.979595722890142 0
    endloop
  endfacet
  facet normal 0 0 -1
    outer loop
      vertex 44.3066550883487 24.013860648221232 0
      vertex 44.61810302734375 24.45000457763672 0
      vertex 44.33066751913153 23.99290285490056 0
    endloop
  endfacet
  facet normal 0.8386778612250775 0 0.5446278041845913
    outer loop
      vertex 44.319061279296875 -14.5 2.75
      vertex 44.404571533203125 -14.5 2.6183218955993652
      vertex 44.404571533203125 14.5 2.6183218955993652
    endloop
  endfacet
  facet normal 0.8386778612250775 0 0.5446278041845913
    outer loop
      vertex 44.319061279296875 -14.5 2.75
      vertex 44.404571533203125 14.5 2.6183218955993652
      vertex 44.319061279296875 14.5 2.75
    endloop
  endfacet
  facet normal 0.8364298329636838 0.07316899183183627 0.5431679603609337
    outer loop
      vertex 44.319061279296875 14.5 2.75
      vertex 44.404571533203125 14.5 2.6183218955993652
      vertex 44.33186340332031 15.331161499023438 2.6183218955993652
    endloop
  endfacet
  facet normal 0 0 -1
    outer loop
      vertex 44.32229970500612 23.979595722890142 0
      vertex 44.33066751913153 23.99290285490056 0
      vertex 44.353840954574785 23.971816651061644 0
    endloop
  endfacet
  facet normal 0 0 -1
    outer loop
      vertex 44.33066751913153 23.99290285490056 0
      vertex 44.61810302734375 24.45000457763672 0
      vertex 44.353840954574785 23.971816651061644 0
    endloop
  endfacet
  facet normal 0.7860986767647588 -0.06876645162374441 0.6142638240363619
    outer loop
      vertex 44.33186340332031 -15.331157684326172 2.6183218955993652
      vertex 44.46903991699219 -14.5 2.5358190536499023
      vertex 44.404571533203125 -14.5 2.6183218955993652
    endloop
  endfacet
  facet normal 0.759381968346337 -0.06103050658983631 0.6477764301175452
    outer loop
      vertex 44.33186340332031 -15.331157684326172 2.6183218955993652
      vertex 44.48240661621094 -15.357707977294922 2.439340114593506
      vertex 44.46903991699219 -14.5 2.5358190536499023
    endloop
  endfacet
  facet normal 0.7587273791022551 0.0663717567406922 0.6480181742110149
    outer loop
      vertex 44.33186340332031 15.331161499023438 2.6183218955993652
      vertex 44.404571533203125 14.5 2.6183218955993652
      vertex 44.48240661621094 15.357711791992188 2.439340114593506
    endloop
  endfacet
  facet normal 0 0 -1
    outer loop
      vertex 44.353840954574785 23.971816651061644 0
      vertex 44.3750445312232 23.952170994223504 0
      vertex 44.36880279552948 23.939386641087452 0
    endloop
  endfacet
  facet normal 0 0 -1
    outer loop
      vertex 44.353840954574785 23.971816651061644 0
      vertex 44.61810302734375 24.45000457763672 0
      vertex 44.3750445312232 23.952170994223504 0
    endloop
  endfacet
  facet normal 0 0 -1
    outer loop
      vertex 44.3750445312232 23.952170994223504 0
      vertex 44.61810302734375 24.45000457763672 0
      vertex 44.407219480547354 23.92099129918361 0
    endloop
  endfacet
  facet normal 0.7879639562991196 0 0.615721368456089
    outer loop
      vertex 44.404571533203125 -14.5 2.6183218955993652
      vertex 44.46903991699219 -14.5 2.5358190536499023
      vertex 44.46903991699219 14.5 2.5358190536499023
    endloop
  endfacet
  facet normal 0.7879639562991196 0 0.615721368456089
    outer loop
      vertex 44.404571533203125 -14.5 2.6183218955993652
      vertex 44.46903991699219 14.5 2.5358190536499023
      vertex 44.404571533203125 14.5 2.6183218955993652
    endloop
  endfacet
  facet normal 0.7866879524569427 0.056886854548923456 0.6147242887983462
    outer loop
      vertex 44.404571533203125 14.5 2.6183218955993652
      vertex 44.46903991699219 14.5 2.5358190536499023
      vertex 44.48240661621094 15.357711791992188 2.439340114593506
    endloop
  endfacet
  facet normal 0 0 -1
    outer loop
      vertex 44.407219480547354 23.92099129918361 0
      vertex 44.41717588897359 23.91115667845776 0
      vertex 44.41403313948729 23.902728429431388 0
    endloop
  endfacet
  facet normal 0 0 -1
    outer loop
      vertex 44.407219480547354 23.92099129918361 0
      vertex 44.61810302734375 24.45000457763672 0
      vertex 44.41717588897359 23.91115667845776 0
    endloop
  endfacet
  facet normal 0.21233988461151415 -0.09901489464212351 0.9721665618823648
    outer loop
      vertex 44.41282653808594 -17.268238067626953 2.0734148025512695
      vertex 44.61103820800781 -17.382667541503906 2.0184669494628906
      vertex 44.8206787109375 -16.39358901977539 2.0734148025512695
    endloop
  endfacet
  facet normal 0.3479592137338144 -0.1622547028818605 0.9233622241409191
    outer loop
      vertex 44.41282653808594 -17.268238067626953 2.0734148025512695
      vertex 44.8206787109375 -16.39358901977539 2.0734148025512695
      vertex 44.6163330078125 -16.319210052490234 2.1634902954101562
    endloop
  endfacet
  facet normal 0.21234016974954315 0.09901502760306936 0.9721664860606432
    outer loop
      vertex 44.41282653808594 17.26824188232422 2.0734148025512695
      vertex 44.8206787109375 16.393592834472656 2.0734148025512695
      vertex 45.03575134277344 16.47186279296875 2.0184669494628906
    endloop
  endfacet
  facet normal 0.21234115420240152 0.09901581802916115 0.9721661905312322
    outer loop
      vertex 44.41282653808594 17.26824188232422 2.0734148025512695
      vertex 45.03575134277344 16.47186279296875 2.0184669494628906
      vertex 44.61103820800781 17.382667541503906 2.0184669494628906
    endloop
  endfacet
  facet normal 0 0 -1
    outer loop
      vertex 44.41403313948729 23.902728429431388 0
      vertex 44.41717588897359 23.91115667845776 0
      vertex 44.422823608499236 23.905328684011305 0
    endloop
  endfacet
  facet normal 0 0 -1
    outer loop
      vertex 44.41717588897359 23.91115667845776 0
      vertex 44.61810302734375 24.45000457763672 0
      vertex 44.422823608499236 23.905328684011305 0
    endloop
  endfacet
  facet normal 0 0 -1
    outer loop
      vertex 44.422823608499236 23.905328684011305 0
      vertex 44.61810302734375 24.45000457763672 0
      vertex 44.61810302734375 10.75 0
    endloop
  endfacet
  facet normal 0.5061027944956292 -0.1356089343384951 0.8517453717698106
    outer loop
      vertex 44.42774963378906 -16.250568389892578 2.2864742279052734
      vertex 44.6163330078125 -16.319210052490234 2.1634902954101562
      vertex 44.658660888671875 -15.388790130615234 2.2864742279052734
    endloop
  endfacet
  facet normal 0.6287186938666914 -0.16846354732919555 0.7591658825341306
    outer loop
      vertex 44.42774963378906 -16.250568389892578 2.2864742279052734
      vertex 44.658660888671875 -15.388790130615234 2.2864742279052734
      vertex 44.48240661621094 -15.357707977294922 2.439340114593506
    endloop
  endfacet
  facet normal 0.5060893559539821 0.13560533351603046 0.8517539300244464
    outer loop
      vertex 44.42774963378906 16.250572204589844 2.2864742279052734
      vertex 44.658660888671875 15.3887939453125 2.2864742279052734
      vertex 44.85630798339844 15.423637390136719 2.1634902954101562
    endloop
  endfacet
  facet normal 0.50610147064954 0.1356128607386858 0.8517455332484243
    outer loop
      vertex 44.42774963378906 16.250572204589844 2.2864742279052734
      vertex 44.85630798339844 15.423637390136719 2.1634902954101562
      vertex 44.6163330078125 16.3192138671875 2.1634902954101562
    endloop
  endfacet
  facet normal 0.7357960780707985 -0.06436329911759078 0.6741375951705489
    outer loop
      vertex 44.46903991699219 -14.5 2.5358190536499023
      vertex 44.48240661621094 -15.357707977294922 2.439340114593506
      vertex 44.55743408203125 -14.5 2.439340114593506
    endloop
  endfacet
  facet normal 0.7373248967420544 0 0.6755383013895798
    outer loop
      vertex 44.46903991699219 -14.5 2.5358190536499023
      vertex 44.55743408203125 -14.5 2.439340114593506
      vertex 44.55743408203125 14.5 2.439340114593506
    endloop
  endfacet
  facet normal 0.7373248967420544 0 0.6755383013895798
    outer loop
      vertex 44.46903991699219 -14.5 2.5358190536499023
      vertex 44.55743408203125 14.5 2.439340114593506
      vertex 44.46903991699219 14.5 2.5358190536499023
    endloop
  endfacet
  facet normal 0.7357960916274304 0.06436301404586425 0.6741376075911578
    outer loop
      vertex 44.46903991699219 14.5 2.5358190536499023
      vertex 44.55743408203125 14.5 2.439340114593506
      vertex 44.48240661621094 15.357711791992188 2.439340114593506
    endloop
  endfacet
  facet normal 0.6744061044185308 -0.058993249786311625 0.7360001377735411
    outer loop
      vertex 44.48240661621094 -15.357707977294922 2.439340114593506
      vertex 44.65391540527344 -14.5 2.350933074951172
      vertex 44.55743408203125 -14.5 2.439340114593506
    endloop
  endfacet
  facet normal 0.6491269378492687 -0.051574954281639336 0.7589296691059577
    outer loop
      vertex 44.48240661621094 -15.357707977294922 2.439340114593506
      vertex 44.658660888671875 -15.388790130615234 2.2864742279052734
      vertex 44.65391540527344 -14.5 2.350933074951172
    endloop
  endfacet
  facet normal 0.6484230516119922 0.056720146319691266 0.7591642583391717
    outer loop
      vertex 44.48240661621094 15.357711791992188 2.439340114593506
      vertex 44.55743408203125 14.5 2.439340114593506
      vertex 44.658660888671875 15.3887939453125 2.2864742279052734
    endloop
  endfacet
  facet normal 0 0 -1
    outer loop
      vertex 44.494229617477025 -23.829209426098334 0
      vertex 44.50022213926092 -23.746854197458216 0
      vertex 44.534733310478174 -23.782216340801547 0
    endloop
  endfacet
  facet normal 0 0 -1
    outer loop
      vertex 44.494229617477025 -23.829209426098334 0
      vertex 44.534733310478174 -23.782216340801547 0
      vertex 45.61810302734375 -24.89229965209961 0
    endloop
  endfacet
  facet normal 0 0 -1
    outer loop
      vertex 44.534733310478174 -23.782216340801547 0
      vertex 44.541026485551576 -23.690070949486287 0
      vertex 44.5768821034178 -23.730092852550836 0
    endloop
  endfacet
  facet normal 0 0 -1
    outer loop
      vertex 44.534733310478174 -23.782216340801547 0
      vertex 44.5768821034178 -23.730092852550836 0
      vertex 45.61810302734375 -24.89229965209961 0
    endloop
  endfacet
  facet normal 0.6755827116846961 0 0.7372842054952438
    outer loop
      vertex 44.55743408203125 -14.5 2.439340114593506
      vertex 44.65391540527344 -14.5 2.350933074951172
      vertex 44.65391540527344 14.5 2.350933074951172
    endloop
  endfacet
  facet normal 0.6755827116846961 0 0.7372842054952438
    outer loop
      vertex 44.55743408203125 -14.5 2.439340114593506
      vertex 44.65391540527344 14.5 2.350933074951172
      vertex 44.55743408203125 14.5 2.439340114593506
    endloop
  endfacet
  facet normal 0.6747443952641304 0.04980178993794914 0.7363693249848335
    outer loop
      vertex 44.55743408203125 14.5 2.439340114593506
      vertex 44.65391540527344 14.5 2.350933074951172
      vertex 44.658660888671875 15.3887939453125 2.2864742279052734
    endloop
  endfacet
  facet normal 0 0 -1
    outer loop
      vertex 44.5768821034178 -23.730092852550836 0
      vertex 44.580310024751384 -23.62848126183021 0
      vertex 44.618469190208934 -23.674951275544043 0
    endloop
  endfacet
  facet normal 0 0 -1
    outer loop
      vertex 44.5768821034178 -23.730092852550836 0
      vertex 44.618469190208934 -23.674951275544043 0
      vertex 45.61810302734375 -24.89229965209961 0
    endloop
  endfacet
  facet normal 0.07137463571240721 -0.03328223569680633 0.996894153942104
    outer loop
      vertex 44.61103820800781 -17.382667541503906 2.0184669494628906
      vertex 44.81425476074219 -17.5 2
      vertex 45.03575134277344 -16.471858978271484 2.0184669494628906
    endloop
  endfacet
  facet normal 0.2123401960048197 -0.09901495651500697 0.9721664875662841
    outer loop
      vertex 44.61103820800781 -17.382667541503906 2.0184669494628906
      vertex 45.03575134277344 -16.471858978271484 2.0184669494628906
      vertex 44.8206787109375 -16.39358901977539 2.0734148025512695
    endloop
  endfacet
  facet normal 0.0713741060310264 0.03328212809856826 0.996894195457824
    outer loop
      vertex 44.61103820800781 17.382667541503906 2.0184669494628906
      vertex 45.03575134277344 16.47186279296875 2.0184669494628906
      vertex 45.256256103515625 16.5521240234375 2
    endloop
  endfacet
  facet normal 0.07137451433508704 0.03328244618069005 0.9968941556051274
    outer loop
      vertex 44.61103820800781 17.382667541503906 2.0184669494628906
      vertex 45.256256103515625 16.5521240234375 2
      vertex 44.81425476074219 17.5 2
    endloop
  endfacet
  facet normal 0.3708476436213188 -0.09937165016071152 0.9233619552292874
    outer loop
      vertex 44.6163330078125 -16.319210052490234 2.1634902954101562
      vertex 44.8206787109375 -16.39358901977539 2.0734148025512695
      vertex 44.85630798339844 -15.423641204833984 2.1634902954101562
    endloop
  endfacet
  facet normal 0.5060846925689915 -0.13560952020773748 0.8517560343058197
    outer loop
      vertex 44.6163330078125 -16.319210052490234 2.1634902954101562
      vertex 44.85630798339844 -15.423641204833984 2.1634902954101562
      vertex 44.658660888671875 -15.388790130615234 2.2864742279052734
    endloop
  endfacet
  facet normal 0.3708470561680263 0.09937064620444777 0.9233622992111056
    outer loop
      vertex 44.6163330078125 16.3192138671875 2.1634902954101562
      vertex 44.85630798339844 15.423637390136719 2.1634902954101562
      vertex 45.070465087890625 15.461402893066406 2.0734148025512695
    endloop
  endfacet
  facet normal 0.37084783679996475 0.09937109749910664 0.9233619371203308
    outer loop
      vertex 44.6163330078125 16.3192138671875 2.1634902954101562
      vertex 45.070465087890625 15.461402893066406 2.0734148025512695
      vertex 44.8206787109375 16.393592834472656 2.0734148025512695
    endloop
  endfacet
  facet normal 0 0 1
    outer loop
      vertex 44.61810302734375 -24.049999237060547 2
      vertex 45.21809387207031 -24.199480056762695 2
      vertex 46.81732177734375 -23.079700469970703 2
    endloop
  endfacet
  facet normal 0 0 1
    outer loop
      vertex 44.61810302734375 -24.049999237060547 2
      vertex 46.81732177734375 -23.079700469970703 2
      vertex 44.81425476074219 -17.5 2
    endloop
  endfacet
  facet normal 0 0 -1
    outer loop
      vertex 44.61810302734375 -10.75 0
      vertex 44.61810302734375 10.75 0
      vertex 45.7045105402688 -0.13274730200377152 0
    endloop
  endfacet
  facet normal 0 0 -1
    outer loop
      vertex 44.61810302734375 -10.75 0
      vertex 45.61810302734375 -24.89229965209961 0
      vertex 44.75261336008773 -23.43925926396889 0
    endloop
  endfacet
  facet normal 0 0 -1
    outer loop
      vertex 44.61810302734375 -10.75 0
      vertex 45.7045105402688 -0.13274730200377152 0
      vertex 45.719272363095904 -0.2752711555597661 0
    endloop
  endfacet
  facet normal 0 0 -1
    outer loop
      vertex 44.61810302734375 -10.75 0
      vertex 45.719272363095904 -0.2752711555597661 0
      vertex 45.75502565622783 -0.4648570241087818 0
    endloop
  endfacet
  facet normal 0 0 -1
    outer loop
      vertex 44.61810302734375 -10.75 0
      vertex 45.75502565622783 -0.4648570241087818 0
      vertex 45.813401694655155 -0.6633487988480544 0
    endloop
  endfacet
  facet normal 0 0 -1
    outer loop
      vertex 44.61810302734375 -10.75 0
      vertex 45.813401694655155 -0.6633487988480544 0
      vertex 45.892830370436634 -0.8566300283326517 0
    endloop
  endfacet
  facet normal 0 0 -1
    outer loop
      vertex 44.61810302734375 -10.75 0
      vertex 45.892830370436634 -0.8566300283326517 0
      vertex 45.99041748953013 -1.0375043854026937 0
    endloop
  endfacet
  facet normal 0 0 -1
    outer loop
      vertex 44.61810302734375 -10.75 0
      vertex 45.99041748953013 -1.0375043854026937 0
      vertex 46.102309695641296 -1.202665748246849 0
    endloop
  endfacet
  facet normal 0 0 -1
    outer loop
      vertex 44.61810302734375 -10.75 0
      vertex 46.102309695641296 -1.202665748246849 0
      vertex 46.22421796983316 -1.3494830598392376 0
    endloop
  endfacet
  facet normal 0 0 -1
    outer loop
      vertex 44.61810302734375 -10.75 0
      vertex 46.22421796983316 -1.3494830598392376 0
      vertex 46.35147783483215 -1.476656377043816 0
    endloop
  endfacet
  facet normal 0 0 -1
    outer loop
      vertex 44.61810302734375 -10.75 0
      vertex 46.35147783483215 -1.476656377043816 0
      vertex 46.47920424723895 -1.5840779119236967 0
    endloop
  endfacet
  facet normal 0 0 -1
    outer loop
      vertex 44.61810302734375 -10.75 0
      vertex 46.47920424723895 -1.5840779119236967 0
      vertex 47.13508422583543 -1.9184543291373646 0
    endloop
  endfacet
  facet normal 0 0 -1
    outer loop
      vertex 44.61810302734375 -10.75 0
      vertex 47.13508422583543 -1.9184543291373646 0
      vertex 51.61810302734375 -10.75 0
    endloop
  endfacet
  facet normal 0 0 -1
    outer loop
      vertex 44.61810302734375 -10.75 0
      vertex 47.33155822753906 -23.692529678344727 0
      vertex 45.61810302734375 -24.89229965209961 0
    endloop
  endfacet
  facet normal 0 0 -1
    outer loop
      vertex 44.61810302734375 -10.75 0
      vertex 48.810638427734375 -22.21344757080078 0
      vertex 47.33155822753906 -23.692529678344727 0
    endloop
  endfacet
  facet normal 0 0 -1
    outer loop
      vertex 44.61810302734375 -10.75 0
      vertex 50.010406494140625 -20.5 0
      vertex 48.810638427734375 -22.21344757080078 0
    endloop
  endfacet
  facet normal 0 0 -1
    outer loop
      vertex 44.61810302734375 -10.75 0
      vertex 50.8944091796875 -18.60424041748047 0
      vertex 50.010406494140625 -20.5 0
    endloop
  endfacet
  facet normal 0 0 -1
    outer loop
      vertex 44.61810302734375 -10.75 0
      vertex 51.435791015625 -16.583778381347656 0
      vertex 50.8944091796875 -18.60424041748047 0
    endloop
  endfacet
  facet normal 0 0 -1
    outer loop
      vertex 44.61810302734375 -10.75 0
      vertex 51.61810302734375 -14.5 0
      vertex 51.435791015625 -16.583778381347656 0
    endloop
  endfacet
  facet normal 0 0 -1
    outer loop
      vertex 44.61810302734375 -10.75 0
      vertex 51.61810302734375 -10.75 0
      vertex 51.61810302734375 -14.5 0
    endloop
  endfacet
  facet normal 0 0 -1
    outer loop
      vertex 44.61810302734375 10.75 0
      vertex 44.61810302734375 24.45000457763672 0
      vertex 45.61810302734375 24.892303466796875 0
    endloop
  endfacet
  facet normal 0 0 -1
    outer loop
      vertex 44.61810302734375 10.75 0
      vertex 45.61810302734375 24.892303466796875 0
      vertex 47.33155822753906 23.692527770996094 0
    endloop
  endfacet
  facet normal 0 0 -1
    outer loop
      vertex 44.61810302734375 10.75 0
      vertex 45.707539649431546 0.10314439789266502 0
      vertex 45.7045105402688 -0.13274730200377152 0
    endloop
  endfacet
  facet normal 0 0 -1
    outer loop
      vertex 44.61810302734375 10.75 0
      vertex 45.723413818806364 0.23587610142973697 0
      vertex 45.707539649431546 0.10314439789266502 0
    endloop
  endfacet
  facet normal 0 0 -1
    outer loop
      vertex 44.61810302734375 10.75 0
      vertex 45.76141478829325 0.40705789590491065 0
      vertex 45.723413818806364 0.23587610142973697 0
    endloop
  endfacet
  facet normal 0 0 -1
    outer loop
      vertex 44.61810302734375 10.75 0
      vertex 45.81747637955434 0.6289641496748587 0
      vertex 45.76141478829325 0.40705789590491065 0
    endloop
  endfacet
  facet normal 0 0 -1
    outer loop
      vertex 44.61810302734375 10.75 0
      vertex 45.91453410101083 0.6881837817690865 0
      vertex 45.81747637955434 0.6289641496748587 0
    endloop
  endfacet
  facet normal 0 0 -1
    outer loop
      vertex 44.61810302734375 10.75 0
      vertex 46.00876750673974 0.9076329407834236 0
      vertex 45.91453410101083 0.6881837817690865 0
    endloop
  endfacet
  facet normal 0 0 -1
    outer loop
      vertex 44.61810302734375 10.75 0
      vertex 46.117764589466546 1.1032503229380104 0
      vertex 46.00876750673974 0.9076329407834236 0
    endloop
  endfacet
  facet normal 0 0 -1
    outer loop
      vertex 44.61810302734375 10.75 0
      vertex 46.2402780185594 1.2554843327762573 0
      vertex 46.117764589466546 1.1032503229380104 0
    endloop
  endfacet
  facet normal 0 0 -1
    outer loop
      vertex 44.61810302734375 10.75 0
      vertex 46.3750269407295 1.3506715351872967 0
      vertex 46.2402780185594 1.2554843327762573 0
    endloop
  endfacet
  facet normal 0 0 -1
    outer loop
      vertex 44.61810302734375 10.75 0
      vertex 46.5206866567514 1.3797770767234157 0
      vertex 46.3750269407295 1.3506715351872967 0
    endloop
  endfacet
  facet normal 0 0 -1
    outer loop
      vertex 44.61810302734375 10.75 0
      vertex 46.62637811811196 1.563360801080156 0
      vertex 46.5206866567514 1.3797770767234157 0
    endloop
  endfacet
  facet normal 0 0 -1
    outer loop
      vertex 44.61810302734375 10.75 0
      vertex 46.77806623083292 0.8938251998434067 0
      vertex 46.62637811811196 1.563360801080156 0
    endloop
  endfacet
  facet normal 0 0 -1
    outer loop
      vertex 44.61810302734375 10.75 0
      vertex 47.30145694205584 1.9596498114063212 0
      vertex 46.77806623083292 0.8938251998434067 0
    endloop
  endfacet
  facet normal 0 0 -1
    outer loop
      vertex 44.61810302734375 10.75 0
      vertex 47.33155822753906 23.692527770996094 0
      vertex 48.810638427734375 22.21344757080078 0
    endloop
  endfacet
  facet normal 0 0 -1
    outer loop
      vertex 44.61810302734375 10.75 0
      vertex 48.810638427734375 22.21344757080078 0
      vertex 50.010406494140625 20.5 0
    endloop
  endfacet
  facet normal 0 0 -1
    outer loop
      vertex 44.61810302734375 10.75 0
      vertex 50.010406494140625 20.5 0
      vertex 50.8944091796875 18.60424041748047 0
    endloop
  endfacet
  facet normal 0 0 -1
    outer loop
      vertex 44.61810302734375 10.75 0
      vertex 50.8944091796875 18.60424041748047 0
      vertex 51.435791015625 16.583778381347656 0
    endloop
  endfacet
  facet normal 0 0 -1
    outer loop
      vertex 44.61810302734375 10.75 0
      vertex 51.435791015625 16.583778381347656 0
      vertex 51.61810302734375 14.5 0
    endloop
  endfacet
  facet normal 0 0 -1
    outer loop
      vertex 44.61810302734375 10.75 0
      vertex 51.61810302734375 10.75 0
      vertex 47.30145694205584 1.9596498114063212 0
    endloop
  endfacet
  facet normal 0 0 -1
    outer loop
      vertex 44.61810302734375 10.75 0
      vertex 51.61810302734375 14.5 0
      vertex 51.61810302734375 10.75 0
    endloop
  endfacet
  facet normal 0 0 -1
    outer loop
      vertex 44.618469190208934 -23.674951275544043 0
      vertex 44.65416114854912 -23.615064077561428 0
      vertex 44.65735802353701 -23.619299978658475 0
    endloop
  endfacet
  facet normal 0 0 -1
    outer loop
      vertex 44.618469190208934 -23.674951275544043 0
      vertex 44.65735802353701 -23.619299978658475 0
      vertex 45.61810302734375 -24.89229965209961 0
    endloop
  endfacet
  facet normal 0.6147670430979025 -0.053784959103603334 0.7868727094612478
    outer loop
      vertex 44.65391540527344 -14.5 2.350933074951172
      vertex 44.658660888671875 -15.388790130615234 2.2864742279052734
      vertex 44.736419677734375 -14.5 2.2864742279052734
    endloop
  endfacet
  facet normal 0.6156581827558774 0 0.7880133260330886
    outer loop
      vertex 44.65391540527344 -14.5 2.350933074951172
      vertex 44.736419677734375 -14.5 2.2864742279052734
      vertex 44.736419677734375 14.5 2.2864742279052734
    endloop
  endfacet
  facet normal 0.6156581827558774 0 0.7880133260330886
    outer loop
      vertex 44.65391540527344 -14.5 2.350933074951172
      vertex 44.736419677734375 14.5 2.2864742279052734
      vertex 44.65391540527344 14.5 2.350933074951172
    endloop
  endfacet
  facet normal 0.6147670507308158 0.05378472892673117 0.7868727192310154
    outer loop
      vertex 44.65391540527344 14.5 2.350933074951172
      vertex 44.736419677734375 14.5 2.2864742279052734
      vertex 44.658660888671875 15.3887939453125 2.2864742279052734
    endloop
  endfacet
  facet normal 0 0 -1
    outer loop
      vertex 44.65735802353701 -23.619299978658475 0
      vertex 44.68865585100403 -23.561525870995617 0
      vertex 44.69196162819093 -23.56625905187828 0
    endloop
  endfacet
  facet normal 0 0 -1
    outer loop
      vertex 44.65735802353701 -23.619299978658475 0
      vertex 44.69196162819093 -23.56625905187828 0
      vertex 45.61810302734375 -24.89229965209961 0
    endloop
  endfacet
  facet normal 0.522613800292665 -0.041221828606398725 0.85157241417862
    outer loop
      vertex 44.658660888671875 -15.388790130615234 2.2864742279052734
      vertex 44.85630798339844 -15.423641204833984 2.1634902954101562
      vertex 44.86810302734375 -14.5 2.2009620666503906
    endloop
  endfacet
  facet normal 0.5440039050043344 -0.047594008350572994 0.8377317958088739
    outer loop
      vertex 44.658660888671875 -15.388790130615234 2.2864742279052734
      vertex 44.86810302734375 -14.5 2.2009620666503906
      vertex 44.736419677734375 -14.5 2.2864742279052734
    endloop
  endfacet
  facet normal 0.5219460741126788 0.045664008956156625 0.8517553017178198
    outer loop
      vertex 44.658660888671875 15.3887939453125 2.2864742279052734
      vertex 44.736419677734375 14.5 2.2864742279052734
      vertex 44.85630798339844 15.423637390136719 2.1634902954101562
    endloop
  endfacet
  facet normal 0 0 -1
    outer loop
      vertex 44.69196162819093 -23.56625905187828 0
      vertex 44.72100902499413 -23.518858008398272 0
      vertex 45.61810302734375 -24.89229965209961 0
    endloop
  endfacet
  facet normal 0 0 -1
    outer loop
      vertex 44.69196162819093 -23.56625905187828 0
      vertex 44.72148405400789 -23.44392279918418 0
      vertex 44.72100902499413 -23.518858008398272 0
    endloop
  endfacet
  facet normal 0 0 -1
    outer loop
      vertex 44.72100902499413 -23.518858008398272 0
      vertex 44.72148405400789 -23.44392279918418 0
      vertex 44.74349938766453 -23.479485842824506 0
    endloop
  endfacet
  facet normal 0 0 -1
    outer loop
      vertex 44.72100902499413 -23.518858008398272 0
      vertex 44.74349938766453 -23.479485842824506 0
      vertex 45.61810302734375 -24.89229965209961 0
    endloop
  endfacet
  facet normal 0.5446210897352106 0 0.8386822214734445
    outer loop
      vertex 44.736419677734375 -14.5 2.2864742279052734
      vertex 44.86810302734375 -14.5 2.2009620666503906
      vertex 44.86810302734375 14.5 2.2009620666503906
    endloop
  endfacet
  facet normal 0.5446210897352106 0 0.8386822214734445
    outer loop
      vertex 44.736419677734375 -14.5 2.2864742279052734
      vertex 44.86810302734375 14.5 2.2009620666503906
      vertex 44.736419677734375 14.5 2.2864742279052734
    endloop
  endfacet
  facet normal 0.5441643554980325 0.04094571718981314 0.8379788794768176
    outer loop
      vertex 44.736419677734375 14.5 2.2864742279052734
      vertex 44.86810302734375 14.5 2.2009620666503906
      vertex 44.85630798339844 15.423637390136719 2.1634902954101562
    endloop
  endfacet
  facet normal 0 0 -1
    outer loop
      vertex 44.74349938766453 -23.479485842824506 0
      vertex 44.75261336008773 -23.43925926396889 0
      vertex 45.61810302734375 -24.89229965209961 0
    endloop
  endfacet
  facet normal 0.07137410798046415 -0.03328212275176138 0.9968941954967587
    outer loop
      vertex 44.81425476074219 -17.5 2
      vertex 45.256256103515625 -16.552120208740234 2
      vertex 45.03575134277344 -16.471858978271484 2.0184669494628906
    endloop
  endfacet
  facet normal 0 0 1
    outer loop
      vertex 44.81425476074219 -17.5 2
      vertex 46.81732177734375 -23.079700469970703 2
      vertex 48.19779968261719 -21.69921875 2
    endloop
  endfacet
  facet normal 0 0 1
    outer loop
      vertex 44.81425476074219 -17.5 2
      vertex 48.19779968261719 -21.69921875 2
      vertex 49.31758117675781 -20.099998474121094 2
    endloop
  endfacet
  facet normal 0 0 1
    outer loop
      vertex 44.81425476074219 -17.5 2
      vertex 49.31758117675781 -20.099998474121094 2
      vertex 45.256256103515625 -16.552120208740234 2
    endloop
  endfacet
  facet normal 0 0 1
    outer loop
      vertex 44.81425476074219 17.5 2
      vertex 45.256256103515625 16.5521240234375 2
      vertex 50.14265441894531 18.33062744140625 2
    endloop
  endfacet
  facet normal 0 0 1
    outer loop
      vertex 44.81425476074219 17.5 2
      vertex 46.81732177734375 23.07970428466797 2
      vertex 45.21809387207031 24.199478149414062 2
    endloop
  endfacet
  facet normal 0 0 1
    outer loop
      vertex 44.81425476074219 17.5 2
      vertex 48.19779968261719 21.69921875 2
      vertex 46.81732177734375 23.07970428466797 2
    endloop
  endfacet
  facet normal 0 0 1
    outer loop
      vertex 44.81425476074219 17.5 2
      vertex 49.31758117675781 20.099998474121094 2
      vertex 48.19779968261719 21.69921875 2
    endloop
  endfacet
  facet normal 0 0 1
    outer loop
      vertex 44.81425476074219 17.5 2
      vertex 50.14265441894531 18.33062744140625 2
      vertex 49.31758117675781 20.099998474121094 2
    endloop
  endfacet
  facet normal 0.22630580034451622 -0.06064011575394046 0.9721668895265755
    outer loop
      vertex 44.8206787109375 -16.39358901977539 2.0734148025512695
      vertex 45.03575134277344 -16.471858978271484 2.0184669494628906
      vertex 45.070465087890625 -15.46139907836914 2.0734148025512695
    endloop
  endfacet
  facet normal 0.3708498946084619 -0.09937164890231981 0.9233610513029704
    outer loop
      vertex 44.8206787109375 -16.39358901977539 2.0734148025512695
      vertex 45.070465087890625 -15.46139907836914 2.0734148025512695
      vertex 44.85630798339844 -15.423641204833984 2.1634902954101562
    endloop
  endfacet
  facet normal 0.22630198719162353 0.06063909399474362 0.9721678408961175
    outer loop
      vertex 44.8206787109375 16.393592834472656 2.0734148025512695
      vertex 45.070465087890625 15.461402893066406 2.0734148025512695
      vertex 45.295867919921875 15.501136779785156 2.0184669494628906
    endloop
  endfacet
  facet normal 0.22630547942035906 0.06064101084888373 0.9721669083997598
    outer loop
      vertex 44.8206787109375 16.393592834472656 2.0734148025512695
      vertex 45.295867919921875 15.501136779785156 2.0184669494628906
      vertex 45.03575134277344 16.47186279296875 2.0184669494628906
    endloop
  endfacet
  facet normal 0.4767377177183025 -0.04171039087811157 0.8780554605476462
    outer loop
      vertex 44.85630798339844 -15.423641204833984 2.1634902954101562
      vertex 44.93711853027344 -14.5 2.1634902954101562
      vertex 44.86810302734375 -14.5 2.2009620666503906
    endloop
  endfacet
  facet normal 0.38300762870602834 -0.030156533525156938 0.9232528038618303
    outer loop
      vertex 44.85630798339844 -15.423641204833984 2.1634902954101562
      vertex 45.070465087890625 -15.46139907836914 2.0734148025512695
      vertex 45.105072021484375 -14.5 2.090460777282715
    endloop
  endfacet
  facet normal 0.39851241332852066 -0.03486635924102385 0.9164999691305801
    outer loop
      vertex 44.85630798339844 -15.423641204833984 2.1634902954101562
      vertex 45.105072021484375 -14.5 2.090460777282715
      vertex 44.93711853027344 -14.5 2.1634902954101562
    endloop
  endfacet
  facet normal 0.47673771429277473 0.04171056284570075 0.8780554542385097
    outer loop
      vertex 44.85630798339844 15.423637390136719 2.1634902954101562
      vertex 44.86810302734375 14.5 2.2009620666503906
      vertex 44.93711853027344 14.5 2.1634902954101562
    endloop
  endfacet
  facet normal 0.38246942454770455 0.03346287589774982 0.9233619957648244
    outer loop
      vertex 44.85630798339844 15.423637390136719 2.1634902954101562
      vertex 44.93711853027344 14.5 2.1634902954101562
      vertex 45.070465087890625 15.461402893066406 2.0734148025512695
    endloop
  endfacet
  facet normal 0.477152963437807 0 0.8788202600546478
    outer loop
      vertex 44.86810302734375 -14.5 2.2009620666503906
      vertex 44.93711853027344 -14.5 2.1634902954101562
      vertex 44.93711853027344 14.5 2.1634902954101562
    endloop
  endfacet
  facet normal 0.477152963437807 0 0.8788202600546478
    outer loop
      vertex 44.86810302734375 -14.5 2.2009620666503906
      vertex 44.93711853027344 14.5 2.1634902954101562
      vertex 44.86810302734375 14.5 2.2009620666503906
    endloop
  endfacet
  facet normal 0.3987548628028727 0 0.91705755511367
    outer loop
      vertex 44.93711853027344 -14.5 2.1634902954101562
      vertex 45.105072021484375 -14.5 2.090460777282715
      vertex 45.105072021484375 14.5 2.090460777282715
    endloop
  endfacet
  facet normal 0.3987548628028727 0 0.91705755511367
    outer loop
      vertex 44.93711853027344 -14.5 2.1634902954101562
      vertex 45.105072021484375 14.5 2.090460777282715
      vertex 44.93711853027344 14.5 2.1634902954101562
    endloop
  endfacet
  facet normal 0.3985681412957763 0.030599077030788575 0.9166281324664293
    outer loop
      vertex 44.93711853027344 14.5 2.1634902954101562
      vertex 45.105072021484375 14.5 2.090460777282715
      vertex 45.070465087890625 15.461402893066406 2.0734148025512695
    endloop
  endfacet
  facet normal 0.0760689960418065 -0.020383673790412553 0.9968941837948487
    outer loop
      vertex 45.03575134277344 -16.471858978271484 2.0184669494628906
      vertex 45.256256103515625 -16.552120208740234 2
      vertex 45.295867919921875 -15.501140594482422 2.0184669494628906
    endloop
  endfacet
  facet normal 0.22629988291847394 -0.06063998780375097 0.9721682749762234
    outer loop
      vertex 45.03575134277344 -16.471858978271484 2.0184669494628906
      vertex 45.295867919921875 -15.501140594482422 2.0184669494628906
      vertex 45.070465087890625 -15.46139907836914 2.0734148025512695
    endloop
  endfacet
  facet normal 0.07607262722955999 0.020384486601678926 0.9968938900867927
    outer loop
      vertex 45.03575134277344 16.47186279296875 2.0184669494628906
      vertex 45.295867919921875 15.501136779785156 2.0184669494628906
      vertex 45.526947021484375 15.541893005371094 2
    endloop
  endfacet
  facet normal 0.07606933469376803 0.020382741837545328 0.9968941770089901
    outer loop
      vertex 45.03575134277344 16.47186279296875 2.0184669494628906
      vertex 45.526947021484375 15.541893005371094 2
      vertex 45.256256103515625 16.5521240234375 2
    endloop
  endfacet
  facet normal 0.32546903175145625 -0.028473132475175512 0.9451239019820737
    outer loop
      vertex 45.070465087890625 -15.46139907836914 2.0734148025512695
      vertex 45.154571533203125 -14.5 2.0734148025512695
      vertex 45.105072021484375 -14.5 2.090460777282715
    endloop
  endfacet
  facet normal 0.2337003132572358 -0.01861454208712946 0.9721304760197348
    outer loop
      vertex 45.070465087890625 -15.46139907836914 2.0734148025512695
      vertex 45.295867919921875 -15.501140594482422 2.0184669494628906
      vertex 45.357635498046875 -14.5 2.0227880477905273
    endloop
  endfacet
  facet normal 0.24185524380100323 -0.021158315307308873 0.970081628905173
    outer loop
      vertex 45.070465087890625 -15.46139907836914 2.0734148025512695
      vertex 45.357635498046875 -14.5 2.0227880477905273
      vertex 45.154571533203125 -14.5 2.0734148025512695
    endloop
  endfacet
  facet normal 0.32546903279842565 0.02847301958980299 0.94512390502235
    outer loop
      vertex 45.070465087890625 15.461402893066406 2.0734148025512695
      vertex 45.105072021484375 14.5 2.090460777282715
      vertex 45.154571533203125 14.5 2.0734148025512695
    endloop
  endfacet
  facet normal 0.2333922696490859 0.020417864669609667 0.972168277239276
    outer loop
      vertex 45.070465087890625 15.461402893066406 2.0734148025512695
      vertex 45.154571533203125 14.5 2.0734148025512695
      vertex 45.295867919921875 15.501136779785156 2.0184669494628906
    endloop
  endfacet
  facet normal 0.3256010440339522 0 0.9455072501699817
    outer loop
      vertex 45.105072021484375 -14.5 2.090460777282715
      vertex 45.154571533203125 -14.5 2.0734148025512695
      vertex 45.154571533203125 14.5 2.0734148025512695
    endloop
  endfacet
  facet normal 0.3256010440339522 0 0.9455072501699817
    outer loop
      vertex 45.105072021484375 -14.5 2.090460777282715
      vertex 45.154571533203125 14.5 2.0734148025512695
      vertex 45.105072021484375 14.5 2.090460777282715
    endloop
  endfacet
  facet normal 0.24190939817361096 0 0.9702988421487895
    outer loop
      vertex 45.154571533203125 -14.5 2.0734148025512695
      vertex 45.357635498046875 -14.5 2.0227880477905273
      vertex 45.357635498046875 14.5 2.0227880477905273
    endloop
  endfacet
  facet normal 0.24190939817361096 0 0.9702988421487895
    outer loop
      vertex 45.154571533203125 -14.5 2.0734148025512695
      vertex 45.357635498046875 14.5 2.0227880477905273
      vertex 45.154571533203125 14.5 2.0734148025512695
    endloop
  endfacet
  facet normal 0.2418652238420258 0.019109696670211306 0.9701216588598665
    outer loop
      vertex 45.154571533203125 14.5 2.0734148025512695
      vertex 45.357635498046875 14.5 2.0227880477905273
      vertex 45.295867919921875 15.501136779785156 2.0184669494628906
    endloop
  endfacet
  facet normal 0.40635006223013426 -0.5803300986511947 0.7057595932929717
    outer loop
      vertex 45.21809387207031 -24.199480056762695 2
      vertex 45.61810302734375 -24.89229965209961 1.1999998092651367
      vertex 47.33155822753906 -23.692529678344727 1.1999998092651367
    endloop
  endfacet
  facet normal 0.4063498419435813 -0.5803338569524575 0.705756629743647
    outer loop
      vertex 45.21809387207031 -24.199480056762695 2
      vertex 47.33155822753906 -23.692529678344727 1.1999998092651367
      vertex 46.81732177734375 -23.079700469970703 2
    endloop
  endfacet
  facet normal 0.40634546399880095 0.5803305700080034 0.7057618531783828
    outer loop
      vertex 45.21809387207031 24.199478149414062 2
      vertex 46.81732177734375 23.07970428466797 2
      vertex 45.61810302734375 24.892303466796875 1.1999998092651367
    endloop
  endfacet
  facet normal 0.07607341157281013 -0.02038383423533417 0.9968938435728953
    outer loop
      vertex 45.256256103515625 -16.552120208740234 2
      vertex 45.526947021484375 -15.541889190673828 2
      vertex 45.295867919921875 -15.501140594482422 2.0184669494628906
    endloop
  endfacet
  facet normal 0 0 1
    outer loop
      vertex 45.256256103515625 -16.552120208740234 2
      vertex 49.31758117675781 -20.099998474121094 2
      vertex 50.14265441894531 -18.33062744140625 2
    endloop
  endfacet
  facet normal 0 0 1
    outer loop
      vertex 45.256256103515625 -16.552120208740234 2
      vertex 50.14265441894531 -18.33062744140625 2
      vertex 45.526947021484375 -15.541889190673828 2
    endloop
  endfacet
  facet normal 0 0 1
    outer loop
      vertex 45.256256103515625 16.5521240234375 2
      vertex 45.526947021484375 15.541893005371094 2
      vertex 50.64794921875 16.444862365722656 2
    endloop
  endfacet
  facet normal 0 0 1
    outer loop
      vertex 45.256256103515625 16.5521240234375 2
      vertex 50.64794921875 16.444862365722656 2
      vertex 50.14265441894531 18.33062744140625 2
    endloop
  endfacet
  facet normal 0.16505523405267813 -0.014439966674094907 0.9861786131701836
    outer loop
      vertex 45.295867919921875 -15.501140594482422 2.0184669494628906
      vertex 45.383453369140625 -14.5 2.0184669494628906
      vertex 45.357635498046875 -14.5 2.0227880477905273
    endloop
  endfacet
  facet normal 0.07845752036342844 -0.006863908229765386 0.9968938279788051
    outer loop
      vertex 45.295867919921875 -15.501140594482422 2.0184669494628906
      vertex 45.526947021484375 -15.541889190673828 2
      vertex 45.383453369140625 -14.5 2.0184669494628906
    endloop
  endfacet
  facet normal 0.16505523392153992 0.014440021684176149 0.9861786123866539
    outer loop
      vertex 45.295867919921875 15.501136779785156 2.0184669494628906
      vertex 45.357635498046875 14.5 2.0227880477905273
      vertex 45.383453369140625 14.5 2.0184669494628906
    endloop
  endfacet
  facet normal 0.07845564669801526 0.006863770464279461 0.996893976386762
    outer loop
      vertex 45.295867919921875 15.501136779785156 2.0184669494628906
      vertex 45.383453369140625 14.5 2.0184669494628906
      vertex 45.61810302734375 14.5 2
    endloop
  endfacet
  facet normal 0.07845722939908704 0.006864282249659805 0.9968938483029254
    outer loop
      vertex 45.295867919921875 15.501136779785156 2.0184669494628906
      vertex 45.61810302734375 14.5 2
      vertex 45.526947021484375 15.541893005371094 2
    endloop
  endfacet
  facet normal 0.1650724447953147 0 0.9862814446035664
    outer loop
      vertex 45.357635498046875 -14.5 2.0227880477905273
      vertex 45.383453369140625 -14.5 2.0184669494628906
      vertex 45.383453369140625 14.5 2.0184669494628906
    endloop
  endfacet
  facet normal 0.1650724447953147 0 0.9862814446035664
    outer loop
      vertex 45.357635498046875 -14.5 2.0227880477905273
      vertex 45.383453369140625 14.5 2.0184669494628906
      vertex 45.357635498046875 14.5 2.0227880477905273
    endloop
  endfacet
  facet normal 0.0784556464834455 -0.0068641688910514 0.9968939736603386
    outer loop
      vertex 45.383453369140625 -14.5 2.0184669494628906
      vertex 45.526947021484375 -15.541889190673828 2
      vertex 45.61810302734375 -14.5 2
    endloop
  endfacet
  facet normal 0.07845749483883567 0 0.996917459724532
    outer loop
      vertex 45.383453369140625 -14.5 2.0184669494628906
      vertex 45.61810302734375 -14.5 2
      vertex 45.61810302734375 -10.75 2
    endloop
  endfacet
  facet normal 0.07845749483883567 0 0.9969174597245322
    outer loop
      vertex 45.383453369140625 -14.5 2.0184669494628906
      vertex 45.61810302734375 -10.75 2
      vertex 45.383453369140625 14.5 2.0184669494628906
    endloop
  endfacet
  facet normal 0.07845749483883567 0 0.996917459724532
    outer loop
      vertex 45.383453369140625 14.5 2.0184669494628906
      vertex 45.61810302734375 -10.75 2
      vertex 45.61810302734375 10.75 2
    endloop
  endfacet
  facet normal 0.07845749483883567 0 0.996917459724532
    outer loop
      vertex 45.383453369140625 14.5 2.0184669494628906
      vertex 45.61810302734375 10.75 2
      vertex 45.61810302734375 14.5 2
    endloop
  endfacet
  facet normal 0 0 1
    outer loop
      vertex 45.526947021484375 -15.541889190673828 2
      vertex 50.14265441894531 -18.33062744140625 2
      vertex 50.64794921875 -16.44485855102539 2
    endloop
  endfacet
  facet normal 0 0 1
    outer loop
      vertex 45.526947021484375 -15.541889190673828 2
      vertex 50.64794921875 -16.44485855102539 2
      vertex 45.61810302734375 -14.5 2
    endloop
  endfacet
  facet normal 0 0 1
    outer loop
      vertex 45.526947021484375 15.541893005371094 2
      vertex 45.61810302734375 14.5 2
      vertex 50.81809997558594 14.5 2
    endloop
  endfacet
  facet normal 0 0 1
    outer loop
      vertex 45.526947021484375 15.541893005371094 2
      vertex 50.81809997558594 14.5 2
      vertex 50.64794921875 16.444862365722656 2
    endloop
  endfacet
  facet normal 0.5735750653543024 -0.8191530042695367 0
    outer loop
      vertex 45.61810302734375 -24.89229965209961 0
      vertex 47.33155822753906 -23.692529678344727 0
      vertex 45.61810302734375 -24.89229965209961 1.1999998092651367
    endloop
  endfacet
  facet normal 0.5735750653543024 -0.8191530042695367 0
    outer loop
      vertex 45.61810302734375 -24.89229965209961 1.1999998092651367
      vertex 47.33155822753906 -23.692529678344727 0
      vertex 47.33155822753906 -23.692529678344727 1.1999998092651367
    endloop
  endfacet
  facet normal 0 0 1
    outer loop
      vertex 45.61810302734375 -14.5 2
      vertex 50.64794921875 -16.44485855102539 2
      vertex 50.81809997558594 -14.5 2
    endloop
  endfacet
  facet normal 0 0 1
    outer loop
      vertex 45.61810302734375 -14.5 2
      vertex 50.81809997558594 -14.5 2
      vertex 45.61810302734375 -10.75 2
    endloop
  endfacet
  facet normal 0 0 1
    outer loop
      vertex 45.61810302734375 -10.75 2
      vertex 45.71577059737105 -0.2497748977458268 2
      vertex 45.71577059737105 0.2497748977458268 2
    endloop
  endfacet
  facet normal 0 0 1
    outer loop
      vertex 45.61810302734375 -10.75 2
      vertex 45.71577059737105 0.2497748977458268 2
      vertex 45.61810302734375 10.75 2
    endloop
  endfacet
  facet normal 0 0 1
    outer loop
      vertex 45.61810302734375 -10.75 2
      vertex 45.729783475815644 -0.34243529658092214 2
      vertex 45.71577059737105 -0.2497748977458268 2
    endloop
  endfacet
  facet normal 0 0 1
    outer loop
      vertex 45.61810302734375 -10.75 2
      vertex 45.769238032857814 -0.5207901538189826 2
      vertex 45.729783475815644 -0.34243529658092214 2
    endloop
  endfacet
  facet normal 0 0 1
    outer loop
      vertex 45.61810302734375 -10.75 2
      vertex 45.837107077736825 -0.5236387417423559 2
      vertex 45.769238032857814 -0.5207901538189826 2
    endloop
  endfacet
  facet normal 0 0 1
    outer loop
      vertex 45.61810302734375 -10.75 2
      vertex 45.8404470282235 -0.4525185741707806 2
      vertex 45.837107077736825 -0.5236387417423559 2
    endloop
  endfacet
  facet normal 0 0 1
    outer loop
      vertex 45.61810302734375 -10.75 2
      vertex 45.91857183234511 -0.9090856469366974 2
      vertex 45.8404470282235 -0.4525185741707806 2
    endloop
  endfacet
  facet normal 0 0 1
    outer loop
      vertex 45.61810302734375 -10.75 2
      vertex 46.03916969960809 -0.6996302830718248 2
      vertex 45.91857183234511 -0.9090856469366974 2
    endloop
  endfacet
  facet normal 0 0 1
    outer loop
      vertex 45.61810302734375 -10.75 2
      vertex 46.04583885145088 -0.6938124724942031 2
      vertex 46.03916969960809 -0.6996302830718248 2
    endloop
  endfacet
  facet normal 0 0 1
    outer loop
      vertex 45.61810302734375 -10.75 2
      vertex 46.15494015609441 -1.0180975307387916 2
      vertex 46.04583885145088 -0.6938124724942031 2
    endloop
  endfacet
  facet normal 0 0 1
    outer loop
      vertex 45.61810302734375 -10.75 2
      vertex 46.2829914474159 -1.2362935939583097 2
      vertex 46.15494015609441 -1.0180975307387916 2
    endloop
  endfacet
  facet normal 0 0 1
    outer loop
      vertex 45.61810302734375 -10.75 2
      vertex 46.42215262430677 -1.3500946982671442 2
      vertex 46.2829914474159 -1.2362935939583097 2
    endloop
  endfacet
  facet normal 0 0 1
    outer loop
      vertex 45.61810302734375 -10.75 2
      vertex 46.57123771569776 -1.3616247740810619 2
      vertex 46.42215262430677 -1.3500946982671442 2
    endloop
  endfacet
  facet normal 0 0 1
    outer loop
      vertex 45.61810302734375 -10.75 2
      vertex 46.681274784552365 -1.6805919853731093 2
      vertex 46.57123771569776 -1.3616247740810619 2
    endloop
  endfacet
  facet normal 0 0 1
    outer loop
      vertex 45.61810302734375 -10.75 2
      vertex 46.77809046677501 -0.8953679809356057 2
      vertex 46.681274784552365 -1.6805919853731093 2
    endloop
  endfacet
  facet normal 0 0 1
    outer loop
      vertex 45.61810302734375 -10.75 2
      vertex 46.90570421873044 -1.2066510517675573 2
      vertex 46.77809046677501 -0.8953679809356057 2
    endloop
  endfacet
  facet normal 0 0 1
    outer loop
      vertex 45.61810302734375 -10.75 2
      vertex 50.81809997558594 -14.5 2
      vertex 50.81809997558594 -10.75 2
    endloop
  endfacet
  facet normal 0 0 1
    outer loop
      vertex 45.61810302734375 -10.75 2
      vertex 50.81809997558594 -10.75 2
      vertex 46.90570421873044 -1.2066510517675573 2
    endloop
  endfacet
  facet normal 0 0 1
    outer loop
      vertex 45.61810302734375 10.75 2
      vertex 45.71577059737105 0.2497748977458268 2
      vertex 45.729783475815644 0.34243529658092214 2
    endloop
  endfacet
  facet normal 0 0 1
    outer loop
      vertex 45.61810302734375 10.75 2
      vertex 45.729783475815644 0.34243529658092214 2
      vertex 45.769238032857814 0.5207901538189826 2
    endloop
  endfacet
  facet normal 0 0 1
    outer loop
      vertex 45.61810302734375 10.75 2
      vertex 45.769238032857814 0.5207901538189826 2
      vertex 45.83297724021264 0.7164808850014973 2
    endloop
  endfacet
  facet normal 0 0 1
    outer loop
      vertex 45.61810302734375 10.75 2
      vertex 45.83297724021264 0.7164808850014973 2
      vertex 45.91857183234511 0.9090856469366974 2
    endloop
  endfacet
  facet normal 0 0 1
    outer loop
      vertex 45.61810302734375 10.75 2
      vertex 45.91857183234511 0.9090856469366974 2
      vertex 46.02284971956343 1.0891691471657787 2
    endloop
  endfacet
  facet normal 0 0 1
    outer loop
      vertex 45.61810302734375 10.75 2
      vertex 46.02284971956343 1.0891691471657787 2
      vertex 46.15897351444843 0.9449799164333129 2
    endloop
  endfacet
  facet normal 0 0 1
    outer loop
      vertex 45.61810302734375 10.75 2
      vertex 46.15897351444843 0.9449799164333129 2
      vertex 46.28578643762691 1.1963008440885021 2
    endloop
  endfacet
  facet normal 0 0 1
    outer loop
      vertex 45.61810302734375 10.75 2
      vertex 46.28578643762691 1.1963008440885021 2
      vertex 46.42515202050262 1.3150296471684269 2
    endloop
  endfacet
  facet normal 0 0 1
    outer loop
      vertex 45.61810302734375 10.75 2
      vertex 46.42515202050262 1.3150296471684269 2
      vertex 46.575833244295744 1.316358824403196 2
    endloop
  endfacet
  facet normal 0 0 1
    outer loop
      vertex 45.61810302734375 10.75 2
      vertex 46.575833244295744 1.316358824403196 2
      vertex 46.628346410042006 0.924024710940955 2
    endloop
  endfacet
  facet normal 0 0 1
    outer loop
      vertex 45.61810302734375 10.75 2
      vertex 46.628346410042006 0.924024710940955 2
      vertex 50.81809997558594 10.75 2
    endloop
  endfacet
  facet normal 0 0 1
    outer loop
      vertex 45.61810302734375 10.75 2
      vertex 50.81809997558594 10.75 2
      vertex 45.61810302734375 14.5 2
    endloop
  endfacet
  facet normal 0 0 1
    outer loop
      vertex 45.61810302734375 14.5 2
      vertex 50.81809997558594 10.75 2
      vertex 50.81809997558594 14.5 2
    endloop
  endfacet
  facet normal 0.5735769009314668 0.8191517189860827 0
    outer loop
      vertex 45.61810302734375 24.892303466796875 0
      vertex 45.61810302734375 24.892303466796875 1.1999998092651367
      vertex 47.33155822753906 23.692527770996094 1.1999998092651367
    endloop
  endfacet
  facet normal 0.5735769009314668 0.8191517189860827 0
    outer loop
      vertex 45.61810302734375 24.892303466796875 0
      vertex 47.33155822753906 23.692527770996094 1.1999998092651367
      vertex 47.33155822753906 23.692527770996094 0
    endloop
  endfacet
  facet normal 0.40635414832837213 0.5803331664503061 0.7057547180530107
    outer loop
      vertex 45.61810302734375 24.892303466796875 1.1999998092651367
      vertex 46.81732177734375 23.07970428466797 2
      vertex 47.33155822753906 23.692527770996094 1.1999998092651367
    endloop
  endfacet
  facet normal 0 0 -1
    outer loop
      vertex 45.7045105402688 -0.13274730200377152 0
      vertex 45.707539649431546 0.10314439789266502 0
      vertex 45.71577059737105 -0.022704918988034273 0
    endloop
  endfacet
  facet normal 0 0 -1
    outer loop
      vertex 45.7045105402688 -0.13274730200377152 0
      vertex 45.71577059737105 -0.022704918988034273 0
      vertex 45.719272363095904 -0.2752711555597661 0
    endloop
  endfacet
  facet normal 0 0 -1
    outer loop
      vertex 45.707539649431546 0.10314439789266502 0
      vertex 45.71577059737105 0.022704918988034273 0
      vertex 45.71577059737105 -0.022704918988034273 0
    endloop
  endfacet
  facet normal 0 0 -1
    outer loop
      vertex 45.707539649431546 0.10314439789266502 0
      vertex 45.723413818806364 0.23587610142973697 0
      vertex 45.71577059737105 0.022704918988034273 0
    endloop
  endfacet
  facet normal 0 0 1
    outer loop
      vertex 45.71577059737105 -0.2497748977458268 2
      vertex 45.71946282660024 0.01563118677166712 2
      vertex 45.71577059737105 0.2497748977458268 2
    endloop
  endfacet
  facet normal 0 0 1
    outer loop
      vertex 45.71577059737105 -0.2497748977458268 2
      vertex 45.72006128237595 -0.02246455763979512 2
      vertex 45.71946282660024 0.01563118677166712 2
    endloop
  endfacet
  facet normal 0 0 1
    outer loop
      vertex 45.71577059737105 -0.2497748977458268 2
      vertex 45.724623318809726 -0.07455543574889872 2
      vertex 45.72006128237595 -0.02246455763979512 2
    endloop
  endfacet
  facet normal 0 0 1
    outer loop
      vertex 45.71577059737105 -0.2497748977458268 2
      vertex 45.729783475815644 -0.34243529658092214 2
      vertex 45.724623318809726 -0.07455543574889872 2
    endloop
  endfacet
  facet normal 0 0 -1
    outer loop
      vertex 45.71577059737105 -0.022704918988034273 0
      vertex 45.71577059737105 0.022704918988034273 0
      vertex 45.71946282660024 -0.01563118677166712 0
    endloop
  endfacet
  facet normal 0 0 -1
    outer loop
      vertex 45.71577059737105 -0.022704918988034273 0
      vertex 45.71946282660024 -0.01563118677166712 0
      vertex 45.719272363095904 -0.2752711555597661 0
    endloop
  endfacet
  facet normal 0 0 -1
    outer loop
      vertex 45.71577059737105 0.022704918988034273 0
      vertex 45.723413818806364 0.23587610142973697 0
      vertex 45.71946282660024 -0.01563118677166712 0
    endloop
  endfacet
  facet normal 0 0 1
    outer loop
      vertex 45.71577059737105 0.2497748977458268 2
      vertex 45.71946282660024 0.01563118677166712 2
      vertex 45.727797654343014 0.11080107467398081 2
    endloop
  endfacet
  facet normal 0 0 1
    outer loop
      vertex 45.71577059737105 0.2497748977458268 2
      vertex 45.727797654343014 0.11080107467398081 2
      vertex 45.729783475815644 0.34243529658092214 2
    endloop
  endfacet
  facet normal 0 0 -1
    outer loop
      vertex 45.719272363095904 -0.2752711555597661 0
      vertex 45.71946282660024 -0.01563118677166712 0
      vertex 45.72625780148842 -0.2088230892674009 0
    endloop
  endfacet
  facet normal 0 0 -1
    outer loop
      vertex 45.719272363095904 -0.2752711555597661 0
      vertex 45.72625780148842 -0.2088230892674009 0
      vertex 45.751414058430235 -0.22955597642467493 0
    endloop
  endfacet
  facet normal 0 0 -1
    outer loop
      vertex 45.719272363095904 -0.2752711555597661 0
      vertex 45.751414058430235 -0.22955597642467493 0
      vertex 45.75502565622783 -0.4648570241087818 0
    endloop
  endfacet
  facet normal 0 0 -1
    outer loop
      vertex 45.71946282660024 -0.01563118677166712 0
      vertex 45.723413818806364 0.23587610142973697 0
      vertex 45.724623318809726 0.2243708913214784 0
    endloop
  endfacet
  facet normal 0 0 -1
    outer loop
      vertex 45.71946282660024 -0.01563118677166712 0
      vertex 45.724623318809726 0.2243708913214784 0
      vertex 45.72625780148842 -0.2088230892674009 0
    endloop
  endfacet
  facet normal 0 0 1
    outer loop
      vertex 45.71946282660024 0.01563118677166712 2
      vertex 45.72006128237595 -0.02246455763979512 2
      vertex 45.724623318809726 -0.07455543574889872 2
    endloop
  endfacet
  facet normal 0 0 1
    outer loop
      vertex 45.71946282660024 0.01563118677166712 2
      vertex 45.724623318809726 -0.07455543574889872 2
      vertex 45.727797654343014 0.11080107467398081 2
    endloop
  endfacet
  facet normal 0 0 -1
    outer loop
      vertex 45.723413818806364 0.23587610142973697 0
      vertex 45.748166476122506 0.21743581862757247 0
      vertex 45.724623318809726 0.2243708913214784 0
    endloop
  endfacet
  facet normal 0 0 -1
    outer loop
      vertex 45.723413818806364 0.23587610142973697 0
      vertex 45.76141478829325 0.40705789590491065 0
      vertex 45.748166476122506 0.21743581862757247 0
    endloop
  endfacet
  facet normal 0 0 1
    outer loop
      vertex 45.724623318809726 -0.07455543574889872 2
      vertex 45.729783475815644 -0.34243529658092214 2
      vertex 45.73200659286728 -0.15712623553562602 2
    endloop
  endfacet
  facet normal 0 0 1
    outer loop
      vertex 45.724623318809726 -0.07455543574889872 2
      vertex 45.73200659286728 -0.15712623553562602 2
      vertex 45.727797654343014 0.11080107467398081 2
    endloop
  endfacet
  facet normal 0 0 -1
    outer loop
      vertex 45.724623318809726 0.2243708913214784 0
      vertex 45.73200659286728 0.15712623553562602 0
      vertex 45.72625780148842 -0.2088230892674009 0
    endloop
  endfacet
  facet normal 0 0 -1
    outer loop
      vertex 45.724623318809726 0.2243708913214784 0
      vertex 45.748166476122506 0.21743581862757247 0
      vertex 45.73200659286728 0.15712623553562602 0
    endloop
  endfacet
  facet normal 0 0 -1
    outer loop
      vertex 45.72625780148842 -0.2088230892674009 0
      vertex 45.73200659286728 0.15712623553562602 0
      vertex 45.735425498542625 -0.16988578166936188 0
    endloop
  endfacet
  facet normal 0 0 -1
    outer loop
      vertex 45.72625780148842 -0.2088230892674009 0
      vertex 45.735425498542625 -0.16988578166936188 0
      vertex 45.751414058430235 -0.22955597642467493 0
    endloop
  endfacet
  facet normal 0 0 1
    outer loop
      vertex 45.727797654343014 0.11080107467398081 2
      vertex 45.73200659286728 -0.15712623553562602 2
      vertex 45.735425498542625 0.16988578166936188 2
    endloop
  endfacet
  facet normal 0 0 1
    outer loop
      vertex 45.727797654343014 0.11080107467398081 2
      vertex 45.735425498542625 0.16988578166936188 2
      vertex 45.729783475815644 0.34243529658092214 2
    endloop
  endfacet
  facet normal 0 0 1
    outer loop
      vertex 45.729783475815644 -0.34243529658092214 2
      vertex 45.76283367774274 -0.2721746308374743 2
      vertex 45.73200659286728 -0.15712623553562602 2
    endloop
  endfacet
  facet normal 0 0 1
    outer loop
      vertex 45.729783475815644 -0.34243529658092214 2
      vertex 45.769238032857814 -0.5207901538189826 2
      vertex 45.76283367774274 -0.2721746308374743 2
    endloop
  endfacet
  facet normal 0 0 1
    outer loop
      vertex 45.729783475815644 0.34243529658092214 2
      vertex 45.735425498542625 0.16988578166936188 2
      vertex 45.76617555583301 0.28464670573956313 2
    endloop
  endfacet
  facet normal 0 0 1
    outer loop
      vertex 45.729783475815644 0.34243529658092214 2
      vertex 45.76617555583301 0.28464670573956313 2
      vertex 45.769238032857814 0.5207901538189826 2
    endloop
  endfacet
  facet normal 0 0 1
    outer loop
      vertex 45.73200659286728 -0.15712623553562602 2
      vertex 45.76283367774274 -0.2721746308374743 2
      vertex 45.76617555583301 0.28464670573956313 2
    endloop
  endfacet
  facet normal 0 0 1
    outer loop
      vertex 45.73200659286728 -0.15712623553562602 2
      vertex 45.76617555583301 0.28464670573956313 2
      vertex 45.735425498542625 0.16988578166936188 2
    endloop
  endfacet
  facet normal 0 0 -1
    outer loop
      vertex 45.73200659286728 0.15712623553562602 0
      vertex 45.748166476122506 0.21743581862757247 0
      vertex 45.751414058430235 -0.22955597642467493 0
    endloop
  endfacet
  facet normal 0 0 -1
    outer loop
      vertex 45.73200659286728 0.15712623553562602 0
      vertex 45.751414058430235 -0.22955597642467493 0
      vertex 45.735425498542625 -0.16988578166936188 0
    endloop
  endfacet
  facet normal 0 0 -1
    outer loop
      vertex 45.748166476122506 0.21743581862757247 0
      vertex 45.76141478829325 0.40705789590491065 0
      vertex 45.751414058430235 -0.22955597642467493 0
    endloop
  endfacet
  facet normal 0 0 -1
    outer loop
      vertex 45.751414058430235 -0.22955597642467493 0
      vertex 45.76141478829325 0.40705789590491065 0
      vertex 45.76283367774274 0.39422194692807 0
    endloop
  endfacet
  facet normal 0 0 -1
    outer loop
      vertex 45.751414058430235 -0.22955597642467493 0
      vertex 45.76283367774274 0.39422194692807 0
      vertex 45.76472266009057 -0.37713331395273736 0
    endloop
  endfacet
  facet normal 0 0 -1
    outer loop
      vertex 45.751414058430235 -0.22955597642467493 0
      vertex 45.76472266009057 -0.37713331395273736 0
      vertex 45.75502565622783 -0.4648570241087818 0
    endloop
  endfacet
  facet normal 0 0 -1
    outer loop
      vertex 45.75502565622783 -0.4648570241087818 0
      vertex 45.76472266009057 -0.37713331395273736 0
      vertex 45.80177023597298 -0.3708377669507468 0
    endloop
  endfacet
  facet normal 0 0 -1
    outer loop
      vertex 45.75502565622783 -0.4648570241087818 0
      vertex 45.80177023597298 -0.3708377669507468 0
      vertex 45.813401694655155 -0.6633487988480544 0
    endloop
  endfacet
  facet normal 0 0 -1
    outer loop
      vertex 45.76141478829325 0.40705789590491065 0
      vertex 45.797886967409696 0.3625099656912036 0
      vertex 45.76283367774274 0.39422194692807 0
    endloop
  endfacet
  facet normal 0 0 -1
    outer loop
      vertex 45.76141478829325 0.40705789590491065 0
      vertex 45.81747637955434 0.6289641496748587 0
      vertex 45.797886967409696 0.3625099656912036 0
    endloop
  endfacet
  facet normal 0 0 1
    outer loop
      vertex 45.76283367774274 -0.2721746308374743 2
      vertex 45.769238032857814 -0.5207901538189826 2
      vertex 45.775590767853664 -0.31469500885273904 2
    endloop
  endfacet
  facet normal 0 0 1
    outer loop
      vertex 45.76283367774274 -0.2721746308374743 2
      vertex 45.775590767853664 -0.31469500885273904 2
      vertex 45.76617555583301 0.28464670573956313 2
    endloop
  endfacet
  facet normal 0 0 -1
    outer loop
      vertex 45.76283367774274 0.39422194692807 0
      vertex 45.775590767853664 0.31469500885273904 0
      vertex 45.76472266009057 -0.37713331395273736 0
    endloop
  endfacet
  facet normal 0 0 -1
    outer loop
      vertex 45.76283367774274 0.39422194692807 0
      vertex 45.797886967409696 0.3625099656912036 0
      vertex 45.775590767853664 0.31469500885273904 0
    endloop
  endfacet
  facet normal 0 0 -1
    outer loop
      vertex 45.76472266009057 -0.37713331395273736 0
      vertex 45.775590767853664 0.31469500885273904 0
      vertex 45.779412628646114 -0.3228911190631123 0
    endloop
  endfacet
  facet normal 0 0 -1
    outer loop
      vertex 45.76472266009057 -0.37713331395273736 0
      vertex 45.779412628646114 -0.3228911190631123 0
      vertex 45.80177023597298 -0.3708377669507468 0
    endloop
  endfacet
  facet normal 0 0 1
    outer loop
      vertex 45.76617555583301 0.28464670573956313 2
      vertex 45.775590767853664 -0.31469500885273904 2
      vertex 45.779412628646114 0.3228911190631123 2
    endloop
  endfacet
  facet normal 0 0 1
    outer loop
      vertex 45.76617555583301 0.28464670573956313 2
      vertex 45.779412628646114 0.3228911190631123 2
      vertex 45.769238032857814 0.5207901538189826 2
    endloop
  endfacet
  facet normal 0 0 1
    outer loop
      vertex 45.769238032857814 -0.5207901538189826 2
      vertex 45.81823846209155 -0.40615443690996517 2
      vertex 45.775590767853664 -0.31469500885273904 2
    endloop
  endfacet
  facet normal 0 0 1
    outer loop
      vertex 45.769238032857814 -0.5207901538189826 2
      vertex 45.837107077736825 -0.5236387417423559 2
      vertex 45.81823846209155 -0.40615443690996517 2
    endloop
  endfacet
  facet normal 0 0 1
    outer loop
      vertex 45.769238032857814 0.5207901538189826 2
      vertex 45.779412628646114 0.3228911190631123 2
      vertex 45.82236180777334 0.4149970917000442 2
    endloop
  endfacet
  facet normal 0 0 1
    outer loop
      vertex 45.769238032857814 0.5207901538189826 2
      vertex 45.82236180777334 0.4149970917000442 2
      vertex 45.83297724021264 0.7164808850014973 2
    endloop
  endfacet
  facet normal 0 0 1
    outer loop
      vertex 45.775590767853664 -0.31469500885273904 2
      vertex 45.81823846209155 -0.40615443690996517 2
      vertex 45.82236180777334 0.4149970917000442 2
    endloop
  endfacet
  facet normal 0 0 1
    outer loop
      vertex 45.775590767853664 -0.31469500885273904 2
      vertex 45.82236180777334 0.4149970917000442 2
      vertex 45.779412628646114 0.3228911190631123 2
    endloop
  endfacet
  facet normal 0 0 -1
    outer loop
      vertex 45.775590767853664 0.31469500885273904 0
      vertex 45.797886967409696 0.3625099656912036 0
      vertex 45.80177023597298 -0.3708377669507468 0
    endloop
  endfacet
  facet normal 0 0 -1
    outer loop
      vertex 45.775590767853664 0.31469500885273904 0
      vertex 45.80177023597298 -0.3708377669507468 0
      vertex 45.779412628646114 -0.3228911190631123 0
    endloop
  endfacet
  facet normal 0 0 -1
    outer loop
      vertex 45.797886967409696 0.3625099656912036 0
      vertex 45.81747637955434 0.6289641496748587 0
      vertex 45.80177023597298 -0.3708377669507468 0
    endloop
  endfacet
  facet normal 0 0 -1
    outer loop
      vertex 45.80177023597298 -0.3708377669507468 0
      vertex 45.81747637955434 0.6289641496748587 0
      vertex 45.81923347215603 -0.6141367423614957 0
    endloop
  endfacet
  facet normal 0 0 -1
    outer loop
      vertex 45.80177023597298 -0.3708377669507468 0
      vertex 45.81923347215603 -0.6141367423614957 0
      vertex 45.813401694655155 -0.6633487988480544 0
    endloop
  endfacet
  facet normal 0 0 -1
    outer loop
      vertex 45.813401694655155 -0.6633487988480544 0
      vertex 45.81923347215603 -0.6141367423614957 0
      vertex 45.892830370436634 -0.8566300283326517 0
    endloop
  endfacet
  facet normal 0 0 -1
    outer loop
      vertex 45.81747637955434 0.6289641496748587 0
      vertex 45.836270265515935 0.4703700027950744 0
      vertex 45.81923347215603 -0.6141367423614957 0
    endloop
  endfacet
  facet normal 0 0 -1
    outer loop
      vertex 45.81747637955434 0.6289641496748587 0
      vertex 45.8404470282235 0.4525185741707806 0
      vertex 45.836270265515935 0.4703700027950744 0
    endloop
  endfacet
  facet normal 0 0 -1
    outer loop
      vertex 45.81747637955434 0.6289641496748587 0
      vertex 45.890345895067966 0.5237833285482755 0
      vertex 45.8404470282235 0.4525185741707806 0
    endloop
  endfacet
  facet normal 0 0 -1
    outer loop
      vertex 45.81747637955434 0.6289641496748587 0
      vertex 45.91453410101083 0.6881837817690865 0
      vertex 45.890345895067966 0.5237833285482755 0
    endloop
  endfacet
  facet normal 0 0 1
    outer loop
      vertex 45.81823846209155 -0.40615443690996517 2
      vertex 45.837107077736825 -0.5236387417423559 2
      vertex 45.82236180777334 0.4149970917000442 2
    endloop
  endfacet
  facet normal 0 0 -1
    outer loop
      vertex 45.81923347215603 -0.6141367423614957 0
      vertex 45.836270265515935 0.4703700027950744 0
      vertex 45.8404470282235 -0.4525185741707806 0
    endloop
  endfacet
  facet normal 0 0 -1
    outer loop
      vertex 45.81923347215603 -0.6141367423614957 0
      vertex 45.8404470282235 -0.4525185741707806 0
      vertex 45.89538201141375 -0.530975828440457 0
    endloop
  endfacet
  facet normal 0 0 -1
    outer loop
      vertex 45.81923347215603 -0.6141367423614957 0
      vertex 45.89538201141375 -0.530975828440457 0
      vertex 45.892830370436634 -0.8566300283326517 0
    endloop
  endfacet
  facet normal 0 0 1
    outer loop
      vertex 45.82236180777334 0.4149970917000442 2
      vertex 45.837107077736825 -0.5236387417423559 2
      vertex 45.8404470282235 -0.4525185741707806 2
    endloop
  endfacet
  facet normal 0 0 1
    outer loop
      vertex 45.82236180777334 0.4149970917000442 2
      vertex 45.8404470282235 -0.4525185741707806 2
      vertex 45.8404470282235 0.4525185741707806 2
    endloop
  endfacet
  facet normal 0 0 1
    outer loop
      vertex 45.82236180777334 0.4149970917000442 2
      vertex 45.8404470282235 0.4525185741707806 2
      vertex 45.83297724021264 0.7164808850014973 2
    endloop
  endfacet
  facet normal 0 0 1
    outer loop
      vertex 45.83297724021264 0.7164808850014973 2
      vertex 45.8404470282235 0.4525185741707806 2
      vertex 45.92328343404537 0.5708241888616057 2
    endloop
  endfacet
  facet normal 0 0 1
    outer loop
      vertex 45.83297724021264 0.7164808850014973 2
      vertex 45.92328343404537 0.5708241888616057 2
      vertex 45.91857183234511 0.9090856469366974 2
    endloop
  endfacet
  facet normal 0 0 -1
    outer loop
      vertex 45.836270265515935 0.4703700027950744 0
      vertex 45.8404470282235 0.4525185741707806 0
      vertex 45.8404470282235 -0.4525185741707806 0
    endloop
  endfacet
  facet normal 0 0 -1
    outer loop
      vertex 45.8404470282235 -0.4525185741707806 0
      vertex 45.8404470282235 0.4525185741707806 0
      vertex 45.89538201141375 -0.530975828440457 0
    endloop
  endfacet
  facet normal 0 0 1
    outer loop
      vertex 45.8404470282235 -0.4525185741707806 2
      vertex 45.91798695162327 -0.5632598383513561 2
      vertex 45.92328343404537 0.5708241888616057 2
    endloop
  endfacet
  facet normal 0 0 1
    outer loop
      vertex 45.8404470282235 -0.4525185741707806 2
      vertex 45.91857183234511 -0.9090856469366974 2
      vertex 45.91798695162327 -0.5632598383513561 2
    endloop
  endfacet
  facet normal 0 0 1
    outer loop
      vertex 45.8404470282235 -0.4525185741707806 2
      vertex 45.92328343404537 0.5708241888616057 2
      vertex 45.8404470282235 0.4525185741707806 2
    endloop
  endfacet
  facet normal 0 0 -1
    outer loop
      vertex 45.8404470282235 0.4525185741707806 0
      vertex 45.890345895067966 0.5237833285482755 0
      vertex 45.89538201141375 -0.530975828440457 0
    endloop
  endfacet
  facet normal 0 0 -1
    outer loop
      vertex 45.890345895067966 0.5237833285482755 0
      vertex 45.91453410101083 0.6881837817690865 0
      vertex 45.89538201141375 -0.530975828440457 0
    endloop
  endfacet
  facet normal 0 0 -1
    outer loop
      vertex 45.892830370436634 -0.8566300283326517 0
      vertex 45.89538201141375 -0.530975828440457 0
      vertex 45.9223986668694 -0.627145583971755 0
    endloop
  endfacet
  facet normal 0 0 -1
    outer loop
      vertex 45.892830370436634 -0.8566300283326517 0
      vertex 45.9223986668694 -0.627145583971755 0
      vertex 45.984543496332705 -0.6343886196237193 0
    endloop
  endfacet
  facet normal 0 0 -1
    outer loop
      vertex 45.892830370436634 -0.8566300283326517 0
      vertex 45.984543496332705 -0.6343886196237193 0
      vertex 45.99041748953013 -1.0375043854026937 0
    endloop
  endfacet
  facet normal 0 0 -1
    outer loop
      vertex 45.89538201141375 -0.530975828440457 0
      vertex 45.91453410101083 0.6881837817690865 0
      vertex 45.91798695162327 0.6613856364630787 0
    endloop
  endfacet
  facet normal 0 0 -1
    outer loop
      vertex 45.89538201141375 -0.530975828440457 0
      vertex 45.91798695162327 0.6613856364630787 0
      vertex 45.9223986668694 -0.627145583971755 0
    endloop
  endfacet
  facet normal 0 0 -1
    outer loop
      vertex 45.91453410101083 0.6881837817690865 0
      vertex 46.00876750673974 0.9076329407834236 0
      vertex 45.91798695162327 0.6613856364630787 0
    endloop
  endfacet
  facet normal 0 0 1
    outer loop
      vertex 45.91798695162327 -0.5632598383513561 2
      vertex 45.91857183234511 -0.9090856469366974 2
      vertex 45.94154089086433 -0.5913860141553464 2
    endloop
  endfacet
  facet normal 0 0 1
    outer loop
      vertex 45.91798695162327 -0.5632598383513561 2
      vertex 45.94154089086433 -0.5913860141553464 2
      vertex 45.92328343404537 0.5708241888616057 2
    endloop
  endfacet
  facet normal 0 0 -1
    outer loop
      vertex 45.91798695162327 0.6613856364630787 0
      vertex 45.94154089086433 0.5913860141553464 0
      vertex 45.9223986668694 -0.627145583971755 0
    endloop
  endfacet
  facet normal 0 0 -1
    outer loop
      vertex 45.91798695162327 0.6613856364630787 0
      vertex 45.978515945992115 0.6283610692831303 0
      vertex 45.94154089086433 0.5913860141553464 0
    endloop
  endfacet
  facet normal 0 0 -1
    outer loop
      vertex 45.91798695162327 0.6613856364630787 0
      vertex 46.00876750673974 0.9076329407834236 0
      vertex 45.978515945992115 0.6283610692831303 0
    endloop
  endfacet
  facet normal 0 0 1
    outer loop
      vertex 45.91857183234511 -0.9090856469366974 2
      vertex 46.011344148995974 -0.6611892722869896 2
      vertex 45.94154089086433 -0.5913860141553464 2
    endloop
  endfacet
  facet normal 0 0 1
    outer loop
      vertex 45.91857183234511 -0.9090856469366974 2
      vertex 46.03916969960809 -0.6996302830718248 2
      vertex 46.011344148995974 -0.6611892722869896 2
    endloop
  endfacet
  facet normal 0 0 1
    outer loop
      vertex 45.91857183234511 0.9090856469366974 2
      vertex 45.92328343404537 0.5708241888616057 2
      vertex 45.947386639912274 0.5972317632032897 2
    endloop
  endfacet
  facet normal 0 0 1
    outer loop
      vertex 45.91857183234511 0.9090856469366974 2
      vertex 45.947386639912274 0.5972317632032897 2
      vertex 46.01769250974365 0.6675376330346655 2
    endloop
  endfacet
  facet normal 0 0 1
    outer loop
      vertex 45.91857183234511 0.9090856469366974 2
      vertex 46.01769250974365 0.6675376330346655 2
      vertex 46.02284971956343 1.0891691471657787 2
    endloop
  endfacet
  facet normal 0 0 -1
    outer loop
      vertex 45.9223986668694 -0.627145583971755 0
      vertex 45.94154089086433 0.5913860141553464 0
      vertex 45.947386639912274 -0.5972317632032897 0
    endloop
  endfacet
  facet normal 0 0 -1
    outer loop
      vertex 45.9223986668694 -0.627145583971755 0
      vertex 45.947386639912274 -0.5972317632032897 0
      vertex 45.984543496332705 -0.6343886196237193 0
    endloop
  endfacet
  facet normal 0 0 1
    outer loop
      vertex 45.92328343404537 0.5708241888616057 2
      vertex 45.94154089086433 -0.5913860141553464 2
      vertex 45.947386639912274 0.5972317632032897 2
    endloop
  endfacet
  facet normal 0 0 1
    outer loop
      vertex 45.94154089086433 -0.5913860141553464 2
      vertex 46.011344148995974 -0.6611892722869896 2
      vertex 46.01769250974365 0.6675376330346655 2
    endloop
  endfacet
  facet normal 0 0 1
    outer loop
      vertex 45.94154089086433 -0.5913860141553464 2
      vertex 46.01769250974365 0.6675376330346655 2
      vertex 45.947386639912274 0.5972317632032897 2
    endloop
  endfacet
  facet normal 0 0 -1
    outer loop
      vertex 45.94154089086433 0.5913860141553464 0
      vertex 45.978515945992115 0.6283610692831303 0
      vertex 45.984543496332705 -0.6343886196237193 0
    endloop
  endfacet
  facet normal 0 0 -1
    outer loop
      vertex 45.94154089086433 0.5913860141553464 0
      vertex 45.984543496332705 -0.6343886196237193 0
      vertex 45.947386639912274 -0.5972317632032897 0
    endloop
  endfacet
  facet normal 0 0 -1
    outer loop
      vertex 45.978515945992115 0.6283610692831303 0
      vertex 46.00876750673974 0.9076329407834236 0
      vertex 45.984543496332705 -0.6343886196237193 0
    endloop
  endfacet
  facet normal 0 0 -1
    outer loop
      vertex 45.984543496332705 -0.6343886196237193 0
      vertex 46.00876750673974 0.9076329407834236 0
      vertex 46.01456541138017 -0.8665985241495431 0
    endloop
  endfacet
  facet normal 0 0 -1
    outer loop
      vertex 45.984543496332705 -0.6343886196237193 0
      vertex 46.01456541138017 -0.8665985241495431 0
      vertex 45.99041748953013 -1.0375043854026937 0
    endloop
  endfacet
  facet normal 0 0 -1
    outer loop
      vertex 45.99041748953013 -1.0375043854026937 0
      vertex 46.01456541138017 -0.8665985241495431 0
      vertex 46.102309695641296 -1.202665748246849 0
    endloop
  endfacet
  facet normal 0 0 -1
    outer loop
      vertex 46.00876750673974 0.9076329407834236 0
      vertex 46.039068369084475 0.693179912158382 0
      vertex 46.01456541138017 -0.8665985241495431 0
    endloop
  endfacet
  facet normal 0 0 -1
    outer loop
      vertex 46.00876750673974 0.9076329407834236 0
      vertex 46.04583885145088 0.6938124724942031 0
      vertex 46.039068369084475 0.693179912158382 0
    endloop
  endfacet
  facet normal 0 0 -1
    outer loop
      vertex 46.00876750673974 0.9076329407834236 0
      vertex 46.08196601125011 0.7191083477418937 0
      vertex 46.04583885145088 0.6938124724942031 0
    endloop
  endfacet
  facet normal 0 0 -1
    outer loop
      vertex 46.00876750673974 0.9076329407834236 0
      vertex 46.117764589466546 1.1032503229380104 0
      vertex 46.08196601125011 0.7191083477418937 0
    endloop
  endfacet
  facet normal 0 0 1
    outer loop
      vertex 46.011344148995974 -0.6611892722869896 2
      vertex 46.03916969960809 -0.6996302830718248 2
      vertex 46.01769250974365 0.6675376330346655 2
    endloop
  endfacet
  facet normal 0 0 -1
    outer loop
      vertex 46.01456541138017 -0.8665985241495431 0
      vertex 46.039068369084475 0.693179912158382 0
      vertex 46.04583885145088 -0.6938124724942031 0
    endloop
  endfacet
  facet normal 0 0 -1
    outer loop
      vertex 46.01456541138017 -0.8665985241495431 0
      vertex 46.04583885145088 -0.6938124724942031 0
      vertex 46.0890586763096 -0.7240745607383059 0
    endloop
  endfacet
  facet normal 0 0 -1
    outer loop
      vertex 46.01456541138017 -0.8665985241495431 0
      vertex 46.0890586763096 -0.7240745607383059 0
      vertex 46.102309695641296 -1.202665748246849 0
    endloop
  endfacet
  facet normal 0 0 1
    outer loop
      vertex 46.01769250974365 0.6675376330346655 2
      vertex 46.03916969960809 -0.6996302830718248 2
      vertex 46.04583885145088 -0.6938124724942031 2
    endloop
  endfacet
  facet normal 0 0 1
    outer loop
      vertex 46.01769250974365 0.6675376330346655 2
      vertex 46.04583885145088 -0.6938124724942031 2
      vertex 46.04583885145088 0.6938124724942031 2
    endloop
  endfacet
  facet normal 0 0 1
    outer loop
      vertex 46.01769250974365 0.6675376330346655 2
      vertex 46.04583885145088 0.6938124724942031 2
      vertex 46.02284971956343 1.0891691471657787 2
    endloop
  endfacet
  facet normal 0 0 1
    outer loop
      vertex 46.02284971956343 1.0891691471657787 2
      vertex 46.04583885145088 0.6938124724942031 2
      vertex 46.12715291373091 0.7507477640241663 2
    endloop
  endfacet
  facet normal 0 0 1
    outer loop
      vertex 46.02284971956343 1.0891691471657787 2
      vertex 46.12715291373091 0.7507477640241663 2
      vertex 46.15897351444843 0.9449799164333129 2
    endloop
  endfacet
  facet normal 0 0 -1
    outer loop
      vertex 46.039068369084475 0.693179912158382 0
      vertex 46.04583885145088 0.6938124724942031 0
      vertex 46.04583885145088 -0.6938124724942031 0
    endloop
  endfacet
  facet normal 0 0 -1
    outer loop
      vertex 46.04583885145088 -0.6938124724942031 0
      vertex 46.04583885145088 0.6938124724942031 0
      vertex 46.0890586763096 -0.7240745607383059 0
    endloop
  endfacet
  facet normal 0 0 1
    outer loop
      vertex 46.04583885145088 -0.6938124724942031 2
      vertex 46.11968997524862 -0.7455222892877509 2
      vertex 46.12715291373091 0.7507477640241663 2
    endloop
  endfacet
  facet normal 0 0 1
    outer loop
      vertex 46.04583885145088 -0.6938124724942031 2
      vertex 46.12715291373091 0.7507477640241663 2
      vertex 46.04583885145088 0.6938124724942031 2
    endloop
  endfacet
  facet normal 0 0 1
    outer loop
      vertex 46.04583885145088 -0.6938124724942031 2
      vertex 46.15494015609441 -1.0180975307387916 2
      vertex 46.11968997524862 -0.7455222892877509 2
    endloop
  endfacet
  facet normal 0 0 -1
    outer loop
      vertex 46.04583885145088 0.6938124724942031 0
      vertex 46.08196601125011 0.7191083477418937 0
      vertex 46.0890586763096 -0.7240745607383059 0
    endloop
  endfacet
  facet normal 0 0 -1
    outer loop
      vertex 46.08196601125011 0.7191083477418937 0
      vertex 46.117764589466546 1.1032503229380104 0
      vertex 46.0890586763096 -0.7240745607383059 0
    endloop
  endfacet
  facet normal 0 0 -1
    outer loop
      vertex 46.0890586763096 -0.7240745607383059 0
      vertex 46.117764589466546 1.1032503229380104 0
      vertex 46.16660454304021 -0.7890815676239902 0
    endloop
  endfacet
  facet normal 0 0 -1
    outer loop
      vertex 46.0890586763096 -0.7240745607383059 0
      vertex 46.16660454304021 -0.7890815676239902 0
      vertex 46.102309695641296 -1.202665748246849 0
    endloop
  endfacet
  facet normal 0 0 -1
    outer loop
      vertex 46.102309695641296 -1.202665748246849 0
      vertex 46.16660454304021 -0.7890815676239902 0
      vertex 46.22421796983316 -1.3494830598392376 0
    endloop
  endfacet
  facet normal 0 0 -1
    outer loop
      vertex 46.117764589466546 1.1032503229380104 0
      vertex 46.15897351444843 0.8381690580702963 0
      vertex 46.16660454304021 -0.7890815676239902 0
    endloop
  endfacet
  facet normal 0 0 -1
    outer loop
      vertex 46.117764589466546 1.1032503229380104 0
      vertex 46.2402780185594 1.2554843327762573 0
      vertex 46.15897351444843 0.8381690580702963 0
    endloop
  endfacet
  facet normal 0 0 1
    outer loop
      vertex 46.11968997524862 -0.7455222892877509 2
      vertex 46.15494015609441 -1.0180975307387916 2
      vertex 46.12715291373091 0.7507477640241663 2
    endloop
  endfacet
  facet normal 0 0 1
    outer loop
      vertex 46.12715291373091 0.7507477640241663 2
      vertex 46.15494015609441 -1.0180975307387916 2
      vertex 46.15897351444843 -0.9449799164333129 2
    endloop
  endfacet
  facet normal 0 0 1
    outer loop
      vertex 46.12715291373091 0.7507477640241663 2
      vertex 46.15897351444843 -0.9449799164333129 2
      vertex 46.15897351444843 0.9449799164333129 2
    endloop
  endfacet
  facet normal 0 0 1
    outer loop
      vertex 46.15494015609441 -1.0180975307387916 2
      vertex 46.2829914474159 -1.2362935939583097 2
      vertex 46.15897351444843 -0.9449799164333129 2
    endloop
  endfacet
  facet normal 0 0 1
    outer loop
      vertex 46.15897351444843 -0.9449799164333129 2
      vertex 46.19141532413371 -0.7902919024936308 2
      vertex 46.15897351444843 0.9449799164333129 2
    endloop
  endfacet
  facet normal 0 0 1
    outer loop
      vertex 46.15897351444843 -0.9449799164333129 2
      vertex 46.24206274515718 -0.8139088851451646 2
      vertex 46.19141532413371 -0.7902919024936308 2
    endloop
  endfacet
  facet normal 0 0 1
    outer loop
      vertex 46.15897351444843 -0.9449799164333129 2
      vertex 46.2829914474159 -1.2362935939583097 2
      vertex 46.24206274515718 -0.8139088851451646 2
    endloop
  endfacet
  facet normal 0 0 -1
    outer loop
      vertex 46.15897351444843 0.8381690580702963 0
      vertex 46.19141532413371 0.7902919024936308 0
      vertex 46.16660454304021 -0.7890815676239902 0
    endloop
  endfacet
  facet normal 0 0 -1
    outer loop
      vertex 46.15897351444843 0.8381690580702963 0
      vertex 46.19977786073908 0.7941913682105626 0
      vertex 46.19141532413371 0.7902919024936308 0
    endloop
  endfacet
  facet normal 0 0 -1
    outer loop
      vertex 46.15897351444843 0.8381690580702963 0
      vertex 46.2402780185594 1.2554843327762573 0
      vertex 46.19977786073908 0.7941913682105626 0
    endloop
  endfacet
  facet normal 0 0 1
    outer loop
      vertex 46.15897351444843 0.9449799164333129 2
      vertex 46.16621882061518 0.8136354001944952 2
      vertex 46.28578643762691 1.1963008440885021 2
    endloop
  endfacet
  facet normal 0 0 1
    outer loop
      vertex 46.15897351444843 0.9449799164333129 2
      vertex 46.19141532413371 -0.7902919024936308 2
      vertex 46.16621882061518 0.8136354001944952 2
    endloop
  endfacet
  facet normal 0 0 1
    outer loop
      vertex 46.16621882061518 0.8136354001944952 2
      vertex 46.19141532413371 -0.7902919024936308 2
      vertex 46.19977786073908 0.7941913682105626 2
    endloop
  endfacet
  facet normal 0 0 1
    outer loop
      vertex 46.16621882061518 0.8136354001944952 2
      vertex 46.19977786073908 0.7941913682105626 2
      vertex 46.28578643762691 1.1963008440885021 2
    endloop
  endfacet
  facet normal 0 0 -1
    outer loop
      vertex 46.16660454304021 -0.7890815676239902 0
      vertex 46.19141532413371 0.7902919024936308 0
      vertex 46.19977786073908 0.7941913682105626 0
    endloop
  endfacet
  facet normal 0 0 -1
    outer loop
      vertex 46.16660454304021 -0.7890815676239902 0
      vertex 46.19977786073908 -0.7941913682105626 0
      vertex 46.20801877286946 -0.7980341202181257 0
    endloop
  endfacet
  facet normal 0 0 -1
    outer loop
      vertex 46.16660454304021 -0.7890815676239902 0
      vertex 46.19977786073908 0.7941913682105626 0
      vertex 46.19977786073908 -0.7941913682105626 0
    endloop
  endfacet
  facet normal 0 0 -1
    outer loop
      vertex 46.16660454304021 -0.7890815676239902 0
      vertex 46.20801877286946 -0.7980341202181257 0
      vertex 46.22421796983316 -1.3494830598392376 0
    endloop
  endfacet
  facet normal 0 0 1
    outer loop
      vertex 46.19141532413371 -0.7902919024936308 2
      vertex 46.24206274515718 -0.8139088851451646 2
      vertex 46.250720870243256 0.8179461842972365 2
    endloop
  endfacet
  facet normal 0 0 1
    outer loop
      vertex 46.19141532413371 -0.7902919024936308 2
      vertex 46.250720870243256 0.8179461842972365 2
      vertex 46.19977786073908 0.7941913682105626 2
    endloop
  endfacet
  facet normal 0 0 -1
    outer loop
      vertex 46.19977786073908 -0.7941913682105626 0
      vertex 46.19977786073908 0.7941913682105626 0
      vertex 46.20801877286946 -0.7980341202181257 0
    endloop
  endfacet
  facet normal 0 0 -1
    outer loop
      vertex 46.19977786073908 0.7941913682105626 0
      vertex 46.2402780185594 1.2554843327762573 0
      vertex 46.20801877286946 -0.7980341202181257 0
    endloop
  endfacet
  facet normal 0 0 1
    outer loop
      vertex 46.19977786073908 0.7941913682105626 2
      vertex 46.250720870243256 0.8179461842972365 2
      vertex 46.28578643762691 1.1963008440885021 2
    endloop
  endfacet
  facet normal 0 0 -1
    outer loop
      vertex 46.20801877286946 -0.7980341202181257 0
      vertex 46.2402780185594 1.2554843327762573 0
      vertex 46.29314041797926 -0.9460831385667798 0
    endloop
  endfacet
  facet normal 0 0 -1
    outer loop
      vertex 46.20801877286946 -0.7980341202181257 0
      vertex 46.29314041797926 -0.9460831385667798 0
      vertex 46.22421796983316 -1.3494830598392376 0
    endloop
  endfacet
  facet normal 0 0 -1
    outer loop
      vertex 46.22421796983316 -1.3494830598392376 0
      vertex 46.29314041797926 -0.9460831385667798 0
      vertex 46.35147783483215 -1.476656377043816 0
    endloop
  endfacet
  facet normal 0 0 -1
    outer loop
      vertex 46.2402780185594 1.2554843327762573 0
      vertex 46.28578643762691 0.9891256475747006 0
      vertex 46.29314041797926 -0.9460831385667798 0
    endloop
  endfacet
  facet normal 0 0 -1
    outer loop
      vertex 46.2402780185594 1.2554843327762573 0
      vertex 46.3750269407295 1.3506715351872967 0
      vertex 46.28578643762691 0.9891256475747006 0
    endloop
  endfacet
  facet normal 0 0 1
    outer loop
      vertex 46.24206274515718 -0.8139088851451646 2
      vertex 46.2829914474159 -1.2362935939583097 2
      vertex 46.250720870243256 0.8179461842972365 2
    endloop
  endfacet
  facet normal 0 0 1
    outer loop
      vertex 46.250720870243256 0.8179461842972365 2
      vertex 46.2829914474159 -1.2362935939583097 2
      vertex 46.28578643762691 -1.1963008440885021 2
    endloop
  endfacet
  facet normal 0 0 1
    outer loop
      vertex 46.250720870243256 0.8179461842972365 2
      vertex 46.28578643762691 -1.1963008440885021 2
      vertex 46.28578643762691 1.1963008440885021 2
    endloop
  endfacet
  facet normal 0 0 1
    outer loop
      vertex 46.2829914474159 -1.2362935939583097 2
      vertex 46.42215262430677 -1.3500946982671442 2
      vertex 46.28578643762691 -1.1963008440885021 2
    endloop
  endfacet
  facet normal 0 0 1
    outer loop
      vertex 46.28578643762691 -1.1963008440885021 2
      vertex 46.3213348469539 -0.8486823289072477 2
      vertex 46.28578643762691 1.1963008440885021 2
    endloop
  endfacet
  facet normal 0 0 1
    outer loop
      vertex 46.28578643762691 -1.1963008440885021 2
      vertex 46.3773762693527 -0.8636985634257461 2
      vertex 46.3213348469539 -0.8486823289072477 2
    endloop
  endfacet
  facet normal 0 0 1
    outer loop
      vertex 46.28578643762691 -1.1963008440885021 2
      vertex 46.42215262430677 -1.3500946982671442 2
      vertex 46.3773762693527 -0.8636985634257461 2
    endloop
  endfacet
  facet normal 0 0 -1
    outer loop
      vertex 46.28578643762691 0.9891256475747006 0
      vertex 46.3213348469539 0.8486823289072477 0
      vertex 46.29314041797926 -0.9460831385667798 0
    endloop
  endfacet
  facet normal 0 0 -1
    outer loop
      vertex 46.28578643762691 0.9891256475747006 0
      vertex 46.33090578814262 0.8512468515638973 0
      vertex 46.3213348469539 0.8486823289072477 0
    endloop
  endfacet
  facet normal 0 0 -1
    outer loop
      vertex 46.28578643762691 0.9891256475747006 0
      vertex 46.3750269407295 1.3506715351872967 0
      vertex 46.33090578814262 0.8512468515638973 0
    endloop
  endfacet
  facet normal 0 0 1
    outer loop
      vertex 46.28578643762691 1.1963008440885021 2
      vertex 46.29020227317325 1.1331158619817183 2
      vertex 46.42515202050262 1.3150296471684269 2
    endloop
  endfacet
  facet normal 0 0 1
    outer loop
      vertex 46.28578643762691 1.1963008440885021 2
      vertex 46.3213348469539 -0.8486823289072477 2
      vertex 46.29020227317325 1.1331158619817183 2
    endloop
  endfacet
  facet normal 0 0 1
    outer loop
      vertex 46.29020227317325 1.1331158619817183 2
      vertex 46.3213348469539 -0.8486823289072477 2
      vertex 46.33090578814262 0.8512468515638973 2
    endloop
  endfacet
  facet normal 0 0 1
    outer loop
      vertex 46.29020227317325 1.1331158619817183 2
      vertex 46.33090578814262 0.8512468515638973 2
      vertex 46.38733366728042 0.8663666367200441 2
    endloop
  endfacet
  facet normal 0 0 1
    outer loop
      vertex 46.29020227317325 1.1331158619817183 2
      vertex 46.38733366728042 0.8663666367200441 2
      vertex 46.42515202050262 1.3150296471684269 2
    endloop
  endfacet
  facet normal 0 0 -1
    outer loop
      vertex 46.29314041797926 -0.9460831385667798 0
      vertex 46.3213348469539 0.8486823289072477 0
      vertex 46.33090578814262 -0.8512468515638973 0
    endloop
  endfacet
  facet normal 0 0 -1
    outer loop
      vertex 46.29314041797926 -0.9460831385667798 0
      vertex 46.33090578814262 -0.8512468515638973 0
      vertex 46.34039649358343 -0.8537898751444015 0
    endloop
  endfacet
  facet normal 0 0 -1
    outer loop
      vertex 46.29314041797926 -0.9460831385667798 0
      vertex 46.34039649358343 -0.8537898751444015 0
      vertex 46.35147783483215 -1.476656377043816 0
    endloop
  endfacet
  facet normal 0 0 1
    outer loop
      vertex 46.3213348469539 -0.8486823289072477 2
      vertex 46.3773762693527 -0.8636985634257461 2
      vertex 46.38733366728042 0.8663666367200441 2
    endloop
  endfacet
  facet normal 0 0 1
    outer loop
      vertex 46.3213348469539 -0.8486823289072477 2
      vertex 46.38733366728042 0.8663666367200441 2
      vertex 46.33090578814262 0.8512468515638973 2
    endloop
  endfacet
  facet normal 0 0 -1
    outer loop
      vertex 46.3213348469539 0.8486823289072477 0
      vertex 46.33090578814262 0.8512468515638973 0
      vertex 46.33090578814262 -0.8512468515638973 0
    endloop
  endfacet
  facet normal 0 0 -1
    outer loop
      vertex 46.33090578814262 -0.8512468515638973 0
      vertex 46.33090578814262 0.8512468515638973 0
      vertex 46.34039649358343 -0.8537898751444015 0
    endloop
  endfacet
  facet normal 0 0 -1
    outer loop
      vertex 46.33090578814262 0.8512468515638973 0
      vertex 46.3750269407295 1.3506715351872967 0
      vertex 46.34039649358343 -0.8537898751444015 0
    endloop
  endfacet
  facet normal 0 0 -1
    outer loop
      vertex 46.34039649358343 -0.8537898751444015 0
      vertex 46.3750269407295 1.3506715351872967 0
      vertex 46.433015897631726 -1.040437694607651 0
    endloop
  endfacet
  facet normal 0 0 -1
    outer loop
      vertex 46.34039649358343 -0.8537898751444015 0
      vertex 46.433015897631726 -1.040437694607651 0
      vertex 46.35147783483215 -1.476656377043816 0
    endloop
  endfacet
  facet normal 0 0 -1
    outer loop
      vertex 46.35147783483215 -1.476656377043816 0
      vertex 46.433015897631726 -1.040437694607651 0
      vertex 46.47920424723895 -1.5840779119236967 0
    endloop
  endfacet
  facet normal 0 0 -1
    outer loop
      vertex 46.3750269407295 1.3506715351872967 0
      vertex 46.42515202050262 1.0825084772865265 0
      vertex 46.433015897631726 -1.040437694607651 0
    endloop
  endfacet
  facet normal 0 0 -1
    outer loop
      vertex 46.3750269407295 1.3506715351872967 0
      vertex 46.5206866567514 1.3797770767234157 0
      vertex 46.42515202050262 1.0825084772865265 0
    endloop
  endfacet
  facet normal 0 0 1
    outer loop
      vertex 46.3773762693527 -0.8636985634257461 2
      vertex 46.42215262430677 -1.3500946982671442 2
      vertex 46.38733366728042 0.8663666367200441 2
    endloop
  endfacet
  facet normal 0 0 1
    outer loop
      vertex 46.38733366728042 0.8663666367200441 2
      vertex 46.42215262430677 -1.3500946982671442 2
      vertex 46.42515202050262 -1.3150296471684269 2
    endloop
  endfacet
  facet normal 0 0 1
    outer loop
      vertex 46.38733366728042 0.8663666367200441 2
      vertex 46.42515202050262 -1.3150296471684269 2
      vertex 46.42515202050262 1.3150296471684269 2
    endloop
  endfacet
  facet normal 0 0 1
    outer loop
      vertex 46.42215262430677 -1.3500946982671442 2
      vertex 46.57123771569776 -1.3616247740810619 2
      vertex 46.42515202050262 -1.3150296471684269 2
    endloop
  endfacet
  facet normal 0 0 1
    outer loop
      vertex 46.42515202050262 -1.3150296471684269 2
      vertex 46.46328592961172 -0.8864538961344879 2
      vertex 46.42515202050262 1.3150296471684269 2
    endloop
  endfacet
  facet normal 0 0 1
    outer loop
      vertex 46.42515202050262 -1.3150296471684269 2
      vertex 46.524429495415056 -0.8918044058836815 2
      vertex 46.46328592961172 -0.8864538961344879 2
    endloop
  endfacet
  facet normal 0 0 1
    outer loop
      vertex 46.42515202050262 -1.3150296471684269 2
      vertex 46.57123771569776 -1.3616247740810619 2
      vertex 46.524429495415056 -0.8918044058836815 2
    endloop
  endfacet
  facet normal 0 0 -1
    outer loop
      vertex 46.42515202050262 1.0825084772865265 0
      vertex 46.46328592961172 0.8864538961344879 0
      vertex 46.433015897631726 -1.040437694607651 0
    endloop
  endfacet
  facet normal 0 0 -1
    outer loop
      vertex 46.42515202050262 1.0825084772865265 0
      vertex 46.47418589269405 0.8874077227223166 0
      vertex 46.46328592961172 0.8864538961344879 0
    endloop
  endfacet
  facet normal 0 0 -1
    outer loop
      vertex 46.42515202050262 1.0825084772865265 0
      vertex 46.5206866567514 1.3797770767234157 0
      vertex 46.47418589269405 0.8874077227223166 0
    endloop
  endfacet
  facet normal 0 0 1
    outer loop
      vertex 46.42515202050262 1.3150296471684269 2
      vertex 46.42950095391786 1.2641875568034053 2
      vertex 46.575833244295744 1.316358824403196 2
    endloop
  endfacet
  facet normal 0 0 1
    outer loop
      vertex 46.42515202050262 1.3150296471684269 2
      vertex 46.46328592961172 -0.8864538961344879 2
      vertex 46.42950095391786 1.2641875568034053 2
    endloop
  endfacet
  facet normal 0 0 1
    outer loop
      vertex 46.42950095391786 1.2641875568034053 2
      vertex 46.46328592961172 -0.8864538961344879 2
      vertex 46.47418589269405 0.8874077227223166 2
    endloop
  endfacet
  facet normal 0 0 1
    outer loop
      vertex 46.42950095391786 1.2641875568034053 2
      vertex 46.47418589269405 0.8874077227223166 2
      vertex 46.53582235987136 0.8928013649511454 2
    endloop
  endfacet
  facet normal 0 0 1
    outer loop
      vertex 46.42950095391786 1.2641875568034053 2
      vertex 46.53582235987136 0.8928013649511454 2
      vertex 46.575833244295744 1.316358824403196 2
    endloop
  endfacet
  facet normal 0 0 -1
    outer loop
      vertex 46.433015897631726 -1.040437694607651 0
      vertex 46.46328592961172 0.8864538961344879 0
      vertex 46.47418589269405 -0.8874077227223166 0
    endloop
  endfacet
  facet normal 0 0 -1
    outer loop
      vertex 46.433015897631726 -1.040437694607651 0
      vertex 46.47418589269405 -0.8874077227223166 0
      vertex 46.48505592910502 -0.8883589305072542 0
    endloop
  endfacet
  facet normal 0 0 -1
    outer loop
      vertex 46.433015897631726 -1.040437694607651 0
      vertex 46.48505592910502 -0.8883589305072542 0
      vertex 46.47920424723895 -1.5840779119236967 0
    endloop
  endfacet
  facet normal 0 0 1
    outer loop
      vertex 46.46328592961172 -0.8864538961344879 2
      vertex 46.524429495415056 -0.8918044058836815 2
      vertex 46.53582235987136 0.8928013649511454 2
    endloop
  endfacet
  facet normal 0 0 1
    outer loop
      vertex 46.46328592961172 -0.8864538961344879 2
      vertex 46.53582235987136 0.8928013649511454 2
      vertex 46.47418589269405 0.8874077227223166 2
    endloop
  endfacet
  facet normal 0 0 -1
    outer loop
      vertex 46.46328592961172 0.8864538961344879 0
      vertex 46.47418589269405 0.8874077227223166 0
      vertex 46.47418589269405 -0.8874077227223166 0
    endloop
  endfacet
  facet normal 0 0 -1
    outer loop
      vertex 46.47418589269405 -0.8874077227223166 0
      vertex 46.47418589269405 0.8874077227223166 0
      vertex 46.48505592910502 -0.8883589305072542 0
    endloop
  endfacet
  facet normal 0 0 -1
    outer loop
      vertex 46.47418589269405 0.8874077227223166 0
      vertex 46.5206866567514 1.3797770767234157 0
      vertex 46.48505592910502 -0.8883589305072542 0
    endloop
  endfacet
  facet normal 0 0 -1
    outer loop
      vertex 46.47920424723895 -1.5840779119236967 0
      vertex 46.48505592910502 -0.8883589305072542 0
      vertex 46.58512942648795 -1.062396484936857 0
    endloop
  endfacet
  facet normal 0 0 -1
    outer loop
      vertex 46.47920424723895 -1.5840779119236967 0
      vertex 46.58512942648795 -1.062396484936857 0
      vertex 47.13508422583543 -1.9184543291373646 0
    endloop
  endfacet
  facet normal 0 0 -1
    outer loop
      vertex 46.48505592910502 -0.8883589305072542 0
      vertex 46.5206866567514 1.3797770767234157 0
      vertex 46.58512942648795 -1.062396484936857 0
    endloop
  endfacet
  facet normal 0 0 -1
    outer loop
      vertex 46.5206866567514 1.3797770767234157 0
      vertex 46.575833244295744 1.1081801751410512 0
      vertex 46.58512942648795 -1.062396484936857 0
    endloop
  endfacet
  facet normal 0 0 -1
    outer loop
      vertex 46.5206866567514 1.3797770767234157 0
      vertex 46.62637811811196 1.563360801080156 0
      vertex 46.575833244295744 1.1081801751410512 0
    endloop
  endfacet
  facet normal 0 0 1
    outer loop
      vertex 46.524429495415056 -0.8918044058836815 2
      vertex 46.57123771569776 -1.3616247740810619 2
      vertex 46.53582235987136 0.8928013649511454 2
    endloop
  endfacet
  facet normal 0 0 1
    outer loop
      vertex 46.53582235987136 0.8928013649511454 2
      vertex 46.57123771569776 -1.3616247740810619 2
      vertex 46.575833244295744 1.316358824403196 2
    endloop
  endfacet
  facet normal 0 0 1
    outer loop
      vertex 46.57123771569776 -1.3616247740810619 2
      vertex 46.61624477645758 -0.9183052942722149 2
      vertex 46.575833244295744 1.316358824403196 2
    endloop
  endfacet
  facet normal 0 0 1
    outer loop
      vertex 46.57123771569776 -1.3616247740810619 2
      vertex 46.681274784552365 -1.6805919853731093 2
      vertex 46.61624477645758 -0.9183052942722149 2
    endloop
  endfacet
  facet normal 0 0 -1
    outer loop
      vertex 46.575833244295744 1.1081801751410512 0
      vertex 46.62637811811196 1.563360801080156 0
      vertex 46.58512942648795 -1.062396484936857 0
    endloop
  endfacet
  facet normal 0 0 1
    outer loop
      vertex 46.575833244295744 1.316358824403196 2
      vertex 46.58211131108191 1.2545198761390564 2
      vertex 46.628346410042006 0.924024710940955 2
    endloop
  endfacet
  facet normal 0 0 1
    outer loop
      vertex 46.575833244295744 1.316358824403196 2
      vertex 46.61624477645758 -0.9183052942722149 2
      vertex 46.58211131108191 1.2545198761390564 2
    endloop
  endfacet
  facet normal 0 0 1
    outer loop
      vertex 46.58211131108191 1.2545198761390564 2
      vertex 46.61624477645758 -0.9183052942722149 2
      vertex 46.628346410042006 0.924024710940955 2
    endloop
  endfacet
  facet normal 0 0 -1
    outer loop
      vertex 46.58512942648795 -1.062396484936857 0
      vertex 46.62637811811196 1.563360801080156 0
      vertex 46.628346410042006 -0.9201809866684386 0
    endloop
  endfacet
  facet normal 0 0 -1
    outer loop
      vertex 46.58512942648795 -1.062396484936857 0
      vertex 46.628346410042006 -0.9201809866684386 0
      vertex 47.13508422583543 -1.9184543291373646 0
    endloop
  endfacet
  facet normal 0 0 1
    outer loop
      vertex 46.61624477645758 -0.9183052942722149 2
      vertex 46.628346410042006 -0.8991051548826836 2
      vertex 46.628346410042006 0.8991051548826836 2
    endloop
  endfacet
  facet normal 0 0 1
    outer loop
      vertex 46.61624477645758 -0.9183052942722149 2
      vertex 46.628346410042006 0.8991051548826836 2
      vertex 46.628346410042006 0.924024710940955 2
    endloop
  endfacet
  facet normal 0 0 1
    outer loop
      vertex 46.61624477645758 -0.9183052942722149 2
      vertex 46.681274784552365 -1.6805919853731093 2
      vertex 46.628346410042006 -0.8991051548826836 2
    endloop
  endfacet
  facet normal 0 0 -1
    outer loop
      vertex 46.62637811811196 1.563360801080156 0
      vertex 46.736492651796574 1.0596536664510579 0
      vertex 47.13508422583543 -1.9184543291373646 0
    endloop
  endfacet
  facet normal 0 0 -1
    outer loop
      vertex 46.62637811811196 1.563360801080156 0
      vertex 46.77806623083292 0.8938251998434067 0
      vertex 46.736492651796574 1.0596536664510579 0
    endloop
  endfacet
  facet normal 0 0 -1
    outer loop
      vertex 46.62637811811196 1.563360801080156 0
      vertex 47.13508422583543 -1.9184543291373646 0
      vertex 46.628346410042006 -0.9201809866684386 0
    endloop
  endfacet
  facet normal 0 0 1
    outer loop
      vertex 46.628346410042006 -0.8991051548826836 2
      vertex 46.681274784552365 -1.6805919853731093 2
      vertex 46.75006795766642 0.8884536281243965 2
    endloop
  endfacet
  facet normal 0 0 1
    outer loop
      vertex 46.628346410042006 -0.8991051548826836 2
      vertex 46.75006795766642 0.8884536281243965 2
      vertex 46.628346410042006 0.8991051548826836 2
    endloop
  endfacet
  facet normal 0 0 1
    outer loop
      vertex 46.628346410042006 0.8991051548826836 2
      vertex 46.75006795766642 0.8884536281243965 2
      vertex 46.628346410042006 0.924024710940955 2
    endloop
  endfacet
  facet normal 0 0 1
    outer loop
      vertex 46.628346410042006 0.924024710940955 2
      vertex 46.75006795766642 0.8884536281243965 2
      vertex 50.81809997558594 10.75 2
    endloop
  endfacet
  facet normal 0 0 1
    outer loop
      vertex 46.681274784552365 -1.6805919853731093 2
      vertex 46.736492651796574 -1.2095548605250175 2
      vertex 46.75006795766642 0.8884536281243965 2
    endloop
  endfacet
  facet normal 0 0 1
    outer loop
      vertex 46.681274784552365 -1.6805919853731093 2
      vertex 46.77809046677501 -0.8953679809356057 2
      vertex 46.736492651796574 -1.2095548605250175 2
    endloop
  endfacet
  facet normal 0 0 1
    outer loop
      vertex 46.736492651796574 -1.2095548605250175 2
      vertex 46.77809046677501 -0.8953679809356057 2
      vertex 46.75006795766642 0.8884536281243965 2
    endloop
  endfacet
  facet normal 0 0 -1
    outer loop
      vertex 46.736492651796574 1.0596536664510579 0
      vertex 46.77806623083292 0.8938251998434067 0
      vertex 47.13508422583543 -1.9184543291373646 0
    endloop
  endfacet
  facet normal 0 0 1
    outer loop
      vertex 46.75006795766642 0.8884536281243965 2
      vertex 46.77809046677501 -0.8953679809356057 2
      vertex 46.79201900052091 0.881600436186773 2
    endloop
  endfacet
  facet normal 0 0 1
    outer loop
      vertex 46.75006795766642 0.8884536281243965 2
      vertex 46.79201900052091 0.881600436186773 2
      vertex 46.79201900052091 0.9293432907292125 2
    endloop
  endfacet
  facet normal 0 0 1
    outer loop
      vertex 46.75006795766642 0.8884536281243965 2
      vertex 46.79201900052091 0.9293432907292125 2
      vertex 50.81809997558594 10.75 2
    endloop
  endfacet
  facet normal 0 0 -1
    outer loop
      vertex 46.77806623083292 0.8938251998434067 0
      vertex 47.142017787921546 -1.6349704258550397 0
      vertex 47.13508422583543 -1.9184543291373646 0
    endloop
  endfacet
  facet normal 0 0 -1
    outer loop
      vertex 46.77806623083292 0.8938251998434067 0
      vertex 47.30145694205584 -1.959649811406321 0
      vertex 47.142017787921546 -1.6349704258550397 0
    endloop
  endfacet
  facet normal 0 0 -1
    outer loop
      vertex 46.77806623083292 0.8938251998434067 0
      vertex 47.30145694205584 1.9596498114063212 0
      vertex 47.32075342044835 1.6791408327175863 0
    endloop
  endfacet
  facet normal 0 0 -1
    outer loop
      vertex 46.77806623083292 0.8938251998434067 0
      vertex 47.32075342044835 1.6791408327175863 0
      vertex 47.30145694205584 -1.959649811406321 0
    endloop
  endfacet
  facet normal 0 0 1
    outer loop
      vertex 46.77809046677501 -0.8953679809356057 2
      vertex 46.90570421873044 -1.2066510517675573 2
      vertex 46.92123331468517 0.846977609684801 2
    endloop
  endfacet
  facet normal 0 0 1
    outer loop
      vertex 46.77809046677501 -0.8953679809356057 2
      vertex 46.92123331468517 0.846977609684801 2
      vertex 46.79201900052091 0.881600436186773 2
    endloop
  endfacet
  facet normal 0 0 1
    outer loop
      vertex 46.79201900052091 0.881600436186773 2
      vertex 46.92123331468517 0.846977609684801 2
      vertex 46.79201900052091 0.9293432907292125 2
    endloop
  endfacet
  facet normal 0 0 1
    outer loop
      vertex 46.79201900052091 0.9293432907292125 2
      vertex 46.92123331468517 0.846977609684801 2
      vertex 46.96375089463065 0.9419925735549335 2
    endloop
  endfacet
  facet normal 0 0 1
    outer loop
      vertex 46.79201900052091 0.9293432907292125 2
      vertex 46.96375089463065 0.9419925735549335 2
      vertex 50.81809997558594 10.75 2
    endloop
  endfacet
  facet normal 0.5009526217160921 -0.5009519757132141 0.7057574575056229
    outer loop
      vertex 46.81732177734375 -23.079700469970703 2
      vertex 47.33155822753906 -23.692529678344727 1.1999998092651367
      vertex 48.810638427734375 -22.21344757080078 1.1999998092651367
    endloop
  endfacet
  facet normal 0.5009525243528038 -0.5009511400662919 0.7057581197625968
    outer loop
      vertex 46.81732177734375 -23.079700469970703 2
      vertex 48.810638427734375 -22.21344757080078 1.1999998092651367
      vertex 48.19779968261719 -21.69921875 2
    endloop
  endfacet
  facet normal 0.500954996047807 0.5009522274687735 0.7057555934803602
    outer loop
      vertex 46.81732177734375 23.07970428466797 2
      vertex 48.19779968261719 21.69921875 2
      vertex 47.33155822753906 23.692527770996094 1.1999998092651367
    endloop
  endfacet
  facet normal 0 0 1
    outer loop
      vertex 46.90570421873044 -1.2066510517675573 2
      vertex 46.948736508296705 -0.9037860671970883 2
      vertex 46.92123331468517 0.846977609684801 2
    endloop
  endfacet
  facet normal 0 0 1
    outer loop
      vertex 46.90570421873044 -1.2066510517675573 2
      vertex 47.07117758477317 -1.2153569607928096 2
      vertex 46.948736508296705 -0.9037860671970883 2
    endloop
  endfacet
  facet normal 0 0 1
    outer loop
      vertex 46.90570421873044 -1.2066510517675573 2
      vertex 50.81809997558594 -10.75 2
      vertex 47.07117758477317 -1.2153569607928096 2
    endloop
  endfacet
  facet normal 0 0 1
    outer loop
      vertex 46.92123331468517 0.846977609684801 2
      vertex 46.948736508296705 -0.9037860671970883 2
      vertex 46.96375089463065 0.8280809223569137 2
    endloop
  endfacet
  facet normal 0 0 1
    outer loop
      vertex 46.92123331468517 0.846977609684801 2
      vertex 46.96375089463065 0.8280809223569137 2
      vertex 46.96375089463065 0.9419925735549335 2
    endloop
  endfacet
  facet normal 0 0 1
    outer loop
      vertex 46.948736508296705 -0.9037860671970883 2
      vertex 47.039632549706624 0.792697171411958 2
      vertex 46.96375089463065 0.8280809223569137 2
    endloop
  endfacet
  facet normal 0 0 1
    outer loop
      vertex 46.948736508296705 -0.9037860671970883 2
      vertex 47.07117758477317 -1.2153569607928096 2
      vertex 47.039632549706624 0.792697171411958 2
    endloop
  endfacet
  facet normal 0 0 1
    outer loop
      vertex 46.96375089463065 0.8280809223569137 2
      vertex 47.039632549706624 0.792697171411958 2
      vertex 46.96375089463065 0.9419925735549335 2
    endloop
  endfacet
  facet normal 0 0 1
    outer loop
      vertex 46.96375089463065 0.9419925735549335 2
      vertex 47.039632549706624 0.792697171411958 2
      vertex 47.08196601125011 0.8162900612369892 2
    endloop
  endfacet
  facet normal 0 0 1
    outer loop
      vertex 46.96375089463065 0.9419925735549335 2
      vertex 47.08196601125011 0.8162900612369892 2
      vertex 50.81809997558594 10.75 2
    endloop
  endfacet
  facet normal 0 0 1
    outer loop
      vertex 47.039632549706624 0.792697171411958 2
      vertex 47.07117758477317 -1.2153569607928096 2
      vertex 47.08196601125011 -0.8162900612369892 2
    endloop
  endfacet
  facet normal 0 0 1
    outer loop
      vertex 47.039632549706624 0.792697171411958 2
      vertex 47.08196601125011 -0.8162900612369892 2
      vertex 47.08196601125011 0.769713900794422 2
    endloop
  endfacet
  facet normal 0 0 1
    outer loop
      vertex 47.039632549706624 0.792697171411958 2
      vertex 47.08196601125011 0.769713900794422 2
      vertex 47.08196601125011 0.8162900612369892 2
    endloop
  endfacet
  facet normal 0 0 1
    outer loop
      vertex 47.07117758477317 -1.2153569607928096 2
      vertex 47.18950374000739 -1.1022135894470015 2
      vertex 47.08196601125011 -0.8162900612369892 2
    endloop
  endfacet
  facet normal 0 0 1
    outer loop
      vertex 47.07117758477317 -1.2153569607928096 2
      vertex 50.81809997558594 -10.75 2
      vertex 47.18950374000739 -1.1022135894470015 2
    endloop
  endfacet
  facet normal 0 0 1
    outer loop
      vertex 47.08196601125011 -0.8162900612369892 2
      vertex 47.16096611181071 0.7143988220713351 2
      vertex 47.08196601125011 0.769713900794422 2
    endloop
  endfacet
  facet normal 0 0 1
    outer loop
      vertex 47.08196601125011 -0.8162900612369892 2
      vertex 47.18950374000739 -1.1022135894470015 2
      vertex 47.16096611181071 0.7143988220713351 2
    endloop
  endfacet
  facet normal 0 0 1
    outer loop
      vertex 47.08196601125011 0.769713900794422 2
      vertex 47.16096611181071 0.7143988220713351 2
      vertex 50.81809997558594 10.75 2
    endloop
  endfacet
  facet normal 0 0 1
    outer loop
      vertex 47.08196601125011 0.769713900794422 2
      vertex 50.81809997558594 10.75 2
      vertex 47.08196601125011 0.8162900612369892 2
    endloop
  endfacet
  facet normal 0 0 -1
    outer loop
      vertex 47.13508422583543 -1.9184543291373646 0
      vertex 47.142017787921546 -1.6349704258550397 0
      vertex 47.30145694205584 -1.959649811406321 0
    endloop
  endfacet
  facet normal 0 0 -1
    outer loop
      vertex 47.13508422583543 -1.9184543291373646 0
      vertex 47.30145694205584 -1.959649811406321 0
      vertex 51.61810302734375 -10.75 0
    endloop
  endfacet
  facet normal 0 0 1
    outer loop
      vertex 47.16096611181071 0.7143988220713351 2
      vertex 47.18950374000739 -1.1022135894470015 2
      vertex 47.202620225670294 -0.7061395808416961 2
    endloop
  endfacet
  facet normal 0 0 1
    outer loop
      vertex 47.16096611181071 0.7143988220713351 2
      vertex 47.202620225670294 -0.7061395808416961 2
      vertex 47.202620225670294 0.6834309523082212 2
    endloop
  endfacet
  facet normal 0 0 1
    outer loop
      vertex 47.16096611181071 0.7143988220713351 2
      vertex 47.202620225670294 0.6834309523082212 2
      vertex 47.202620225670294 0.7061395808416961 2
    endloop
  endfacet
  facet normal 0 0 1
    outer loop
      vertex 47.16096611181071 0.7143988220713351 2
      vertex 47.202620225670294 0.7061395808416961 2
      vertex 50.81809997558594 10.75 2
    endloop
  endfacet
  facet normal 0 0 1
    outer loop
      vertex 47.18950374000739 -1.1022135894470015 2
      vertex 47.31016145502701 -1.004890831485189 2
      vertex 47.202620225670294 -0.7061395808416961 2
    endloop
  endfacet
  facet normal 0 0 1
    outer loop
      vertex 47.18950374000739 -1.1022135894470015 2
      vertex 50.81809997558594 -10.75 2
      vertex 47.31016145502701 -1.004890831485189 2
    endloop
  endfacet
  facet normal 0 0 1
    outer loop
      vertex 47.202620225670294 -0.7061395808416961 2
      vertex 47.2849322374664 0.6011189405121143 2
      vertex 47.202620225670294 0.6834309523082212 2
    endloop
  endfacet
  facet normal 0 0 1
    outer loop
      vertex 47.202620225670294 -0.7061395808416961 2
      vertex 47.31016145502701 -1.004890831485189 2
      vertex 47.2849322374664 0.6011189405121143 2
    endloop
  endfacet
  facet normal 0 0 1
    outer loop
      vertex 47.202620225670294 0.6834309523082212 2
      vertex 47.2849322374664 0.6011189405121143 2
      vertex 50.81809997558594 10.75 2
    endloop
  endfacet
  facet normal 0 0 1
    outer loop
      vertex 47.202620225670294 0.6834309523082212 2
      vertex 50.81809997558594 10.75 2
      vertex 47.202620225670294 0.7061395808416961 2
    endloop
  endfacet
  facet normal 0 0 1
    outer loop
      vertex 47.2849322374664 0.6011189405121143 2
      vertex 47.31016145502701 -1.004890831485189 2
      vertex 47.32523737082855 -0.6297840366630021 2
    endloop
  endfacet
  facet normal 0 0 1
    outer loop
      vertex 47.2849322374664 0.6011189405121143 2
      vertex 47.32523737082855 -0.6297840366630021 2
      vertex 47.32523737082855 0.5532364618699029 2
    endloop
  endfacet
  facet normal 0 0 1
    outer loop
      vertex 47.2849322374664 0.6011189405121143 2
      vertex 47.32523737082855 0.5532364618699029 2
      vertex 47.32523737082855 0.6297840366630021 2
    endloop
  endfacet
  facet normal 0 0 1
    outer loop
      vertex 47.2849322374664 0.6011189405121143 2
      vertex 47.32523737082855 0.6297840366630021 2
      vertex 50.81809997558594 10.75 2
    endloop
  endfacet
  facet normal 0 0 -1
    outer loop
      vertex 47.30145694205584 -1.959649811406321 0
      vertex 47.32075342044835 1.6791408327175863 0
      vertex 47.32523737082855 -1.6886055693884516 0
    endloop
  endfacet
  facet normal 0 0 -1
    outer loop
      vertex 47.30145694205584 -1.959649811406321 0
      vertex 47.32523737082855 -1.6886055693884516 0
      vertex 47.46617077798697 -1.9860882517953022 0
    endloop
  endfacet
  facet normal 0 0 -1
    outer loop
      vertex 47.30145694205584 -1.959649811406321 0
      vertex 47.46617077798697 -1.9860882517953022 0
      vertex 51.61810302734375 -10.75 0
    endloop
  endfacet
  facet normal 0 0 -1
    outer loop
      vertex 47.30145694205584 1.9596498114063212 0
      vertex 47.46617077798697 1.9860882517953022 0
      vertex 47.32075342044835 1.6791408327175863 0
    endloop
  endfacet
  facet normal 0 0 -1
    outer loop
      vertex 47.30145694205584 1.9596498114063212 0
      vertex 51.61810302734375 10.75 0
      vertex 47.46617077798697 1.9860882517953022 0
    endloop
  endfacet
  facet normal 0 0 1
    outer loop
      vertex 47.31016145502701 -1.004890831485189 2
      vertex 47.38713106991954 -0.8091147669120079 2
      vertex 47.32523737082855 -0.6297840366630021 2
    endloop
  endfacet
  facet normal 0 0 1
    outer loop
      vertex 47.31016145502701 -1.004890831485189 2
      vertex 50.81809997558594 -10.75 2
      vertex 47.38713106991954 -0.8091147669120079 2
    endloop
  endfacet
  facet normal 0 0 -1
    outer loop
      vertex 47.32075342044835 1.6791408327175863 0
      vertex 47.46617077798697 -1.9860882517953022 0
      vertex 47.32523737082855 -1.6886055693884516 0
    endloop
  endfacet
  facet normal 0 0 -1
    outer loop
      vertex 47.32075342044835 1.6791408327175863 0
      vertex 47.46617077798697 1.9860882517953022 0
      vertex 47.507887807010164 1.7431448702024146 0
    endloop
  endfacet
  facet normal 0 0 -1
    outer loop
      vertex 47.32075342044835 1.6791408327175863 0
      vertex 47.507887807010164 1.7431448702024146 0
      vertex 47.46617077798697 -1.9860882517953022 0
    endloop
  endfacet
  facet normal 0 0 1
    outer loop
      vertex 47.32523737082855 -0.6297840366630021 2
      vertex 47.38713106991954 -0.8091147669120079 2
      vertex 47.38713106991954 0.46484088212693275 2
    endloop
  endfacet
  facet normal 0 0 1
    outer loop
      vertex 47.32523737082855 -0.6297840366630021 2
      vertex 47.38713106991954 0.46484088212693275 2
      vertex 47.32523737082855 0.5532364618699029 2
    endloop
  endfacet
  facet normal 0 0 1
    outer loop
      vertex 47.32523737082855 0.5532364618699029 2
      vertex 47.38713106991954 0.46484088212693275 2
      vertex 50.81809997558594 10.75 2
    endloop
  endfacet
  facet normal 0 0 1
    outer loop
      vertex 47.32523737082855 0.5532364618699029 2
      vertex 50.81809997558594 10.75 2
      vertex 47.32523737082855 0.6297840366630021 2
    endloop
  endfacet
  facet normal 0.7071072371110633 -0.7071063252617378 0
    outer loop
      vertex 47.33155822753906 -23.692529678344727 0
      vertex 48.810638427734375 -22.21344757080078 0
      vertex 47.33155822753906 -23.692529678344727 1.1999998092651367
    endloop
  endfacet
  facet normal 0.7071072371110633 -0.7071063252617378 0
    outer loop
      vertex 47.33155822753906 -23.692529678344727 1.1999998092651367
      vertex 48.810638427734375 -22.21344757080078 0
      vertex 48.810638427734375 -22.21344757080078 1.1999998092651367
    endloop
  endfacet
  facet normal 0.7071067811865476 0.7071067811865476 0
    outer loop
      vertex 47.33155822753906 23.692527770996094 0
      vertex 47.33155822753906 23.692527770996094 1.1999998092651367
      vertex 48.810638427734375 22.21344757080078 1.1999998092651367
    endloop
  endfacet
  facet normal 0.7071067811865476 0.7071067811865476 0
    outer loop
      vertex 47.33155822753906 23.692527770996094 0
      vertex 48.810638427734375 22.21344757080078 1.1999998092651367
      vertex 48.810638427734375 22.21344757080078 0
    endloop
  endfacet
  facet normal 0.5009518623730558 0.5009518623730558 0.7057580769427537
    outer loop
      vertex 47.33155822753906 23.692527770996094 1.1999998092651367
      vertex 48.19779968261719 21.69921875 2
      vertex 48.810638427734375 22.21344757080078 1.1999998092651367
    endloop
  endfacet
  facet normal 0 0 1
    outer loop
      vertex 47.38713106991954 -0.8091147669120079 2
      vertex 47.426607805177774 -0.5375836370982539 2
      vertex 47.38713106991954 0.46484088212693275 2
    endloop
  endfacet
  facet normal 0 0 1
    outer loop
      vertex 47.38713106991954 -0.8091147669120079 2
      vertex 47.44933353287139 -0.6060150477269398 2
      vertex 47.426607805177774 -0.5375836370982539 2
    endloop
  endfacet
  facet normal 0 0 1
    outer loop
      vertex 47.38713106991954 -0.8091147669120079 2
      vertex 50.81809997558594 -10.75 2
      vertex 47.44933353287139 -0.6060150477269398 2
    endloop
  endfacet
  facet normal 0 0 1
    outer loop
      vertex 47.38713106991954 0.46484088212693275 2
      vertex 47.41048060117591 0.4890216137288739 2
      vertex 50.81809997558594 10.75 2
    endloop
  endfacet
  facet normal 0 0 1
    outer loop
      vertex 47.38713106991954 0.46484088212693275 2
      vertex 47.4115667444405 0.41988127306933964 2
      vertex 47.41048060117591 0.4890216137288739 2
    endloop
  endfacet
  facet normal 0 0 1
    outer loop
      vertex 47.38713106991954 0.46484088212693275 2
      vertex 47.426607805177774 -0.5375836370982539 2
      vertex 47.4115667444405 0.41988127306933964 2
    endloop
  endfacet
  facet normal 0 0 1
    outer loop
      vertex 47.41048060117591 0.4890216137288739 2
      vertex 47.4115667444405 0.41988127306933964 2
      vertex 50.81809997558594 10.75 2
    endloop
  endfacet
  facet normal 0 0 1
    outer loop
      vertex 47.4115667444405 0.41988127306933964 2
      vertex 47.426607805177774 -0.5375836370982539 2
      vertex 47.44933353287139 0.33888911320764686 2
    endloop
  endfacet
  facet normal 0 0 1
    outer loop
      vertex 47.4115667444405 0.41988127306933964 2
      vertex 47.44933353287139 0.33888911320764686 2
      vertex 47.475116315946906 0.34298145393265045 2
    endloop
  endfacet
  facet normal 0 0 1
    outer loop
      vertex 47.4115667444405 0.41988127306933964 2
      vertex 47.475116315946906 0.34298145393265045 2
      vertex 50.81809997558594 10.75 2
    endloop
  endfacet
  facet normal 0 0 1
    outer loop
      vertex 47.426607805177774 -0.5375836370982539 2
      vertex 47.44933353287139 -0.6060150477269398 2
      vertex 47.44933353287139 0.33888911320764686 2
    endloop
  endfacet
  facet normal 0 0 1
    outer loop
      vertex 47.44933353287139 -0.6060150477269398 2
      vertex 47.48644637165118 -0.37825296939530806 2
      vertex 47.44933353287139 0.33888911320764686 2
    endloop
  endfacet
  facet normal 0 0 1
    outer loop
      vertex 47.44933353287139 -0.6060150477269398 2
      vertex 50.81809997558594 -10.75 2
      vertex 47.48644637165118 -0.37825296939530806 2
    endloop
  endfacet
  facet normal 0 0 1
    outer loop
      vertex 47.44933353287139 0.33888911320764686 2
      vertex 47.47640652380937 0.2608510259849696 2
      vertex 47.475116315946906 0.34298145393265045 2
    endloop
  endfacet
  facet normal 0 0 1
    outer loop
      vertex 47.44933353287139 0.33888911320764686 2
      vertex 47.48644637165118 -0.37825296939530806 2
      vertex 47.47640652380937 0.2608510259849696 2
    endloop
  endfacet
  facet normal 0 0 -1
    outer loop
      vertex 47.46617077798697 -1.9860882517953022 0
      vertex 47.507887807010164 1.7431448702024146 0
      vertex 47.511783373362974 -1.7516813579305304 0
    endloop
  endfacet
  facet normal 0 0 -1
    outer loop
      vertex 47.46617077798697 -1.9860882517953022 0
      vertex 47.511783373362974 -1.7516813579305304 0
      vertex 47.62437597252414 -1.9984093697181229 0
    endloop
  endfacet
  facet normal 0 0 -1
    outer loop
      vertex 47.46617077798697 -1.9860882517953022 0
      vertex 47.62437597252414 -1.9984093697181229 0
      vertex 51.61810302734375 -10.75 0
    endloop
  endfacet
  facet normal 0 0 -1
    outer loop
      vertex 47.46617077798697 1.9860882517953022 0
      vertex 47.62437597252414 1.9984093697181227 0
      vertex 47.507887807010164 1.7431448702024146 0
    endloop
  endfacet
  facet normal 0 0 -1
    outer loop
      vertex 47.46617077798697 1.9860882517953022 0
      vertex 51.61810302734375 10.75 0
      vertex 47.62437597252414 1.9984093697181227 0
    endloop
  endfacet
  facet normal 0 0 1
    outer loop
      vertex 47.475116315946906 0.34298145393265045 2
      vertex 47.47640652380937 0.2608510259849696 2
      vertex 47.511783373362974 0.1798086669298161 2
    endloop
  endfacet
  facet normal 0 0 1
    outer loop
      vertex 47.475116315946906 0.34298145393265045 2
      vertex 47.511783373362974 0.1798086669298161 2
      vertex 50.81809997558594 10.75 2
    endloop
  endfacet
  facet normal 0 0 1
    outer loop
      vertex 47.47640652380937 0.2608510259849696 2
      vertex 47.48644637165118 -0.37825296939530806 2
      vertex 47.511783373362974 0.1798086669298161 2
    endloop
  endfacet
  facet normal 0 0 1
    outer loop
      vertex 47.48644637165118 -0.37825296939530806 2
      vertex 47.511783373362974 -0.1798086669298161 2
      vertex 47.511783373362974 0.0721707167987672 2
    endloop
  endfacet
  facet normal 0 0 1
    outer loop
      vertex 47.48644637165118 -0.37825296939530806 2
      vertex 47.511783373362974 0.0721707167987672 2
      vertex 47.511783373362974 0.1798086669298161 2
    endloop
  endfacet
  facet normal 0 0 1
    outer loop
      vertex 47.48644637165118 -0.37825296939530806 2
      vertex 50.81809997558594 -10.75 2
      vertex 47.511783373362974 -0.1798086669298161 2
    endloop
  endfacet
  facet normal 0 0 -1
    outer loop
      vertex 47.507887807010164 1.7431448702024146 0
      vertex 47.62437597252414 -1.9984093697181229 0
      vertex 47.511783373362974 -1.7516813579305304 0
    endloop
  endfacet
  facet normal 0 0 -1
    outer loop
      vertex 47.507887807010164 1.7431448702024146 0
      vertex 47.62437597252414 1.9984093697181227 0
      vertex 47.6321751467729 1.6805171151755496 0
    endloop
  endfacet
  facet normal 0 0 -1
    outer loop
      vertex 47.507887807010164 1.7431448702024146 0
      vertex 47.6321751467729 1.6805171151755496 0
      vertex 47.62437597252414 -1.9984093697181229 0
    endloop
  endfacet
  facet normal 0 0 1
    outer loop
      vertex 47.511783373362974 -0.1798086669298161 2
      vertex 47.54440893975579 -0.08571330595336962 2
      vertex 47.511783373362974 0.0721707167987672 2
    endloop
  endfacet
  facet normal 0 0 1
    outer loop
      vertex 47.511783373362974 -0.1798086669298161 2
      vertex 50.81809997558594 -10.75 2
      vertex 47.54440893975579 -0.08571330595336962 2
    endloop
  endfacet
  facet normal 0 0 1
    outer loop
      vertex 47.511783373362974 0.0721707167987672 2
      vertex 47.54184705722431 0.07736778724278909 2
      vertex 47.511783373362974 0.1798086669298161 2
    endloop
  endfacet
  facet normal 0 0 1
    outer loop
      vertex 47.511783373362974 0.0721707167987672 2
      vertex 47.54440893975579 -0.08571330595336962 2
      vertex 47.54184705722431 0.07736778724278909 2
    endloop
  endfacet
  facet normal 0 0 1
    outer loop
      vertex 47.511783373362974 0.1798086669298161 2
      vertex 47.54184705722431 0.07736778724278909 2
      vertex 50.81809997558594 10.75 2
    endloop
  endfacet
  facet normal 0 0 1
    outer loop
      vertex 47.54184705722431 0.07736778724278909 2
      vertex 47.54440893975579 -0.08571330595336962 2
      vertex 50.81809997558594 -10.75 2
    endloop
  endfacet
  facet normal 0 0 1
    outer loop
      vertex 47.54184705722431 0.07736778724278909 2
      vertex 50.81809997558594 -10.75 2
      vertex 50.81809997558594 10.75 2
    endloop
  endfacet
  facet normal 0 0 -1
    outer loop
      vertex 47.62437597252414 -1.9984093697181229 0
      vertex 47.6321751467729 1.6805171151755496 0
      vertex 47.63717848184375 -1.6919015815160638 0
    endloop
  endfacet
  facet normal 0 0 -1
    outer loop
      vertex 47.62437597252414 -1.9984093697181229 0
      vertex 47.63717848184375 -1.6919015815160638 0
      vertex 47.77196086412071 -1.9985821201166967 0
    endloop
  endfacet
  facet normal 0 0 -1
    outer loop
      vertex 47.62437597252414 -1.9984093697181229 0
      vertex 47.77196086412071 -1.9985821201166967 0
      vertex 51.61810302734375 -10.75 0
    endloop
  endfacet
  facet normal 0 0 -1
    outer loop
      vertex 47.62437597252414 1.9984093697181227 0
      vertex 47.77196086412071 1.9985821201166967 0
      vertex 47.6321751467729 1.6805171151755496 0
    endloop
  endfacet
  facet normal 0 0 -1
    outer loop
      vertex 47.62437597252414 1.9984093697181227 0
      vertex 51.61810302734375 10.75 0
      vertex 47.77196086412071 1.9985821201166967 0
    endloop
  endfacet
  facet normal 0 0 -1
    outer loop
      vertex 47.6321751467729 1.6805171151755496 0
      vertex 47.77196086412071 -1.9985821201166967 0
      vertex 47.63717848184375 -1.6919015815160638 0
    endloop
  endfacet
  facet normal 0 0 -1
    outer loop
      vertex 47.6321751467729 1.6805171151755496 0
      vertex 47.77196086412071 1.9985821201166967 0
      vertex 47.82239750838292 1.7934002686492663 0
    endloop
  endfacet
  facet normal 0 0 -1
    outer loop
      vertex 47.6321751467729 1.6805171151755496 0
      vertex 47.82239750838292 1.7934002686492663 0
      vertex 47.77196086412071 -1.9985821201166967 0
    endloop
  endfacet
  facet normal 0 0 -1
    outer loop
      vertex 47.77196086412071 -1.9985821201166967 0
      vertex 47.82239750838292 1.7934002686492663 0
      vertex 47.82558103905863 -1.8009123398182152 0
    endloop
  endfacet
  facet normal 0 0 -1
    outer loop
      vertex 47.77196086412071 -1.9985821201166967 0
      vertex 47.82558103905863 -1.8009123398182152 0
      vertex 47.90538720157756 -1.989228280084537 0
    endloop
  endfacet
  facet normal 0 0 -1
    outer loop
      vertex 47.77196086412071 -1.9985821201166967 0
      vertex 47.90538720157756 -1.989228280084537 0
      vertex 51.61810302734375 -10.75 0
    endloop
  endfacet
  facet normal 0 0 -1
    outer loop
      vertex 47.77196086412071 1.9985821201166967 0
      vertex 47.90538720157756 1.989228280084537 0
      vertex 47.82239750838292 1.7934002686492663 0
    endloop
  endfacet
  facet normal 0 0 -1
    outer loop
      vertex 47.77196086412071 1.9985821201166967 0
      vertex 51.61810302734375 10.75 0
      vertex 47.90538720157756 1.989228280084537 0
    endloop
  endfacet
  facet normal 0 0 -1
    outer loop
      vertex 47.82239750838292 1.7934002686492663 0
      vertex 47.90538720157756 -1.989228280084537 0
      vertex 47.82558103905863 -1.8009123398182152 0
    endloop
  endfacet
  facet normal 0 0 -1
    outer loop
      vertex 47.82239750838292 1.7934002686492663 0
      vertex 47.90538720157756 1.989228280084537 0
      vertex 47.94765546288341 1.7925586847516517 0
    endloop
  endfacet
  facet normal 0 0 -1
    outer loop
      vertex 47.82239750838292 1.7934002686492663 0
      vertex 47.94765546288341 1.7925586847516517 0
      vertex 47.90538720157756 -1.989228280084537 0
    endloop
  endfacet
  facet normal 0 0 -1
    outer loop
      vertex 47.90538720157756 -1.989228280084537 0
      vertex 47.94765546288341 1.7925586847516517 0
      vertex 47.95066646712861 -1.79990680602371 0
    endloop
  endfacet
  facet normal 0 0 -1
    outer loop
      vertex 47.90538720157756 -1.989228280084537 0
      vertex 47.95066646712861 -1.79990680602371 0
      vertex 48.021920579362146 -1.973796915497549 0
    endloop
  endfacet
  facet normal 0 0 -1
    outer loop
      vertex 47.90538720157756 -1.989228280084537 0
      vertex 48.021920579362146 -1.973796915497549 0
      vertex 51.61810302734375 -10.75 0
    endloop
  endfacet
  facet normal 0 0 -1
    outer loop
      vertex 47.90538720157756 1.989228280084537 0
      vertex 48.021920579362146 1.973796915497549 0
      vertex 47.94765546288341 1.7925586847516517 0
    endloop
  endfacet
  facet normal 0 0 -1
    outer loop
      vertex 47.90538720157756 1.989228280084537 0
      vertex 51.61810302734375 10.75 0
      vertex 48.021920579362146 1.973796915497549 0
    endloop
  endfacet
  facet normal 0 0 -1
    outer loop
      vertex 47.94765546288341 1.7925586847516517 0
      vertex 48.021920579362146 -1.973796915497549 0
      vertex 47.95066646712861 -1.79990680602371 0
    endloop
  endfacet
  facet normal 0 0 -1
    outer loop
      vertex 47.94765546288341 1.7925586847516517 0
      vertex 48.021920579362146 1.973796915497549 0
      vertex 48.07278208877528 1.8384997540953274 0
    endloop
  endfacet
  facet normal 0 0 -1
    outer loop
      vertex 47.94765546288341 1.7925586847516517 0
      vertex 48.07278208877528 1.8384997540953274 0
      vertex 48.021920579362146 -1.973796915497549 0
    endloop
  endfacet
  facet normal 0 0 -1
    outer loop
      vertex 48.021920579362146 -1.973796915497549 0
      vertex 48.07278208877528 1.8384997540953274 0
      vertex 48.07476262917145 -1.8434780301198055 0
    endloop
  endfacet
  facet normal 0 0 -1
    outer loop
      vertex 48.021920579362146 -1.973796915497549 0
      vertex 48.07476262917145 -1.8434780301198055 0
      vertex 48.119272184167265 -1.9553570157358269 0
    endloop
  endfacet
  facet normal 0 0 -1
    outer loop
      vertex 48.021920579362146 -1.973796915497549 0
      vertex 48.119272184167265 -1.9553570157358269 0
      vertex 51.61810302734375 -10.75 0
    endloop
  endfacet
  facet normal 0 0 -1
    outer loop
      vertex 48.021920579362146 1.973796915497549 0
      vertex 48.119272184167265 1.955357015735827 0
      vertex 48.07278208877528 1.8384997540953274 0
    endloop
  endfacet
  facet normal 0 0 -1
    outer loop
      vertex 48.021920579362146 1.973796915497549 0
      vertex 51.61810302734375 10.75 0
      vertex 48.119272184167265 1.955357015735827 0
    endloop
  endfacet
  facet normal 0 0 -1
    outer loop
      vertex 48.07278208877528 1.8384997540953274 0
      vertex 48.119272184167265 1.955357015735827 0
      vertex 48.13353027693039 1.7763824406837725 0
    endloop
  endfacet
  facet normal 0 0 -1
    outer loop
      vertex 48.07278208877528 1.8384997540953274 0
      vertex 48.13353027693039 1.7763824406837725 0
      vertex 48.07476262917145 -1.8434780301198055 0
    endloop
  endfacet
  facet normal 0 0 -1
    outer loop
      vertex 48.07476262917145 -1.8434780301198055 0
      vertex 48.13353027693039 1.7763824406837725 0
      vertex 48.119272184167265 -1.9553570157358269 0
    endloop
  endfacet
  facet normal 0 0 -1
    outer loop
      vertex 48.119272184167265 -1.9553570157358269 0
      vertex 48.13353027693039 1.7763824406837725 0
      vertex 48.13628648279309 -1.783480337355241 0
    endloop
  endfacet
  facet normal 0 0 -1
    outer loop
      vertex 48.119272184167265 -1.9553570157358269 0
      vertex 48.13628648279309 -1.783480337355241 0
      vertex 48.19608542230627 -1.937477068684864 0
    endloop
  endfacet
  facet normal 0 0 -1
    outer loop
      vertex 48.119272184167265 -1.9553570157358269 0
      vertex 48.19608542230627 -1.937477068684864 0
      vertex 51.61810302734375 -10.75 0
    endloop
  endfacet
  facet normal 0 0 -1
    outer loop
      vertex 48.119272184167265 1.955357015735827 0
      vertex 48.19608542230627 1.9374770686848637 0
      vertex 48.13353027693039 1.7763824406837725 0
    endloop
  endfacet
  facet normal 0 0 -1
    outer loop
      vertex 48.119272184167265 1.955357015735827 0
      vertex 51.61810302734375 10.75 0
      vertex 48.19608542230627 1.9374770686848637 0
    endloop
  endfacet
  facet normal 0 0 -1
    outer loop
      vertex 48.13353027693039 1.7763824406837725 0
      vertex 48.19482184850536 1.774337100142952 0
      vertex 48.13628648279309 -1.783480337355241 0
    endloop
  endfacet
  facet normal 0 0 -1
    outer loop
      vertex 48.13353027693039 1.7763824406837725 0
      vertex 48.19608542230627 1.9374770686848637 0
      vertex 48.19482184850536 1.774337100142952 0
    endloop
  endfacet
  facet normal 0 0 -1
    outer loop
      vertex 48.13628648279309 -1.783480337355241 0
      vertex 48.19482184850536 1.774337100142952 0
      vertex 48.19608542230627 -1.937477068684864 0
    endloop
  endfacet
  facet normal 0 0 -1
    outer loop
      vertex 48.19482184850536 1.774337100142952 0
      vertex 48.19608542230627 1.9374770686848637 0
      vertex 48.25129847344429 1.9224158353362493 0
    endloop
  endfacet
  facet normal 0 0 -1
    outer loop
      vertex 48.19482184850536 1.774337100142952 0
      vertex 48.19737977432971 -1.78104384689344 0
      vertex 48.19608542230627 -1.937477068684864 0
    endloop
  endfacet
  facet normal 0 0 -1
    outer loop
      vertex 48.19482184850536 1.774337100142952 0
      vertex 48.19973531996506 -1.7872199634505082 0
      vertex 48.19737977432971 -1.78104384689344 0
    endloop
  endfacet
  facet normal 0 0 -1
    outer loop
      vertex 48.19482184850536 1.774337100142952 0
      vertex 48.25129847344429 1.9224158353362493 0
      vertex 48.19973531996506 -1.7872199634505082 0
    endloop
  endfacet
  facet normal 0 0 -1
    outer loop
      vertex 48.19608542230627 -1.937477068684864 0
      vertex 48.19737977432971 -1.78104384689344 0
      vertex 48.19973531996506 -1.7872199634505082 0
    endloop
  endfacet
  facet normal 0 0 -1
    outer loop
      vertex 48.19608542230627 -1.937477068684864 0
      vertex 48.19973531996506 -1.7872199634505082 0
      vertex 51.61810302734375 -10.75 0
    endloop
  endfacet
  facet normal 0 0 -1
    outer loop
      vertex 48.19608542230627 1.9374770686848637 0
      vertex 51.61810302734375 10.75 0
      vertex 48.25129847344429 1.9224158353362493 0
    endloop
  endfacet
  facet normal 0.5803306067462559 -0.4063515813366397 0.7057583008500393
    outer loop
      vertex 48.19779968261719 -21.69921875 2
      vertex 48.810638427734375 -22.21344757080078 1.1999998092651367
      vertex 50.010406494140625 -20.5 1.1999998092651367
    endloop
  endfacet
  facet normal 0.5803300832154134 -0.406349830276236 0.7057597395358178
    outer loop
      vertex 48.19779968261719 -21.69921875 2
      vertex 50.010406494140625 -20.5 1.1999998092651367
      vertex 49.31758117675781 -20.099998474121094 2
    endloop
  endfacet
  facet normal 0.5803312977222456 0.40635068067958297 0.7057582512413538
    outer loop
      vertex 48.19779968261719 21.69921875 2
      vertex 49.31758117675781 20.099998474121094 2
      vertex 48.810638427734375 22.21344757080078 1.1999998092651367
    endloop
  endfacet
  facet normal 0 0 -1
    outer loop
      vertex 48.19973531996506 -1.7872199634505082 0
      vertex 48.25129847344429 1.9224158353362493 0
      vertex 51.61810302734375 -10.75 0
    endloop
  endfacet
  facet normal 0 0 -1
    outer loop
      vertex 48.25129847344429 1.9224158353362493 0
      vertex 51.61810302734375 10.75 0
      vertex 51.61810302734375 -10.75 0
    endloop
  endfacet
  facet normal 0.8191522327446525 -0.5735761672083758 0
    outer loop
      vertex 48.810638427734375 -22.21344757080078 0
      vertex 50.010406494140625 -20.5 0
      vertex 48.810638427734375 -22.21344757080078 1.1999998092651367
    endloop
  endfacet
  facet normal 0.8191522327446525 -0.5735761672083758 0
    outer loop
      vertex 48.810638427734375 -22.21344757080078 1.1999998092651367
      vertex 50.010406494140625 -20.5 0
      vertex 50.010406494140625 -20.5 1.1999998092651367
    endloop
  endfacet
  facet normal 0.8191522327446525 0.5735761672083758 0
    outer loop
      vertex 48.810638427734375 22.21344757080078 0
      vertex 48.810638427734375 22.21344757080078 1.1999998092651367
      vertex 50.010406494140625 20.5 1.1999998092651367
    endloop
  endfacet
  facet normal 0.8191522327446525 0.5735761672083758 0
    outer loop
      vertex 48.810638427734375 22.21344757080078 0
      vertex 50.010406494140625 20.5 1.1999998092651367
      vertex 50.010406494140625 20.5 0
    endloop
  endfacet
  facet normal 0.5803294732072846 0.4063507876246621 0.7057596899255244
    outer loop
      vertex 48.810638427734375 22.21344757080078 1.1999998092651367
      vertex 49.31758117675781 20.099998474121094 2
      vertex 50.010406494140625 20.5 1.1999998092651367
    endloop
  endfacet
  facet normal 0.6420755088386021 -0.29940319403942817 0.7057597100633038
    outer loop
      vertex 49.31758117675781 -20.099998474121094 2
      vertex 50.010406494140625 -20.5 1.1999998092651367
      vertex 50.8944091796875 -18.60424041748047 1.1999998092651367
    endloop
  endfacet
  facet normal 0.6420769833940075 -0.29940613281659895 0.7057571218397024
    outer loop
      vertex 49.31758117675781 -20.099998474121094 2
      vertex 50.8944091796875 -18.60424041748047 1.1999998092651367
      vertex 50.14265441894531 -18.33062744140625 2
    endloop
  endfacet
  facet normal 0.6420745660093362 0.29940500556890953 0.7057597993114967
    outer loop
      vertex 49.31758117675781 20.099998474121094 2
      vertex 50.14265441894531 18.33062744140625 2
      vertex 50.010406494140625 20.5 1.1999998092651367
    endloop
  endfacet
  facet normal 0.9063086157637182 -0.4226164845252172 0
    outer loop
      vertex 50.010406494140625 -20.5 0
      vertex 50.8944091796875 -18.60424041748047 0
      vertex 50.010406494140625 -20.5 1.1999998092651367
    endloop
  endfacet
  facet normal 0.9063086157637182 -0.4226164845252172 0
    outer loop
      vertex 50.010406494140625 -20.5 1.1999998092651367
      vertex 50.8944091796875 -18.60424041748047 0
      vertex 50.8944091796875 -18.60424041748047 1.1999998092651367
    endloop
  endfacet
  facet normal 0.9063086157637182 0.4226164845252172 0
    outer loop
      vertex 50.010406494140625 20.5 0
      vertex 50.010406494140625 20.5 1.1999998092651367
      vertex 50.8944091796875 18.60424041748047 1.1999998092651367
    endloop
  endfacet
  facet normal 0.9063086157637182 0.4226164845252172 0
    outer loop
      vertex 50.010406494140625 20.5 0
      vertex 50.8944091796875 18.60424041748047 1.1999998092651367
      vertex 50.8944091796875 18.60424041748047 0
    endloop
  endfacet
  facet normal 0.6420777650645181 0.299404246129465 0.7057572110927386
    outer loop
      vertex 50.010406494140625 20.5 1.1999998092651367
      vertex 50.14265441894531 18.33062744140625 2
      vertex 50.8944091796875 18.60424041748047 1.1999998092651367
    endloop
  endfacet
  facet normal 0.684313559441763 -0.18336149085810116 0.705757405936657
    outer loop
      vertex 50.14265441894531 -18.33062744140625 2
      vertex 50.8944091796875 -18.60424041748047 1.1999998092651367
      vertex 51.435791015625 -16.583778381347656 1.1999998092651367
    endloop
  endfacet
  facet normal 0.6843148837198715 -0.18336327104365627 0.7057556593833517
    outer loop
      vertex 50.14265441894531 -18.33062744140625 2
      vertex 51.435791015625 -16.583778381347656 1.1999998092651367
      vertex 50.64794921875 -16.44485855102539 2
    endloop
  endfacet
  facet normal 0.6843130373443777 0.1833631472272966 0.7057574818302765
    outer loop
      vertex 50.14265441894531 18.33062744140625 2
      vertex 50.64794921875 16.444862365722656 2
      vertex 50.8944091796875 18.60424041748047 1.1999998092651367
    endloop
  endfacet
  facet normal 0.705759305545187 -0.06174764069677908 0.705755645747703
    outer loop
      vertex 50.64794921875 -16.44485855102539 2
      vertex 51.435791015625 -16.583778381347656 1.1999998092651367
      vertex 51.61810302734375 -14.5 1.1999998092651367
    endloop
  endfacet
  facet normal 0.7057563362919026 -0.061744837278018536 0.7057588602726442
    outer loop
      vertex 50.64794921875 -16.44485855102539 2
      vertex 51.61810302734375 -14.5 1.1999998092651367
      vertex 50.81809997558594 -14.5 2
    endloop
  endfacet
  facet normal 0.7057597988052603 0.061745019096234914 0.7057553818478213
    outer loop
      vertex 50.64794921875 16.444862365722656 2
      vertex 50.81809997558594 14.5 2
      vertex 51.435791015625 16.583778381347656 1.1999998092651367
    endloop
  endfacet
  facet normal 0.6843156043765176 0.18336203879739033 0.705755280770088
    outer loop
      vertex 50.64794921875 16.444862365722656 2
      vertex 51.435791015625 16.583778381347656 1.1999998092651367
      vertex 50.8944091796875 18.60424041748047 1.1999998092651367
    endloop
  endfacet
  facet normal 0.7071055167825241 0 0.70710804558831
    outer loop
      vertex 50.81809997558594 -14.5 2
      vertex 51.61810302734375 -14.5 1.1999998092651367
      vertex 50.81809997558594 -10.75 2
    endloop
  endfacet
  facet normal 0.7071055167825241 0 0.70710804558831
    outer loop
      vertex 50.81809997558594 -10.75 2
      vertex 51.61810302734375 -14.5 1.1999998092651367
      vertex 51.61810302734375 14.5 1.1999998092651367
    endloop
  endfacet
  facet normal 0.7071055167825241 0 0.70710804558831
    outer loop
      vertex 50.81809997558594 -10.75 2
      vertex 51.61810302734375 14.5 1.1999998092651367
      vertex 50.81809997558594 10.75 2
    endloop
  endfacet
  facet normal 0.7071055167825241 0 0.70710804558831
    outer loop
      vertex 50.81809997558594 10.75 2
      vertex 51.61810302734375 14.5 1.1999998092651367
      vertex 50.81809997558594 14.5 2
    endloop
  endfacet
  facet normal 0.7057562254461202 0.06174737121559904 0.7057587494264653
    outer loop
      vertex 50.81809997558594 14.5 2
      vertex 51.61810302734375 14.5 1.1999998092651367
      vertex 51.435791015625 16.583778381347656 1.1999998092651367
    endloop
  endfacet
  facet normal 0.9659257468074527 -0.2588193417317667 0
    outer loop
      vertex 50.8944091796875 -18.60424041748047 0
      vertex 51.435791015625 -16.583778381347656 0
      vertex 50.8944091796875 -18.60424041748047 1.1999998092651367
    endloop
  endfacet
  facet normal 0.9659257468074527 -0.2588193417317667 0
    outer loop
      vertex 50.8944091796875 -18.60424041748047 1.1999998092651367
      vertex 51.435791015625 -16.583778381347656 0
      vertex 51.435791015625 -16.583778381347656 1.1999998092651367
    endloop
  endfacet
  facet normal 0.9659257468074527 0.2588193417317667 0
    outer loop
      vertex 50.8944091796875 18.60424041748047 0
      vertex 50.8944091796875 18.60424041748047 1.1999998092651367
      vertex 51.435791015625 16.583778381347656 1.1999998092651367
    endloop
  endfacet
  facet normal 0.9659257468074527 0.2588193417317667 0
    outer loop
      vertex 50.8944091796875 18.60424041748047 0
      vertex 51.435791015625 16.583778381347656 1.1999998092651367
      vertex 51.435791015625 16.583778381347656 0
    endloop
  endfacet
  facet normal 0.996194489467094 -0.08715812730546701 0
    outer loop
      vertex 51.435791015625 -16.583778381347656 0
      vertex 51.61810302734375 -14.5 0
      vertex 51.435791015625 -16.583778381347656 1.1999998092651367
    endloop
  endfacet
  facet normal 0.996194489467094 -0.08715812730546701 0
    outer loop
      vertex 51.435791015625 -16.583778381347656 1.1999998092651367
      vertex 51.61810302734375 -14.5 0
      vertex 51.61810302734375 -14.5 1.1999998092651367
    endloop
  endfacet
  facet normal 0.996194489467094 0.08715812730546701 0
    outer loop
      vertex 51.435791015625 16.583778381347656 0
      vertex 51.435791015625 16.583778381347656 1.1999998092651367
      vertex 51.61810302734375 14.5 1.1999998092651367
    endloop
  endfacet
  facet normal 0.996194489467094 0.08715812730546701 0
    outer loop
      vertex 51.435791015625 16.583778381347656 0
      vertex 51.61810302734375 14.5 1.1999998092651367
      vertex 51.61810302734375 14.5 0
    endloop
  endfacet
  facet normal 1 0 0
    outer loop
      vertex 51.61810302734375 -14.5 0
      vertex 51.61810302734375 -10.75 0
      vertex 51.61810302734375 -14.5 1.1999998092651367
    endloop
  endfacet
  facet normal 1 0 0
    outer loop
      vertex 51.61810302734375 -14.5 1.1999998092651367
      vertex 51.61810302734375 -10.75 0
      vertex 51.61810302734375 10.75 0
    endloop
  endfacet
  facet normal 1 0 0
    outer loop
      vertex 51.61810302734375 -14.5 1.1999998092651367
      vertex 51.61810302734375 10.75 0
      vertex 51.61810302734375 14.5 1.1999998092651367
    endloop
  endfacet
  facet normal 1 0 0
    outer loop
      vertex 51.61810302734375 10.75 0
      vertex 51.61810302734375 14.5 0
      vertex 51.61810302734375 14.5 1.1999998092651367
    endloop
  endfacet
endsolid OpenSCAD_Model
